uid,phase,subtask,gold,base_ans,cand_ans,base_correct,cand_correct,delta,transition,stratum,m_B,m_C,t,s,comparator,gold_rank,gold_tied,top2_gap,base_tied_top,cand_tied_top,identity_err
test:0_0,TEST,Allocentric,C,D,D,False,False,0,both_wrong_same,"Bwrong|[4,inf)",-13.749999761582103,-16.624999880790718,-2.8750001192086145,0.0,D,2,False,13.749999761582103,False,False,0.0
test:100_0,TEST,Allocentric,A,C,C,False,False,0,both_wrong_same,"Bwrong|[0.5,1)",-0.5,-0.5,0.0,0.0,C,2,False,0.5,False,False,0.0
test:101_0,TEST,Allocentric,B,C,C,False,False,0,both_wrong_same,"Bwrong|[4,inf)",-7.125000050291419,-11.12500032223761,-4.000000271946192,0.0,C,4,False,4.000000050291419,False,False,0.0
test:102_0,TEST,Allocentric,B,B,B,True,True,0,both_correct,"Bcorrect|[4,inf)",4.9999999944120646,3.7500001154839993,-1.2499998789280653,0.0,D,1,False,4.9999999944120646,False,False,0.0
test:103_0,TEST,Allocentric,A,B,B,False,False,0,both_wrong_same,"Bwrong|[4,inf)",-7.500000059604645,-8.375000298023224,-0.8750002384185791,0.0,B,4,False,2.7500000596046448,False,False,0.0
test:104_0,TEST,Allocentric,B,C,C,False,False,0,both_wrong_same,"Bwrong|[2,4)",-3.4999999795109034,-3.0000000409781933,0.4999999385327101,0.0,C,2,False,3.4999999795109034,False,False,0.0
test:105_0,TEST,Allocentric,A,B,B,False,False,0,both_wrong_same,"Bwrong|[4,inf)",-4.000000165775418,-6.499999990221113,-2.4999998244456947,0.0,B,2,False,4.000000165775418,False,False,0.0
test:106_0,TEST,Allocentric,A,C,C,False,False,0,both_wrong_same,"Bwrong|[4,inf)",-4.249999761581421,-4.250000059604645,-2.980232238769531e-07,0.0,C,4,False,0.5,False,False,0.0
test:107_0,TEST,Allocentric,C,A,A,False,False,0,both_wrong_same,"Bwrong|[4,inf)",-14.499999642390776,-17.000000238419943,-2.5000005960291674,0.0,A,3,False,12.124999642390776,False,False,0.0
test:108_0,TEST,Allocentric,D,B,B,False,False,0,both_wrong_same,"Bwrong|[1,2)",-1.7500000596046448,0.0,1.7500000596046448,0.0,B,2,False,1.7500000596046448,False,True,0.0
test:109_0,TEST,Allocentric,A,B,B,False,False,0,both_wrong_same,"Bwrong|[4,inf)",-9.749999642372131,-10.249999552965164,-0.49999991059303284,0.0,B,4,False,2.0000001192092896,False,False,0.0
test:10_0,TEST,Allocentric,D,C,D,False,True,1,repair,"Bwrong|[0.5,1)",-0.7499999403953552,0.7500000596046448,1.5,0.0,C,2,False,0.7499999403953552,False,False,0.0
test:110_0,TEST,Allocentric,A,C,C,False,False,0,both_wrong_same,"Bwrong|[4,inf)",-7.874999947845936,-7.499999865889549,0.37500008195638657,0.0,C,4,False,2.499999947845936,False,False,0.0
test:111_0,TEST,Allocentric,B,C,C,False,False,0,both_wrong_same,"Bwrong|[4,inf)",-6.87500021327287,-6.750000216765329,0.12499999650754035,0.0,C,2,False,6.87500021327287,False,False,0.0
test:112_0,TEST,Allocentric,B,B,B,True,True,0,both_correct,"Bcorrect|[0,0.5)",0.25,0.25,0.0,0.0,A,1,False,0.25,False,False,0.0
test:113_0,TEST,Allocentric,A,B,B,False,False,0,both_wrong_same,"Bwrong|[4,inf)",-9.999999883781129,-8.99999965292227,1.0000002308588591,0.0,B,2,False,9.999999883781129,False,False,0.0
test:114_0,TEST,Allocentric,A,A,A,True,True,0,both_correct,"Bcorrect|[4,inf)",6.999999820720404,11.75000035766152,4.750000536941116,0.0,B,1,False,6.999999820720404,False,False,0.0
test:115_0,TEST,Allocentric,A,B,B,False,False,0,both_wrong_same,"Bwrong|[4,inf)",-10.00000035870471,-9.749999882489647,0.2500004762150638,0.0,B,2,False,10.00000035870471,False,False,0.0
test:116_0,TEST,Allocentric,A,C,C,False,False,0,both_wrong_same,"Bwrong|[1,2)",-1.5,-1.9999999701976776,-0.4999999701976776,0.0,C,2,False,1.5,False,False,0.0
test:117_0,TEST,Allocentric,D,A,A,False,False,0,both_wrong_same,"Bwrong|[4,inf)",-9.25000036995334,-10.000000120529876,-0.749999750576535,0.0,A,2,False,9.25000036995334,False,False,0.0
test:118_0,TEST,Allocentric,A,B,D,False,False,0,both_wrong_diff,"Bwrong|[4,inf)",-10.875000178813934,-12.875000357627869,-1.2500001788139343,0.75,B,4,False,1.9999999403953552,False,False,0.0
test:119_0,TEST,Allocentric,C,A,C,False,True,1,repair,"Bwrong|[0,0.5)",0.0,0.9999999701976776,3.9999999701976776,3.0,A,1,True,0.0,True,False,0.0
test:11_0,TEST,Allocentric,A,D,D,False,False,0,both_wrong_same,"Bwrong|[2,4)",-3.000000074505806,-4.500000059604645,-1.4999999850988388,0.0,D,3,False,2.250000074505806,False,False,0.0
test:120_0,TEST,Allocentric,D,B,B,False,False,0,both_wrong_same,"Bwrong|[0,0.5)",-0.25,-1.7500000298023224,-1.5000000298023224,0.0,B,2,False,0.25,False,False,0.0
test:121_0,TEST,Allocentric,A,A,A,True,True,0,both_correct,"Bcorrect|[4,inf)",6.500000126194209,11.249999880894393,4.749999754700184,0.0,B,1,False,6.500000126194209,False,False,0.0
test:122_0,TEST,Allocentric,D,A,A,False,False,0,both_wrong_same,"Bwrong|[4,inf)",-4.74999990221113,-5.000000060535967,-0.2500001583248377,0.0,A,2,False,4.74999990221113,False,False,0.0
test:123_0,TEST,Allocentric,D,C,C,False,False,0,both_wrong_same,"Bwrong|[4,inf)",-5.25000022072345,-4.749999910593033,0.5000003101304173,0.0,C,2,False,5.25000022072345,False,False,0.0
test:124_0,TEST,Allocentric,A,A,D,True,False,-1,regression,"Bcorrect|[0,0.5)",0.0,-1.9999999403953552,-1.9999999403953552,0.0,D,1,True,0.0,True,False,0.0
test:125_0,TEST,Allocentric,A,B,B,False,False,0,both_wrong_same,"Bwrong|[1,2)",-1.7499999403953552,-2.750000089406967,-1.000000149011612,0.0,B,3,False,0.4999999403953552,False,False,0.0
test:126_0,TEST,Allocentric,D,C,C,False,False,0,both_wrong_same,"Bwrong|[2,4)",-3.0000001192092896,-4.749999821186066,-1.7499997019767761,0.0,C,4,False,0.25,False,False,0.0
test:127_0,TEST,Allocentric,D,B,C,False,False,0,both_wrong_diff,"Bwrong|[1,2)",-1.5000000596046448,-2.2500001192092896,0.9999999403953552,1.75,B,3,False,0.5000000596046448,False,False,0.0
test:128_0,TEST,Allocentric,C,C,C,True,True,0,both_correct,"Bcorrect|[1,2)",1.0000000298023224,3.9999999031424522,2.99999987334013,0.0,B,1,False,1.0000000298023224,False,False,0.0
test:129_0,TEST,Allocentric,C,B,B,False,False,0,both_wrong_same,"Bwrong|[2,4)",-3.2500000670552254,-5.500000117812306,-2.2500000507570803,0.0,B,2,False,3.2500000670552254,False,False,0.0
test:12_0,TEST,Allocentric,B,C,C,False,False,0,both_wrong_same,"Bwrong|[4,inf)",-7.5000000931322575,-9.749999847263098,-2.2499997541308403,0.0,C,4,False,4.5000000931322575,False,False,0.0
test:130_0,TEST,Allocentric,A,B,C,False,False,0,both_wrong_diff,"Bwrong|[2,4)",-2.7499999403953552,-1.7500000298023224,1.9999999403953552,1.0000000298023224,B,3,False,0.0,True,False,0.0
test:131_0,TEST,Allocentric,D,C,C,False,False,0,both_wrong_same,"Bwrong|[4,inf)",-8.375000265208655,-7.499999795516487,0.8750004696921678,0.0,C,2,False,8.375000265208655,False,False,0.0
test:132_0,TEST,Allocentric,C,B,B,False,False,0,both_wrong_same,"Bwrong|[4,inf)",-17.24999976158145,-18.75,-1.5000002384185507,0.0,B,3,False,15.49999976158145,False,False,0.0
test:133_0,TEST,Allocentric,B,C,C,False,False,0,both_wrong_same,"Bwrong|[1,2)",-1.9999999403953552,-4.000000149011612,-2.0000002086162567,0.0,C,2,True,1.9999999403953552,False,False,0.0
test:134_0,TEST,Allocentric,C,C,C,True,True,0,both_correct,"Bcorrect|[0,0.5)",0.25,1.4999999552965164,1.2499999552965164,0.0,B,1,False,0.25,False,False,0.0
test:135_0,TEST,Allocentric,A,A,B,True,False,-1,regression,"Bcorrect|[2,4)",2.7500000968575478,-1.7500000298023224,-4.50000012665987,0.0,B,1,False,2.7500000968575478,False,False,0.0
test:136_0,TEST,Allocentric,A,A,C,True,False,-1,regression,"Bcorrect|[2,4)",2.2500000819563866,-0.25,-2.5000000819563866,0.0,C,1,False,2.2500000819563866,False,False,0.0
test:137_0,TEST,Allocentric,C,D,D,False,False,0,both_wrong_same,"Bwrong|[4,inf)",-18.124999880790718,-20.0,-1.8750001192092824,0.0,D,4,False,16.499999880790718,False,False,0.0
test:138_0,TEST,Allocentric,B,A,A,False,False,0,both_wrong_same,"Bwrong|[4,inf)",-8.874999602558091,-12.249999779160134,-3.375000176602043,0.0,A,3,False,6.6250000793952495,False,False,0.0
test:139_0,TEST,Allocentric,D,A,A,False,False,0,both_wrong_same,"Bwrong|[0.5,1)",-0.7499999701976776,-5.999999854713678,-5.249999884516001,0.0,A,2,False,0.7499999701976776,False,False,0.0
test:13_0,TEST,Allocentric,D,C,C,False,False,0,both_wrong_same,"Bwrong|[2,4)",-2.9999999441206455,-1.2500000298023224,1.7499999143183231,0.0,C,2,False,2.9999999441206455,False,False,0.0
test:140_0,TEST,Allocentric,C,A,A,False,False,0,both_wrong_same,"Bwrong|[4,inf)",-8.249999962747097,-8.250000156927854,-1.9418075680732727e-07,0.0,A,4,False,2.999999962747097,False,False,0.0
test:141_0,TEST,Allocentric,D,D,A,True,False,-1,regression,"Bcorrect|[2,4)",3.0000000596046448,-6.000000102445483,-9.000000162050128,0.0,A,1,False,3.0000000596046448,False,False,0.0
test:142_0,TEST,Allocentric,A,B,B,False,False,0,both_wrong_same,"Bwrong|[0,0.5)",-0.25,-3.2500000409781933,-3.0000000409781933,0.0,B,2,False,0.25,False,False,0.0
test:143_0,TEST,Allocentric,D,B,B,False,False,0,both_wrong_same,"Bwrong|[2,4)",-3.9999999292194843,-0.5,3.4999999292194843,0.0,B,2,False,3.9999999292194843,False,False,0.0
test:144_0,TEST,Allocentric,B,D,D,False,False,0,both_wrong_same,"Bwrong|[2,4)",-2.500000074505806,-4.2499998258426785,-1.7499997513368726,0.0,D,2,False,2.500000074505806,False,False,0.0
test:145_0,TEST,Allocentric,D,B,B,False,False,0,both_wrong_same,"Bwrong|[2,4)",-2.5000001192092896,-2.4999998956918716,2.2351741790771484e-07,0.0,B,2,False,2.5000001192092896,False,False,0.0
test:146_0,TEST,Allocentric,D,A,A,False,False,0,both_wrong_same,"Bwrong|[4,inf)",-4.250000022351742,-10.499999761970685,-6.249999739618943,0.0,A,2,False,4.250000022351742,False,False,0.0
test:147_0,TEST,Allocentric,C,A,A,False,False,0,both_wrong_same,"Bwrong|[4,inf)",-14.499999523162955,-18.25,-3.7500004768370445,0.0,A,2,False,14.499999523162955,False,False,0.0
test:148_0,TEST,Allocentric,B,B,D,True,False,-1,regression,"Bcorrect|[4,inf)",7.500000090396497,-0.5,-8.000000090396497,0.0,D,1,False,7.500000090396497,False,False,0.0
test:149_0,TEST,Allocentric,D,C,C,False,False,0,both_wrong_same,"Bwrong|[4,inf)",-7.749999995867256,-8.00000017840648,-0.2500001825392246,0.0,C,2,False,7.749999995867256,False,False,0.0
test:14_0,TEST,Allocentric,A,B,B,False,False,0,both_wrong_same,"Bwrong|[2,4)",-2.5000000596046448,-2.4999999701976776,8.940696716308594e-08,0.0,B,3,False,2.2500000596046448,False,False,0.0
test:150_0,TEST,Allocentric,D,C,C,False,False,0,both_wrong_same,"Bwrong|[4,inf)",-11.50000023847133,-13.499999523163865,-1.9999992846925352,0.0,C,2,False,11.50000023847133,False,False,0.0
test:151_0,TEST,Allocentric,D,D,D,True,True,0,both_correct,"Bcorrect|[2,4)",3.75,4.499999982304871,2.249999982304871,1.5,A,1,False,3.75,False,False,0.0
test:152_0,TEST,Allocentric,D,A,A,False,False,0,both_wrong_same,"Bwrong|[2,4)",-2.750000014901161,-3.0000001192092896,-0.25000010430812836,0.0,A,2,False,2.750000014901161,False,False,0.0
test:153_0,TEST,Allocentric,B,C,C,False,False,0,both_wrong_same,"Bwrong|[4,inf)",-9.125000363812433,-9.750000120951881,-0.6249997571394488,0.0,C,2,False,9.125000363812433,False,False,0.0
test:154_0,TEST,Allocentric,D,C,C,False,False,0,both_wrong_same,"Bwrong|[4,inf)",-9.87499988079071,-8.125000238418579,1.7499996423721313,0.0,C,4,False,0.5,False,False,0.0
test:155_0,TEST,Allocentric,D,B,B,False,False,0,both_wrong_same,"Bwrong|[1,2)",-1.75,-2.500000111758709,-0.750000111758709,0.0,B,2,False,1.75,False,False,0.0
test:156_0,TEST,Allocentric,D,D,B,True,False,-1,regression,"Bcorrect|[2,4)",2.000000074505806,-1.7500000149011612,-3.750000089406967,0.0,B,1,False,2.000000074505806,False,False,0.0
test:157_0,TEST,Allocentric,D,B,B,False,False,0,both_wrong_same,"Bwrong|[2,4)",-3.7499999403953552,-3.7500000968575478,-1.564621925354004e-07,0.0,B,2,False,3.7499999403953552,False,False,0.0
test:158_0,TEST,Allocentric,D,D,D,True,True,0,both_correct,"Bcorrect|[0.5,1)",0.9999999403953552,2.5000000074505806,1.5000000670552254,0.0,A,1,False,0.9999999403953552,False,False,0.0
test:159_0,TEST,Allocentric,C,C,A,True,False,-1,regression,"Bcorrect|[2,4)",2.500000111758709,-2.2499999552965164,-4.750000067055225,0.0,A,1,False,2.500000111758709,False,False,0.0
test:15_0,TEST,Allocentric,B,B,B,True,True,0,both_correct,"Bcorrect|[4,inf)",4.49999977927655,5.750000173225999,1.250000393949449,0.0,D,1,False,4.49999977927655,False,False,0.0
test:160_0,TEST,Allocentric,B,B,B,True,True,0,both_correct,"Bcorrect|[0.5,1)",0.5,0.75,0.25,0.0,C,1,False,0.5,False,False,0.0
test:161_0,TEST,Allocentric,C,A,A,False,False,0,both_wrong_same,"Bwrong|[4,inf)",-6.2500001192092896,-6.999999895691872,-0.7499997764825821,0.0,A,3,False,0.75,False,False,0.0
test:162_0,TEST,Allocentric,A,D,D,False,False,0,both_wrong_same,"Bwrong|[2,4)",-3.2500001080334187,-4.250000052154064,-0.9999999441206455,0.0,D,2,False,3.2500001080334187,False,False,0.0
test:163_0,TEST,Allocentric,C,B,B,False,False,0,both_wrong_same,"Bwrong|[4,inf)",-5.99999986984767,-8.250000043422915,-2.250000173575245,0.0,B,2,False,5.99999986984767,False,False,0.0
test:164_0,TEST,Allocentric,B,A,A,False,False,0,both_wrong_same,"Bwrong|[4,inf)",-8.49999962747097,-11.49999987334013,-3.0000002458691597,0.0,A,3,False,1.4999999850988388,False,False,0.0
test:165_0,TEST,Allocentric,C,B,A,False,False,0,both_wrong_diff,"Bwrong|[4,inf)",-5.125000059604645,-6.2499998807907104,0.3750001788139343,1.5,B,4,False,1.5000000596046448,False,False,0.0
test:166_0,TEST,Allocentric,B,D,D,False,False,0,both_wrong_same,"Bwrong|[4,inf)",-4.000000189989805,-11.250000240153895,-7.25000005016409,0.0,D,2,False,4.000000189989805,False,False,0.0
test:167_0,TEST,Allocentric,C,C,C,True,True,0,both_correct,"Bcorrect|[2,4)",2.7500000968575478,1.5,-1.2500000968575478,0.0,B,1,False,2.7500000968575478,False,False,0.0
test:168_0,TEST,Allocentric,B,B,B,True,True,0,both_correct,"Bcorrect|[4,inf)",6.00000022072345,0.25,-5.75000022072345,0.0,D,1,False,6.00000022072345,False,False,0.0
test:169_0,TEST,Allocentric,D,C,C,False,False,0,both_wrong_same,"Bwrong|[0.5,1)",-0.5,-1.9999999403953552,-1.4999999403953552,0.0,C,2,False,0.5,False,False,0.0
test:16_0,TEST,Allocentric,C,C,C,True,True,0,both_correct,"Bcorrect|[2,4)",2.7499999590218067,4.000000137835741,1.2500001788139343,0.0,B,1,False,2.7499999590218067,False,False,0.0
test:170_0,TEST,Hypothetical,D,D,D,True,True,0,both_correct,"Bcorrect|[1,2)",1.0,1.7499999552965164,0.7499999552965164,0.0,A,1,False,1.0,False,False,0.0
test:171_0,TEST,Hypothetical,A,A,A,True,True,0,both_correct,"Bcorrect|[0,0.5)",0.0,0.9999999701976776,0.9999999701976776,0.0,B,1,True,0.0,True,False,0.0
test:172_0,TEST,Hypothetical,D,C,C,False,False,0,both_wrong_same,"Bwrong|[1,2)",-1.5000000298023224,-1.25,0.2500000298023224,0.0,C,2,False,1.5000000298023224,False,False,0.0
test:173_0,TEST,Hypothetical,C,D,C,False,True,1,repair,"Bwrong|[0.5,1)",-0.7499999701976776,0.25,0.9999999701976776,0.0,D,2,False,0.7499999701976776,False,False,0.0
test:174_0,TEST,Hypothetical,D,D,D,True,True,0,both_correct,"Bcorrect|[1,2)",1.5,2.499999985098839,0.9999999850988388,0.0,B,1,False,1.5,False,False,0.0
test:175_0,TEST,Hypothetical,C,C,C,True,True,0,both_correct,"Bcorrect|[4,inf)",5.000000006053597,6.749999858438969,1.749999852385372,0.0,D,1,False,5.000000006053597,False,False,0.0
test:176_0,TEST,Hypothetical,D,B,B,False,False,0,both_wrong_same,"Bwrong|[4,inf)",-10.12499964397648,-9.749999539839337,0.37500010413714335,0.0,B,2,False,10.12499964397648,False,False,0.0
test:177_0,TEST,Hypothetical,D,D,B,True,False,-1,regression,"Bcorrect|[0,0.5)",0.25,-1.0,-1.25,0.0,B,1,False,0.25,False,False,0.0
test:178_0,TEST,Hypothetical,C,C,C,True,True,0,both_correct,"Bcorrect|[0.5,1)",0.8749999701976776,2.0000000298023224,1.1250000596046448,0.0,B,1,False,0.8749999701976776,False,False,0.0
test:179_0,TEST,Hypothetical,D,C,C,False,False,0,both_wrong_same,"Bwrong|[4,inf)",-4.499999916180968,-4.500000154599547,-2.384185791015625e-07,0.0,C,2,False,4.499999916180968,False,False,0.0
test:17_0,TEST,Allocentric,B,B,B,True,True,0,both_correct,"Bcorrect|[2,4)",2.5000000074505806,1.5,-1.0000000074505806,0.0,D,1,False,2.5000000074505806,False,False,0.0
test:180_0,TEST,Hypothetical,A,B,B,False,False,0,both_wrong_same,"Bwrong|[4,inf)",-12.499999762025254,-13.75000011937118,-1.2500003573459253,0.0,B,3,False,10.624999762025254,False,False,0.0
test:181_0,TEST,Hypothetical,C,C,C,True,True,0,both_correct,"Bcorrect|[2,4)",3.999999852851033,1.0000000298023224,-2.999999823048711,0.0,B,1,False,3.999999852851033,False,False,0.0
test:182_0,TEST,Hypothetical,C,C,C,True,True,0,both_correct,"Bcorrect|[4,inf)",9.624999645842763,15.749999880790718,6.125000234947954,0.0,A,1,False,9.624999645842763,False,False,0.0
test:183_0,TEST,Hypothetical,D,D,D,True,True,0,both_correct,"Bcorrect|[2,4)",2.249999910593033,1.2499999403953552,-0.9999999701976776,0.0,C,1,False,2.249999910593033,False,False,0.0
test:184_0,TEST,Hypothetical,D,D,D,True,True,0,both_correct,"Bcorrect|[4,inf)",6.749999791150913,6.750000001164153,2.100132405757904e-07,0.0,B,1,False,6.749999791150913,False,False,0.0
test:185_0,TEST,Hypothetical,A,A,A,True,True,0,both_correct,"Bcorrect|[2,4)",2.499999985098839,1.5000000447034836,-0.9999999403953552,0.0,C,1,False,2.499999985098839,False,False,0.0
test:186_0,TEST,Hypothetical,A,A,A,True,True,0,both_correct,"Bcorrect|[4,inf)",10.625000358026227,11.749999523195584,1.1249991651693563,0.0,D,1,False,10.625000358026227,False,False,0.0
test:187_0,TEST,Hypothetical,A,A,A,True,True,0,both_correct,"Bcorrect|[4,inf)",4.750000223517418,8.749999774765456,3.999999551248038,0.0,C,1,False,4.750000223517418,False,False,0.0
test:188_0,TEST,Hypothetical,B,A,A,False,False,0,both_wrong_same,"Bwrong|[0.5,1)",-0.9999999403953552,-1.7500000447034836,-0.7500001043081284,0.0,A,2,False,0.9999999403953552,False,False,0.0
test:189_0,TEST,Hypothetical,A,A,A,True,True,0,both_correct,"Bcorrect|[4,inf)",13.874999880791279,12.750000000004093,-1.1249998807871862,0.0,D,1,False,13.874999880791279,False,False,0.0
test:18_0,TEST,Allocentric,C,C,C,True,True,0,both_correct,"Bcorrect|[4,inf)",11.000000119354809,14.25000035762804,3.2500002382732305,0.0,A,1,False,11.000000119354809,False,False,0.0
test:190_0,TEST,Hypothetical,B,B,B,True,True,0,both_correct,"Bcorrect|[4,inf)",13.125000000004093,14.749999523162955,1.6249995231588628,0.0,D,1,False,13.125000000004093,False,False,0.0
test:191_0,TEST,Hypothetical,D,D,D,True,True,0,both_correct,"Bcorrect|[4,inf)",11.250000238504981,12.50000011921611,1.2499998807111297,0.0,A,1,False,11.250000238504981,False,False,0.0
test:192_0,TEST,Hypothetical,C,B,B,False,False,0,both_wrong_same,"Bwrong|[2,4)",-3.7500000316649675,-5.750000036787242,-2.000000005122274,0.0,B,2,False,3.7500000316649675,False,False,0.0
test:193_0,TEST,Hypothetical,A,C,A,False,True,1,repair,"Bwrong|[0.5,1)",-0.5,0.0,0.5,0.0,C,2,False,0.5,False,True,0.0
test:194_0,TEST,Hypothetical,B,C,C,False,False,0,both_wrong_same,"Bwrong|[4,inf)",-11.999999880820724,-14.87500035762804,-2.8750004768073154,0.0,C,2,False,11.999999880820724,False,False,0.0
test:195_0,TEST,Hypothetical,A,A,A,True,True,0,both_correct,"Bcorrect|[1,2)",1.7500000149011612,3.0000001080334187,1.2500000931322575,0.0,B,1,False,1.7500000149011612,False,False,0.0
test:196_0,TEST,Hypothetical,A,D,D,False,False,0,both_wrong_same,"Bwrong|[4,inf)",-16.249999880790718,-19.0,-2.7500001192092824,0.0,D,2,False,16.249999880790718,False,False,0.0
test:197_0,TEST,Hypothetical,B,C,C,False,False,0,both_wrong_same,"Bwrong|[4,inf)",-12.749999642377361,-15.49999976158145,-2.7500001192040884,0.0,C,2,False,12.749999642377361,False,False,0.0
test:198_0,TEST,Hypothetical,A,D,D,False,False,0,both_wrong_same,"Bwrong|[4,inf)",-12.249999880802534,-12.50000011921611,-0.2500002384135769,0.0,D,2,False,12.249999880802534,False,False,0.0
test:199_0,TEST,Hypothetical,C,B,B,False,False,0,both_wrong_same,"Bwrong|[4,inf)",-12.499999523181941,-15.99999976158145,-3.500000238399508,0.0,B,2,False,12.499999523181941,False,False,0.0
test:19_0,TEST,Allocentric,C,C,C,True,True,0,both_correct,"Bcorrect|[2,4)",2.750000026077032,1.7499999552965164,-1.0000000707805157,0.0,B,1,False,2.750000026077032,False,False,0.0
test:1_0,TEST,Allocentric,B,C,C,False,False,0,both_wrong_same,"Bwrong|[2,4)",-2.2499999925494194,-3.500000048428774,-1.2500000558793545,0.0,C,2,False,2.2499999925494194,False,False,0.0
test:200_0,TEST,Hypothetical,C,B,B,False,False,0,both_wrong_same,"Bwrong|[4,inf)",-12.375000357654244,-10.250000358573743,2.124999999080501,0.0,B,2,False,12.375000357654244,False,False,0.0
test:201_0,TEST,Hypothetical,D,D,D,True,True,0,both_correct,"Bcorrect|[4,inf)",18.875,22.25,3.375,0.0,A,1,False,18.875,False,False,0.0
test:202_0,TEST,Hypothetical,D,D,D,True,True,0,both_correct,"Bcorrect|[4,inf)",10.999999523302904,14.749999642372188,3.750000119069284,0.0,A,1,False,10.999999523302904,False,False,0.0
test:203_0,TEST,Hypothetical,B,C,C,False,False,0,both_wrong_same,"Bwrong|[0,0.5)",-0.4999999701976776,-1.2500000298023224,-0.7500000596046448,0.0,C,2,False,0.4999999701976776,False,False,0.0
test:204_0,TEST,Hypothetical,C,D,C,False,True,1,repair,"Bwrong|[1,2)",-1.5,2.250000014901161,3.750000014901161,0.0,D,2,True,1.5,False,False,0.0
test:205_0,TEST,Hypothetical,C,C,C,True,True,0,both_correct,"Bcorrect|[4,inf)",6.374999847612344,6.750000098836608,0.3750002512242645,0.0,D,1,False,6.374999847612344,False,False,0.0
test:206_0,TEST,Hypothetical,B,B,B,True,True,0,both_correct,"Bcorrect|[4,inf)",6.749999898253009,3.500000074505806,-3.2499998237472028,0.0,D,1,False,6.749999898253009,False,False,0.0
test:207_0,TEST,Hypothetical,C,B,C,False,True,1,repair,"Bwrong|[0.5,1)",-0.9999999701976776,0.4999999403953552,1.4999999105930328,0.0,B,2,False,0.9999999701976776,False,False,0.0
test:208_0,TEST,Hypothetical,B,C,C,False,False,0,both_wrong_same,"Bwrong|[4,inf)",-7.874999780207872,-10.374999640509486,-2.499999860301614,0.0,C,3,False,5.499999780207872,False,False,0.0
test:209_0,TEST,Hypothetical,B,C,C,False,False,0,both_wrong_same,"Bwrong|[1,2)",-1.999999925494194,-1.4999999701976776,0.4999999552965164,0.0,C,2,False,1.999999925494194,False,False,0.0
test:20_0,TEST,Allocentric,A,D,D,False,False,0,both_wrong_same,"Bwrong|[0.5,1)",-0.7500000298023224,-1.0000000596046448,-0.2500000298023224,0.0,D,2,False,0.7500000298023224,False,False,0.0
test:210_0,TEST,Hypothetical,D,D,B,True,False,-1,regression,"Bcorrect|[4,inf)",5.000000118277967,0.0,-5.000000118277967,0.0,B,1,False,5.000000118277967,False,True,0.0
test:211_0,TEST,Hypothetical,C,C,C,True,True,0,both_correct,"Bcorrect|[4,inf)",10.875000000240107,11.999999880813903,1.124999880573796,0.0,A,1,False,10.875000000240107,False,False,0.0
test:212_0,TEST,Hypothetical,A,C,C,False,False,0,both_wrong_same,"Bwrong|[4,inf)",-12.875000000004093,-16.374999880790718,-3.499999880786625,0.0,C,2,False,12.875000000004093,False,False,0.0
test:213_0,TEST,Hypothetical,C,C,C,True,True,0,both_correct,"Bcorrect|[1,2)",1.5000000447034836,2.0000001192092896,0.500000074505806,0.0,D,1,False,1.5000000447034836,False,False,0.0
test:214_0,TEST,Hypothetical,C,D,D,False,False,0,both_wrong_same,"Bwrong|[4,inf)",-11.624999880837095,-13.749999761582103,-2.1249998807450083,0.0,D,2,False,11.624999880837095,False,False,0.0
test:215_0,TEST,Hypothetical,C,D,D,False,False,0,both_wrong_same,"Bwrong|[4,inf)",-9.250000004642061,-8.749999893334461,0.5000001113075996,0.0,D,2,False,9.250000004642061,False,False,0.0
test:216_0,TEST,Hypothetical,B,C,C,False,False,0,both_wrong_same,"Bwrong|[0,0.5)",-0.25,-1.75,-1.5,0.0,C,2,False,0.25,False,False,0.0
test:217_0,TEST,Hypothetical,D,A,A,False,False,0,both_wrong_same,"Bwrong|[4,inf)",-16.75,-11.749999761612344,5.000000238387656,0.0,A,2,False,16.75,False,False,0.0
test:218_0,TEST,Hypothetical,A,A,A,True,True,0,both_correct,"Bcorrect|[4,inf)",9.250000130545232,11.00000000030741,1.7499998697621777,0.0,B,1,False,9.250000130545232,False,False,0.0
test:219_0,TEST,Hypothetical,B,C,C,False,False,0,both_wrong_same,"Bwrong|[4,inf)",-5.124999791383743,-6.125000104308128,-1.000000312924385,0.0,C,4,False,2.0000000298023224,False,False,0.0
test:21_0,TEST,Allocentric,C,D,D,False,False,0,both_wrong_same,"Bwrong|[4,inf)",-8.250000038242433,-9.99999988188938,-1.7499998436469468,0.0,D,2,False,8.250000038242433,False,False,0.0
test:220_0,TEST,Hypothetical,A,B,B,False,False,0,both_wrong_same,"Bwrong|[2,4)",-3.2500000596046448,-3.2500000298023224,2.9802322387695312e-08,0.0,B,2,False,3.2500000596046448,False,False,0.0
test:221_0,TEST,Hypothetical,D,D,D,True,True,0,both_correct,"Bcorrect|[4,inf)",12.874999761594154,17.5,4.625000238405846,0.0,A,1,False,12.874999761594154,False,False,0.0
test:222_0,TEST,Hypothetical,B,D,D,False,False,0,both_wrong_same,"Bwrong|[4,inf)",-11.250000000200089,-13.500000119210881,-2.2500001190107923,0.0,D,2,False,11.250000000200089,False,False,0.0
test:223_0,TEST,Hypothetical,B,A,C,False,False,0,both_wrong_diff,"Bwrong|[4,inf)",-5.3750001564621925,-4.75,1.1250001564621925,0.5,A,3,False,3.7499999180436134,False,False,0.0
test:224_0,TEST,Hypothetical,C,B,B,False,False,0,both_wrong_same,"Bwrong|[4,inf)",-10.875000359035766,-13.250000119323886,-2.3749997602881194,0.0,B,3,False,10.375000359035766,False,False,0.0
test:225_0,TEST,Hypothetical,A,A,C,True,False,-1,regression,"Bcorrect|[2,4)",2.4999999031424522,-0.7500000596046448,-3.249999962747097,0.0,C,1,False,2.4999999031424522,False,False,0.0
test:226_0,TEST,Hypothetical,B,D,D,False,False,0,both_wrong_same,"Bwrong|[4,inf)",-18.0,-21.5,-3.5,0.0,D,2,False,18.0,False,False,0.0
test:227_0,TEST,Hypothetical,A,C,C,False,False,0,both_wrong_same,"Bwrong|[4,inf)",-5.750000230269507,-6.749999780207872,-0.9999995499383658,0.0,C,2,False,5.750000230269507,False,False,0.0
test:228_0,TEST,Hypothetical,C,C,C,True,True,0,both_correct,"Bcorrect|[4,inf)",10.125000121064659,8.24999967913027,-1.8750004419343895,0.0,D,1,False,10.125000121064659,False,False,0.0
test:229_0,TEST,Hypothetical,A,D,D,False,False,0,both_wrong_same,"Bwrong|[4,inf)",-17.5,-19.75,-2.25,0.0,D,2,False,17.5,False,False,0.0
test:22_0,TEST,Allocentric,B,B,B,True,True,0,both_correct,"Bcorrect|[4,inf)",9.24999988921627,12.500000119220203,3.250000230003934,0.0,D,1,False,9.24999988921627,False,False,0.0
test:230_0,TEST,Hypothetical,D,D,D,True,True,0,both_correct,"Bcorrect|[2,4)",3.500000113621354,5.000000082887709,1.499999969266355,0.0,B,1,False,3.500000113621354,False,False,0.0
test:231_0,TEST,Hypothetical,D,D,D,True,True,0,both_correct,"Bcorrect|[0.5,1)",0.75,0.9999999403953552,0.24999994039535522,0.0,B,1,False,0.75,False,False,0.0
test:232_0,TEST,Hypothetical,D,A,A,False,False,0,both_wrong_same,"Bwrong|[2,4)",-3.7499999925494194,-3.250000011175871,0.4999999813735485,0.0,A,2,False,3.7499999925494194,False,False,0.0
test:233_0,TEST,Hypothetical,C,D,D,False,False,0,both_wrong_same,"Bwrong|[1,2)",-1.4999999701976776,-1.0000000596046448,0.49999991059303284,0.0,D,2,False,1.4999999701976776,False,False,0.0
test:234_0,TEST,Hypothetical,C,C,C,True,True,0,both_correct,"Bcorrect|[4,inf)",4.749999894760549,7.249999999534339,3.0000001047737896,0.5,B,1,False,4.749999894760549,False,False,0.0
test:235_0,TEST,Hypothetical,B,B,B,True,True,0,both_correct,"Bcorrect|[4,inf)",10.250000239138899,13.750000238419943,3.4999999992810444,0.0,C,1,False,10.250000239138899,False,False,0.0
test:236_0,TEST,Hypothetical,B,C,C,False,False,0,both_wrong_same,"Bwrong|[0.5,1)",-0.75,-1.0,-0.25,0.0,C,2,False,0.75,False,False,0.0
test:237_0,TEST,Hypothetical,D,D,D,True,True,0,both_correct,"Bcorrect|[4,inf)",7.749999976425897,8.000000057305442,0.25000008087954484,0.0,B,1,False,7.749999976425897,False,False,0.0
test:238_0,TEST,Hypothetical,D,B,D,False,True,1,repair,"Bwrong|[0,0.5)",-0.25,2.4999999031424522,2.7499999031424522,0.0,B,2,False,0.25,False,False,0.0
test:239_0,TEST,Hypothetical,C,A,A,False,False,0,both_wrong_same,"Bwrong|[1,2)",-1.75,-1.7499999403953552,5.960464477539063e-08,0.0,A,2,False,1.75,False,False,0.0
test:23_0,TEST,Allocentric,C,A,B,False,False,0,both_wrong_diff,"Bwrong|[0,0.5)",-0.25,-2.7499999701976776,1.0,3.4999999701976776,A,2,True,0.25,False,False,0.0
test:240_0,TEST,Hypothetical,D,A,A,False,False,0,both_wrong_same,"Bwrong|[2,4)",-3.5000000279396772,-6.749999869731255,-3.2499998417915776,0.0,A,2,False,3.5000000279396772,False,False,0.0
test:241_0,TEST,Hypothetical,B,C,D,False,False,0,both_wrong_diff,"Bwrong|[0.5,1)",-0.9999999701976776,-5.749999850988388,-3.499999910593033,1.2499999701976776,C,2,False,0.9999999701976776,False,False,0.0
test:242_0,TEST,Hypothetical,B,B,B,True,True,0,both_correct,"Bcorrect|[2,4)",2.499999947845936,1.2499999701976776,-1.2499999776482582,0.0,D,1,False,2.499999947845936,False,False,0.0
test:243_0,TEST,Hypothetical,A,A,A,True,True,0,both_correct,"Bcorrect|[1,2)",1.5000000149011612,1.4999999701976776,-4.470348358154297e-08,0.0,D,1,False,1.5000000149011612,False,False,0.0
test:244_0,TEST,Hypothetical,C,B,C,False,True,1,repair,"Bwrong|[0,0.5)",0.0,1.9999998956918716,2.7499998956918716,0.75,B,1,True,0.0,True,False,0.0
test:245_0,TEST,Hypothetical,D,A,D,False,True,1,repair,"Bwrong|[2,4)",-2.7499999031424522,1.7499999850988388,4.499999888241291,0.0,A,2,False,2.7499999031424522,False,False,0.0
test:246_0,TEST,Hypothetical,B,B,B,True,True,0,both_correct,"Bcorrect|[0.5,1)",0.9999999403953552,1.7500000447034836,0.7500001043081284,0.0,C,1,False,0.9999999403953552,False,False,0.0
test:247_0,TEST,Hypothetical,A,D,D,False,False,0,both_wrong_same,"Bwrong|[4,inf)",-8.749999535924871,-9.49999988363561,-0.7500003477107384,0.0,D,2,False,8.749999535924871,False,False,0.0
test:248_0,TEST,Hypothetical,A,A,A,True,True,0,both_correct,"Bcorrect|[4,inf)",9.499999764586391,14.25000035762804,4.750000593041648,0.0,B,1,False,9.499999764586391,False,False,0.0
test:249_0,TEST,Hypothetical,B,B,B,True,True,0,both_correct,"Bcorrect|[2,4)",2.500000089406967,2.499999947845936,-1.4156103134155273e-07,0.0,D,1,False,2.500000089406967,False,False,0.0
test:24_0,TEST,Allocentric,B,C,C,False,False,0,both_wrong_same,"Bwrong|[2,4)",-3.250000074505806,-3.7499998956918716,-0.4999998211860657,0.0,C,3,False,1.7499999552965164,False,False,0.0
test:250_0,TEST,Hypothetical,A,A,A,True,True,0,both_correct,"Bcorrect|[2,4)",3.5000001192092896,4.49999987706542,0.9999997578561306,0.0,D,1,False,3.5000001192092896,False,False,0.0
test:251_0,TEST,Hypothetical,C,D,D,False,False,0,both_wrong_same,"Bwrong|[4,inf)",-9.999999731779099,-16.499999284797013,-6.499999553017915,0.0,D,4,False,1.2499999701976776,False,False,0.0
test:252_0,TEST,Hypothetical,D,B,B,False,False,0,both_wrong_same,"Bwrong|[4,inf)",-7.499999834049959,-10.749999642765033,-3.2499998087150743,0.0,B,2,False,7.499999834049959,False,False,0.0
test:253_0,TEST,Allocentric,C,D,D,False,False,0,both_wrong_same,"Bwrong|[4,inf)",-5.249999776482582,-2.7499998845160007,2.4999998919665813,0.0,D,2,False,5.249999776482582,False,False,0.0
test:254_0,TEST,Allocentric,B,D,D,False,False,0,both_wrong_same,"Bwrong|[4,inf)",-6.750000134110451,-7.00000018987339,-0.25000005576293916,0.0,D,2,False,6.750000134110451,False,False,0.0
test:255_0,TEST,Allocentric,B,B,B,True,True,0,both_correct,"Bcorrect|[4,inf)",13.500000238419943,15.00000035762804,1.5000001192080958,0.0,A,1,False,13.500000238419943,False,False,0.0
test:256_0,TEST,Allocentric,A,B,B,False,False,0,both_wrong_same,"Bwrong|[2,4)",-3.249999888241291,-4.999999958556145,-1.7500000703148544,0.0,B,2,True,3.249999888241291,False,False,0.0
test:257_0,TEST,Allocentric,B,C,C,False,False,0,both_wrong_same,"Bwrong|[4,inf)",-9.625000059604645,-10.499999731779099,-0.8749996721744537,0.0,C,4,False,2.0000000596046448,False,False,0.0
test:258_0,TEST,Allocentric,B,A,D,False,False,0,both_wrong_diff,"Bwrong|[4,inf)",-6.250000178813934,-10.749999925494194,-2.749999701976776,1.7500000447034836,A,4,False,0.0,True,False,0.0
test:259_0,TEST,Allocentric,B,A,C,False,False,0,both_wrong_diff,"Bwrong|[4,inf)",-5.749999821186066,-7.000000216066837,0.9999995827674866,2.249999977648258,A,3,False,0.25,False,False,0.0
test:25_0,TEST,Allocentric,C,B,B,False,False,0,both_wrong_same,"Bwrong|[4,inf)",-8.500000021216692,-10.999999880939868,-2.499999859723175,0.0,B,2,False,8.500000021216692,False,False,0.0
test:260_0,TEST,Allocentric,A,D,D,False,False,0,both_wrong_same,"Bwrong|[4,inf)",-10.499999642848707,-5.999999905703589,4.499999737145117,0.0,D,2,False,10.499999642848707,False,False,0.0
test:261_0,TEST,Allocentric,A,D,D,False,False,0,both_wrong_same,"Bwrong|[4,inf)",-10.74999964264316,-10.000000120249751,0.7499995223934093,0.0,D,2,False,10.74999964264316,False,False,0.0
test:262_0,TEST,Allocentric,C,A,A,False,False,0,both_wrong_same,"Bwrong|[2,4)",-3.500000026077032,-3.2499999552965164,0.25000007078051567,0.0,A,2,False,3.500000026077032,False,False,0.0
test:263_0,TEST,Allocentric,A,C,C,False,False,0,both_wrong_same,"Bwrong|[4,inf)",-8.124999592837412,-9.24999953090446,-1.1249999380670488,0.0,C,2,False,8.124999592837412,False,False,0.0
test:264_0,TEST,Allocentric,B,B,B,True,True,0,both_correct,"Bcorrect|[4,inf)",8.25000003958121,8.000000059255399,-0.2499999803258106,0.0,D,1,False,8.25000003958121,False,False,0.0
test:265_0,TEST,Allocentric,D,C,C,False,False,0,both_wrong_same,"Bwrong|[4,inf)",-7.00000007514609,-9.000000246305717,-2.000000171159627,0.0,C,2,False,7.00000007514609,False,False,0.0
test:266_0,TEST,Allocentric,B,C,C,False,False,0,both_wrong_same,"Bwrong|[4,inf)",-6.625000059255399,-8.25000009831274,-1.6250000390573405,0.0,C,2,False,6.625000059255399,False,False,0.0
test:267_0,TEST,Allocentric,D,D,D,True,True,0,both_correct,"Bcorrect|[4,inf)",10.499999881176336,12.750000000004093,2.2500001188277565,0.0,A,1,False,10.499999881176336,False,False,0.0
test:268_0,TEST,Allocentric,C,C,C,True,True,0,both_correct,"Bcorrect|[4,inf)",6.000000100815669,7.249999894585926,1.2499997937702574,0.0,A,1,False,6.000000100815669,False,False,0.0
test:269_0,TEST,Allocentric,B,D,D,False,False,0,both_wrong_same,"Bwrong|[2,4)",-3.7499999720603228,-5.250000157393515,-1.5000001853331923,0.0,D,2,False,3.7499999720603228,False,False,0.0
test:26_0,TEST,Allocentric,B,C,C,False,False,0,both_wrong_same,"Bwrong|[4,inf)",-8.874999687075615,-12.124999701976776,-3.250000014901161,0.0,C,3,False,1.999999925494194,False,False,0.0
test:270_0,TEST,Allocentric,D,C,C,False,False,0,both_wrong_same,"Bwrong|[4,inf)",-10.00000000113505,-11.250000119296601,-1.2500001181615517,0.0,C,2,False,10.00000000113505,False,False,0.0
test:271_0,TEST,Allocentric,C,B,B,False,False,0,both_wrong_same,"Bwrong|[4,inf)",-11.874999523212864,-11.250000119323886,0.6249994038889781,0.0,B,2,False,11.874999523212864,False,False,0.0
test:272_0,TEST,Allocentric,C,C,C,True,True,0,both_correct,"Bcorrect|[4,inf)",4.2499999944120646,5.499999773222953,1.2499997788108885,0.0,D,1,False,4.2499999944120646,False,False,0.0
test:273_0,TEST,Allocentric,D,B,B,False,False,0,both_wrong_same,"Bwrong|[4,inf)",-18.0,-19.75,-1.75,0.0,B,4,False,17.375,False,False,0.0
test:274_0,TEST,Allocentric,C,A,A,False,False,0,both_wrong_same,"Bwrong|[2,4)",-3.875000074505806,-6.500000101863407,-2.6250000273576006,0.0,A,2,False,3.875000074505806,False,False,0.0
test:275_0,TEST,Allocentric,B,A,C,False,False,0,both_wrong_diff,"Bwrong|[4,inf)",-5.875000104308128,-6.0,0.12500010430812836,0.25,A,4,False,2.7500001043081284,False,False,0.0
test:276_0,TEST,Allocentric,C,D,D,False,False,0,both_wrong_same,"Bwrong|[0,0.5)",-0.4999999701976776,-0.5,-2.9802322387695312e-08,0.0,D,2,False,0.4999999701976776,False,False,0.0
test:277_0,TEST,Allocentric,B,D,D,False,False,0,both_wrong_same,"Bwrong|[4,inf)",-4.499999785795808,-3.7500000577419996,0.7499997280538082,0.0,D,2,False,4.499999785795808,False,False,0.0
test:278_0,TEST,Allocentric,A,B,B,False,False,0,both_wrong_same,"Bwrong|[4,inf)",-6.125000141561031,-4.249999910593033,1.8750002309679985,0.0,B,3,True,2.2499999031424522,False,False,0.0
test:279_0,TEST,Allocentric,D,A,A,False,False,0,both_wrong_same,"Bwrong|[4,inf)",-7.750000212457962,-6.749999850639142,1.0000003618188202,0.0,A,2,False,7.750000212457962,False,False,0.0
test:27_0,TEST,Allocentric,A,A,A,True,True,0,both_correct,"Bcorrect|[4,inf)",8.249999920924893,8.250000393949449,4.730245564132929e-07,0.0,D,1,False,8.249999920924893,False,False,0.0
test:280_0,TEST,Allocentric,D,A,C,False,False,0,both_wrong_diff,"Bwrong|[2,4)",-2.3749999403953552,-3.249999910593033,0.3750000596046448,1.2500000298023224,A,3,False,0.25,False,False,0.0
test:281_0,TEST,Allocentric,C,B,B,False,False,0,both_wrong_same,"Bwrong|[4,inf)",-5.374999961350113,-6.7499998663552105,-1.3749999050050974,0.0,B,2,False,5.374999961350113,False,False,0.0
test:282_0,TEST,Allocentric,A,C,C,False,False,0,both_wrong_same,"Bwrong|[4,inf)",-13.250000357631052,-14.999999523162955,-1.7499991655319036,0.0,C,2,False,13.250000357631052,False,False,0.0
test:283_0,TEST,Allocentric,B,A,A,False,False,0,both_wrong_same,"Bwrong|[4,inf)",-6.750000115251169,-8.000000179075869,-1.2500000638247002,0.0,A,2,False,6.750000115251169,False,False,0.0
test:284_0,TEST,Allocentric,D,B,B,False,False,0,both_wrong_same,"Bwrong|[4,inf)",-7.749999862106051,-8.499999785271939,-0.7499999231658876,0.0,B,2,False,7.749999862106051,False,False,0.0
test:285_0,TEST,Allocentric,C,D,D,False,False,0,both_wrong_same,"Bwrong|[4,inf)",-7.500000153959263,-8.500000378960976,-1.0000002250017133,0.0,D,2,False,7.500000153959263,False,False,0.0
test:286_0,TEST,Allocentric,D,D,B,True,False,-1,regression,"Bcorrect|[4,inf)",6.000000116182491,-1.5,-7.500000116182491,0.0,B,1,False,6.000000116182491,False,False,0.0
test:287_0,TEST,Allocentric,B,A,A,False,False,0,both_wrong_same,"Bwrong|[4,inf)",-11.49999976167419,-12.749999523203769,-1.2499997615295797,0.0,A,2,False,11.49999976167419,False,False,0.0
test:288_0,TEST,Allocentric,C,B,B,False,False,0,both_wrong_same,"Bwrong|[4,inf)",-12.625000119220203,-13.249999642374632,-0.624999523154429,0.0,B,2,False,12.625000119220203,False,False,0.0
test:289_0,TEST,Allocentric,B,D,D,False,False,0,both_wrong_same,"Bwrong|[4,inf)",-9.999999886924343,-13.375000119237484,-3.375000232313141,0.0,D,2,False,9.999999886924343,False,False,0.0
test:28_0,TEST,Allocentric,B,D,D,False,False,0,both_wrong_same,"Bwrong|[4,inf)",-6.250000150408596,-10.750000000283762,-4.4999998498751665,0.0,D,2,False,6.250000150408596,False,False,0.0
test:290_0,TEST,Allocentric,B,B,A,True,False,-1,regression,"Bcorrect|[0.5,1)",0.5,-1.7500000149011612,-2.250000014901161,0.0,A,1,False,0.5,False,False,0.0
test:291_0,TEST,Allocentric,C,A,A,False,False,0,both_wrong_same,"Bwrong|[4,inf)",-6.750000108964741,-9.500000080675818,-2.749999971711077,0.0,A,2,False,6.750000108964741,False,False,0.0
test:292_0,TEST,Allocentric,D,C,C,False,False,0,both_wrong_same,"Bwrong|[4,inf)",-4.749999921768904,-5.249999781139195,-0.49999985937029123,0.0,C,2,False,4.749999921768904,False,False,0.0
test:293_0,TEST,Allocentric,A,A,A,True,True,0,both_correct,"Bcorrect|[2,4)",3.0000000335276127,1.7500000447034836,-1.249999988824129,0.0,D,1,False,3.0000000335276127,False,False,0.0
test:294_0,TEST,Allocentric,B,D,D,False,False,0,both_wrong_same,"Bwrong|[4,inf)",-10.125000358933903,-14.62500035762804,-4.499999998694136,0.0,D,2,False,10.125000358933903,False,False,0.0
test:295_0,TEST,Allocentric,B,B,B,True,True,0,both_correct,"Bcorrect|[4,inf)",7.874999956518877,9.49999988363561,1.6249999271167326,0.0,A,1,False,7.874999956518877,False,False,0.0
test:296_0,TEST,Allocentric,D,D,D,True,True,0,both_correct,"Bcorrect|[4,inf)",7.250000141677447,8.75000001360604,1.499999871928594,0.0,C,1,False,7.250000141677447,False,False,0.0
test:297_0,TEST,Allocentric,A,C,C,False,False,0,both_wrong_same,"Bwrong|[2,4)",-2.7499999701976776,-3.2499999962747097,-0.5000000260770321,0.0,C,2,False,2.7499999701976776,False,False,0.0
test:298_0,TEST,Allocentric,A,C,C,False,False,0,both_wrong_same,"Bwrong|[4,inf)",-6.125000138999894,-6.750000089290552,-0.6249999502906576,0.0,C,2,False,6.125000138999894,False,False,0.0
test:299_0,TEST,Allocentric,C,D,A,False,False,0,both_wrong_diff,"Bwrong|[4,inf)",-4.4999998807907104,-7.500000059604645,-2.2500001192092896,0.7500000596046448,D,3,False,0.25,False,False,0.0
test:29_0,TEST,Allocentric,D,B,B,False,False,0,both_wrong_same,"Bwrong|[4,inf)",-4.8749998807907104,-5.500000238418579,-0.6250003576278687,0.0,B,3,False,1.75,False,False,0.0
test:2_0,TEST,Allocentric,A,D,D,False,False,0,both_wrong_same,"Bwrong|[4,inf)",-12.249999880802534,-14.749999642372188,-2.4999997615696543,0.0,D,2,False,12.249999880802534,False,False,0.0
test:300_0,TEST,Allocentric,B,A,A,False,False,0,both_wrong_same,"Bwrong|[4,inf)",-4.000000111758709,-9.99999988188938,-5.999999770130671,0.0,A,2,False,4.000000111758709,False,False,0.0
test:301_0,TEST,Allocentric,A,B,B,False,False,0,both_wrong_same,"Bwrong|[4,inf)",-6.375000059604645,-7.624999523162842,-1.249999463558197,0.0,B,3,False,2.0000000596046448,False,False,0.0
test:302_0,TEST,Allocentric,C,B,B,False,False,0,both_wrong_same,"Bwrong|[4,inf)",-9.125000143656507,-12.374999762145308,-3.2499996184888005,0.0,B,2,False,9.125000143656507,False,False,0.0
test:303_0,TEST,Allocentric,D,B,B,False,False,0,both_wrong_same,"Bwrong|[4,inf)",-10.124999636784196,-1.7500000596046448,8.374999577179551,0.0,B,4,False,3.750000113621354,False,False,0.0
test:304_0,TEST,Allocentric,C,B,C,False,True,1,repair,"Bwrong|[0,0.5)",-0.25,1.4999999403953552,1.7499999403953552,0.0,B,2,False,0.25,False,False,0.0
test:305_0,TEST,Allocentric,C,B,B,False,False,0,both_wrong_same,"Bwrong|[4,inf)",-14.375000238418806,-19.75,-5.3749997615811935,0.0,B,2,False,14.375000238418806,False,False,0.0
test:306_0,TEST,Allocentric,C,C,C,True,True,0,both_correct,"Bcorrect|[4,inf)",4.500000177882612,4.500000181607902,3.725290298461914e-09,0.0,A,1,False,4.500000177882612,False,False,0.0
test:307_0,TEST,Allocentric,C,D,D,False,False,0,both_wrong_same,"Bwrong|[2,4)",-2.749999962747097,-4.749999933876097,-1.9999999711290002,0.0,D,2,False,2.749999962747097,False,False,0.0
test:308_0,TEST,Allocentric,B,B,B,True,True,0,both_correct,"Bcorrect|[4,inf)",11.624999523271981,15.74999976158145,4.125000238309468,0.0,C,1,False,11.624999523271981,False,False,0.0
test:309_0,TEST,Allocentric,A,C,C,False,False,0,both_wrong_same,"Bwrong|[4,inf)",-13.624999761582103,-14.25000035762804,-0.6250005960459362,0.0,C,2,False,13.624999761582103,False,False,0.0
test:30_0,TEST,Allocentric,C,A,A,False,False,0,both_wrong_same,"Bwrong|[4,inf)",-11.375000358792022,-11.999999642421244,-0.6249992836292222,0.0,A,3,False,10.250000358792022,False,False,0.0
test:310_0,TEST,Allocentric,A,B,B,False,False,0,both_wrong_same,"Bwrong|[4,inf)",-10.249999881452823,-8.749999655105057,1.5000002263477654,0.0,B,2,False,10.249999881452823,False,False,0.0
test:311_0,TEST,Allocentric,B,C,C,False,False,0,both_wrong_same,"Bwrong|[4,inf)",-6.999999882187694,-7.249999924446456,-0.2500000422587618,0.0,C,2,False,6.999999882187694,False,False,0.0
test:312_0,TEST,Allocentric,C,B,B,False,False,0,both_wrong_same,"Bwrong|[4,inf)",-11.874999880939868,-14.500000238418806,-2.625000357478939,0.0,B,3,False,11.624999880939868,False,False,0.0
test:313_0,TEST,Allocentric,A,D,D,False,False,0,both_wrong_same,"Bwrong|[2,4)",-3.4999998807907104,-9.499999525964085,-5.999999645173375,0.0,D,2,False,3.4999998807907104,False,False,0.0
test:314_0,TEST,Allocentric,C,B,B,False,False,0,both_wrong_same,"Bwrong|[0.5,1)",-0.5,-0.25,0.25,0.0,B,2,False,0.5,False,False,0.0
test:315_0,TEST,Allocentric,D,B,B,False,False,0,both_wrong_same,"Bwrong|[4,inf)",-8.249999731779099,-7.749999985098839,0.4999997466802597,0.0,B,3,False,2.4999999701976776,False,False,0.0
test:316_0,TEST,Allocentric,A,A,A,True,True,0,both_correct,"Bcorrect|[2,4)",3.9999998919665813,5.250000236555934,1.2500003445893526,0.0,B,1,False,3.9999998919665813,False,False,0.0
test:317_0,TEST,Allocentric,B,B,A,True,False,-1,regression,"Bcorrect|[1,2)",1.2499999701976776,-1.0,-2.2499999701976776,0.0,A,1,False,1.2499999701976776,False,False,0.0
test:318_0,TEST,Allocentric,B,C,C,False,False,0,both_wrong_same,"Bwrong|[4,inf)",-4.374999910593033,-6.125000178813934,-1.7500002682209015,0.0,C,4,False,1.0000000298023224,False,False,0.0
test:319_0,TEST,Allocentric,D,C,C,False,False,0,both_wrong_same,"Bwrong|[4,inf)",-13.375000238419943,-11.250000238504981,2.1249999999149622,0.0,C,2,False,13.375000238419943,False,False,0.0
test:31_0,TEST,Allocentric,C,C,A,True,False,-1,regression,"Bcorrect|[1,2)",1.2500000596046448,0.0,-1.2500000596046448,0.0,A,1,False,1.2500000596046448,False,True,0.0
test:320_0,TEST,Allocentric,A,C,C,False,False,0,both_wrong_same,"Bwrong|[4,inf)",-9.499999821186066,-11.874999940395355,-2.3750001192092896,0.0,C,4,False,2.2500000596046448,False,False,0.0
test:321_0,TEST,Allocentric,C,B,B,False,False,0,both_wrong_same,"Bwrong|[2,4)",-3.9999999552965164,-4.000000201165676,-2.4586915969848633e-07,0.0,B,3,False,1.9999999552965164,False,False,0.0
test:322_0,TEST,Allocentric,B,A,A,False,False,0,both_wrong_same,"Bwrong|[2,4)",-3.9999998807907104,-6.500000089406967,-2.5000002086162567,0.0,A,3,False,1.5,False,False,0.0
test:323_0,TEST,Allocentric,B,D,D,False,False,0,both_wrong_same,"Bwrong|[4,inf)",-9.999999643667252,-13.749999523163865,-3.749999879496613,0.0,D,2,False,9.999999643667252,False,False,0.0
test:324_0,TEST,Allocentric,C,C,D,True,False,-1,regression,"Bcorrect|[2,4)",3.750000074505806,-0.4999999701976776,-4.250000044703484,0.0,D,1,False,3.750000074505806,False,False,0.0
test:325_0,TEST,Allocentric,B,C,C,False,False,0,both_wrong_same,"Bwrong|[4,inf)",-4.37500000372529,-5.2500002179294825,-0.8750002142041922,0.0,C,3,False,3.2500000037252903,False,False,0.0
test:326_0,TEST,Allocentric,A,D,D,False,False,0,both_wrong_same,"Bwrong|[4,inf)",-8.999999530788045,-10.999999523302904,-1.9999999925148586,0.0,D,2,False,8.999999530788045,False,False,0.0
test:327_0,TEST,Allocentric,A,A,A,True,True,0,both_correct,"Bcorrect|[4,inf)",4.250000148080289,9.50000037009886,5.250000222018571,0.0,C,1,False,4.250000148080289,False,False,0.0
test:328_0,TEST,Allocentric,C,B,B,False,False,0,both_wrong_same,"Bwrong|[4,inf)",-13.499999761586196,-14.74999964237304,-1.249999880786845,0.0,B,2,False,13.499999761586196,False,False,0.0
test:329_0,TEST,Allocentric,B,D,D,False,False,0,both_wrong_same,"Bwrong|[4,inf)",-8.999999777021003,-8.999999540537829,2.364831743761897e-07,0.0,D,2,False,8.999999777021003,False,False,0.0
test:32_0,TEST,Allocentric,C,D,D,False,False,0,both_wrong_same,"Bwrong|[4,inf)",-9.875000120839104,-12.499999761589606,-2.6249996407505023,0.0,D,2,False,9.875000120839104,False,False,0.0
test:330_0,TEST,Allocentric,A,B,B,False,False,0,both_wrong_same,"Bwrong|[4,inf)",-11.375000370258931,-10.749999548803316,0.6250008214556146,0.0,B,3,False,8.875000370258931,False,False,0.0
test:331_0,TEST,Allocentric,C,D,D,False,False,0,both_wrong_same,"Bwrong|[4,inf)",-11.500000119284778,-13.74999964237304,-2.2499995230882632,0.0,D,2,False,11.500000119284778,False,False,0.0
test:332_0,TEST,Allocentric,B,D,D,False,False,0,both_wrong_same,"Bwrong|[4,inf)",-14.999999523162955,-15.50000011920963,-0.5000005960466751,0.0,D,2,False,14.999999523162955,False,False,0.0
test:333_0,TEST,Allocentric,A,C,C,False,False,0,both_wrong_same,"Bwrong|[4,inf)",-4.750000222586095,-2.249999985098839,2.5000002374872565,0.0,C,2,False,4.750000222586095,False,False,0.0
test:334_0,TEST,Allocentric,C,C,C,True,True,0,both_correct,"Bcorrect|[4,inf)",7.750000114319846,7.500000059953891,-0.2500000543659553,0.0,B,1,False,7.750000114319846,False,False,0.0
test:335_0,TEST,Allocentric,C,A,C,False,True,1,repair,"Bwrong|[2,4)",-2.9999998956918716,2.250000022351742,5.249999918043613,0.0,A,2,False,2.9999998956918716,False,False,0.0
test:336_0,TEST,Allocentric,C,C,C,True,True,0,both_correct,"Bcorrect|[4,inf)",7.499999807856511,9.250000123836799,1.7500003159802873,0.0,D,1,False,7.499999807856511,False,False,0.0
test:337_0,TEST,Allocentric,B,B,B,True,True,0,both_correct,"Bcorrect|[2,4)",2.5,0.7499999403953552,-0.5000000596046448,1.25,C,1,False,2.5,False,False,0.0
test:338_0,TEST,Allocentric,C,B,A,False,False,0,both_wrong_diff,"Bwrong|[0,0.5)",-0.25,0.0,0.75,0.5,B,2,False,0.25,False,True,0.0
test:339_0,TEST,Allocentric,A,C,C,False,False,0,both_wrong_same,"Bwrong|[2,4)",-2.250000074505806,-2.0000001043081284,0.2499999701976776,0.0,C,2,True,2.250000074505806,False,False,0.0
test:33_0,TEST,Allocentric,A,A,C,True,False,-1,regression,"Bcorrect|[0,0.5)",0.0,-5.500000204890966,-5.500000204890966,0.0,C,1,True,0.0,True,False,0.0
test:340_0,TEST,Allocentric,B,C,B,False,True,1,repair,"Bwrong|[4,inf)",-4.500000079162419,6.000000105705112,10.500000184867531,0.0,C,2,False,4.500000079162419,False,False,0.0
test:341_0,TEST,Allocentric,A,A,D,True,False,-1,regression,"Bcorrect|[1,2)",1.25,-0.9999999701976776,-2.2499999701976776,0.0,D,1,False,1.25,False,False,0.0
test:342_0,TEST,Allocentric,C,A,A,False,False,0,both_wrong_same,"Bwrong|[2,4)",-2.4999998807907104,-3.999999975785613,-1.5000000949949026,0.0,A,2,False,2.4999998807907104,False,False,0.0
test:343_0,TEST,Allocentric,A,D,D,False,False,0,both_wrong_same,"Bwrong|[2,4)",-3.7499999552965164,-4.000000149011612,-0.2500001937150955,0.0,D,3,False,2.9999999552965164,False,False,0.0
test:344_0,TEST,Allocentric,A,A,A,True,True,0,both_correct,"Bcorrect|[4,inf)",10.249999762472726,10.249999881521944,1.1904921848326921e-07,0.0,D,1,False,10.249999762472726,False,False,0.0
test:345_0,TEST,Allocentric,A,D,B,False,False,0,both_wrong_diff,"Bwrong|[2,4)",-2.2499998807907104,-2.5000000596046448,-0.2500001788139343,0.0,D,3,False,1.0,False,True,0.0
test:346_0,TEST,Allocentric,D,B,D,False,True,1,repair,"Bwrong|[0,0.5)",0.0,2.250000074505806,2.250000074505806,0.0,B,1,True,0.0,True,False,0.0
test:347_0,TEST,Allocentric,A,B,C,False,False,0,both_wrong_diff,"Bwrong|[2,4)",-2.5000001192092896,-2.7500001043081284,1.5,1.7499999850988388,B,4,False,0.0,True,False,0.0
test:348_0,TEST,Allocentric,B,A,A,False,False,0,both_wrong_same,"Bwrong|[0,0.5)",-0.25,-4.250000081956387,-4.000000081956387,0.0,A,2,False,0.25,False,False,0.0
test:349_0,TEST,Allocentric,D,B,B,False,False,0,both_wrong_same,"Bwrong|[1,2)",-1.0,-1.7500000596046448,-0.7500000596046448,0.0,B,2,False,1.0,False,False,0.0
test:34_0,TEST,Allocentric,C,B,B,False,False,0,both_wrong_same,"Bwrong|[2,4)",-3.374999910593033,-5.124999955296516,-1.7500000447034836,0.0,B,4,False,2.249999910593033,False,False,0.0
test:350_0,TEST,Allocentric,D,C,B,False,False,0,both_wrong_diff,"Bwrong|[2,4)",-2.75,-3.499999910593033,0.25000011920928955,1.0000000298023224,C,4,False,1.75,False,False,0.0
test:351_0,TEST,Allocentric,C,D,D,False,False,0,both_wrong_same,"Bwrong|[4,inf)",-11.624999909006874,-14.37499988082891,-2.749999971822035,0.0,D,4,False,8.499999909006874,False,False,0.0
test:352_0,TEST,Allocentric,A,A,A,True,True,0,both_correct,"Bcorrect|[2,4)",3.9999999180436134,4.7499997820705175,0.7499998640269041,0.0,B,1,False,3.9999999180436134,False,False,0.0
test:353_0,TEST,Allocentric,B,A,A,False,False,0,both_wrong_same,"Bwrong|[0,0.5)",-0.4999999403953552,-0.75,-0.2500000596046448,0.0,A,2,False,0.4999999403953552,False,False,0.0
test:354_0,TEST,Allocentric,D,C,C,False,False,0,both_wrong_same,"Bwrong|[4,inf)",-6.375000059604645,-7.000000149011612,-0.6250000894069672,0.0,C,4,False,1.2500000596046448,False,False,0.0
test:355_0,TEST,Allocentric,C,C,C,True,True,0,both_correct,"Bcorrect|[0.5,1)",0.7499999701976776,0.75,2.9802322387695312e-08,0.0,D,1,False,0.7499999701976776,False,False,0.0
test:356_0,TEST,Allocentric,A,A,A,True,True,0,both_correct,"Bcorrect|[1,2)",1.25,1.2499999701976776,-2.9802322387695312e-08,0.0,B,1,False,1.25,False,False,0.0
test:357_0,TEST,Allocentric,B,D,D,False,False,0,both_wrong_same,"Bwrong|[1,2)",-1.4999999403953552,-3.750000014901161,-2.250000074505806,0.0,D,2,False,1.4999999403953552,False,False,0.0
test:358_0,TEST,Allocentric,B,B,B,True,True,0,both_correct,"Bcorrect|[2,4)",2.750000022351742,1.0,-1.7500000223517418,0.0,D,1,False,2.750000022351742,False,False,0.0
test:359_0,TEST,Allocentric,C,C,C,True,True,0,both_correct,"Bcorrect|[2,4)",3.7500000409781933,0.5000000596046448,-3.2499999813735485,0.0,A,1,False,3.7500000409781933,False,False,0.0
test:35_0,TEST,Allocentric,C,C,C,True,True,0,both_correct,"Bcorrect|[4,inf)",4.499999780207872,4.000000236555934,-0.49999954365193844,0.0,D,1,False,4.499999780207872,False,False,0.0
test:360_0,TEST,Allocentric,D,C,C,False,False,0,both_wrong_same,"Bwrong|[4,inf)",-4.375000059604645,-6.249999804422259,-1.8749997448176146,0.0,C,4,False,0.7500000596046448,False,False,0.0
test:361_0,TEST,Allocentric,D,C,C,False,False,0,both_wrong_same,"Bwrong|[1,2)",-1.2499999403953552,-2.000000014901161,-0.750000074505806,0.0,C,2,False,1.2499999403953552,False,False,0.0
test:362_0,TEST,Allocentric,B,B,B,True,True,0,both_correct,"Bcorrect|[1,2)",1.5,6.250000203959644,4.750000203959644,0.0,C,1,False,1.5,False,False,0.0
test:363_0,TEST,Allocentric,A,C,C,False,False,0,both_wrong_same,"Bwrong|[1,2)",-1.4999999701976776,-4.2499998630955815,-2.749999892897904,0.0,C,2,False,1.4999999701976776,False,False,0.0
test:364_0,TEST,Allocentric,B,D,D,False,False,0,both_wrong_same,"Bwrong|[4,inf)",-5.749999995809048,-12.250000119237484,-6.5000001234284355,0.0,D,2,False,5.749999995809048,False,False,0.0
test:365_0,TEST,Allocentric,A,A,A,True,True,0,both_correct,"Bcorrect|[2,4)",3.250000011175871,8.749999908104655,6.249999896928784,0.75,B,1,False,3.250000011175871,False,False,0.0
test:366_0,TEST,Allocentric,D,D,D,True,True,0,both_correct,"Bcorrect|[4,inf)",4.000000132247806,4.25000006519258,0.24999993294477463,0.0,A,1,False,4.000000132247806,False,False,0.0
test:367_0,TEST,Allocentric,D,B,B,False,False,0,both_wrong_same,"Bwrong|[4,inf)",-7.125000051455572,-6.999999978987034,0.12500007246853784,0.0,B,2,False,7.125000051455572,False,False,0.0
test:368_0,TEST,Allocentric,C,C,C,True,True,0,both_correct,"Bcorrect|[0.5,1)",0.7499999701976776,3.7499999031424522,2.9999999329447746,0.0,B,1,False,0.7499999701976776,False,False,0.0
test:369_0,TEST,Allocentric,A,A,D,True,False,-1,regression,"Bcorrect|[0.5,1)",0.5,-1.5000000298023224,-0.75,1.2500000298023224,C,1,False,0.5,False,False,0.0
test:36_0,TEST,Allocentric,C,C,C,True,True,0,both_correct,"Bcorrect|[2,4)",2.9999999664723873,1.75,-1.2499999664723873,0.0,A,1,False,2.9999999664723873,False,False,0.0
test:370_0,TEST,Allocentric,C,B,B,False,False,0,both_wrong_same,"Bwrong|[0,0.5)",-0.25,-0.25,0.0,0.0,B,2,False,0.25,False,False,0.0
test:371_0,TEST,Allocentric,B,B,D,True,False,-1,regression,"Bcorrect|[0.5,1)",0.5,-1.2500000298023224,-1.7500000298023224,0.0,D,1,False,0.5,False,False,0.0
test:372_0,TEST,Allocentric,D,D,D,True,True,0,both_correct,"Bcorrect|[2,4)",3.7500000037252903,3.499999936670065,-0.2500000670552254,0.0,C,1,False,3.7500000037252903,False,False,0.0
test:373_0,TEST,Allocentric,B,A,B,False,True,1,repair,"Bwrong|[0,0.5)",-0.25,0.5,0.75,0.0,A,2,False,0.25,False,False,0.0
test:374_0,TEST,Allocentric,B,C,C,False,False,0,both_wrong_same,"Bwrong|[4,inf)",-6.499999940395355,-12.75000011920929,-6.250000178813934,0.0,C,4,False,0.4999999403953552,False,False,0.0
test:375_0,TEST,Allocentric,D,A,D,False,True,1,repair,"Bwrong|[0,0.5)",0.0,2.249999925494194,2.249999925494194,0.0,A,1,True,0.0,True,False,0.0
test:376_0,TEST,Allocentric,B,C,C,False,False,0,both_wrong_same,"Bwrong|[2,4)",-2.500000014901161,-13.49999976340041,-10.999999748499249,0.0,C,2,False,2.500000014901161,False,False,0.0
test:377_0,TEST,Allocentric,D,B,B,False,False,0,both_wrong_same,"Bwrong|[4,inf)",-6.249999783700332,-6.500000185798854,-0.2500004020985216,0.0,B,2,False,6.249999783700332,False,False,0.0
test:378_0,TEST,Allocentric,D,D,D,True,True,0,both_correct,"Bcorrect|[1,2)",1.7500000149011612,0.75,-1.0000000149011612,0.0,C,1,False,1.7500000149011612,False,False,0.0
test:379_0,TEST,Allocentric,A,B,A,False,True,1,repair,"Bwrong|[1,2)",-1.2500000298023224,0.25,1.5000000298023224,0.0,B,2,False,1.2500000298023224,False,False,0.0
test:37_0,TEST,Allocentric,C,B,B,False,False,0,both_wrong_same,"Bwrong|[4,inf)",-5.875000029802322,-3.499999910593033,2.3750001192092896,0.0,B,4,False,1.0000000298023224,False,False,0.0
test:380_0,TEST,Allocentric,B,B,B,True,True,0,both_correct,"Bcorrect|[2,4)",2.5000001192092896,0.5,-2.0000001192092896,0.0,D,1,False,2.5000001192092896,False,False,0.0
test:381_0,TEST,Allocentric,C,C,C,True,True,0,both_correct,"Bcorrect|[2,4)",2.5,1.7500000447034836,-0.7499999552965164,0.0,D,1,False,2.5,False,False,0.0
test:382_0,TEST,Allocentric,B,B,B,True,True,0,both_correct,"Bcorrect|[2,4)",2.250000052154064,0.5,-1.7500000521540642,0.0,D,1,False,2.250000052154064,False,False,0.0
test:383_0,TEST,Allocentric,D,C,C,False,False,0,both_wrong_same,"Bwrong|[2,4)",-2.0000000447034836,-1.5000000447034836,0.5,0.0,C,2,False,2.0000000447034836,False,False,0.0
test:384_0,TEST,Allocentric,C,A,A,False,False,0,both_wrong_same,"Bwrong|[2,4)",-3.7499999962747097,-1.0000000298023224,2.7499999664723873,0.0,A,2,False,3.7499999962747097,False,False,0.0
test:385_0,TEST,Allocentric,B,B,D,True,False,-1,regression,"Bcorrect|[0,0.5)",0.4999999701976776,-1.2499999701976776,-1.7499999403953552,0.0,D,1,False,0.4999999701976776,False,False,0.0
test:386_0,TEST,Allocentric,A,D,D,False,False,0,both_wrong_same,"Bwrong|[1,2)",-1.999999925494194,-1.5000000447034836,0.49999988079071045,0.0,D,2,False,1.999999925494194,False,False,0.0
test:387_0,TEST,Allocentric,A,A,D,True,False,-1,regression,"Bcorrect|[4,inf)",7.249999956518877,-3.4999999441206455,-10.749999900639523,0.0,D,1,False,7.249999956518877,False,False,0.0
test:388_0,TEST,Allocentric,D,D,D,True,True,0,both_correct,"Bcorrect|[0.5,1)",0.9999999701976776,4.999999945517629,3.9999999753199518,0.0,B,1,False,0.9999999701976776,False,False,0.0
test:389_0,TEST,Allocentric,A,A,A,True,True,0,both_correct,"Bcorrect|[4,inf)",9.749999763287633,8.250000034138793,-1.4999997291488398,0.0,D,1,False,9.749999763287633,False,False,0.0
test:38_0,TEST,Allocentric,D,C,C,False,False,0,both_wrong_same,"Bwrong|[4,inf)",-7.125000163912773,-10.124999705702066,-2.9999995417892933,0.0,C,4,False,1.7500000447034836,False,False,0.0
test:390_0,TEST,Allocentric,A,A,C,True,False,-1,regression,"Bcorrect|[0.5,1)",0.5000000298023224,-1.0000000298023224,-1.5000000596046448,0.0,C,1,False,0.5000000298023224,False,False,0.0
test:391_0,TEST,Allocentric,C,C,D,True,False,-1,regression,"Bcorrect|[1,2)",1.7499999552965164,-0.7499999403953552,-2.4999998956918716,0.0,D,1,False,1.7499999552965164,False,False,0.0
test:392_0,TEST,Allocentric,A,A,A,True,True,0,both_correct,"Bcorrect|[4,inf)",5.999999973690137,3.7500000204890966,-2.2499999532010406,0.0,C,1,False,5.999999973690137,False,False,0.0
test:393_0,TEST,Allocentric,C,C,C,True,True,0,both_correct,"Bcorrect|[1,2)",1.0,1.25,0.25,0.0,D,1,False,1.0,False,False,0.0
test:394_0,TEST,Allocentric,C,C,D,True,False,-1,regression,"Bcorrect|[0,0.5)",0.0,-9.249999527848559,-9.249999527848559,0.0,D,1,True,0.0,True,False,0.0
test:395_0,TEST,Allocentric,C,B,B,False,False,0,both_wrong_same,"Bwrong|[1,2)",-1.5000000149011612,-0.5000000298023224,0.9999999850988388,0.0,B,2,False,1.5000000149011612,False,False,0.0
test:396_0,TEST,Allocentric,B,B,B,True,True,0,both_correct,"Bcorrect|[0.5,1)",0.7500000298023224,0.0,-0.7500000298023224,0.0,C,1,False,0.7500000298023224,False,True,0.0
test:397_0,TEST,Allocentric,D,B,B,False,False,0,both_wrong_same,"Bwrong|[2,4)",-2.749999888241291,-1.9999999403953552,0.7499999478459358,0.0,B,2,False,2.749999888241291,False,False,0.0
test:398_0,TEST,Allocentric,C,C,C,True,True,0,both_correct,"Bcorrect|[4,inf)",11.874999761612344,10.250000120006007,0.5000003583936632,2.125,B,1,False,11.874999761612344,False,False,0.0
test:399_0,TEST,Allocentric,B,B,A,True,False,-1,regression,"Bcorrect|[0.5,1)",0.75,-1.2499999403953552,-1.9999999403953552,0.0,A,1,False,0.75,False,False,0.0
test:39_0,TEST,Allocentric,C,B,B,False,False,0,both_wrong_same,"Bwrong|[2,4)",-2.2499999403953552,-0.25,1.9999999403953552,0.0,B,2,False,2.2499999403953552,False,False,0.0
test:3_0,TEST,Allocentric,D,D,D,True,True,0,both_correct,"Bcorrect|[4,inf)",4.500000199303031,7.250000133179128,2.749999933876097,0.0,C,1,False,4.500000199303031,False,False,0.0
test:400_0,TEST,Allocentric,C,B,B,False,False,0,both_wrong_same,"Bwrong|[1,2)",-1.0,-5.249999942723662,-4.249999942723662,0.0,B,2,False,1.0,False,False,0.0
test:401_0,TEST,Allocentric,C,A,A,False,False,0,both_wrong_same,"Bwrong|[4,inf)",-8.74999998381827,-7.499999907799065,1.2500000760192052,0.0,A,3,False,6.99999998381827,False,False,0.0
test:402_0,TEST,Allocentric,C,C,C,True,True,0,both_correct,"Bcorrect|[2,4)",2.499999985098839,3.500000024214387,1.0000000391155481,0.0,B,1,False,2.499999985098839,False,False,0.0
test:403_0,TEST,Allocentric,A,A,A,True,True,0,both_correct,"Bcorrect|[0.5,1)",0.5,1.5,1.0,0.0,B,1,False,0.5,False,False,0.0
test:404_0,TEST,Egocentric,A,B,B,False,False,0,both_wrong_same,"Bwrong|[2,4)",-2.75,-1.4999999403953552,1.2500000596046448,0.0,B,3,False,0.25,False,False,0.0
test:405_0,TEST,Allocentric,C,B,B,False,False,0,both_wrong_same,"Bwrong|[2,4)",-2.2500000298023224,-2.0000000596046448,0.2499999701976776,0.0,B,3,False,2.0000000298023224,False,False,0.0
test:406_0,TEST,Allocentric,B,B,B,True,True,0,both_correct,"Bcorrect|[4,inf)",4.7499999003484845,5.249999892432243,0.4999999920837581,0.0,A,1,False,4.7499999003484845,False,False,0.0
test:407_0,TEST,Egocentric,C,C,C,True,True,0,both_correct,"Bcorrect|[0,0.5)",0.25,1.5000000149011612,1.2500000149011612,0.0,B,1,False,0.25,False,False,0.0
test:408_0,TEST,Allocentric,A,A,A,True,True,0,both_correct,"Bcorrect|[0,0.5)",0.25,0.7500000596046448,0.5000000596046448,0.0,C,1,False,0.25,False,False,0.0
test:409_0,TEST,Allocentric,C,B,B,False,False,0,both_wrong_same,"Bwrong|[4,inf)",-12.125000357753379,-13.499999880820724,-1.3749995230673449,0.0,B,3,False,11.500000357753379,False,False,0.0
test:40_0,TEST,Allocentric,D,B,B,False,False,0,both_wrong_same,"Bwrong|[4,inf)",-4.000000083819032,-1.7499999701976776,2.250000113621354,0.0,B,2,False,4.000000083819032,False,False,0.0
test:410_0,TEST,Allocentric,D,B,B,False,False,0,both_wrong_same,"Bwrong|[0.5,1)",-0.7500000298023224,-1.4999999403953552,-0.7499999105930328,0.0,B,2,False,0.7500000298023224,False,False,0.0
test:411_0,TEST,Allocentric,D,D,C,True,False,-1,regression,"Bcorrect|[1,2)",1.0000000298023224,-4.499999955296516,-5.499999985098839,0.0,C,1,False,1.0000000298023224,False,False,0.0
test:412_0,TEST,Allocentric,A,C,C,False,False,0,both_wrong_same,"Bwrong|[2,4)",-2.9999999403953552,-4.5,-1.5000000596046448,0.0,C,4,False,0.4999999403953552,False,False,0.0
test:413_0,TEST,Allocentric,B,B,B,True,True,0,both_correct,"Bcorrect|[2,4)",3.000000011175871,2.250000089406967,-0.7499999217689037,0.0,A,1,False,3.000000011175871,False,False,0.0
test:414_0,TEST,Allocentric,B,C,C,False,False,0,both_wrong_same,"Bwrong|[1,2)",-1.5000000596046448,-1.5000000298023224,2.9802322387695312e-08,0.0,C,2,False,1.5000000596046448,False,False,0.0
test:415_0,TEST,Allocentric,C,A,A,False,False,0,both_wrong_same,"Bwrong|[0.5,1)",-0.5,-2.0000001192092896,-1.5000001192092896,0.0,A,2,False,0.5,False,False,0.0
test:416_0,TEST,Allocentric,B,B,A,True,False,-1,regression,"Bcorrect|[0.5,1)",0.5,-1.0000000596046448,-1.5000000596046448,0.0,A,1,False,0.5,False,False,0.0
test:417_0,TEST,Allocentric,B,B,B,True,True,0,both_correct,"Bcorrect|[2,4)",3.499999988824129,0.0,-3.499999988824129,0.0,D,1,False,3.499999988824129,False,True,0.0
test:418_0,TEST,Allocentric,D,B,C,False,False,0,both_wrong_diff,"Bwrong|[4,inf)",-4.0000001192092896,-5.25,-0.7499998807907104,0.5,B,3,False,0.25,False,False,0.0
test:419_0,TEST,Allocentric,D,A,A,False,False,0,both_wrong_same,"Bwrong|[2,4)",-2.2499998956918716,-0.75,1.4999998956918716,0.0,A,3,False,1.9999998956918716,False,True,0.0
test:41_0,TEST,Allocentric,B,C,C,False,False,0,both_wrong_same,"Bwrong|[1,2)",-1.2500000596046448,-2.250000074505806,-1.0000000149011612,0.0,C,2,False,1.2500000596046448,False,False,0.0
test:420_0,TEST,Allocentric,A,A,A,True,True,0,both_correct,"Bcorrect|[2,4)",2.999999925494194,1.2500000298023224,-1.7499998956918716,0.0,B,1,False,2.999999925494194,False,False,0.0
test:421_0,TEST,Allocentric,A,A,A,True,True,0,both_correct,"Bcorrect|[1,2)",1.9999999552965164,5.250000208616257,3.2500002533197403,0.0,B,1,False,1.9999999552965164,False,False,0.0
test:422_0,TEST,Allocentric,D,D,D,True,True,0,both_correct,"Bcorrect|[4,inf)",11.749999642403964,15.24999976158145,3.5000001191774857,0.0,A,1,False,11.749999642403964,False,False,0.0
test:423_0,TEST,Allocentric,A,A,A,True,True,0,both_correct,"Bcorrect|[0.5,1)",0.5,3.0000000707805157,2.5000000707805157,0.0,C,1,False,0.5,False,False,0.0
test:424_0,TEST,Allocentric,B,B,B,True,True,0,both_correct,"Bcorrect|[2,4)",3.999999875202775,2.749999962747097,-1.249999912455678,0.0,D,1,False,3.999999875202775,False,False,0.0
test:425_0,TEST,Allocentric,D,D,D,True,True,0,both_correct,"Bcorrect|[4,inf)",5.249999953433871,11.250000238517714,6.000000285083843,0.0,A,1,False,5.249999953433871,False,False,0.0
test:426_0,TEST,Allocentric,B,B,B,True,True,0,both_correct,"Bcorrect|[2,4)",2.0000000596046448,5.000000073574483,3.0000000139698386,0.0,A,1,False,2.0000000596046448,False,False,0.0
test:427_0,TEST,Allocentric,B,A,A,False,False,0,both_wrong_same,"Bwrong|[2,4)",-3.500000111758709,-1.7500000596046448,1.7500000521540642,0.0,A,2,False,3.500000111758709,False,False,0.0
test:428_0,TEST,Allocentric,A,B,B,False,False,0,both_wrong_same,"Bwrong|[4,inf)",-8.249999917228706,-10.500000000409273,-2.2500000831805664,0.0,B,2,False,8.249999917228706,False,False,0.0
test:429_0,TEST,Allocentric,B,B,B,True,True,0,both_correct,"Bcorrect|[1,2)",1.5000000447034836,2.9999999552965164,1.4999999105930328,0.0,A,1,False,1.5000000447034836,False,False,0.0
test:42_0,TEST,Allocentric,B,B,B,True,True,0,both_correct,"Bcorrect|[2,4)",2.2500000670552254,0.7499999701976776,-1.5000000968575478,0.0,C,1,False,2.2500000670552254,False,False,0.0
test:430_0,TEST,Allocentric,D,D,D,True,True,0,both_correct,"Bcorrect|[2,4)",3.0000001043081284,3.499999925494194,0.4999998211860657,0.0,C,1,False,3.0000001043081284,False,False,0.0
test:431_0,TEST,Allocentric,B,B,B,True,True,0,both_correct,"Bcorrect|[2,4)",3.000000100582838,1.2499999701976776,-1.7500001303851604,0.0,D,1,False,3.000000100582838,False,False,0.0
test:432_0,TEST,Allocentric,B,B,B,True,True,0,both_correct,"Bcorrect|[0.5,1)",0.75,2.7499998956918716,1.9999998956918716,0.0,C,1,False,0.75,False,False,0.0
test:433_0,TEST,Allocentric,A,D,D,False,False,0,both_wrong_same,"Bwrong|[4,inf)",-8.999999771767762,-10.999999762640073,-1.9999999908723112,0.0,D,3,False,7.249999771767762,False,False,0.0
test:434_0,TEST,Allocentric,A,C,C,False,False,0,both_wrong_same,"Bwrong|[2,4)",-3.500000100582838,-7.500000135216396,-4.000000034633558,0.0,C,2,False,3.500000100582838,False,False,0.0
test:435_0,TEST,Allocentric,B,B,B,True,True,0,both_correct,"Bcorrect|[0.5,1)",0.5000000596046448,1.0000000596046448,0.5,0.0,C,1,False,0.5000000596046448,False,False,0.0
test:436_0,TEST,Allocentric,A,A,A,True,True,0,both_correct,"Bcorrect|[4,inf)",9.000000256375642,2.5,-6.5000002563756425,0.0,D,1,False,9.000000256375642,False,False,0.0
test:437_0,TEST,Allocentric,A,A,A,True,True,0,both_correct,"Bcorrect|[4,inf)",17.25,20.0,2.75,0.0,B,1,False,17.25,False,False,0.0
test:438_0,TEST,Allocentric,D,B,B,False,False,0,both_wrong_same,"Bwrong|[2,4)",-2.7499999925494194,-3.250000052154064,-0.5000000596046448,0.0,B,2,False,2.7499999925494194,False,False,0.0
test:439_0,TEST,Allocentric,B,B,B,True,True,0,both_correct,"Bcorrect|[0.5,1)",0.5000000298023224,0.0,-0.5000000298023224,0.0,C,1,False,0.5000000298023224,False,True,0.0
test:43_0,TEST,Allocentric,A,A,A,True,True,0,both_correct,"Bcorrect|[4,inf)",6.499999793479219,3.2499998919665813,-1.4999999015126377,1.75,B,1,False,6.499999793479219,False,False,0.0
test:440_0,TEST,Allocentric,C,A,A,False,False,0,both_wrong_same,"Bwrong|[4,inf)",-7.999999704072252,-10.000000120387995,-2.0000004163157428,0.0,A,2,False,7.999999704072252,False,False,0.0
test:441_0,TEST,Allocentric,A,D,D,False,False,0,both_wrong_same,"Bwrong|[2,4)",-2.500000037252903,-2.0000000298023224,0.5000000074505806,0.0,D,2,False,2.500000037252903,False,False,0.0
test:442_0,TEST,Allocentric,B,B,B,True,True,0,both_correct,"Bcorrect|[4,inf)",12.124999523188308,15.499999642372188,3.3750001191838805,0.0,C,1,False,12.124999523188308,False,False,0.0
test:443_0,TEST,Allocentric,A,A,A,True,True,0,both_correct,"Bcorrect|[1,2)",1.7499999701976776,1.9999998956918716,0.24999992549419403,0.0,D,1,False,1.7499999701976776,False,False,0.0
test:444_0,TEST,Allocentric,C,C,C,True,True,0,both_correct,"Bcorrect|[4,inf)",6.249999929917976,3.7499999552965164,-2.49999997462146,0.0,A,1,False,6.249999929917976,False,False,0.0
test:445_0,TEST,Allocentric,C,C,C,True,True,0,both_correct,"Bcorrect|[4,inf)",4.2499997625127435,6.749999854480848,2.5000000919681042,0.0,A,1,False,4.2499997625127435,False,False,0.0
test:446_0,TEST,Allocentric,C,B,B,False,False,0,both_wrong_same,"Bwrong|[2,4)",-3.5000001043081284,-0.5,3.0000001043081284,0.0,B,2,False,3.5000001043081284,False,False,0.0
test:447_0,TEST,Allocentric,A,A,B,True,False,-1,regression,"Bcorrect|[1,2)",1.7499999403953552,-3.0000000298023224,3.4999998211860657,8.249999791383743,D,1,False,1.7499999403953552,False,False,0.0
test:448_0,TEST,Allocentric,C,C,C,True,True,0,both_correct,"Bcorrect|[4,inf)",5.499999771360308,7.000000177999027,1.5000004066387191,0.0,A,1,False,5.499999771360308,False,False,0.0
test:449_0,TEST,Allocentric,B,B,B,True,True,0,both_correct,"Bcorrect|[1,2)",1.7500000447034836,9.250000243126124,7.50000019842264,0.0,C,1,False,1.7500000447034836,False,False,0.0
test:44_0,TEST,Allocentric,A,B,B,False,False,0,both_wrong_same,"Bwrong|[4,inf)",-13.624999642453076,-14.49999988088166,-0.8750002384285835,0.0,B,3,False,11.374999642453076,False,False,0.0
test:450_0,TEST,Allocentric,B,B,B,True,True,0,both_correct,"Bcorrect|[4,inf)",7.7499998601851985,9.249999647712684,1.4999997875274858,0.0,A,1,False,7.7499998601851985,False,False,0.0
test:451_0,TEST,Allocentric,D,D,D,True,True,0,both_correct,"Bcorrect|[4,inf)",6.750000221305527,4.7499999748542905,-2.0000002464512363,0.0,C,1,False,6.750000221305527,False,False,0.0
test:452_0,TEST,Allocentric,A,A,A,True,True,0,both_correct,"Bcorrect|[4,inf)",4.74999981559813,3.2499998807907104,-1.4999999348074198,0.0,B,1,False,4.74999981559813,False,False,0.0
test:453_0,TEST,Allocentric,B,B,B,True,True,0,both_correct,"Bcorrect|[4,inf)",7.499999916472007,7.75000009307405,0.2500001766020432,0.0,D,1,False,7.499999916472007,False,False,0.0
test:454_0,TEST,Allocentric,D,D,D,True,True,0,both_correct,"Bcorrect|[4,inf)",13.000000000004093,14.500000238418806,1.5000002384147137,0.0,B,1,False,13.000000000004093,False,False,0.0
test:455_0,TEST,Allocentric,A,B,B,False,False,0,both_wrong_same,"Bwrong|[4,inf)",-9.250000010229996,-8.74999978892447,0.5000002213055268,0.0,B,2,False,9.250000010229996,False,False,0.0
test:456_0,TEST,Allocentric,C,C,C,True,True,0,both_correct,"Bcorrect|[4,inf)",12.749999880795258,13.250000119210881,0.5000002384156232,0.0,B,1,False,12.749999880795258,False,False,0.0
test:457_0,TEST,Allocentric,A,A,A,True,True,0,both_correct,"Bcorrect|[4,inf)",4.500000104308128,2.749999888241291,-1.7500002160668373,0.0,D,1,False,4.500000104308128,False,False,0.0
test:458_0,TEST,Allocentric,C,C,C,True,True,0,both_correct,"Bcorrect|[4,inf)",11.875000119237484,13.250000119210881,1.3749999999733973,0.0,A,1,False,11.875000119237484,False,False,0.0
test:459_0,TEST,Allocentric,A,C,C,False,False,0,both_wrong_same,"Bwrong|[4,inf)",-5.875000167405233,-7.75000009618816,-1.8749999287829269,0.0,C,2,False,5.875000167405233,False,False,0.0
test:45_0,TEST,Allocentric,D,D,D,True,True,0,both_correct,"Bcorrect|[4,inf)",4.749999973922968,2.75,-1.999999973922968,0.0,C,1,False,4.749999973922968,False,False,0.0
test:460_0,TEST,Allocentric,A,A,A,True,True,0,both_correct,"Bcorrect|[1,2)",1.2499999701976776,0.7499999403953552,-0.5000000298023224,0.0,B,1,False,1.2499999701976776,False,False,0.0
test:461_0,TEST,Egocentric,A,A,A,True,True,0,both_correct,"Bcorrect|[1,2)",1.999999925494194,4.4999998807907104,2.4999999552965164,0.0,B,1,False,1.999999925494194,False,False,0.0
test:462_0,TEST,Egocentric,A,A,A,True,True,0,both_correct,"Bcorrect|[4,inf)",19.875,21.875,2.0,0.0,B,1,False,19.875,False,False,0.0
test:463_0,TEST,Egocentric,A,A,A,True,True,0,both_correct,"Bcorrect|[4,inf)",8.750000012674718,9.750000359355909,1.0000003466811904,0.0,B,1,False,8.750000012674718,False,False,0.0
test:464_0,TEST,Egocentric,C,C,C,True,True,0,both_correct,"Bcorrect|[4,inf)",9.750000359355909,6.0000002139713615,-3.750000145384547,0.0,A,1,False,9.750000359355909,False,False,0.0
test:465_0,TEST,Egocentric,B,B,B,True,True,0,both_correct,"Bcorrect|[4,inf)",10.000000358661055,9.250000243031536,-0.7500001156295184,0.0,C,1,False,10.000000358661055,False,False,0.0
test:466_0,TEST,Egocentric,A,A,A,True,True,0,both_correct,"Bcorrect|[2,4)",2.7500000596046448,2.2499999403953552,-0.5000001192092896,0.0,B,1,False,2.7500000596046448,False,False,0.0
test:467_0,TEST,Egocentric,C,D,D,False,False,0,both_wrong_same,"Bwrong|[0.5,1)",-0.7500000298023224,-1.7500000447034836,-1.0000000149011612,0.0,D,2,False,0.7500000298023224,False,False,0.0
test:468_0,TEST,Egocentric,B,B,B,True,True,0,both_correct,"Bcorrect|[4,inf)",16.499999880790718,17.75,1.2500001192092824,0.0,A,1,False,16.499999880790718,False,False,0.0
test:469_0,TEST,Egocentric,D,B,D,False,True,1,repair,"Bwrong|[1,2)",-1.0000000298023224,2.500000111758709,3.5000001415610313,0.0,B,2,False,1.0000000298023224,False,False,0.0
test:46_0,TEST,Allocentric,C,A,A,False,False,0,both_wrong_same,"Bwrong|[4,inf)",-5.000000208616257,-7.999999581283191,-2.9999993726669345,0.0,A,2,False,5.000000208616257,False,False,0.0
test:470_0,TEST,Egocentric,A,A,B,True,False,-1,regression,"Bcorrect|[1,2)",1.25,-3.7500000093132257,-5.000000009313226,0.0,B,1,False,1.25,False,False,0.0
test:471_0,TEST,Egocentric,C,C,C,True,True,0,both_correct,"Bcorrect|[4,inf)",5.000000070314854,2.7499998845160007,-2.2500001857988536,0.0,D,1,False,5.000000070314854,False,False,0.0
test:472_0,TEST,Egocentric,A,A,A,True,True,0,both_correct,"Bcorrect|[4,inf)",16.499999880790718,14.499999523162955,-2.000000357627762,0.0,C,1,False,16.499999880790718,False,False,0.0
test:473_0,TEST,Egocentric,B,C,C,False,False,0,both_wrong_same,"Bwrong|[0,0.5)",-0.25,-2.2500000819563866,-2.0000000819563866,0.0,C,2,False,0.25,False,False,0.0
test:474_0,TEST,Egocentric,A,A,A,True,True,0,both_correct,"Bcorrect|[4,inf)",14.749999642372188,15.749999880790718,1.0000002384185294,0.0,B,1,False,14.749999642372188,False,False,0.0
test:475_0,TEST,Egocentric,B,D,D,False,False,0,both_wrong_same,"Bwrong|[0.5,1)",-0.9999999403953552,-2.9999999403953552,-2.0,0.0,D,3,False,0.7499999403953552,False,False,0.0
test:476_0,TEST,Egocentric,C,C,C,True,True,0,both_correct,"Bcorrect|[1,2)",1.0000000596046448,0.5,-0.5000000596046448,0.0,D,1,False,1.0000000596046448,False,False,0.0
test:477_0,TEST,Egocentric,A,A,A,True,True,0,both_correct,"Bcorrect|[4,inf)",12.749999761605523,13.99999964237304,1.2499998807675183,0.0,D,1,False,12.749999761605523,False,False,0.0
test:478_0,TEST,Egocentric,D,D,D,True,True,0,both_correct,"Bcorrect|[0.5,1)",0.7499999701976776,3.7500000428408384,3.000000072643161,0.0,C,1,False,0.7499999701976776,False,False,0.0
test:479_0,TEST,Egocentric,D,C,D,False,True,1,repair,"Bwrong|[2,4)",-2.2500001043081284,1.7500000298023224,5.500000014901161,1.4999998807907104,C,2,False,2.2500001043081284,False,False,0.0
test:47_0,TEST,Allocentric,B,B,B,True,True,0,both_correct,"Bcorrect|[2,4)",2.2499999403953552,3.2499999590218067,1.0000000186264515,0.0,C,1,False,2.2499999403953552,False,False,0.0
test:480_0,TEST,Egocentric,B,C,C,False,False,0,both_wrong_same,"Bwrong|[4,inf)",-18.375,-19.125,-0.75,0.0,C,2,False,18.375,False,False,0.0
test:481_0,TEST,Egocentric,A,A,A,True,True,0,both_correct,"Bcorrect|[4,inf)",10.749999761919753,9.249999647618097,-1.5000001143016561,0.0,D,1,False,10.749999761919753,False,False,0.0
test:482_0,TEST,Egocentric,B,B,C,True,False,-1,regression,"Bcorrect|[0.5,1)",0.75,-1.7500000298023224,-2.5000000298023224,0.0,C,1,False,0.75,False,False,0.0
test:483_0,TEST,Egocentric,C,B,C,False,True,1,repair,"Bwrong|[0,0.5)",0.0,1.4999999701976776,1.4999999701976776,0.0,B,1,True,0.0,True,False,0.0
test:484_0,TEST,Egocentric,A,C,C,False,False,0,both_wrong_same,"Bwrong|[4,inf)",-12.624999770778231,-14.874999523459337,-2.2499997526811057,0.0,C,4,False,8.999999770778231,False,False,0.0
test:485_0,TEST,Egocentric,C,C,C,True,True,0,both_correct,"Bcorrect|[2,4)",3.2499999329447746,2.000000074505806,-1.2499998584389687,0.0,D,1,False,3.2499999329447746,False,False,0.0
test:486_0,TEST,Egocentric,A,A,A,True,True,0,both_correct,"Bcorrect|[4,inf)",18.0,20.5,2.875,0.375,B,1,False,18.0,False,False,0.0
test:487_0,TEST,Egocentric,C,C,C,True,True,0,both_correct,"Bcorrect|[4,inf)",12.625000000007276,14.499999523162955,1.8749995231556795,0.0,A,1,False,12.625000000007276,False,False,0.0
test:488_0,TEST,Egocentric,C,C,C,True,True,0,both_correct,"Bcorrect|[4,inf)",12.624999761599156,15.49999976158145,2.8749999999822933,0.0,A,1,False,12.624999761599156,False,False,0.0
test:489_0,TEST,Egocentric,B,C,C,False,False,0,both_wrong_same,"Bwrong|[4,inf)",-5.00000013737008,-2.999999910593033,2.000000226777047,0.0,C,2,False,5.00000013737008,False,False,0.0
test:48_0,TEST,Allocentric,A,C,C,False,False,0,both_wrong_same,"Bwrong|[4,inf)",-4.74999987706542,-3.2500000447034836,1.4999998323619366,0.0,C,2,False,4.74999987706542,False,False,0.0
test:490_0,TEST,Egocentric,D,D,D,True,True,0,both_correct,"Bcorrect|[4,inf)",18.25,17.25,-1.0,0.0,B,1,False,18.25,False,False,0.0
test:491_0,TEST,Egocentric,C,C,C,True,True,0,both_correct,"Bcorrect|[4,inf)",8.249999562598532,9.499999526036845,1.249999963438313,0.0,A,1,False,8.249999562598532,False,False,0.0
test:492_0,TEST,Egocentric,D,A,C,False,False,0,both_wrong_diff,"Bwrong|[4,inf)",-7.500000226311386,-4.5000001192092896,3.500000107102096,0.5,A,3,False,4.500000226311386,False,False,0.0
test:493_0,TEST,Egocentric,C,C,C,True,True,0,both_correct,"Bcorrect|[4,inf)",4.250000041909516,0.0,-4.250000041909516,0.0,D,1,False,4.250000041909516,False,True,0.0
test:494_0,TEST,Egocentric,B,A,A,False,False,0,both_wrong_same,"Bwrong|[4,inf)",-10.999999523302904,-15.49999976158145,-4.500000238278545,0.0,A,2,False,10.999999523302904,False,False,0.0
test:495_0,TEST,Egocentric,C,C,C,True,True,0,both_correct,"Bcorrect|[4,inf)",9.3750002465531,12.250000119225206,2.874999872672106,0.0,A,1,False,9.3750002465531,False,False,0.0
test:496_0,TEST,Egocentric,D,D,D,True,True,0,both_correct,"Bcorrect|[4,inf)",11.999999523181941,16.499999880790718,4.500000357608776,0.0,C,1,False,11.999999523181941,False,False,0.0
test:497_0,TEST,Egocentric,A,D,D,False,False,0,both_wrong_same,"Bwrong|[0,0.5)",-0.24999994039535522,-4.000000171363354,-3.7500002309679985,0.0,D,2,False,0.24999994039535522,False,False,0.0
test:498_0,TEST,Egocentric,A,A,A,True,True,0,both_correct,"Bcorrect|[4,inf)",13.74999964237304,16.249999880790718,2.5000002384176767,0.0,B,1,False,13.74999964237304,False,False,0.0
test:499_0,TEST,Egocentric,A,A,A,True,True,0,both_correct,"Bcorrect|[0.5,1)",0.7500000298023224,4.750000071711838,4.000000041909516,0.0,B,1,False,0.7500000298023224,False,False,0.0
test:49_0,TEST,Allocentric,A,D,D,False,False,0,both_wrong_same,"Bwrong|[4,inf)",-16.75,-18.75,-2.0,0.0,D,2,False,16.75,False,False,0.0
test:4_0,TEST,Allocentric,C,D,D,False,False,0,both_wrong_same,"Bwrong|[4,inf)",-10.50000036507845,-10.499999753665179,6.114132702350616e-07,0.0,D,3,False,4.999999888241291,False,False,0.0
test:500_0,TEST,Egocentric,D,D,D,True,True,0,both_correct,"Bcorrect|[4,inf)",7.500000229454599,11.000000000163709,3.4999997707091097,0.0,B,1,False,7.500000229454599,False,False,0.0
test:501_0,TEST,Egocentric,B,B,B,True,True,0,both_correct,"Bcorrect|[4,inf)",5.749999928288162,6.999999819439836,1.249999891151674,0.0,A,1,False,5.749999928288162,False,False,0.0
test:502_0,TEST,Egocentric,D,D,D,True,True,0,both_correct,"Bcorrect|[4,inf)",12.250000000011369,11.999999523181941,-0.2500004768294275,0.0,C,1,False,12.250000000011369,False,False,0.0
test:503_0,TEST,Egocentric,A,D,D,False,False,0,both_wrong_same,"Bwrong|[2,4)",-2.0000000447034836,-5.749999928288162,-3.749999883584678,0.0,D,2,False,2.0000000447034836,False,False,0.0
test:504_0,TEST,Egocentric,B,B,A,True,False,-1,regression,"Bcorrect|[0.5,1)",0.5,-3.4999999310821295,-3.9999999310821295,0.0,A,1,False,0.5,False,False,0.0
test:505_0,TEST,Egocentric,C,C,C,True,True,0,both_correct,"Bcorrect|[4,inf)",7.7499998562270775,11.250000000116415,3.500000143889338,0.0,B,1,False,7.7499998562270775,False,False,0.0
test:506_0,TEST,Egocentric,A,B,B,False,False,0,both_wrong_same,"Bwrong|[4,inf)",-4.375000050291419,-1.9999999850988388,2.3750000651925802,0.0,B,2,True,4.375000050291419,False,False,0.0
test:507_0,TEST,Egocentric,C,C,C,True,True,0,both_correct,"Bcorrect|[4,inf)",7.2499998395796865,10.250000360807462,3.0000005212277756,0.0,D,1,False,7.2499998395796865,False,False,0.0
test:508_0,TEST,Egocentric,B,D,D,False,False,0,both_wrong_same,"Bwrong|[2,4)",-2.500000022351742,-5.0000000186264515,-2.4999999962747097,0.0,D,2,False,2.500000022351742,False,False,0.0
test:509_0,TEST,Egocentric,B,B,C,True,False,-1,regression,"Bcorrect|[2,4)",2.749999910593033,-0.9999999701976776,-3.7499998807907104,0.0,C,1,False,2.749999910593033,False,False,0.0
test:50_0,TEST,Allocentric,D,B,B,False,False,0,both_wrong_same,"Bwrong|[4,inf)",-6.0000001937150955,-3.5000000670552254,2.50000012665987,0.0,B,3,False,1.4999999552965164,False,False,0.0
test:510_0,TEST,Egocentric,A,A,A,True,True,0,both_correct,"Bcorrect|[4,inf)",5.625000027474016,5.249999797903001,2.8749997704289854,3.25,B,1,False,5.625000027474016,False,False,0.0
test:511_0,TEST,Egocentric,C,C,B,True,False,-1,regression,"Bcorrect|[4,inf)",4.500000209547579,-1.7499999403953552,-6.2500001499429345,0.0,B,1,False,4.500000209547579,False,False,0.0
test:512_0,TEST,Egocentric,D,D,D,True,True,0,both_correct,"Bcorrect|[4,inf)",15.62499976158145,18.75,4.000000238418551,0.875,C,1,False,15.62499976158145,False,False,0.0
test:513_0,TEST,Egocentric,C,B,B,False,False,0,both_wrong_same,"Bwrong|[4,inf)",-5.750000176485628,-9.749999763287633,-3.999999586802005,0.0,B,2,False,5.750000176485628,False,False,0.0
test:514_0,TEST,Egocentric,B,B,B,True,True,0,both_correct,"Bcorrect|[4,inf)",8.750000257481588,9.249999529121851,0.49999927164026303,0.0,C,1,False,8.750000257481588,False,False,0.0
test:515_0,TEST,Egocentric,A,A,B,True,False,-1,regression,"Bcorrect|[0.5,1)",0.9999999701976776,-1.25,-1.4999999701976776,0.75,D,1,False,0.9999999701976776,False,False,0.0
test:516_0,TEST,Egocentric,C,C,C,True,True,0,both_correct,"Bcorrect|[4,inf)",6.25000009057112,9.500000360436388,3.250000269865268,0.0,A,1,False,6.25000009057112,False,False,0.0
test:517_0,TEST,Egocentric,B,B,B,True,True,0,both_correct,"Bcorrect|[4,inf)",17.0,18.625,1.75,0.125,A,1,False,17.0,False,False,0.0
test:518_0,TEST,Egocentric,D,D,D,True,True,0,both_correct,"Bcorrect|[4,inf)",18.75,19.5,0.75,0.0,A,1,False,18.75,False,False,0.0
test:519_0,TEST,Egocentric,A,A,A,True,True,0,both_correct,"Bcorrect|[4,inf)",15.99999976158145,17.5,1.5000002384185507,0.0,B,1,False,15.99999976158145,False,False,0.0
test:51_0,TEST,Allocentric,A,C,C,False,False,0,both_wrong_same,"Bwrong|[2,4)",-3.2500001043081284,-9.750000279862434,-6.500000175554305,0.0,C,2,False,3.2500001043081284,False,False,0.0
test:520_0,TEST,Egocentric,C,D,D,False,False,0,both_wrong_same,"Bwrong|[4,inf)",-6.750000022468157,-8.999999889463652,-2.249999866995495,0.0,D,2,False,6.750000022468157,False,False,0.0
test:521_0,TEST,Egocentric,B,B,B,True,True,0,both_correct,"Bcorrect|[4,inf)",8.500000448315404,8.500000277650543,-1.7066486179828644e-07,0.0,C,1,False,8.500000448315404,False,False,0.0
test:522_0,TEST,Egocentric,A,A,A,True,True,0,both_correct,"Bcorrect|[4,inf)",7.24999989522621,12.250000000011369,5.000000104785158,0.0,D,1,False,7.24999989522621,False,False,0.0
test:523_0,TEST,Egocentric,C,A,A,False,False,0,both_wrong_same,"Bwrong|[4,inf)",-5.500000031199306,-9.249999528918124,-3.749999497718818,0.0,A,2,False,5.500000031199306,False,False,0.0
test:524_0,TEST,Egocentric,A,D,D,False,False,0,both_wrong_same,"Bwrong|[2,4)",-3.5000000204890966,-7.2500000150175765,-3.74999999452848,0.0,D,2,False,3.5000000204890966,False,False,0.0
test:525_0,TEST,Egocentric,A,A,A,True,True,0,both_correct,"Bcorrect|[4,inf)",10.00000035870471,6.249999836902134,-3.7500005218025763,0.0,D,1,False,10.00000035870471,False,False,0.0
test:526_0,TEST,Egocentric,C,C,C,True,True,0,both_correct,"Bcorrect|[2,4)",2.2500000596046448,0.7499999403953552,-1.5000001192092896,0.0,A,1,False,2.2500000596046448,False,False,0.0
test:527_0,TEST,Egocentric,A,A,A,True,True,0,both_correct,"Bcorrect|[2,4)",2.7499998845160007,8.749999895706424,6.000000011190423,0.0,C,1,False,2.7499998845160007,False,False,0.0
test:528_0,TEST,Egocentric,C,C,C,True,True,0,both_correct,"Bcorrect|[4,inf)",16.75,18.25,1.5,0.0,A,1,False,16.75,False,False,0.0
test:529_0,TEST,Egocentric,B,B,B,True,True,0,both_correct,"Bcorrect|[4,inf)",15.499999523162955,17.0,1.5000004768370445,0.0,C,1,False,15.499999523162955,False,False,0.0
test:52_0,TEST,Allocentric,B,A,A,False,False,0,both_wrong_same,"Bwrong|[4,inf)",-9.749999764440872,-12.250000000029104,-2.5000002355882316,0.0,A,2,False,9.749999764440872,False,False,0.0
test:530_0,TEST,Egocentric,D,D,D,True,True,0,both_correct,"Bcorrect|[4,inf)",13.249999880792757,16.999999880790718,3.7499999999979607,0.0,C,1,False,13.249999880792757,False,False,0.0
test:531_0,TEST,Egocentric,A,A,A,True,True,0,both_correct,"Bcorrect|[4,inf)",9.500000002837623,14.749999642372188,5.249999639534565,0.0,B,1,False,9.500000002837623,False,False,0.0
test:532_0,TEST,Egocentric,B,D,D,False,False,0,both_wrong_same,"Bwrong|[0.5,1)",-0.5000000298023224,-5.9999999878928065,-5.499999958090484,0.0,D,2,False,0.5000000298023224,False,False,0.0
test:533_0,TEST,Egocentric,A,A,A,True,True,0,both_correct,"Bcorrect|[2,4)",3.9999998826533556,4.499999989755452,0.5000001071020961,0.0,D,1,False,3.9999998826533556,False,False,0.0
test:534_0,TEST,Egocentric,C,C,C,True,True,0,both_correct,"Bcorrect|[4,inf)",13.124999523168299,16.624999880790718,3.500000357622419,0.0,D,1,False,13.124999523168299,False,False,0.0
test:535_0,TEST,Egocentric,A,D,D,False,False,0,both_wrong_same,"Bwrong|[1,2)",-1.5,-3.0000000707805157,-1.5000000707805157,0.0,D,2,False,1.5,False,False,0.0
test:536_0,TEST,Egocentric,D,D,D,True,True,0,both_correct,"Bcorrect|[4,inf)",5.749999967869371,5.749999929219484,-3.864988684654236e-08,0.0,A,1,False,5.749999967869371,False,False,0.0
test:537_0,TEST,Egocentric,B,B,B,True,True,0,both_correct,"Bcorrect|[4,inf)",17.5,18.0,0.5,0.0,D,1,False,17.5,False,False,0.0
test:538_0,TEST,Egocentric,C,C,A,True,False,-1,regression,"Bcorrect|[2,4)",3.7500000689178705,-4.0000001806765795,-7.75000024959445,0.0,A,1,False,3.7500000689178705,False,False,0.0
test:539_0,TEST,Egocentric,A,A,A,True,True,0,both_correct,"Bcorrect|[2,4)",3.250000052154064,5.999999873107299,3.999999820953235,1.25,C,1,False,3.250000052154064,False,False,0.0
test:53_0,TEST,Allocentric,A,D,D,False,False,0,both_wrong_same,"Bwrong|[4,inf)",-7.500000154250301,-6.750000090454705,0.7500000637955964,0.0,D,2,False,7.500000154250301,False,False,0.0
test:540_0,TEST,Egocentric,A,A,A,True,True,0,both_correct,"Bcorrect|[0,0.5)",0.0,2.250000074505806,2.250000074505806,0.0,B,1,True,0.0,True,False,0.0
test:541_0,TEST,Egocentric,C,C,C,True,True,0,both_correct,"Bcorrect|[4,inf)",4.000000104308128,10.499999524145096,6.499999419836968,0.0,B,1,False,4.000000104308128,False,False,0.0
test:542_0,TEST,Egocentric,A,A,A,True,True,0,both_correct,"Bcorrect|[4,inf)",20.0,20.25,0.25,0.0,C,1,False,20.0,False,False,0.0
test:543_0,TEST,Egocentric,B,B,B,True,True,0,both_correct,"Bcorrect|[4,inf)",17.5,17.75,0.25,0.0,A,1,False,17.5,False,False,0.0
test:544_0,TEST,Egocentric,B,B,B,True,True,0,both_correct,"Bcorrect|[4,inf)",6.125000037718564,5.5000001061707735,-0.6249999315477908,0.0,C,1,False,6.125000037718564,False,False,0.0
test:545_0,TEST,Egocentric,D,D,D,True,True,0,both_correct,"Bcorrect|[4,inf)",17.0,20.0,3.0,0.0,A,1,False,17.0,False,False,0.0
test:546_0,TEST,Egocentric,B,B,C,True,False,-1,regression,"Bcorrect|[0,0.5)",0.25,-4.000000186264515,-4.250000186264515,0.0,C,1,False,0.25,False,False,0.0
test:547_0,TEST,Egocentric,A,A,A,True,True,0,both_correct,"Bcorrect|[4,inf)",11.749999761612344,12.999999642374632,1.2499998807622887,0.0,D,1,False,11.749999761612344,False,False,0.0
test:548_0,TEST,Egocentric,C,C,C,True,True,0,both_correct,"Bcorrect|[2,4)",2.250000022351742,3.2499999552965164,0.9999999329447746,0.0,D,1,False,2.250000022351742,False,False,0.0
test:549_0,TEST,Egocentric,C,C,C,True,True,0,both_correct,"Bcorrect|[4,inf)",9.999999524563464,9.750000240153895,-0.24999928440956865,0.0,A,1,False,9.999999524563464,False,False,0.0
test:54_0,TEST,Allocentric,A,A,A,True,True,0,both_correct,"Bcorrect|[4,inf)",11.00000035776975,10.500000000381988,-0.500000357387762,0.0,D,1,False,11.00000035776975,False,False,0.0
test:550_0,TEST,Egocentric,D,D,D,True,True,0,both_correct,"Bcorrect|[4,inf)",12.250000000011369,12.750000000004093,0.49999999999272404,0.0,A,1,False,12.250000000011369,False,False,0.0
test:551_0,TEST,Egocentric,B,B,B,True,True,0,both_correct,"Bcorrect|[2,4)",2.5000001043081284,2.2499999403953552,-0.25000016391277313,0.0,C,1,False,2.5000001043081284,False,False,0.0
test:552_0,TEST,Egocentric,A,A,A,True,True,0,both_correct,"Bcorrect|[4,inf)",7.500000033760443,7.000000058033038,-0.4999999757274054,0.0,D,1,False,7.500000033760443,False,False,0.0
test:553_0,TEST,Egocentric,A,A,A,True,True,0,both_correct,"Bcorrect|[4,inf)",12.750000000004093,16.374999880790718,3.624999880786625,0.0,C,1,False,12.750000000004093,False,False,0.0
test:554_0,TEST,Egocentric,A,C,C,False,False,0,both_wrong_same,"Bwrong|[1,2)",-1.0000000298023224,-0.7500000298023224,0.25,0.0,C,2,False,1.0000000298023224,False,False,0.0
test:555_0,TEST,Egocentric,A,A,A,True,True,0,both_correct,"Bcorrect|[2,4)",2.5000000670552254,3.250000063329935,0.7499999962747097,0.0,B,1,False,2.5000000670552254,False,False,0.0
test:556_0,TEST,Egocentric,C,C,C,True,True,0,both_correct,"Bcorrect|[2,4)",2.0000000447034836,2.000000014901161,-2.9802322387695312e-08,0.0,D,1,False,2.0000000447034836,False,False,0.0
test:557_0,TEST,Egocentric,D,D,D,True,True,0,both_correct,"Bcorrect|[4,inf)",4.000000042840838,0.5,-3.5000000428408384,0.0,A,1,False,4.000000042840838,False,False,0.0
test:558_0,TEST,Egocentric,A,A,A,True,True,0,both_correct,"Bcorrect|[4,inf)",7.000000180618372,10.000000001047738,2.999999820429366,0.0,B,1,False,7.000000180618372,False,False,0.0
test:559_0,TEST,Egocentric,C,C,C,True,True,0,both_correct,"Bcorrect|[4,inf)",6.499999939464033,6.000000088009983,-0.49999985145404935,0.0,A,1,False,6.499999939464033,False,False,0.0
test:55_0,TEST,Allocentric,D,B,B,False,False,0,both_wrong_same,"Bwrong|[4,inf)",-12.50000011921611,-14.749999642372188,-2.2499995231560774,0.0,B,2,False,12.50000011921611,False,False,0.0
test:560_0,TEST,Egocentric,A,A,A,True,True,0,both_correct,"Bcorrect|[4,inf)",11.75000011924476,16.249999880790718,4.499999761545958,0.0,B,1,False,11.75000011924476,False,False,0.0
test:56_0,TEST,Allocentric,A,A,B,True,False,-1,regression,"Bcorrect|[0.5,1)",0.7500000298023224,-0.5,-1.2500000298023224,0.0,B,1,False,0.7500000298023224,False,False,0.0
test:57_0,TEST,Allocentric,A,D,A,False,True,1,repair,"Bwrong|[1,2)",-1.0,0.75,1.75,0.0,D,2,False,1.0,False,False,0.0
test:58_0,TEST,Allocentric,C,C,C,True,True,0,both_correct,"Bcorrect|[1,2)",1.0000000298023224,2.750000085681677,1.7500000558793545,0.0,B,1,False,1.0000000298023224,False,False,0.0
test:59_0,TEST,Allocentric,A,C,A,False,True,1,repair,"Bwrong|[1,2)",-1.5000000149011612,1.75,3.250000014901161,0.0,C,2,False,1.5000000149011612,False,False,0.0
test:5_0,TEST,Allocentric,C,B,B,False,False,0,both_wrong_same,"Bwrong|[4,inf)",-7.499999784864485,-7.999999567866325,-0.4999997830018401,0.0,B,3,False,5.499999784864485,False,False,0.0
test:60_0,TEST,Allocentric,A,A,A,True,True,0,both_correct,"Bcorrect|[1,2)",1.75,1.2499999701976776,-0.5000000298023224,0.0,C,1,False,1.75,False,False,0.0
test:61_0,TEST,Allocentric,D,C,C,False,False,0,both_wrong_same,"Bwrong|[2,4)",-2.2500001043081284,-1.0000000298023224,1.250000074505806,0.0,C,2,False,2.2500001043081284,False,False,0.0
test:62_0,TEST,Allocentric,A,C,C,False,False,0,both_wrong_same,"Bwrong|[2,4)",-2.7500000670552254,-2.999999899417162,-0.24999983236193657,0.0,C,2,False,2.7500000670552254,False,False,0.0
test:63_0,TEST,Allocentric,C,C,C,True,True,0,both_correct,"Bcorrect|[1,2)",1.75,1.0,-0.75,0.0,B,1,False,1.75,False,False,0.0
test:64_0,TEST,Allocentric,C,B,B,False,False,0,both_wrong_same,"Bwrong|[4,inf)",-4.499999970197678,-7.3749998435378075,-2.87499987334013,0.0,B,4,False,1.6249999701976776,False,False,0.0
test:65_0,TEST,Allocentric,D,A,C,False,False,0,both_wrong_diff,"Bwrong|[0,0.5)",-0.2500000596046448,-5.500000064261258,0.7500000596046448,6.000000064261258,A,2,False,0.2500000596046448,False,False,0.0
test:66_0,TEST,Allocentric,B,B,B,True,True,0,both_correct,"Bcorrect|[2,4)",2.7500000074505806,1.4999999403953552,-6.705522537231445e-08,1.25,A,1,False,2.7500000074505806,False,False,0.0
test:67_0,TEST,Allocentric,A,B,B,False,False,0,both_wrong_same,"Bwrong|[4,inf)",-8.999999651336111,-8.999999539839337,1.1149677447974682e-07,0.0,B,2,False,8.999999651336111,False,False,0.0
test:68_0,TEST,Allocentric,A,B,B,False,False,0,both_wrong_same,"Bwrong|[4,inf)",-5.750000167405233,-5.250000013504177,0.5000001539010555,0.0,B,2,False,5.750000167405233,False,False,0.0
test:69_0,TEST,Allocentric,D,D,B,True,False,-1,regression,"Bcorrect|[1,2)",1.4999999403953552,-1.4999999850988388,-2.999999925494194,0.0,B,1,False,1.4999999403953552,False,False,0.0
test:6_0,TEST,Allocentric,D,C,C,False,False,0,both_wrong_same,"Bwrong|[4,inf)",-4.750000226311386,-8.499999744672095,-3.7499995183607098,0.0,C,2,False,4.750000226311386,False,False,0.0
test:70_0,TEST,Allocentric,B,B,B,True,True,0,both_correct,"Bcorrect|[2,4)",2.2499999701976776,1.2499999701976776,-1.0,0.0,C,1,False,2.2499999701976776,False,False,0.0
test:71_0,TEST,Allocentric,B,C,C,False,False,0,both_wrong_same,"Bwrong|[4,inf)",-8.374999821186066,-7.999999855645001,0.37499996554106474,0.0,C,4,False,1.0000000596046448,False,False,0.0
test:72_0,TEST,Allocentric,D,C,C,False,False,0,both_wrong_same,"Bwrong|[4,inf)",-7.0000002103624865,-6.750000097672455,0.25000011269003153,0.0,C,2,False,7.0000002103624865,False,False,0.0
test:73_0,TEST,Allocentric,C,A,A,False,False,0,both_wrong_same,"Bwrong|[4,inf)",-5.750000111293048,-4.24999999627471,1.500000115018338,0.0,A,2,False,5.750000111293048,False,False,0.0
test:74_0,TEST,Allocentric,B,D,D,False,False,0,both_wrong_same,"Bwrong|[0,0.5)",-0.2500000596046448,-1.75,-1.4999999403953552,0.0,D,2,False,0.2500000596046448,False,False,0.0
test:75_0,TEST,Allocentric,A,B,B,False,False,0,both_wrong_same,"Bwrong|[4,inf)",-5.249999907799065,-3.4999999664723873,1.7499999413266778,0.0,B,2,False,5.249999907799065,False,False,0.0
test:76_0,TEST,Allocentric,A,C,C,False,False,0,both_wrong_same,"Bwrong|[4,inf)",-7.875000476837158,-7.000000178813934,0.8750002980232239,0.0,C,4,False,0.5,False,False,0.0
test:77_0,TEST,Allocentric,D,A,A,False,False,0,both_wrong_same,"Bwrong|[4,inf)",-13.499999523163865,-16.249999880790718,-2.7500003576268526,0.0,A,2,False,13.499999523163865,False,False,0.0
test:78_0,TEST,Allocentric,A,B,B,False,False,0,both_wrong_same,"Bwrong|[4,inf)",-10.124999664723873,-10.499999761581421,-0.37500009685754776,0.0,B,4,False,2.2499999031424522,False,False,0.0
test:79_0,TEST,Allocentric,B,B,B,True,True,0,both_correct,"Bcorrect|[1,2)",1.25,2.0000001043081284,0.7500001043081284,0.0,C,1,False,1.25,False,False,0.0
test:7_0,TEST,Allocentric,A,A,A,True,True,0,both_correct,"Bcorrect|[1,2)",1.2499999701976776,1.2500000298023224,5.960464477539063e-08,0.0,C,1,False,1.2499999701976776,False,False,0.0
test:80_0,TEST,Allocentric,B,B,B,True,True,0,both_correct,"Bcorrect|[4,inf)",4.499999866820872,1.25,-3.249999866820872,0.0,A,1,False,4.499999866820872,False,False,0.0
test:81_0,TEST,Allocentric,D,C,C,False,False,0,both_wrong_same,"Bwrong|[2,4)",-2.4999999552965164,-1.7499999701976776,0.7499999850988388,0.0,C,2,False,2.4999999552965164,False,False,0.0
test:82_0,TEST,Allocentric,B,B,B,True,True,0,both_correct,"Bcorrect|[4,inf)",8.750000258805812,9.000000247047865,0.2499999882420525,0.0,D,1,False,8.750000258805812,False,False,0.0
test:83_0,TEST,Allocentric,D,C,C,False,False,0,both_wrong_same,"Bwrong|[2,4)",-2.250000052154064,-1.7500000298023224,0.5000000223517418,0.0,C,2,False,2.250000052154064,False,False,0.0
test:84_0,TEST,Allocentric,B,B,B,True,True,0,both_correct,"Bcorrect|[1,2)",1.2500000596046448,0.7500000298023224,-0.5000000298023224,0.0,A,1,False,1.2500000596046448,False,False,0.0
test:85_0,TEST,Allocentric,A,B,C,False,False,0,both_wrong_diff,"Bwrong|[4,inf)",-10.499999687075615,-13.499999821186066,-2.7500001341104507,0.25,B,4,False,2.499999925494194,False,False,0.0
test:86_0,TEST,Allocentric,D,C,C,False,False,0,both_wrong_same,"Bwrong|[2,4)",-3.3750000298023224,-3.5000000298023224,-0.125,0.0,C,4,False,1.2500000298023224,False,False,0.0
test:87_0,TEST,Allocentric,D,A,A,False,False,0,both_wrong_same,"Bwrong|[1,2)",-1.2500000298023224,-2.0000000447034836,-0.7500000149011612,0.0,A,2,False,1.2500000298023224,False,False,0.0
test:88_0,TEST,Allocentric,B,C,C,False,False,0,both_wrong_same,"Bwrong|[4,inf)",-4.500000085681677,-3.999999901279807,0.5000001844018698,0.0,C,2,False,4.500000085681677,False,False,0.0
test:89_0,TEST,Allocentric,C,C,C,True,True,0,both_correct,"Bcorrect|[4,inf)",9.000000366620952,10.249999881452823,1.2499995148318703,0.0,A,1,False,9.000000366620952,False,False,0.0
test:8_0,TEST,Allocentric,D,B,D,False,True,1,repair,"Bwrong|[1,2)",-1.0000000298023224,0.9999999701976776,2.0,0.0,B,2,False,1.0000000298023224,False,False,0.0
test:90_0,TEST,Allocentric,D,D,D,True,True,0,both_correct,"Bcorrect|[4,inf)",4.750000206753612,3.4999999217689037,-1.2500002849847078,0.0,C,1,False,4.750000206753612,False,False,0.0
test:91_0,TEST,Allocentric,A,A,A,True,True,0,both_correct,"Bcorrect|[4,inf)",9.500000002837623,8.499999663079507,-1.0000003397581168,0.0,D,1,False,9.500000002837623,False,False,0.0
test:92_0,TEST,Allocentric,A,B,A,False,True,1,repair,"Bwrong|[0.5,1)",-0.9999999403953552,0.25,1.2499999403953552,0.0,B,2,False,0.9999999403953552,False,False,0.0
test:93_0,TEST,Allocentric,B,B,B,True,True,0,both_correct,"Bcorrect|[1,2)",1.9999998807907104,3.749999890103936,1.7500000093132257,0.0,D,1,False,1.9999998807907104,False,False,0.0
test:94_0,TEST,Allocentric,A,D,D,False,False,0,both_wrong_same,"Bwrong|[4,inf)",-12.749999880795258,-12.50000011921611,0.24999976157914716,0.0,D,2,False,12.749999880795258,False,False,0.0
test:95_0,TEST,Allocentric,C,C,C,True,True,0,both_correct,"Bcorrect|[0.5,1)",0.9999999701976776,2.5000000819563866,1.500000111758709,0.0,A,1,False,0.9999999701976776,False,False,0.0
test:96_0,TEST,Allocentric,C,A,A,False,False,0,both_wrong_same,"Bwrong|[4,inf)",-12.125000239542715,-16.000000715260512,-3.8750004757177976,0.0,A,3,False,10.125000239542715,False,False,0.0
test:97_0,TEST,Allocentric,D,C,C,False,False,0,both_wrong_same,"Bwrong|[4,inf)",-7.000000181491487,-5.750000172061846,1.250000009429641,0.0,C,2,False,7.000000181491487,False,False,0.0
test:98_0,TEST,Allocentric,C,D,D,False,False,0,both_wrong_same,"Bwrong|[4,inf)",-5.500000108033419,-8.749999774154276,-3.249999666120857,0.0,D,2,False,5.500000108033419,False,False,0.0
test:99_0,TEST,Allocentric,D,C,C,False,False,0,both_wrong_same,"Bwrong|[2,4)",-3.499999899417162,-2.500000052154064,0.9999998472630978,0.0,C,2,False,3.499999899417162,False,False,0.0
test:9_0,TEST,Allocentric,A,A,A,True,True,0,both_correct,"Bcorrect|[4,inf)",9.999999883781129,9.75000036223355,-0.2499995215475792,0.0,D,1,False,9.999999883781129,False,False,0.0
train:1002_1,RERANK,Egocentric,B,C,C,False,False,0,both_wrong_same,"Bwrong|[4,inf)",-5.0000000689178705,-7.749999944528099,-2.7499998756102286,0.0,C,2,False,5.0000000689178705,False,False,0.0
train:1011_0,RERANK,Allocentric,B,A,A,False,False,0,both_wrong_same,"Bwrong|[4,inf)",-6.749999925494194,-8.999999821651727,-2.249999896157533,0.0,A,4,False,3.749999925494194,False,False,0.0
train:1015_1,RERANK,Egocentric,D,C,C,False,False,0,both_wrong_same,"Bwrong|[4,inf)",-11.24999976235631,-12.250000238445864,-1.0000004760895536,0.0,C,3,False,10.62499976235631,False,False,0.0
train:1020_2,RERANK,Egocentric,A,B,A,False,True,1,repair,"Bwrong|[4,inf)",-4.250000089406967,1.2499999701976776,5.500000059604645,0.0,B,3,False,2.250000089406967,False,False,0.0
train:1024_0,RERANK,Allocentric,C,B,B,False,False,0,both_wrong_same,"Bwrong|[4,inf)",-12.624999856634531,-12.250000440049917,0.37499941658461466,0.0,B,3,False,7.749999856634531,False,False,0.0
train:1027_0,RERANK,Allocentric,D,A,A,False,False,0,both_wrong_same,"Bwrong|[4,inf)",-4.249999761581421,-4.750000029802322,-0.5000002682209015,0.0,A,3,False,0.5,False,False,0.0
train:1029_2,RERANK,Egocentric,A,C,A,False,True,1,repair,"Bwrong|[4,inf)",-4.249999776482582,3.7500000447034836,13.000000059604645,5.000000238418579,C,3,False,2.000000014901161,False,False,0.0
train:1036_1,RERANK,Egocentric,C,C,C,True,True,0,both_correct,"Bcorrect|[4,inf)",4.500000059604645,7.999999586929334,3.4999995273246896,0.0,A,1,False,4.500000059604645,False,False,0.0
train:1038_1,RERANK,Egocentric,B,B,B,True,True,0,both_correct,"Bcorrect|[4,inf)",6.50000017543789,7.749999973515514,1.2499997980776243,0.0,A,1,False,6.50000017543789,False,False,0.0
train:1039_1,RERANK,Egocentric,A,A,B,True,False,-1,regression,"Bcorrect|[1,2)",1.2500000298023224,-0.4999999701976776,-1.75,0.0,B,1,False,1.2500000298023224,False,False,0.0
train:1046_0,RERANK,Allocentric,B,D,D,False,False,0,both_wrong_same,"Bwrong|[4,inf)",-7.750000205822289,-10.999999949650373,-3.2499997438280843,0.0,D,4,False,4.750000205822289,False,False,0.0
train:104_0,RERANK,Hypothetical,A,B,B,False,False,0,both_wrong_same,"Bwrong|[1,2)",-1.9999999403953552,-0.5000000596046448,1.4999998807907104,0.0,B,2,True,1.9999999403953552,False,False,0.0
train:1051_2,RERANK,Egocentric,D,D,D,True,True,0,both_correct,"Bcorrect|[4,inf)",10.999999523319275,9.000000365267624,-1.9999991580516507,0.0,A,1,False,10.999999523319275,False,False,0.0
train:1055_2,RERANK,Egocentric,D,B,B,False,False,0,both_wrong_same,"Bwrong|[4,inf)",-4.499999905005097,-4.750000137835741,-0.25000023283064365,0.0,B,2,False,4.499999905005097,False,False,0.0
train:1057_0,RERANK,Allocentric,A,D,D,False,False,0,both_wrong_same,"Bwrong|[4,inf)",-13.249999523171937,-12.999999642377361,0.2499998807945758,0.0,D,3,False,12.999999523171937,False,False,0.0
train:1059_1,RERANK,Egocentric,D,B,C,False,False,0,both_wrong_diff,"Bwrong|[2,4)",-3.000000022351742,-1.4999999403953552,4.250000022351742,2.7499999403953552,B,3,False,2.750000022351742,False,False,0.0
train:105_0,RERANK,Hypothetical,C,B,C,False,True,1,repair,"Bwrong|[2,4)",-2.0000001043081284,0.5,3.499999985098839,0.9999998807907104,B,2,False,2.0000001043081284,False,False,0.0
train:1068_1,RERANK,Egocentric,A,C,C,False,False,0,both_wrong_same,"Bwrong|[1,2)",-1.7500000298023224,-0.7500000596046448,0.9999999701976776,0.0,C,2,False,1.7500000298023224,False,True,0.0
train:1069_2,RERANK,Egocentric,C,C,C,True,True,0,both_correct,"Bcorrect|[0.5,1)",0.5,0.0,-0.5,0.0,D,1,False,0.5,False,True,0.0
train:106_0,RERANK,Hypothetical,A,C,C,False,False,0,both_wrong_same,"Bwrong|[4,inf)",-4.499999895691872,-4.500000007450581,-1.1175870895385742e-07,0.0,C,3,True,1.7500000149011612,False,False,0.0
train:1073_2,RERANK,Egocentric,A,B,A,False,True,1,repair,"Bwrong|[0,0.5)",-0.25,0.0,0.25,0.0,B,2,False,0.25,False,True,0.0
train:1075_0,RERANK,Allocentric,A,C,C,False,False,0,both_wrong_same,"Bwrong|[2,4)",-3.7500000204890966,-3.2499999590218067,0.5000000614672899,0.0,C,2,False,3.7500000204890966,False,False,0.0
train:1081_0,RERANK,Allocentric,C,B,B,False,False,0,both_wrong_same,"Bwrong|[4,inf)",-4.7499999441206455,-7.500000230036676,-2.7500002859160304,0.0,B,4,False,3.7499999441206455,False,False,0.0
train:1086_0,RERANK,Allocentric,D,C,C,False,False,0,both_wrong_same,"Bwrong|[4,inf)",-7.37499989150092,-10.750000388594344,-3.375000497093424,0.0,C,3,False,5.49999989150092,False,False,0.0
train:1089_1,RERANK,Egocentric,A,C,C,False,False,0,both_wrong_same,"Bwrong|[4,inf)",-10.12500013083627,-13.125000000181899,-2.999999869345629,0.0,C,3,False,9.37500013083627,False,False,0.0
train:1095_2,RERANK,Egocentric,C,C,C,True,True,0,both_correct,"Bcorrect|[4,inf)",14.499999523162955,15.49999976158145,1.0000002384184938,0.0,A,1,False,14.499999523162955,False,False,0.0
train:1097_0,RERANK,Allocentric,B,D,D,False,False,0,both_wrong_same,"Bwrong|[4,inf)",-11.249999805062544,-14.375000127358362,-3.1250003222958185,0.0,D,4,False,8.749999805062544,False,False,0.0
train:1099_0,RERANK,Allocentric,C,C,C,True,True,0,both_correct,"Bcorrect|[4,inf)",6.500000121770427,5.249999845866114,-1.2500002759043127,0.0,A,1,False,6.500000121770427,False,False,0.0
train:1102_0,RERANK,Allocentric,D,A,A,False,False,0,both_wrong_same,"Bwrong|[4,inf)",-5.250000089406967,-6.749999910593033,-1.4999998211860657,0.0,A,4,False,0.7499999701976776,False,False,0.0
train:1104_0,RERANK,Allocentric,B,B,B,True,True,0,both_correct,"Bcorrect|[4,inf)",5.249999773688614,6.999999819439836,1.7500000457512215,0.0,C,1,False,5.249999773688614,False,False,0.0
train:1107_0,RERANK,Allocentric,B,D,D,False,False,0,both_wrong_same,"Bwrong|[4,inf)",-18.24999928474449,-20.249999403953723,-2.0000001192092327,0.0,D,4,False,14.250000238418806,False,False,0.0
train:1113_2,RERANK,Egocentric,C,B,C,False,True,1,repair,"Bwrong|[1,2)",-1.7499999701976776,1.0000000298023224,2.75,0.0,B,2,False,1.7499999701976776,False,False,0.0
train:1115_2,RERANK,Egocentric,A,A,A,True,True,0,both_correct,"Bcorrect|[4,inf)",5.750000027241185,5.749999850522727,-1.7671845853328705e-07,0.0,B,1,False,5.750000027241185,False,False,0.0
train:1120_2,RERANK,Egocentric,C,D,C,False,True,1,repair,"Bwrong|[1,2)",-1.7499999850988388,1.2500000298023224,3.000000014901161,0.0,D,2,False,1.7499999850988388,False,False,0.0
train:1122_2,RERANK,Egocentric,D,C,C,False,False,0,both_wrong_same,"Bwrong|[4,inf)",-11.875000000101863,-11.25000035776975,0.6249996423321136,0.0,C,2,True,11.875000000101863,False,False,0.0
train:1126_1,RERANK,Egocentric,D,A,A,False,False,0,both_wrong_same,"Bwrong|[4,inf)",-16.749999523195584,-17.499999170162482,-0.7499996469668986,0.0,A,4,False,11.749999523195584,False,False,0.0
train:1129_1,RERANK,Egocentric,D,B,B,False,False,0,both_wrong_same,"Bwrong|[4,inf)",-7.999999780207872,-4.499999776482582,3.5000000037252903,0.0,B,4,False,4.249999780207872,False,False,0.0
train:1130_1,RERANK,Egocentric,D,B,B,False,False,0,both_wrong_same,"Bwrong|[4,inf)",-17.25,-17.75,-0.5,0.0,B,3,False,17.0,False,False,0.0
train:1131_2,RERANK,Egocentric,C,C,C,True,True,0,both_correct,"Bcorrect|[4,inf)",4.749999912455678,7.499999914609361,2.7500000021536835,0.0,D,1,False,4.749999912455678,False,False,0.0
train:113_0,RERANK,Hypothetical,B,B,B,True,True,0,both_correct,"Bcorrect|[4,inf)",6.500000227009878,5.999999767402187,-0.5000004596076906,0.0,A,1,False,6.500000227009878,False,False,0.0
train:1148_1,RERANK,Egocentric,B,D,D,False,False,0,both_wrong_same,"Bwrong|[4,inf)",-8.999999907799065,-11.000000067055225,-2.0000001592561603,0.0,D,3,False,4.749999907799065,False,False,0.0
train:1152_0,RERANK,Allocentric,D,C,C,False,False,0,both_wrong_same,"Bwrong|[4,inf)",-8.374999748542905,-11.749999948544428,-3.375000200001523,0.0,C,3,False,3.499999986961484,False,False,0.0
train:1167_0,RERANK,Allocentric,D,B,B,False,False,0,both_wrong_same,"Bwrong|[4,inf)",-12.499999882544216,-16.62499952316557,-4.124999640621354,0.0,B,4,False,9.999999882544216,False,False,0.0
train:1176_2,RERANK,Egocentric,B,B,B,True,True,0,both_correct,"Bcorrect|[4,inf)",10.750000119469405,8.000000056665158,-2.750000062804247,0.0,C,1,False,10.750000119469405,False,False,0.0
train:1178_0,RERANK,Allocentric,B,B,A,True,False,-1,regression,"Bcorrect|[4,inf)",4.000000011175871,-4.750000059604645,-8.750000070780516,0.0,A,1,False,4.000000011175871,False,False,0.0
train:1188_0,RERANK,Allocentric,D,B,B,False,False,0,both_wrong_same,"Bwrong|[4,inf)",-7.7500000754371285,-6.49999996740371,1.2500001080334187,0.0,B,4,False,5.7500000754371285,False,False,0.0
train:1195_0,RERANK,Allocentric,D,B,B,False,False,0,both_wrong_same,"Bwrong|[4,inf)",-7.7500001937150955,-6.999999791383743,0.7500004023313522,0.0,B,4,False,1.4999999552965164,False,False,0.0
train:1206_0,RERANK,Allocentric,A,A,A,True,True,0,both_correct,"Bcorrect|[2,4)",3.7500000558793545,2.7500001043081284,-0.9999999515712261,0.0,B,1,False,3.7500000558793545,False,False,0.0
train:1213_2,RERANK,Egocentric,C,B,C,False,True,1,repair,"Bwrong|[1,2)",-1.0,2.499999910593033,3.499999910593033,0.0,B,2,False,1.0,False,False,0.0
train:1228_2,RERANK,Egocentric,A,A,A,True,True,0,both_correct,"Bcorrect|[4,inf)",5.500000053085387,0.7500000298023224,-4.750000023283064,0.0,D,1,False,5.500000053085387,False,False,0.0
train:1244_0,RERANK,Egocentric,B,B,B,True,True,0,both_correct,"Bcorrect|[4,inf)",6.999999819439836,6.999999819439836,0.0,0.0,A,1,False,6.999999819439836,False,False,0.0
train:1254_0,RERANK,Egocentric,B,B,B,True,True,0,both_correct,"Bcorrect|[4,inf)",8.499999543884769,10.249999881416443,1.7500003375316737,0.0,A,1,False,8.499999543884769,False,False,0.0
train:1282_0,RERANK,Egocentric,B,A,A,False,False,0,both_wrong_same,"Bwrong|[1,2)",-1.7500000149011612,-1.25,0.5000000149011612,0.0,A,2,False,1.7500000149011612,False,False,0.0
train:1288_0,RERANK,Egocentric,C,C,C,True,True,0,both_correct,"Bcorrect|[4,inf)",5.49999982630834,5.250000011175871,-0.24999981513246894,0.0,D,1,False,5.49999982630834,False,False,0.0
train:1291_0,RERANK,Egocentric,D,D,D,True,True,0,both_correct,"Bcorrect|[4,inf)",5.749999911058694,3.2499999925494194,-2.4999999185092747,0.0,A,1,False,5.749999911058694,False,False,0.0
train:1295_0,RERANK,Egocentric,B,B,B,True,True,0,both_correct,"Bcorrect|[4,inf)",9.499999525964085,11.749999761612344,2.2500002356482582,0.0,A,1,False,9.499999525964085,False,False,0.0
train:134_0,RERANK,Hypothetical,D,C,C,False,False,0,both_wrong_same,"Bwrong|[0.5,1)",-0.5000000596046448,-3.249999925494194,-2.7499998658895493,0.0,C,2,True,0.5000000596046448,False,False,0.0
train:140_0,RERANK,Hypothetical,D,D,D,True,True,0,both_correct,"Bcorrect|[1,2)",1.7500000298023224,3.7499998807907104,1.999999850988388,0.0,A,1,False,1.7500000298023224,False,False,0.0
train:158_0,RERANK,Hypothetical,C,C,C,True,True,0,both_correct,"Bcorrect|[0,0.5)",0.0,0.9999999701976776,0.9999999701976776,0.0,D,1,True,0.0,True,False,0.0
train:214_0,RERANK,Hypothetical,C,B,B,False,False,0,both_wrong_same,"Bwrong|[4,inf)",-7.000000145286322,-9.24999979045242,-2.249999645166099,0.0,B,4,False,3.7499999068677425,False,False,0.0
train:223_0,RERANK,Hypothetical,C,B,B,False,False,0,both_wrong_same,"Bwrong|[2,4)",-3.500000014901161,-3.2500000298023224,0.2499999850988388,0.0,B,4,False,2.625000014901161,False,False,0.0
train:237_0,RERANK,Hypothetical,B,A,D,False,False,0,both_wrong_diff,"Bwrong|[2,4)",-3.3750001192092896,-4.749999850988388,-0.3749997615814209,0.9999999701976776,A,4,False,0.75,False,False,0.0
train:241_0,RERANK,Hypothetical,A,D,D,False,False,0,both_wrong_same,"Bwrong|[4,inf)",-8.249999922292773,-8.500000385727617,-0.2500004634348443,0.0,D,2,False,8.249999922292773,False,False,0.0
train:249_2,RERANK,Egocentric,C,C,C,True,True,0,both_correct,"Bcorrect|[4,inf)",6.499999874737114,6.500000009313226,1.3457611203193665e-07,0.0,A,1,False,6.499999874737114,False,False,0.0
train:252_0,RERANK,Allocentric,B,B,C,True,False,-1,regression,"Bcorrect|[0,0.5)",0.4999999403953552,-2.7500001192092896,-3.2500000596046448,0.0,C,1,False,0.4999999403953552,False,False,0.0
train:256_1,RERANK,Egocentric,B,D,D,False,False,0,both_wrong_same,"Bwrong|[4,inf)",-6.250000059604645,-8.749999977648258,-2.4999999180436134,0.0,D,3,False,2.0000000596046448,False,False,0.0
train:259_0,RERANK,Allocentric,B,B,B,True,True,0,both_correct,"Bcorrect|[4,inf)",6.750000210478902,9.249999893945642,2.99999968346674,0.5,A,1,False,6.750000210478902,False,False,0.0
train:261_1,RERANK,Egocentric,A,A,A,True,True,0,both_correct,"Bcorrect|[4,inf)",9.750000240564987,10.500000238906068,2.9999999983410817,2.25,D,1,False,9.750000240564987,False,False,0.0
train:268_2,RERANK,Egocentric,B,B,B,True,True,0,both_correct,"Bcorrect|[4,inf)",6.000000217463821,4.7499998193234205,-1.2500003981404006,0.0,D,1,False,6.000000217463821,False,False,0.0
train:271_1,RERANK,Egocentric,C,C,C,True,True,0,both_correct,"Bcorrect|[4,inf)",9.999999524512532,10.749999761848812,0.7500002373362804,0.0,A,1,False,9.999999524512532,False,False,0.0
train:272_0,RERANK,Allocentric,C,B,B,False,False,0,both_wrong_same,"Bwrong|[2,4)",-3.250000100582838,-2.250000022351742,1.0000000782310963,0.0,B,2,False,3.250000100582838,False,False,0.0
train:276_1,RERANK,Egocentric,D,D,D,True,True,0,both_correct,"Bcorrect|[4,inf)",15.49999976158145,18.75,3.2500002384185507,0.0,A,1,False,15.49999976158145,False,False,0.0
train:281_2,RERANK,Egocentric,A,B,B,False,False,0,both_wrong_same,"Bwrong|[4,inf)",-7.4999998905695975,-4.999999794177711,2.5000000963918865,0.0,B,4,False,6.7499998905695975,False,False,0.0
train:295_1,RERANK,Egocentric,A,D,D,False,False,0,both_wrong_same,"Bwrong|[2,4)",-3.7499999459832907,-4.500000131316483,-0.7500001853331923,0.0,D,2,False,3.7499999459832907,False,False,0.0
train:298_2,RERANK,Egocentric,C,B,B,False,False,0,both_wrong_same,"Bwrong|[4,inf)",-4.499999816529453,-1.4999999552965164,2.9999998612329364,0.0,B,2,False,4.499999816529453,False,False,0.0
train:301_1,RERANK,Egocentric,D,D,D,True,True,0,both_correct,"Bcorrect|[4,inf)",10.49999964287781,13.250000357631052,2.7500007147532415,0.0,B,1,False,10.49999964287781,False,False,0.0
train:307_2,RERANK,Egocentric,A,A,A,True,True,0,both_correct,"Bcorrect|[2,4)",2.000000074505806,3.4999999925494194,1.4999999180436134,0.0,D,1,False,2.000000074505806,False,False,0.0
train:317_0,RERANK,Allocentric,D,C,C,False,False,0,both_wrong_same,"Bwrong|[4,inf)",-10.750000363215804,-11.500000461935997,-0.7500000987201929,0.0,C,4,False,4.499999886378646,False,False,0.0
train:320_2,RERANK,Egocentric,B,B,B,True,True,0,both_correct,"Bcorrect|[2,4)",2.749999888241291,7.000000111409463,4.750000223168172,0.5,D,1,False,2.749999888241291,False,False,0.0
train:329_1,RERANK,Egocentric,B,A,B,False,True,1,repair,"Bwrong|[0,0.5)",-0.25,1.75,2.0,0.0,A,2,False,0.25,False,False,0.0
train:32_0,RERANK,Hypothetical,C,D,D,False,False,0,both_wrong_same,"Bwrong|[2,4)",-2.75,-3.499999910593033,-0.7499999105930328,0.0,D,4,False,0.5,False,False,0.0
train:332_2,RERANK,Egocentric,B,B,B,True,True,0,both_correct,"Bcorrect|[4,inf)",9.499999764440872,13.749999880791279,4.250000116350407,0.0,C,1,False,9.499999764440872,False,False,0.0
train:334_0,RERANK,Allocentric,A,A,A,True,True,0,both_correct,"Bcorrect|[4,inf)",6.499999896157533,9.750000121362973,3.25000022520544,0.0,D,1,False,6.499999896157533,False,False,0.0
train:335_1,RERANK,Egocentric,B,B,B,True,True,0,both_correct,"Bcorrect|[2,4)",2.9999998845160007,1.2499999701976776,-1.7499999143183231,0.0,A,1,False,2.9999998845160007,False,False,0.0
train:383_2,RERANK,Egocentric,D,A,A,False,False,0,both_wrong_same,"Bwrong|[0.5,1)",-0.7500000596046448,-3.249999973922968,-2.499999914318323,0.0,A,2,True,0.7500000596046448,False,False,0.0
train:388_1,RERANK,Egocentric,C,D,D,False,False,0,both_wrong_same,"Bwrong|[4,inf)",-11.750000238675057,-13.75000035778612,-2.000000119111064,0.0,D,3,False,11.250000238675057,False,False,0.0
train:392_0,RERANK,Allocentric,C,A,A,False,False,0,both_wrong_same,"Bwrong|[4,inf)",-8.624999817460775,-11.000000353902578,-2.375000536441803,0.0,A,4,False,3.9999998174607754,False,False,0.0
train:394_1,RERANK,Egocentric,B,C,C,False,False,0,both_wrong_same,"Bwrong|[4,inf)",-11.624999820254743,-15.000000021216692,-3.3750002009619493,0.0,C,4,False,5.499999820254743,False,False,0.0
train:401_1,RERANK,Egocentric,A,C,C,False,False,0,both_wrong_same,"Bwrong|[4,inf)",-10.250000193715096,-9.750000145286322,0.5000000484287739,0.0,C,3,False,1.9999999552965164,False,False,0.0
train:405_1,RERANK,Egocentric,A,B,B,False,False,0,both_wrong_same,"Bwrong|[4,inf)",-7.749999926192686,-7.99999982942245,-0.24999990322976373,0.0,B,2,False,7.749999926192686,False,False,0.0
train:406_0,RERANK,Allocentric,D,B,B,False,False,0,both_wrong_same,"Bwrong|[4,inf)",-6.749999821186066,-10.500000154599547,-3.7500003334134817,0.0,B,4,False,1.5000000596046448,False,False,0.0
train:40_0,RERANK,Hypothetical,D,C,D,False,True,1,repair,"Bwrong|[0,0.5)",0.0,0.7500000298023224,0.7500000298023224,0.0,C,1,True,0.0,True,False,0.0
train:411_1,RERANK,Egocentric,C,D,C,False,True,1,repair,"Bwrong|[1,2)",-1.0000000298023224,1.0000000298023224,2.0000000596046448,0.0,D,2,False,1.0000000298023224,False,False,0.0
train:413_1,RERANK,Egocentric,D,C,C,False,False,0,both_wrong_same,"Bwrong|[4,inf)",-8.125000283878762,-10.374999791383743,-2.249999507504981,0.0,C,2,False,8.125000283878762,False,False,0.0
train:414_1,RERANK,Egocentric,A,B,B,False,False,0,both_wrong_same,"Bwrong|[2,4)",-2.750000022351742,-1.7499999552965164,1.0000000670552254,0.0,B,2,False,2.750000022351742,False,False,0.0
train:416_1,RERANK,Egocentric,D,A,A,False,False,0,both_wrong_same,"Bwrong|[4,inf)",-6.2500001192092896,-5.2500001192092896,1.0,0.0,A,4,False,3.5000001192092896,False,False,0.0
train:417_2,RERANK,Egocentric,D,D,D,True,True,0,both_correct,"Bcorrect|[0,0.5)",0.25,3.7499998845160007,3.4999998845160007,0.0,A,1,False,0.25,False,False,0.0
train:421_1,RERANK,Egocentric,D,D,D,True,True,0,both_correct,"Bcorrect|[2,4)",2.375000089406967,4.499999905005097,2.1249998155981302,0.0,B,1,False,2.375000089406967,False,False,0.0
train:427_0,RERANK,Allocentric,A,C,A,False,True,1,repair,"Bwrong|[1,2)",-1.7499999850988388,1.4999999850988388,3.2499999701976776,0.0,C,2,False,1.7499999850988388,False,False,0.0
train:429_0,RERANK,Allocentric,A,A,A,True,True,0,both_correct,"Bcorrect|[1,2)",1.0000000298023224,0.7500000298023224,-0.25,0.0,B,1,False,1.0000000298023224,False,False,0.0
train:430_2,RERANK,Egocentric,D,D,D,True,True,0,both_correct,"Bcorrect|[0,0.5)",0.25,3.7499999701976776,3.4999999701976776,0.0,C,1,False,0.25,False,False,0.0
train:433_1,RERANK,Egocentric,B,A,A,False,False,0,both_wrong_same,"Bwrong|[2,4)",-2.000000089406967,-3.7500000968575478,-1.7500000074505806,0.0,A,2,False,2.000000089406967,False,False,0.0
train:442_0,RERANK,Allocentric,D,D,D,True,True,0,both_correct,"Bcorrect|[0.5,1)",0.7499999701976776,0.4999999403953552,-0.2500000298023224,0.0,B,1,False,0.7499999701976776,False,False,0.0
train:444_0,RERANK,Allocentric,A,D,D,False,False,0,both_wrong_same,"Bwrong|[4,inf)",-9.750000178813934,-11.99999996041879,-2.2499997816048563,0.0,D,4,False,3.2499999403953552,False,False,0.0
train:452_2,RERANK,Egocentric,A,A,A,True,True,0,both_correct,"Bcorrect|[4,inf)",14.499999523162955,16.249999880790718,1.750000357627762,0.0,B,1,False,14.499999523162955,False,False,0.0
train:460_0,RERANK,Allocentric,C,C,C,True,True,0,both_correct,"Bcorrect|[2,4)",2.249999947845936,4.500000047497451,2.2500000996515155,0.0,B,1,False,2.249999947845936,False,False,0.0
train:464_0,RERANK,Allocentric,A,C,C,False,False,0,both_wrong_same,"Bwrong|[4,inf)",-7.250000154599547,-9.249999579915311,-1.9999994253157638,0.0,C,3,False,4.500000154599547,False,False,0.0
train:466_0,RERANK,Allocentric,A,A,B,True,False,-1,regression,"Bcorrect|[0.5,1)",0.5,-2.5000000596046448,-3.0000000596046448,0.0,B,1,False,0.5,False,False,0.0
train:471_2,RERANK,Egocentric,D,D,D,True,True,0,both_correct,"Bcorrect|[1,2)",1.7500000596046448,2.7500000074505806,0.9999999478459358,0.0,A,1,False,1.7500000596046448,False,False,0.0
train:472_0,RERANK,Allocentric,C,B,B,False,False,0,both_wrong_same,"Bwrong|[4,inf)",-9.250000032654498,-11.249999883359123,-1.9999998507046257,0.0,B,3,False,8.750000032654498,False,False,0.0
train:494_1,RERANK,Egocentric,B,C,C,False,False,0,both_wrong_same,"Bwrong|[0.5,1)",-0.7499999403953552,-0.25,0.4999999403953552,0.0,C,2,False,0.7499999403953552,False,False,0.0
train:510_2,RERANK,Egocentric,C,B,B,False,False,0,both_wrong_same,"Bwrong|[1,2)",-1.0000000298023224,0.0,1.0000000298023224,0.0,B,2,False,1.0000000298023224,False,True,0.0
train:513_1,RERANK,Egocentric,B,C,C,False,False,0,both_wrong_same,"Bwrong|[4,inf)",-9.125000342726707,-10.874999791383743,-1.7499994486570358,0.0,C,3,False,1.4999999850988388,False,False,0.0
train:516_2,RERANK,Egocentric,C,C,C,True,True,0,both_correct,"Bcorrect|[0,0.5)",0.25,3.250000074505806,3.000000074505806,0.0,B,1,False,0.25,False,False,0.0
train:520_0,RERANK,Allocentric,C,A,A,False,False,0,both_wrong_same,"Bwrong|[1,2)",-1.0000000298023224,-1.5000000149011612,-0.4999999850988388,0.0,A,2,False,1.0000000298023224,False,False,0.0
train:521_0,RERANK,Allocentric,D,B,A,False,False,0,both_wrong_diff,"Bwrong|[2,4)",-3.7499998956918716,-9.249999994499376,2.4999998956918716,7.999999994499376,B,3,False,2.9999998956918716,False,False,0.0
train:523_0,RERANK,Allocentric,C,C,C,True,True,0,both_correct,"Bcorrect|[4,inf)",6.2500001466833055,6.750000126543455,0.4999999798601493,0.0,B,1,False,6.2500001466833055,False,False,0.0
train:525_0,RERANK,Allocentric,C,C,C,True,True,0,both_correct,"Bcorrect|[0.5,1)",0.7500000596046448,1.4999999850988388,0.749999925494194,0.0,B,1,False,0.7500000596046448,False,False,0.0
train:536_0,RERANK,Allocentric,C,C,C,True,True,0,both_correct,"Bcorrect|[1,2)",1.5000000596046448,1.2500000596046448,-0.25,0.0,D,1,False,1.5000000596046448,False,False,0.0
train:539_1,RERANK,Egocentric,C,B,B,False,False,0,both_wrong_same,"Bwrong|[4,inf)",-4.500000208616257,-2.0000001043081284,2.5000001043081284,0.0,B,2,False,4.500000208616257,False,False,0.0
train:541_1,RERANK,Egocentric,D,D,D,True,True,0,both_correct,"Bcorrect|[4,inf)",12.750000357637418,12.999999880795258,0.24999952315783958,0.0,B,1,False,12.750000357637418,False,False,0.0
train:543_2,RERANK,Egocentric,B,B,B,True,True,0,both_correct,"Bcorrect|[1,2)",1.7499999701976776,2.9999998956918716,1.249999925494194,0.0,C,1,False,1.7499999701976776,False,False,0.0
train:558_0,RERANK,Allocentric,A,C,C,False,False,0,both_wrong_same,"Bwrong|[4,inf)",-14.250000119210881,-15.000000000000455,-0.7499998807895736,0.0,C,3,False,13.750000119210881,False,False,0.0
train:575_1,RERANK,Egocentric,B,B,B,True,True,0,both_correct,"Bcorrect|[2,4)",3.25,1.7499999701976776,-1.5000000298023224,0.0,A,1,False,3.25,False,False,0.0
train:580_1,RERANK,Egocentric,A,B,B,False,False,0,both_wrong_same,"Bwrong|[4,inf)",-10.874999702413334,-13.624999891457264,-2.7500001890439307,0.0,B,4,False,8.249999702413334,False,False,0.0
train:583_1,RERANK,Egocentric,C,D,B,False,False,0,both_wrong_diff,"Bwrong|[4,inf)",-13.25,-9.749999940395355,5.0,1.4999999403953552,D,3,False,0.5,False,False,0.0
train:589_2,RERANK,Egocentric,B,C,B,False,True,1,repair,"Bwrong|[1,2)",-1.5000000149011612,7.749999854568159,9.24999986946932,0.0,C,2,False,1.5000000149011612,False,False,0.0
train:597_2,RERANK,Egocentric,A,C,C,False,False,0,both_wrong_same,"Bwrong|[2,4)",-2.500000037252903,-3.7500000968575478,-1.2500000596046448,0.0,C,2,False,2.500000037252903,False,False,0.0
train:601_2,RERANK,Egocentric,A,A,A,True,True,0,both_correct,"Bcorrect|[4,inf)",5.9999999140854925,4.999999914318323,-0.9999999997671694,0.0,B,1,False,5.9999999140854925,False,False,0.0
train:605_2,RERANK,Egocentric,A,C,A,False,True,1,repair,"Bwrong|[2,4)",-3.7499999701976776,0.75,5.249999970197678,0.75,C,3,False,1.2499999701976776,False,False,0.0
train:607_2,RERANK,Egocentric,C,C,C,True,True,0,both_correct,"Bcorrect|[0.5,1)",0.9999999701976776,3.249999947845936,2.249999977648258,0.0,D,1,False,0.9999999701976776,False,False,0.0
train:608_1,RERANK,Egocentric,A,D,D,False,False,0,both_wrong_same,"Bwrong|[4,inf)",-7.7500000433065,-5.749999825377017,2.0000002179294825,0.0,D,3,False,5.2500000433065,False,False,0.0
train:610_2,RERANK,Egocentric,A,B,A,False,True,1,repair,"Bwrong|[2,4)",-3.5000001192092896,3.4999999701976776,7.750000089406967,0.75,B,3,False,0.0,True,False,0.0
train:618_1,RERANK,Egocentric,B,B,B,True,True,0,both_correct,"Bcorrect|[4,inf)",4.749999853782356,4.249999870546162,-0.49999998323619366,0.0,A,1,False,4.749999853782356,False,False,0.0
train:628_0,RERANK,Allocentric,A,B,D,False,False,0,both_wrong_diff,"Bwrong|[4,inf)",-5.374999940395355,-6.499999940395355,0.3749999403953552,1.4999999403953552,B,4,False,0.24999994039535522,False,False,0.0
train:629_1,RERANK,Egocentric,B,B,B,True,True,0,both_correct,"Bcorrect|[4,inf)",7.6250000629224814,7.24999996740371,0.37499990448122844,0.75,C,1,False,7.6250000629224814,False,False,0.0
train:62_0,RERANK,Hypothetical,A,D,D,False,False,0,both_wrong_same,"Bwrong|[2,4)",-2.250000089406967,-2.9999999403953552,-0.7499998509883881,0.0,D,3,False,1.4999999701976776,False,False,0.0
train:652_0,RERANK,Allocentric,A,B,B,False,False,0,both_wrong_same,"Bwrong|[2,4)",-3.7499999441206455,-3.749999947845936,-3.725290298461914e-09,0.0,B,2,False,3.7499999441206455,False,False,0.0
train:656_1,RERANK,Egocentric,B,B,B,True,True,0,both_correct,"Bcorrect|[4,inf)",4.750000094994903,5.999999936204404,1.499999841209501,0.25,A,1,False,4.750000094994903,False,False,0.0
train:664_0,RERANK,Allocentric,A,B,B,False,False,0,both_wrong_same,"Bwrong|[4,inf)",-16.49999976158145,-18.25,-1.7500002384185507,0.0,B,3,False,15.74999976158145,False,False,0.0
train:668_1,RERANK,Egocentric,A,A,A,True,True,0,both_correct,"Bcorrect|[2,4)",2.0000000447034836,2.249999985098839,3.7499999403953552,3.5,B,1,False,2.0000000447034836,False,False,0.0
train:670_0,RERANK,Allocentric,B,B,B,True,True,0,both_correct,"Bcorrect|[2,4)",3.7499998826533556,4.999999855645001,1.2499999729916453,0.0,A,1,False,3.7499998826533556,False,False,0.0
train:677_2,RERANK,Egocentric,B,D,C,False,False,0,both_wrong_diff,"Bwrong|[2,4)",-3.7500001788139343,-1.7500000447034836,6.000000059604645,3.999999925494194,D,3,False,0.5,False,False,0.0
train:678_1,RERANK,Egocentric,B,B,B,True,True,0,both_correct,"Bcorrect|[4,inf)",9.999999525556632,9.500000123742211,1.0000005981855793,1.5,C,1,False,9.999999525556632,False,False,0.0
train:688_1,RERANK,Egocentric,D,C,C,False,False,0,both_wrong_same,"Bwrong|[4,inf)",-9.124999531879439,-11.499999761716026,-2.375000229836587,0.0,C,2,False,9.124999531879439,False,False,0.0
train:692_2,RERANK,Egocentric,D,C,C,False,False,0,both_wrong_same,"Bwrong|[4,inf)",-4.500000167638063,-4.999999763909727,-0.4999995962716639,0.0,C,2,False,4.500000167638063,False,False,0.0
train:708_0,RERANK,Allocentric,B,A,A,False,False,0,both_wrong_same,"Bwrong|[4,inf)",-6.750000178813934,-9.000000333413482,-2.2500001545995474,0.0,A,4,False,0.0,True,False,0.0
train:711_1,RERANK,Egocentric,A,A,A,True,True,0,both_correct,"Bcorrect|[0,0.5)",0.0,1.4999999552965164,1.4999999552965164,0.0,B,1,True,0.0,True,False,0.0
train:717_1,RERANK,Egocentric,A,B,A,False,True,1,repair,"Bwrong|[1,2)",-1.7499999701976776,0.0,1.7499999701976776,0.0,B,2,False,1.7499999701976776,False,True,0.0
train:722_2,RERANK,Egocentric,A,C,C,False,False,0,both_wrong_same,"Bwrong|[4,inf)",-5.25000019185245,-4.499999941326678,0.7500002505257726,0.0,C,2,False,5.25000019185245,False,False,0.0
train:727_2,RERANK,Egocentric,B,B,B,True,True,0,both_correct,"Bcorrect|[4,inf)",5.000000124797225,4.000000100582838,-1.000000024214387,0.0,C,1,False,5.000000124797225,False,False,0.0
train:728_0,RERANK,Allocentric,D,C,D,False,True,1,repair,"Bwrong|[2,4)",-2.4999999031424522,1.5000000447034836,3.999999947845936,0.0,C,2,False,2.4999999031424522,False,False,0.0
train:744_1,RERANK,Egocentric,A,B,B,False,False,0,both_wrong_same,"Bwrong|[4,inf)",-13.124999765364919,-14.124999643765477,-0.9999998784005584,0.0,B,4,False,9.499999765364919,False,False,0.0
train:745_2,RERANK,Egocentric,C,D,C,False,True,1,repair,"Bwrong|[2,4)",-3.249999925494194,0.0,3.249999925494194,0.0,D,2,False,3.249999925494194,False,True,0.0
train:747_0,RERANK,Allocentric,B,B,B,True,True,0,both_correct,"Bcorrect|[2,4)",3.499999985098839,4.000000054016709,0.5000000689178705,0.0,C,1,False,3.499999985098839,False,False,0.0
train:759_0,RERANK,Allocentric,D,B,C,False,False,0,both_wrong_diff,"Bwrong|[4,inf)",-6.8749998807907104,-8.500000104308128,0.6249998807907104,2.2500001043081284,B,4,False,0.0,True,False,0.0
train:769_0,RERANK,Allocentric,D,C,C,False,False,0,both_wrong_same,"Bwrong|[4,inf)",-4.499999970197678,-6.249999805819243,-1.7499998356215656,0.0,C,3,False,2.7499999701976776,False,False,0.0
train:774_0,RERANK,Allocentric,D,B,C,False,False,0,both_wrong_diff,"Bwrong|[4,inf)",-7.499999761581421,-8.999999791383743,-1.0,0.5000000298023224,B,3,False,2.0,False,False,0.0
train:776_1,RERANK,Egocentric,D,C,C,False,False,0,both_wrong_same,"Bwrong|[4,inf)",-10.250000251064193,-11.249999527848559,-0.9999992767843651,0.0,C,3,False,9.250000251064193,False,False,0.0
train:785_0,RERANK,Allocentric,B,A,D,False,False,0,both_wrong_diff,"Bwrong|[4,inf)",-6.375000178813934,-8.500000417232513,-1.3750002980232239,0.7499999403953552,A,4,False,0.0,True,False,0.0
train:791_1,RERANK,Egocentric,B,B,B,True,True,0,both_correct,"Bcorrect|[4,inf)",7.249999935331289,6.500000179512426,-0.7499997558188625,0.0,C,1,False,7.249999935331289,False,False,0.0
train:795_2,RERANK,Egocentric,D,D,D,True,True,0,both_correct,"Bcorrect|[0.5,1)",0.5,4.749999820254743,4.249999820254743,0.0,B,1,False,0.5,False,False,0.0
train:796_1,RERANK,Egocentric,B,B,B,True,True,0,both_correct,"Bcorrect|[0.5,1)",0.5,2.0000000447034836,1.5000000447034836,0.0,D,1,False,0.5,False,False,0.0
train:797_1,RERANK,Egocentric,D,B,B,False,False,0,both_wrong_same,"Bwrong|[4,inf)",-6.000000087544322,-4.999999929219484,1.0000001583248377,0.0,B,3,False,3.750000087544322,False,False,0.0
train:802_2,RERANK,Egocentric,D,A,D,False,True,1,repair,"Bwrong|[0.5,1)",-0.7499999701976776,0.5,1.2499999701976776,0.0,A,2,False,0.7499999701976776,False,False,0.0
train:812_2,RERANK,Egocentric,A,B,A,False,True,1,repair,"Bwrong|[4,inf)",-4.74999977927655,6.4999999437714,11.24999972304795,0.0,B,2,False,4.74999977927655,False,False,0.0
train:821_1,RERANK,Egocentric,B,D,D,False,False,0,both_wrong_same,"Bwrong|[4,inf)",-6.000000051688403,-3.750000001862645,2.2500000498257577,0.0,D,2,False,6.000000051688403,False,False,0.0
train:823_2,RERANK,Egocentric,C,C,C,True,True,0,both_correct,"Bcorrect|[4,inf)",5.500000072643161,9.500000123931386,5.250000051288225,1.25,B,1,False,5.500000072643161,False,False,0.0
train:825_0,RERANK,Allocentric,A,C,C,False,False,0,both_wrong_same,"Bwrong|[4,inf)",-8.999999735504389,-9.25000009231735,-0.2500003568129614,0.0,C,4,False,3.249999973922968,False,False,0.0
train:834_0,RERANK,Allocentric,C,B,B,False,False,0,both_wrong_same,"Bwrong|[4,inf)",-5.00000009778887,-5.500000067055225,-0.49999996926635504,0.0,B,3,False,4.75000009778887,False,False,0.0
train:837_1,RERANK,Egocentric,C,B,B,False,False,0,both_wrong_same,"Bwrong|[4,inf)",-8.499999918538379,-8.749999541629222,-0.24999962309084367,0.0,B,2,False,8.499999918538379,False,False,0.0
train:842_2,RERANK,Egocentric,C,C,C,True,True,0,both_correct,"Bcorrect|[0.5,1)",0.7499999701976776,2.5000000670552254,1.7500000968575478,0.0,B,1,False,0.7499999701976776,False,False,0.0
train:844_0,RERANK,Allocentric,C,C,C,True,True,0,both_correct,"Bcorrect|[4,inf)",4.250000199303031,3.7500000298023224,-0.5000001695007086,0.0,A,1,False,4.250000199303031,False,False,0.0
train:846_2,RERANK,Egocentric,C,D,D,False,False,0,both_wrong_same,"Bwrong|[0,0.5)",-0.25,-2.4999999701976776,-2.2499999701976776,0.0,D,2,False,0.25,False,False,0.0
train:852_1,RERANK,Egocentric,B,C,C,False,False,0,both_wrong_same,"Bwrong|[4,inf)",-13.875000119210881,-17.874999880790718,-3.9999997615798364,0.0,C,2,False,13.875000119210881,False,False,0.0
train:859_0,RERANK,Allocentric,B,D,D,False,False,0,both_wrong_same,"Bwrong|[4,inf)",-8.000000208616257,-9.249999761581421,-1.2499995529651642,0.0,D,4,False,0.9999999701976776,False,False,0.0
train:860_1,RERANK,Egocentric,B,C,D,False,False,0,both_wrong_diff,"Bwrong|[4,inf)",-5.500000059604645,-5.750000178813934,1.4999998211860657,1.7499999403953552,C,4,False,1.2500000596046448,False,False,0.0
train:865_1,RERANK,Egocentric,B,C,C,False,False,0,both_wrong_same,"Bwrong|[4,inf)",-7.499999795749318,-5.750000050058588,1.7499997456907295,0.0,C,2,False,7.499999795749318,False,False,0.0
train:866_0,RERANK,Allocentric,B,D,C,False,False,0,both_wrong_diff,"Bwrong|[2,4)",-3.249999910593033,-4.750000149011612,0.7499996721744537,2.249999910593033,D,3,False,1.2500000298023224,False,False,0.0
train:868_0,RERANK,Allocentric,A,B,B,False,False,0,both_wrong_same,"Bwrong|[4,inf)",-16.499999642372188,-18.0,-1.5000003576278118,0.0,B,3,True,15.999999642372188,False,False,0.0
train:878_0,RERANK,Allocentric,D,B,B,False,False,0,both_wrong_same,"Bwrong|[4,inf)",-6.499999761581421,-7.499999642372131,-0.9999998807907104,0.0,B,4,False,0.75,False,False,0.0
train:881_1,RERANK,Egocentric,B,B,B,True,True,0,both_correct,"Bcorrect|[4,inf)",9.749999763287633,8.999999649982783,-0.75000011330485,0.0,A,1,False,9.749999763287633,False,False,0.0
train:891_0,RERANK,Allocentric,A,B,B,False,False,0,both_wrong_same,"Bwrong|[4,inf)",-8.500000238418579,-10.749999612569809,-2.24999937415123,0.0,B,4,False,0.25,False,False,0.0
train:900_2,RERANK,Egocentric,B,B,B,True,True,0,both_correct,"Bcorrect|[4,inf)",11.25000035778612,7.999999826977728,-3.250000530808393,0.0,A,1,False,11.25000035778612,False,False,0.0
train:902_0,RERANK,Allocentric,A,A,A,True,True,0,both_correct,"Bcorrect|[0.5,1)",0.7500000298023224,1.5000000149011612,0.7499999850988388,0.0,B,1,False,0.7500000298023224,False,False,0.0
train:903_2,RERANK,Egocentric,D,D,D,True,True,0,both_correct,"Bcorrect|[1,2)",1.2499999701976776,1.4999999701976776,0.25,0.0,A,1,False,1.2499999701976776,False,False,0.0
train:909_0,RERANK,Allocentric,B,C,C,False,False,0,both_wrong_same,"Bwrong|[4,inf)",-15.499999642442162,-16.50000059698141,-1.0000009545392459,0.0,C,4,False,11.749999642442162,False,False,0.0
train:91_0,RERANK,Hypothetical,B,A,C,False,False,0,both_wrong_diff,"Bwrong|[0,0.5)",-0.25,-1.5000001192092896,-0.5000001192092896,0.75,A,3,False,0.0,True,False,0.0
train:937_0,RERANK,Allocentric,C,C,C,True,True,0,both_correct,"Bcorrect|[4,inf)",17.75,16.499999880790718,-1.2500001192092824,0.0,A,1,False,17.75,False,False,0.0
train:946_1,RERANK,Egocentric,A,A,A,True,True,0,both_correct,"Bcorrect|[4,inf)",11.000000000163709,10.499999523559381,-0.5000004766043276,0.0,D,1,False,11.000000000163709,False,False,0.0
train:949_0,RERANK,Allocentric,B,C,C,False,False,0,both_wrong_same,"Bwrong|[1,2)",-1.25,-5.249999903142452,-3.9999999031424522,0.0,C,3,False,0.25,False,False,0.0
train:952_1,RERANK,Egocentric,A,A,A,True,True,0,both_correct,"Bcorrect|[2,4)",2.5000001043081284,5.5000001937150955,3.000000089406967,0.0,D,1,False,2.5000001043081284,False,False,0.0
train:956_2,RERANK,Egocentric,D,C,C,False,False,0,both_wrong_same,"Bwrong|[4,inf)",-8.500000173284207,-13.750000000409273,-5.249999827125066,0.0,C,2,False,8.500000173284207,False,False,0.0
train:964_0,RERANK,Allocentric,C,D,D,False,False,0,both_wrong_same,"Bwrong|[4,inf)",-5.749999992549419,-10.49999952739745,-4.74999953484803,0.0,D,3,False,4.249999992549419,False,False,0.0
train:969_2,RERANK,Egocentric,C,C,C,True,True,0,both_correct,"Bcorrect|[4,inf)",9.749999884988938,9.249999773252057,-0.5000001117368811,0.0,D,1,False,9.749999884988938,False,False,0.0
train:973_0,RERANK,Allocentric,B,B,B,True,True,0,both_correct,"Bcorrect|[4,inf)",18.0,16.75,0.0,1.25,D,1,False,18.0,False,False,0.0
train:97_0,RERANK,Hypothetical,D,B,D,False,True,1,repair,"Bwrong|[0,0.5)",0.0,2.749999925494194,4.250000163912773,1.500000238418579,B,1,True,0.0,True,False,0.0
train:986_1,RERANK,Egocentric,C,A,A,False,False,0,both_wrong_same,"Bwrong|[2,4)",-3.2500000037252903,-2.4999999552965164,0.7500000484287739,0.0,A,2,False,3.2500000037252903,False,False,0.0
train:996_1,RERANK,Egocentric,B,B,B,True,True,0,both_correct,"Bcorrect|[2,4)",2.9999998807907104,5.250000011175871,2.2500001303851604,0.0,A,1,False,2.9999998807907104,False,False,0.0
train:997_2,RERANK,Egocentric,C,C,C,True,True,0,both_correct,"Bcorrect|[4,inf)",9.249999885534635,7.749999975174433,-1.4999999103602022,0.0,A,1,False,9.249999885534635,False,False,0.0
