scale,capability,radius,radius_label,delta_sorted,ecdf
3B,visual_grounding,0.0035698828543799426,small,0.0,0.015625
3B,visual_grounding,0.0035698828543799426,small,0.0,0.03125
3B,visual_grounding,0.0035698828543799426,small,0.0,0.046875
3B,visual_grounding,0.0035698828543799426,small,0.0,0.0625
3B,visual_grounding,0.0035698828543799426,small,0.0,0.078125
3B,visual_grounding,0.0035698828543799426,small,0.0,0.09375
3B,visual_grounding,0.0035698828543799426,small,0.0,0.109375
3B,visual_grounding,0.0035698828543799426,small,0.0,0.125
3B,visual_grounding,0.0035698828543799426,small,0.0,0.140625
3B,visual_grounding,0.0035698828543799426,small,0.0,0.15625
3B,visual_grounding,0.0035698828543799426,small,0.0,0.171875
3B,visual_grounding,0.0035698828543799426,small,0.0,0.1875
3B,visual_grounding,0.0035698828543799426,small,0.0,0.203125
3B,visual_grounding,0.0035698828543799426,small,0.0,0.21875
3B,visual_grounding,0.0035698828543799426,small,0.0,0.234375
3B,visual_grounding,0.0035698828543799426,small,0.0,0.25
3B,visual_grounding,0.0035698828543799426,small,0.0,0.265625
3B,visual_grounding,0.0035698828543799426,small,0.0,0.28125
3B,visual_grounding,0.0035698828543799426,small,0.0,0.296875
3B,visual_grounding,0.0035698828543799426,small,0.0,0.3125
3B,visual_grounding,0.0035698828543799426,small,0.0,0.328125
3B,visual_grounding,0.0035698828543799426,small,0.0,0.34375
3B,visual_grounding,0.0035698828543799426,small,0.0,0.359375
3B,visual_grounding,0.0035698828543799426,small,0.0,0.375
3B,visual_grounding,0.0035698828543799426,small,0.0,0.390625
3B,visual_grounding,0.0035698828543799426,small,0.0,0.40625
3B,visual_grounding,0.0035698828543799426,small,0.0,0.421875
3B,visual_grounding,0.0035698828543799426,small,0.0,0.4375
3B,visual_grounding,0.0035698828543799426,small,0.0,0.453125
3B,visual_grounding,0.0035698828543799426,small,0.0,0.46875
3B,visual_grounding,0.0035698828543799426,small,0.0,0.484375
3B,visual_grounding,0.0035698828543799426,small,0.0,0.5
3B,visual_grounding,0.0035698828543799426,small,0.0,0.515625
3B,visual_grounding,0.0035698828543799426,small,0.0,0.53125
3B,visual_grounding,0.0035698828543799426,small,0.0,0.546875
3B,visual_grounding,0.0035698828543799426,small,0.0,0.5625
3B,visual_grounding,0.0035698828543799426,small,0.0,0.578125
3B,visual_grounding,0.0035698828543799426,small,0.0,0.59375
3B,visual_grounding,0.0035698828543799426,small,0.0,0.609375
3B,visual_grounding,0.0035698828543799426,small,0.0,0.625
3B,visual_grounding,0.0035698828543799426,small,0.0,0.640625
3B,visual_grounding,0.0035698828543799426,small,0.0,0.65625
3B,visual_grounding,0.0035698828543799426,small,0.0,0.671875
3B,visual_grounding,0.0035698828543799426,small,0.0,0.6875
3B,visual_grounding,0.0035698828543799426,small,0.0,0.703125
3B,visual_grounding,0.0035698828543799426,small,0.0,0.71875
3B,visual_grounding,0.0035698828543799426,small,0.0,0.734375
3B,visual_grounding,0.0035698828543799426,small,0.0,0.75
3B,visual_grounding,0.0035698828543799426,small,0.0,0.765625
3B,visual_grounding,0.0035698828543799426,small,0.0,0.78125
3B,visual_grounding,0.0035698828543799426,small,0.0,0.796875
3B,visual_grounding,0.0035698828543799426,small,0.0,0.8125
3B,visual_grounding,0.0035698828543799426,small,0.0,0.828125
3B,visual_grounding,0.0035698828543799426,small,0.0,0.84375
3B,visual_grounding,0.0035698828543799426,small,0.0,0.859375
3B,visual_grounding,0.0035698828543799426,small,0.0,0.875
3B,visual_grounding,0.0035698828543799426,small,0.0,0.890625
3B,visual_grounding,0.0035698828543799426,small,0.0,0.90625
3B,visual_grounding,0.0035698828543799426,small,0.0,0.921875
3B,visual_grounding,0.0035698828543799426,small,0.0,0.9375
3B,visual_grounding,0.0035698828543799426,small,0.0,0.953125
3B,visual_grounding,0.0035698828543799426,small,0.0,0.96875
3B,visual_grounding,0.0035698828543799426,small,0.0,0.984375
3B,visual_grounding,0.0035698828543799426,small,0.0,1.0
3B,visual_grounding,0.017849414271899712,mid,-0.020000000000000018,0.015625
3B,visual_grounding,0.017849414271899712,mid,-0.020000000000000018,0.03125
3B,visual_grounding,0.017849414271899712,mid,-0.020000000000000018,0.046875
3B,visual_grounding,0.017849414271899712,mid,-0.020000000000000018,0.0625
3B,visual_grounding,0.017849414271899712,mid,-0.020000000000000018,0.078125
3B,visual_grounding,0.017849414271899712,mid,-0.020000000000000018,0.09375
3B,visual_grounding,0.017849414271899712,mid,-0.020000000000000018,0.109375
3B,visual_grounding,0.017849414271899712,mid,0.0,0.125
3B,visual_grounding,0.017849414271899712,mid,0.0,0.140625
3B,visual_grounding,0.017849414271899712,mid,0.0,0.15625
3B,visual_grounding,0.017849414271899712,mid,0.0,0.171875
3B,visual_grounding,0.017849414271899712,mid,0.0,0.1875
3B,visual_grounding,0.017849414271899712,mid,0.0,0.203125
3B,visual_grounding,0.017849414271899712,mid,0.0,0.21875
3B,visual_grounding,0.017849414271899712,mid,0.0,0.234375
3B,visual_grounding,0.017849414271899712,mid,0.0,0.25
3B,visual_grounding,0.017849414271899712,mid,0.0,0.265625
3B,visual_grounding,0.017849414271899712,mid,0.0,0.28125
3B,visual_grounding,0.017849414271899712,mid,0.0,0.296875
3B,visual_grounding,0.017849414271899712,mid,0.0,0.3125
3B,visual_grounding,0.017849414271899712,mid,0.0,0.328125
3B,visual_grounding,0.017849414271899712,mid,0.0,0.34375
3B,visual_grounding,0.017849414271899712,mid,0.0,0.359375
3B,visual_grounding,0.017849414271899712,mid,0.0,0.375
3B,visual_grounding,0.017849414271899712,mid,0.0,0.390625
3B,visual_grounding,0.017849414271899712,mid,0.0,0.40625
3B,visual_grounding,0.017849414271899712,mid,0.0,0.421875
3B,visual_grounding,0.017849414271899712,mid,0.0,0.4375
3B,visual_grounding,0.017849414271899712,mid,0.0,0.453125
3B,visual_grounding,0.017849414271899712,mid,0.0,0.46875
3B,visual_grounding,0.017849414271899712,mid,0.0,0.484375
3B,visual_grounding,0.017849414271899712,mid,0.0,0.5
3B,visual_grounding,0.017849414271899712,mid,0.0,0.515625
3B,visual_grounding,0.017849414271899712,mid,0.0,0.53125
3B,visual_grounding,0.017849414271899712,mid,0.0,0.546875
3B,visual_grounding,0.017849414271899712,mid,0.0,0.5625
3B,visual_grounding,0.017849414271899712,mid,0.0,0.578125
3B,visual_grounding,0.017849414271899712,mid,0.0,0.59375
3B,visual_grounding,0.017849414271899712,mid,0.0,0.609375
3B,visual_grounding,0.017849414271899712,mid,0.0,0.625
3B,visual_grounding,0.017849414271899712,mid,0.0,0.640625
3B,visual_grounding,0.017849414271899712,mid,0.0,0.65625
3B,visual_grounding,0.017849414271899712,mid,0.0,0.671875
3B,visual_grounding,0.017849414271899712,mid,0.0,0.6875
3B,visual_grounding,0.017849414271899712,mid,0.0,0.703125
3B,visual_grounding,0.017849414271899712,mid,0.0,0.71875
3B,visual_grounding,0.017849414271899712,mid,0.0,0.734375
3B,visual_grounding,0.017849414271899712,mid,0.0,0.75
3B,visual_grounding,0.017849414271899712,mid,0.0,0.765625
3B,visual_grounding,0.017849414271899712,mid,0.0,0.78125
3B,visual_grounding,0.017849414271899712,mid,0.0,0.796875
3B,visual_grounding,0.017849414271899712,mid,0.0,0.8125
3B,visual_grounding,0.017849414271899712,mid,0.0,0.828125
3B,visual_grounding,0.017849414271899712,mid,0.0,0.84375
3B,visual_grounding,0.017849414271899712,mid,0.0,0.859375
3B,visual_grounding,0.017849414271899712,mid,0.0,0.875
3B,visual_grounding,0.017849414271899712,mid,0.0,0.890625
3B,visual_grounding,0.017849414271899712,mid,0.0,0.90625
3B,visual_grounding,0.017849414271899712,mid,0.0,0.921875
3B,visual_grounding,0.017849414271899712,mid,0.0,0.9375
3B,visual_grounding,0.017849414271899712,mid,0.0,0.953125
3B,visual_grounding,0.017849414271899712,mid,0.0,0.96875
3B,visual_grounding,0.017849414271899712,mid,0.0,0.984375
3B,visual_grounding,0.017849414271899712,mid,0.020000000000000018,1.0
3B,visual_grounding,0.07139765708759885,transition,-0.14,0.015625
3B,visual_grounding,0.07139765708759885,transition,-0.040000000000000036,0.03125
3B,visual_grounding,0.07139765708759885,transition,-0.040000000000000036,0.046875
3B,visual_grounding,0.07139765708759885,transition,-0.040000000000000036,0.0625
3B,visual_grounding,0.07139765708759885,transition,-0.040000000000000036,0.078125
3B,visual_grounding,0.07139765708759885,transition,-0.040000000000000036,0.09375
3B,visual_grounding,0.07139765708759885,transition,-0.020000000000000018,0.109375
3B,visual_grounding,0.07139765708759885,transition,-0.020000000000000018,0.125
3B,visual_grounding,0.07139765708759885,transition,-0.020000000000000018,0.140625
3B,visual_grounding,0.07139765708759885,transition,-0.020000000000000018,0.15625
3B,visual_grounding,0.07139765708759885,transition,-0.020000000000000018,0.171875
3B,visual_grounding,0.07139765708759885,transition,-0.020000000000000018,0.1875
3B,visual_grounding,0.07139765708759885,transition,-0.020000000000000018,0.203125
3B,visual_grounding,0.07139765708759885,transition,-0.020000000000000018,0.21875
3B,visual_grounding,0.07139765708759885,transition,-0.020000000000000018,0.234375
3B,visual_grounding,0.07139765708759885,transition,-0.020000000000000018,0.25
3B,visual_grounding,0.07139765708759885,transition,-0.020000000000000018,0.265625
3B,visual_grounding,0.07139765708759885,transition,-0.020000000000000018,0.28125
3B,visual_grounding,0.07139765708759885,transition,-0.020000000000000018,0.296875
3B,visual_grounding,0.07139765708759885,transition,-0.020000000000000018,0.3125
3B,visual_grounding,0.07139765708759885,transition,-0.020000000000000018,0.328125
3B,visual_grounding,0.07139765708759885,transition,-0.020000000000000018,0.34375
3B,visual_grounding,0.07139765708759885,transition,-0.020000000000000018,0.359375
3B,visual_grounding,0.07139765708759885,transition,-0.020000000000000018,0.375
3B,visual_grounding,0.07139765708759885,transition,0.0,0.390625
3B,visual_grounding,0.07139765708759885,transition,0.0,0.40625
3B,visual_grounding,0.07139765708759885,transition,0.0,0.421875
3B,visual_grounding,0.07139765708759885,transition,0.0,0.4375
3B,visual_grounding,0.07139765708759885,transition,0.0,0.453125
3B,visual_grounding,0.07139765708759885,transition,0.0,0.46875
3B,visual_grounding,0.07139765708759885,transition,0.0,0.484375
3B,visual_grounding,0.07139765708759885,transition,0.0,0.5
3B,visual_grounding,0.07139765708759885,transition,0.0,0.515625
3B,visual_grounding,0.07139765708759885,transition,0.0,0.53125
3B,visual_grounding,0.07139765708759885,transition,0.0,0.546875
3B,visual_grounding,0.07139765708759885,transition,0.0,0.5625
3B,visual_grounding,0.07139765708759885,transition,0.0,0.578125
3B,visual_grounding,0.07139765708759885,transition,0.0,0.59375
3B,visual_grounding,0.07139765708759885,transition,0.0,0.609375
3B,visual_grounding,0.07139765708759885,transition,0.0,0.625
3B,visual_grounding,0.07139765708759885,transition,0.0,0.640625
3B,visual_grounding,0.07139765708759885,transition,0.0,0.65625
3B,visual_grounding,0.07139765708759885,transition,0.0,0.671875
3B,visual_grounding,0.07139765708759885,transition,0.0,0.6875
3B,visual_grounding,0.07139765708759885,transition,0.0,0.703125
3B,visual_grounding,0.07139765708759885,transition,0.0,0.71875
3B,visual_grounding,0.07139765708759885,transition,0.0,0.734375
3B,visual_grounding,0.07139765708759885,transition,0.0,0.75
3B,visual_grounding,0.07139765708759885,transition,0.0,0.765625
3B,visual_grounding,0.07139765708759885,transition,0.0,0.78125
3B,visual_grounding,0.07139765708759885,transition,0.0,0.796875
3B,visual_grounding,0.07139765708759885,transition,0.0,0.8125
3B,visual_grounding,0.07139765708759885,transition,0.020000000000000018,0.828125
3B,visual_grounding,0.07139765708759885,transition,0.020000000000000018,0.84375
3B,visual_grounding,0.07139765708759885,transition,0.020000000000000018,0.859375
3B,visual_grounding,0.07139765708759885,transition,0.020000000000000018,0.875
3B,visual_grounding,0.07139765708759885,transition,0.020000000000000018,0.890625
3B,visual_grounding,0.07139765708759885,transition,0.020000000000000018,0.90625
3B,visual_grounding,0.07139765708759885,transition,0.020000000000000018,0.921875
3B,visual_grounding,0.07139765708759885,transition,0.020000000000000018,0.9375
3B,visual_grounding,0.07139765708759885,transition,0.020000000000000018,0.953125
3B,visual_grounding,0.07139765708759885,transition,0.040000000000000036,0.96875
3B,visual_grounding,0.07139765708759885,transition,0.040000000000000036,0.984375
3B,visual_grounding,0.07139765708759885,transition,0.040000000000000036,1.0
3B,counting,0.0035698828543799426,small,0.0,0.015625
3B,counting,0.0035698828543799426,small,0.0,0.03125
3B,counting,0.0035698828543799426,small,0.0,0.046875
3B,counting,0.0035698828543799426,small,0.0,0.0625
3B,counting,0.0035698828543799426,small,0.0,0.078125
3B,counting,0.0035698828543799426,small,0.0,0.09375
3B,counting,0.0035698828543799426,small,0.0,0.109375
3B,counting,0.0035698828543799426,small,0.0,0.125
3B,counting,0.0035698828543799426,small,0.0,0.140625
3B,counting,0.0035698828543799426,small,0.0,0.15625
3B,counting,0.0035698828543799426,small,0.0,0.171875
3B,counting,0.0035698828543799426,small,0.0,0.1875
3B,counting,0.0035698828543799426,small,0.0,0.203125
3B,counting,0.0035698828543799426,small,0.0,0.21875
3B,counting,0.0035698828543799426,small,0.0,0.234375
3B,counting,0.0035698828543799426,small,0.0,0.25
3B,counting,0.0035698828543799426,small,0.0,0.265625
3B,counting,0.0035698828543799426,small,0.0,0.28125
3B,counting,0.0035698828543799426,small,0.0,0.296875
3B,counting,0.0035698828543799426,small,0.0,0.3125
3B,counting,0.0035698828543799426,small,0.0,0.328125
3B,counting,0.0035698828543799426,small,0.0,0.34375
3B,counting,0.0035698828543799426,small,0.0,0.359375
3B,counting,0.0035698828543799426,small,0.0,0.375
3B,counting,0.0035698828543799426,small,0.0,0.390625
3B,counting,0.0035698828543799426,small,0.0,0.40625
3B,counting,0.0035698828543799426,small,0.0,0.421875
3B,counting,0.0035698828543799426,small,0.0,0.4375
3B,counting,0.0035698828543799426,small,0.0,0.453125
3B,counting,0.0035698828543799426,small,0.0,0.46875
3B,counting,0.0035698828543799426,small,0.0,0.484375
3B,counting,0.0035698828543799426,small,0.0,0.5
3B,counting,0.0035698828543799426,small,0.0,0.515625
3B,counting,0.0035698828543799426,small,0.0,0.53125
3B,counting,0.0035698828543799426,small,0.0,0.546875
3B,counting,0.0035698828543799426,small,0.0,0.5625
3B,counting,0.0035698828543799426,small,0.0,0.578125
3B,counting,0.0035698828543799426,small,0.019999999999999907,0.59375
3B,counting,0.0035698828543799426,small,0.019999999999999907,0.609375
3B,counting,0.0035698828543799426,small,0.019999999999999907,0.625
3B,counting,0.0035698828543799426,small,0.019999999999999907,0.640625
3B,counting,0.0035698828543799426,small,0.019999999999999907,0.65625
3B,counting,0.0035698828543799426,small,0.019999999999999907,0.671875
3B,counting,0.0035698828543799426,small,0.019999999999999907,0.6875
3B,counting,0.0035698828543799426,small,0.019999999999999907,0.703125
3B,counting,0.0035698828543799426,small,0.019999999999999907,0.71875
3B,counting,0.0035698828543799426,small,0.019999999999999907,0.734375
3B,counting,0.0035698828543799426,small,0.019999999999999907,0.75
3B,counting,0.0035698828543799426,small,0.019999999999999907,0.765625
3B,counting,0.0035698828543799426,small,0.019999999999999907,0.78125
3B,counting,0.0035698828543799426,small,0.019999999999999907,0.796875
3B,counting,0.0035698828543799426,small,0.019999999999999907,0.8125
3B,counting,0.0035698828543799426,small,0.019999999999999907,0.828125
3B,counting,0.0035698828543799426,small,0.019999999999999907,0.84375
3B,counting,0.0035698828543799426,small,0.019999999999999907,0.859375
3B,counting,0.0035698828543799426,small,0.019999999999999907,0.875
3B,counting,0.0035698828543799426,small,0.019999999999999907,0.890625
3B,counting,0.0035698828543799426,small,0.019999999999999907,0.90625
3B,counting,0.0035698828543799426,small,0.019999999999999907,0.921875
3B,counting,0.0035698828543799426,small,0.019999999999999907,0.9375
3B,counting,0.0035698828543799426,small,0.019999999999999907,0.953125
3B,counting,0.0035698828543799426,small,0.019999999999999907,0.96875
3B,counting,0.0035698828543799426,small,0.019999999999999907,0.984375
3B,counting,0.0035698828543799426,small,0.019999999999999907,1.0
3B,counting,0.017849414271899712,mid,-0.040000000000000036,0.015625
3B,counting,0.017849414271899712,mid,-0.020000000000000018,0.03125
3B,counting,0.017849414271899712,mid,-0.020000000000000018,0.046875
3B,counting,0.017849414271899712,mid,-0.020000000000000018,0.0625
3B,counting,0.017849414271899712,mid,-0.020000000000000018,0.078125
3B,counting,0.017849414271899712,mid,-0.020000000000000018,0.09375
3B,counting,0.017849414271899712,mid,-0.020000000000000018,0.109375
3B,counting,0.017849414271899712,mid,-0.020000000000000018,0.125
3B,counting,0.017849414271899712,mid,-0.020000000000000018,0.140625
3B,counting,0.017849414271899712,mid,0.0,0.15625
3B,counting,0.017849414271899712,mid,0.0,0.171875
3B,counting,0.017849414271899712,mid,0.0,0.1875
3B,counting,0.017849414271899712,mid,0.0,0.203125
3B,counting,0.017849414271899712,mid,0.0,0.21875
3B,counting,0.017849414271899712,mid,0.0,0.234375
3B,counting,0.017849414271899712,mid,0.0,0.25
3B,counting,0.017849414271899712,mid,0.0,0.265625
3B,counting,0.017849414271899712,mid,0.0,0.28125
3B,counting,0.017849414271899712,mid,0.0,0.296875
3B,counting,0.017849414271899712,mid,0.0,0.3125
3B,counting,0.017849414271899712,mid,0.0,0.328125
3B,counting,0.017849414271899712,mid,0.0,0.34375
3B,counting,0.017849414271899712,mid,0.0,0.359375
3B,counting,0.017849414271899712,mid,0.0,0.375
3B,counting,0.017849414271899712,mid,0.0,0.390625
3B,counting,0.017849414271899712,mid,0.0,0.40625
3B,counting,0.017849414271899712,mid,0.0,0.421875
3B,counting,0.017849414271899712,mid,0.0,0.4375
3B,counting,0.017849414271899712,mid,0.0,0.453125
3B,counting,0.017849414271899712,mid,0.0,0.46875
3B,counting,0.017849414271899712,mid,0.0,0.484375
3B,counting,0.017849414271899712,mid,0.0,0.5
3B,counting,0.017849414271899712,mid,0.0,0.515625
3B,counting,0.017849414271899712,mid,0.0,0.53125
3B,counting,0.017849414271899712,mid,0.0,0.546875
3B,counting,0.017849414271899712,mid,0.0,0.5625
3B,counting,0.017849414271899712,mid,0.0,0.578125
3B,counting,0.017849414271899712,mid,0.0,0.59375
3B,counting,0.017849414271899712,mid,0.0,0.609375
3B,counting,0.017849414271899712,mid,0.0,0.625
3B,counting,0.017849414271899712,mid,0.0,0.640625
3B,counting,0.017849414271899712,mid,0.0,0.65625
3B,counting,0.017849414271899712,mid,0.0,0.671875
3B,counting,0.017849414271899712,mid,0.019999999999999907,0.6875
3B,counting,0.017849414271899712,mid,0.019999999999999907,0.703125
3B,counting,0.017849414271899712,mid,0.019999999999999907,0.71875
3B,counting,0.017849414271899712,mid,0.019999999999999907,0.734375
3B,counting,0.017849414271899712,mid,0.019999999999999907,0.75
3B,counting,0.017849414271899712,mid,0.019999999999999907,0.765625
3B,counting,0.017849414271899712,mid,0.019999999999999907,0.78125
3B,counting,0.017849414271899712,mid,0.019999999999999907,0.796875
3B,counting,0.017849414271899712,mid,0.019999999999999907,0.8125
3B,counting,0.017849414271899712,mid,0.019999999999999907,0.828125
3B,counting,0.017849414271899712,mid,0.019999999999999907,0.84375
3B,counting,0.017849414271899712,mid,0.019999999999999907,0.859375
3B,counting,0.017849414271899712,mid,0.019999999999999907,0.875
3B,counting,0.017849414271899712,mid,0.019999999999999907,0.890625
3B,counting,0.017849414271899712,mid,0.019999999999999907,0.90625
3B,counting,0.017849414271899712,mid,0.019999999999999907,0.921875
3B,counting,0.017849414271899712,mid,0.019999999999999907,0.9375
3B,counting,0.017849414271899712,mid,0.019999999999999907,0.953125
3B,counting,0.017849414271899712,mid,0.019999999999999907,0.96875
3B,counting,0.017849414271899712,mid,0.039999999999999925,0.984375
3B,counting,0.017849414271899712,mid,0.039999999999999925,1.0
3B,counting,0.07139765708759885,transition,-0.08000000000000007,0.015625
3B,counting,0.07139765708759885,transition,-0.08000000000000007,0.03125
3B,counting,0.07139765708759885,transition,-0.06000000000000005,0.046875
3B,counting,0.07139765708759885,transition,-0.06000000000000005,0.0625
3B,counting,0.07139765708759885,transition,-0.06000000000000005,0.078125
3B,counting,0.07139765708759885,transition,-0.06000000000000005,0.09375
3B,counting,0.07139765708759885,transition,-0.040000000000000036,0.109375
3B,counting,0.07139765708759885,transition,-0.040000000000000036,0.125
3B,counting,0.07139765708759885,transition,-0.040000000000000036,0.140625
3B,counting,0.07139765708759885,transition,-0.040000000000000036,0.15625
3B,counting,0.07139765708759885,transition,-0.040000000000000036,0.171875
3B,counting,0.07139765708759885,transition,-0.040000000000000036,0.1875
3B,counting,0.07139765708759885,transition,-0.040000000000000036,0.203125
3B,counting,0.07139765708759885,transition,-0.040000000000000036,0.21875
3B,counting,0.07139765708759885,transition,-0.040000000000000036,0.234375
3B,counting,0.07139765708759885,transition,-0.040000000000000036,0.25
3B,counting,0.07139765708759885,transition,-0.040000000000000036,0.265625
3B,counting,0.07139765708759885,transition,-0.040000000000000036,0.28125
3B,counting,0.07139765708759885,transition,-0.040000000000000036,0.296875
3B,counting,0.07139765708759885,transition,-0.020000000000000018,0.3125
3B,counting,0.07139765708759885,transition,-0.020000000000000018,0.328125
3B,counting,0.07139765708759885,transition,-0.020000000000000018,0.34375
3B,counting,0.07139765708759885,transition,-0.020000000000000018,0.359375
3B,counting,0.07139765708759885,transition,-0.020000000000000018,0.375
3B,counting,0.07139765708759885,transition,-0.020000000000000018,0.390625
3B,counting,0.07139765708759885,transition,-0.020000000000000018,0.40625
3B,counting,0.07139765708759885,transition,-0.020000000000000018,0.421875
3B,counting,0.07139765708759885,transition,-0.020000000000000018,0.4375
3B,counting,0.07139765708759885,transition,-0.020000000000000018,0.453125
3B,counting,0.07139765708759885,transition,-0.020000000000000018,0.46875
3B,counting,0.07139765708759885,transition,-0.020000000000000018,0.484375
3B,counting,0.07139765708759885,transition,-0.020000000000000018,0.5
3B,counting,0.07139765708759885,transition,-0.020000000000000018,0.515625
3B,counting,0.07139765708759885,transition,-0.020000000000000018,0.53125
3B,counting,0.07139765708759885,transition,0.0,0.546875
3B,counting,0.07139765708759885,transition,0.0,0.5625
3B,counting,0.07139765708759885,transition,0.0,0.578125
3B,counting,0.07139765708759885,transition,0.0,0.59375
3B,counting,0.07139765708759885,transition,0.0,0.609375
3B,counting,0.07139765708759885,transition,0.0,0.625
3B,counting,0.07139765708759885,transition,0.0,0.640625
3B,counting,0.07139765708759885,transition,0.0,0.65625
3B,counting,0.07139765708759885,transition,0.0,0.671875
3B,counting,0.07139765708759885,transition,0.0,0.6875
3B,counting,0.07139765708759885,transition,0.0,0.703125
3B,counting,0.07139765708759885,transition,0.0,0.71875
3B,counting,0.07139765708759885,transition,0.0,0.734375
3B,counting,0.07139765708759885,transition,0.0,0.75
3B,counting,0.07139765708759885,transition,0.0,0.765625
3B,counting,0.07139765708759885,transition,0.019999999999999907,0.78125
3B,counting,0.07139765708759885,transition,0.019999999999999907,0.796875
3B,counting,0.07139765708759885,transition,0.019999999999999907,0.8125
3B,counting,0.07139765708759885,transition,0.019999999999999907,0.828125
3B,counting,0.07139765708759885,transition,0.019999999999999907,0.84375
3B,counting,0.07139765708759885,transition,0.019999999999999907,0.859375
3B,counting,0.07139765708759885,transition,0.019999999999999907,0.875
3B,counting,0.07139765708759885,transition,0.019999999999999907,0.890625
3B,counting,0.07139765708759885,transition,0.039999999999999925,0.90625
3B,counting,0.07139765708759885,transition,0.039999999999999925,0.921875
3B,counting,0.07139765708759885,transition,0.039999999999999925,0.9375
3B,counting,0.07139765708759885,transition,0.039999999999999925,0.953125
3B,counting,0.07139765708759885,transition,0.039999999999999925,0.96875
3B,counting,0.07139765708759885,transition,0.039999999999999925,0.984375
3B,counting,0.07139765708759885,transition,0.05999999999999994,1.0
3B,spatial_reasoning,0.0035698828543799426,small,-0.039999999999999925,0.015625
3B,spatial_reasoning,0.0035698828543799426,small,-0.019999999999999907,0.03125
3B,spatial_reasoning,0.0035698828543799426,small,-0.019999999999999907,0.046875
3B,spatial_reasoning,0.0035698828543799426,small,-0.019999999999999907,0.0625
3B,spatial_reasoning,0.0035698828543799426,small,-0.019999999999999907,0.078125
3B,spatial_reasoning,0.0035698828543799426,small,-0.019999999999999907,0.09375
3B,spatial_reasoning,0.0035698828543799426,small,-0.019999999999999907,0.109375
3B,spatial_reasoning,0.0035698828543799426,small,-0.019999999999999907,0.125
3B,spatial_reasoning,0.0035698828543799426,small,-0.019999999999999907,0.140625
3B,spatial_reasoning,0.0035698828543799426,small,-0.019999999999999907,0.15625
3B,spatial_reasoning,0.0035698828543799426,small,-0.019999999999999907,0.171875
3B,spatial_reasoning,0.0035698828543799426,small,-0.019999999999999907,0.1875
3B,spatial_reasoning,0.0035698828543799426,small,-0.019999999999999907,0.203125
3B,spatial_reasoning,0.0035698828543799426,small,-0.019999999999999907,0.21875
3B,spatial_reasoning,0.0035698828543799426,small,-0.019999999999999907,0.234375
3B,spatial_reasoning,0.0035698828543799426,small,-0.019999999999999907,0.25
3B,spatial_reasoning,0.0035698828543799426,small,-0.019999999999999907,0.265625
3B,spatial_reasoning,0.0035698828543799426,small,-0.019999999999999907,0.28125
3B,spatial_reasoning,0.0035698828543799426,small,-0.019999999999999907,0.296875
3B,spatial_reasoning,0.0035698828543799426,small,-0.019999999999999907,0.3125
3B,spatial_reasoning,0.0035698828543799426,small,-0.019999999999999907,0.328125
3B,spatial_reasoning,0.0035698828543799426,small,0.0,0.34375
3B,spatial_reasoning,0.0035698828543799426,small,0.0,0.359375
3B,spatial_reasoning,0.0035698828543799426,small,0.0,0.375
3B,spatial_reasoning,0.0035698828543799426,small,0.0,0.390625
3B,spatial_reasoning,0.0035698828543799426,small,0.0,0.40625
3B,spatial_reasoning,0.0035698828543799426,small,0.0,0.421875
3B,spatial_reasoning,0.0035698828543799426,small,0.0,0.4375
3B,spatial_reasoning,0.0035698828543799426,small,0.0,0.453125
3B,spatial_reasoning,0.0035698828543799426,small,0.0,0.46875
3B,spatial_reasoning,0.0035698828543799426,small,0.0,0.484375
3B,spatial_reasoning,0.0035698828543799426,small,0.0,0.5
3B,spatial_reasoning,0.0035698828543799426,small,0.0,0.515625
3B,spatial_reasoning,0.0035698828543799426,small,0.0,0.53125
3B,spatial_reasoning,0.0035698828543799426,small,0.0,0.546875
3B,spatial_reasoning,0.0035698828543799426,small,0.0,0.5625
3B,spatial_reasoning,0.0035698828543799426,small,0.0,0.578125
3B,spatial_reasoning,0.0035698828543799426,small,0.0,0.59375
3B,spatial_reasoning,0.0035698828543799426,small,0.0,0.609375
3B,spatial_reasoning,0.0035698828543799426,small,0.0,0.625
3B,spatial_reasoning,0.0035698828543799426,small,0.0,0.640625
3B,spatial_reasoning,0.0035698828543799426,small,0.0,0.65625
3B,spatial_reasoning,0.0035698828543799426,small,0.0,0.671875
3B,spatial_reasoning,0.0035698828543799426,small,0.0,0.6875
3B,spatial_reasoning,0.0035698828543799426,small,0.0,0.703125
3B,spatial_reasoning,0.0035698828543799426,small,0.0,0.71875
3B,spatial_reasoning,0.0035698828543799426,small,0.0,0.734375
3B,spatial_reasoning,0.0035698828543799426,small,0.020000000000000018,0.75
3B,spatial_reasoning,0.0035698828543799426,small,0.020000000000000018,0.765625
3B,spatial_reasoning,0.0035698828543799426,small,0.020000000000000018,0.78125
3B,spatial_reasoning,0.0035698828543799426,small,0.020000000000000018,0.796875
3B,spatial_reasoning,0.0035698828543799426,small,0.020000000000000018,0.8125
3B,spatial_reasoning,0.0035698828543799426,small,0.020000000000000018,0.828125
3B,spatial_reasoning,0.0035698828543799426,small,0.020000000000000018,0.84375
3B,spatial_reasoning,0.0035698828543799426,small,0.020000000000000018,0.859375
3B,spatial_reasoning,0.0035698828543799426,small,0.020000000000000018,0.875
3B,spatial_reasoning,0.0035698828543799426,small,0.020000000000000018,0.890625
3B,spatial_reasoning,0.0035698828543799426,small,0.020000000000000018,0.90625
3B,spatial_reasoning,0.0035698828543799426,small,0.020000000000000018,0.921875
3B,spatial_reasoning,0.0035698828543799426,small,0.020000000000000018,0.9375
3B,spatial_reasoning,0.0035698828543799426,small,0.020000000000000018,0.953125
3B,spatial_reasoning,0.0035698828543799426,small,0.020000000000000018,0.96875
3B,spatial_reasoning,0.0035698828543799426,small,0.020000000000000018,0.984375
3B,spatial_reasoning,0.0035698828543799426,small,0.040000000000000036,1.0
3B,spatial_reasoning,0.017849414271899712,mid,-0.07999999999999996,0.015625
3B,spatial_reasoning,0.017849414271899712,mid,-0.05999999999999994,0.03125
3B,spatial_reasoning,0.017849414271899712,mid,-0.05999999999999994,0.046875
3B,spatial_reasoning,0.017849414271899712,mid,-0.039999999999999925,0.0625
3B,spatial_reasoning,0.017849414271899712,mid,-0.019999999999999907,0.078125
3B,spatial_reasoning,0.017849414271899712,mid,-0.019999999999999907,0.09375
3B,spatial_reasoning,0.017849414271899712,mid,-0.019999999999999907,0.109375
3B,spatial_reasoning,0.017849414271899712,mid,-0.019999999999999907,0.125
3B,spatial_reasoning,0.017849414271899712,mid,-0.019999999999999907,0.140625
3B,spatial_reasoning,0.017849414271899712,mid,0.0,0.15625
3B,spatial_reasoning,0.017849414271899712,mid,0.0,0.171875
3B,spatial_reasoning,0.017849414271899712,mid,0.0,0.1875
3B,spatial_reasoning,0.017849414271899712,mid,0.0,0.203125
3B,spatial_reasoning,0.017849414271899712,mid,0.0,0.21875
3B,spatial_reasoning,0.017849414271899712,mid,0.0,0.234375
3B,spatial_reasoning,0.017849414271899712,mid,0.0,0.25
3B,spatial_reasoning,0.017849414271899712,mid,0.0,0.265625
3B,spatial_reasoning,0.017849414271899712,mid,0.0,0.28125
3B,spatial_reasoning,0.017849414271899712,mid,0.0,0.296875
3B,spatial_reasoning,0.017849414271899712,mid,0.0,0.3125
3B,spatial_reasoning,0.017849414271899712,mid,0.0,0.328125
3B,spatial_reasoning,0.017849414271899712,mid,0.0,0.34375
3B,spatial_reasoning,0.017849414271899712,mid,0.0,0.359375
3B,spatial_reasoning,0.017849414271899712,mid,0.020000000000000018,0.375
3B,spatial_reasoning,0.017849414271899712,mid,0.020000000000000018,0.390625
3B,spatial_reasoning,0.017849414271899712,mid,0.020000000000000018,0.40625
3B,spatial_reasoning,0.017849414271899712,mid,0.020000000000000018,0.421875
3B,spatial_reasoning,0.017849414271899712,mid,0.020000000000000018,0.4375
3B,spatial_reasoning,0.017849414271899712,mid,0.020000000000000018,0.453125
3B,spatial_reasoning,0.017849414271899712,mid,0.020000000000000018,0.46875
3B,spatial_reasoning,0.017849414271899712,mid,0.020000000000000018,0.484375
3B,spatial_reasoning,0.017849414271899712,mid,0.020000000000000018,0.5
3B,spatial_reasoning,0.017849414271899712,mid,0.020000000000000018,0.515625
3B,spatial_reasoning,0.017849414271899712,mid,0.020000000000000018,0.53125
3B,spatial_reasoning,0.017849414271899712,mid,0.020000000000000018,0.546875
3B,spatial_reasoning,0.017849414271899712,mid,0.020000000000000018,0.5625
3B,spatial_reasoning,0.017849414271899712,mid,0.020000000000000018,0.578125
3B,spatial_reasoning,0.017849414271899712,mid,0.020000000000000018,0.59375
3B,spatial_reasoning,0.017849414271899712,mid,0.020000000000000018,0.609375
3B,spatial_reasoning,0.017849414271899712,mid,0.020000000000000018,0.625
3B,spatial_reasoning,0.017849414271899712,mid,0.020000000000000018,0.640625
3B,spatial_reasoning,0.017849414271899712,mid,0.020000000000000018,0.65625
3B,spatial_reasoning,0.017849414271899712,mid,0.040000000000000036,0.671875
3B,spatial_reasoning,0.017849414271899712,mid,0.040000000000000036,0.6875
3B,spatial_reasoning,0.017849414271899712,mid,0.040000000000000036,0.703125
3B,spatial_reasoning,0.017849414271899712,mid,0.040000000000000036,0.71875
3B,spatial_reasoning,0.017849414271899712,mid,0.040000000000000036,0.734375
3B,spatial_reasoning,0.017849414271899712,mid,0.040000000000000036,0.75
3B,spatial_reasoning,0.017849414271899712,mid,0.040000000000000036,0.765625
3B,spatial_reasoning,0.017849414271899712,mid,0.040000000000000036,0.78125
3B,spatial_reasoning,0.017849414271899712,mid,0.040000000000000036,0.796875
3B,spatial_reasoning,0.017849414271899712,mid,0.040000000000000036,0.8125
3B,spatial_reasoning,0.017849414271899712,mid,0.040000000000000036,0.828125
3B,spatial_reasoning,0.017849414271899712,mid,0.040000000000000036,0.84375
3B,spatial_reasoning,0.017849414271899712,mid,0.040000000000000036,0.859375
3B,spatial_reasoning,0.017849414271899712,mid,0.040000000000000036,0.875
3B,spatial_reasoning,0.017849414271899712,mid,0.06000000000000005,0.890625
3B,spatial_reasoning,0.017849414271899712,mid,0.06000000000000005,0.90625
3B,spatial_reasoning,0.017849414271899712,mid,0.06000000000000005,0.921875
3B,spatial_reasoning,0.017849414271899712,mid,0.06000000000000005,0.9375
3B,spatial_reasoning,0.017849414271899712,mid,0.06000000000000005,0.953125
3B,spatial_reasoning,0.017849414271899712,mid,0.06000000000000005,0.96875
3B,spatial_reasoning,0.017849414271899712,mid,0.08000000000000007,0.984375
3B,spatial_reasoning,0.017849414271899712,mid,0.10000000000000009,1.0
3B,spatial_reasoning,0.07139765708759885,transition,-0.33999999999999997,0.015625
3B,spatial_reasoning,0.07139765708759885,transition,-0.23999999999999994,0.03125
3B,spatial_reasoning,0.07139765708759885,transition,-0.17999999999999994,0.046875
3B,spatial_reasoning,0.07139765708759885,transition,-0.17999999999999994,0.0625
3B,spatial_reasoning,0.07139765708759885,transition,-0.15999999999999992,0.078125
3B,spatial_reasoning,0.07139765708759885,transition,-0.1399999999999999,0.09375
3B,spatial_reasoning,0.07139765708759885,transition,-0.1399999999999999,0.109375
3B,spatial_reasoning,0.07139765708759885,transition,-0.12,0.125
3B,spatial_reasoning,0.07139765708759885,transition,-0.09999999999999998,0.140625
3B,spatial_reasoning,0.07139765708759885,transition,-0.07999999999999996,0.15625
3B,spatial_reasoning,0.07139765708759885,transition,-0.07999999999999996,0.171875
3B,spatial_reasoning,0.07139765708759885,transition,-0.05999999999999994,0.1875
3B,spatial_reasoning,0.07139765708759885,transition,-0.05999999999999994,0.203125
3B,spatial_reasoning,0.07139765708759885,transition,-0.05999999999999994,0.21875
3B,spatial_reasoning,0.07139765708759885,transition,-0.05999999999999994,0.234375
3B,spatial_reasoning,0.07139765708759885,transition,-0.05999999999999994,0.25
3B,spatial_reasoning,0.07139765708759885,transition,-0.05999999999999994,0.265625
3B,spatial_reasoning,0.07139765708759885,transition,-0.05999999999999994,0.28125
3B,spatial_reasoning,0.07139765708759885,transition,-0.039999999999999925,0.296875
3B,spatial_reasoning,0.07139765708759885,transition,-0.039999999999999925,0.3125
3B,spatial_reasoning,0.07139765708759885,transition,-0.039999999999999925,0.328125
3B,spatial_reasoning,0.07139765708759885,transition,-0.039999999999999925,0.34375
3B,spatial_reasoning,0.07139765708759885,transition,-0.039999999999999925,0.359375
3B,spatial_reasoning,0.07139765708759885,transition,-0.039999999999999925,0.375
3B,spatial_reasoning,0.07139765708759885,transition,-0.019999999999999907,0.390625
3B,spatial_reasoning,0.07139765708759885,transition,-0.019999999999999907,0.40625
3B,spatial_reasoning,0.07139765708759885,transition,-0.019999999999999907,0.421875
3B,spatial_reasoning,0.07139765708759885,transition,-0.019999999999999907,0.4375
3B,spatial_reasoning,0.07139765708759885,transition,-0.019999999999999907,0.453125
3B,spatial_reasoning,0.07139765708759885,transition,-0.019999999999999907,0.46875
3B,spatial_reasoning,0.07139765708759885,transition,0.0,0.484375
3B,spatial_reasoning,0.07139765708759885,transition,0.0,0.5
3B,spatial_reasoning,0.07139765708759885,transition,0.0,0.515625
3B,spatial_reasoning,0.07139765708759885,transition,0.0,0.53125
3B,spatial_reasoning,0.07139765708759885,transition,0.020000000000000018,0.546875
3B,spatial_reasoning,0.07139765708759885,transition,0.020000000000000018,0.5625
3B,spatial_reasoning,0.07139765708759885,transition,0.020000000000000018,0.578125
3B,spatial_reasoning,0.07139765708759885,transition,0.020000000000000018,0.59375
3B,spatial_reasoning,0.07139765708759885,transition,0.020000000000000018,0.609375
3B,spatial_reasoning,0.07139765708759885,transition,0.020000000000000018,0.625
3B,spatial_reasoning,0.07139765708759885,transition,0.020000000000000018,0.640625
3B,spatial_reasoning,0.07139765708759885,transition,0.020000000000000018,0.65625
3B,spatial_reasoning,0.07139765708759885,transition,0.020000000000000018,0.671875
3B,spatial_reasoning,0.07139765708759885,transition,0.020000000000000018,0.6875
3B,spatial_reasoning,0.07139765708759885,transition,0.020000000000000018,0.703125
3B,spatial_reasoning,0.07139765708759885,transition,0.020000000000000018,0.71875
3B,spatial_reasoning,0.07139765708759885,transition,0.020000000000000018,0.734375
3B,spatial_reasoning,0.07139765708759885,transition,0.040000000000000036,0.75
3B,spatial_reasoning,0.07139765708759885,transition,0.040000000000000036,0.765625
3B,spatial_reasoning,0.07139765708759885,transition,0.040000000000000036,0.78125
3B,spatial_reasoning,0.07139765708759885,transition,0.040000000000000036,0.796875
3B,spatial_reasoning,0.07139765708759885,transition,0.040000000000000036,0.8125
3B,spatial_reasoning,0.07139765708759885,transition,0.040000000000000036,0.828125
3B,spatial_reasoning,0.07139765708759885,transition,0.040000000000000036,0.84375
3B,spatial_reasoning,0.07139765708759885,transition,0.040000000000000036,0.859375
3B,spatial_reasoning,0.07139765708759885,transition,0.040000000000000036,0.875
3B,spatial_reasoning,0.07139765708759885,transition,0.040000000000000036,0.890625
3B,spatial_reasoning,0.07139765708759885,transition,0.06000000000000005,0.90625
3B,spatial_reasoning,0.07139765708759885,transition,0.06000000000000005,0.921875
3B,spatial_reasoning,0.07139765708759885,transition,0.08000000000000007,0.9375
3B,spatial_reasoning,0.07139765708759885,transition,0.08000000000000007,0.953125
3B,spatial_reasoning,0.07139765708759885,transition,0.08000000000000007,0.96875
3B,spatial_reasoning,0.07139765708759885,transition,0.08000000000000007,0.984375
3B,spatial_reasoning,0.07139765708759885,transition,0.14,1.0
3B,ocr_text_recognition_grounded,0.0035698828543799426,small,-0.020000000000000018,0.015625
3B,ocr_text_recognition_grounded,0.0035698828543799426,small,-0.020000000000000018,0.03125
3B,ocr_text_recognition_grounded,0.0035698828543799426,small,-0.020000000000000018,0.046875
3B,ocr_text_recognition_grounded,0.0035698828543799426,small,-0.020000000000000018,0.0625
3B,ocr_text_recognition_grounded,0.0035698828543799426,small,-0.020000000000000018,0.078125
3B,ocr_text_recognition_grounded,0.0035698828543799426,small,0.0,0.09375
3B,ocr_text_recognition_grounded,0.0035698828543799426,small,0.0,0.109375
3B,ocr_text_recognition_grounded,0.0035698828543799426,small,0.0,0.125
3B,ocr_text_recognition_grounded,0.0035698828543799426,small,0.0,0.140625
3B,ocr_text_recognition_grounded,0.0035698828543799426,small,0.0,0.15625
3B,ocr_text_recognition_grounded,0.0035698828543799426,small,0.0,0.171875
3B,ocr_text_recognition_grounded,0.0035698828543799426,small,0.0,0.1875
3B,ocr_text_recognition_grounded,0.0035698828543799426,small,0.0,0.203125
3B,ocr_text_recognition_grounded,0.0035698828543799426,small,0.0,0.21875
3B,ocr_text_recognition_grounded,0.0035698828543799426,small,0.0,0.234375
3B,ocr_text_recognition_grounded,0.0035698828543799426,small,0.0,0.25
3B,ocr_text_recognition_grounded,0.0035698828543799426,small,0.0,0.265625
3B,ocr_text_recognition_grounded,0.0035698828543799426,small,0.0,0.28125
3B,ocr_text_recognition_grounded,0.0035698828543799426,small,0.0,0.296875
3B,ocr_text_recognition_grounded,0.0035698828543799426,small,0.0,0.3125
3B,ocr_text_recognition_grounded,0.0035698828543799426,small,0.0,0.328125
3B,ocr_text_recognition_grounded,0.0035698828543799426,small,0.0,0.34375
3B,ocr_text_recognition_grounded,0.0035698828543799426,small,0.0,0.359375
3B,ocr_text_recognition_grounded,0.0035698828543799426,small,0.0,0.375
3B,ocr_text_recognition_grounded,0.0035698828543799426,small,0.0,0.390625
3B,ocr_text_recognition_grounded,0.0035698828543799426,small,0.0,0.40625
3B,ocr_text_recognition_grounded,0.0035698828543799426,small,0.0,0.421875
3B,ocr_text_recognition_grounded,0.0035698828543799426,small,0.0,0.4375
3B,ocr_text_recognition_grounded,0.0035698828543799426,small,0.0,0.453125
3B,ocr_text_recognition_grounded,0.0035698828543799426,small,0.0,0.46875
3B,ocr_text_recognition_grounded,0.0035698828543799426,small,0.0,0.484375
3B,ocr_text_recognition_grounded,0.0035698828543799426,small,0.0,0.5
3B,ocr_text_recognition_grounded,0.0035698828543799426,small,0.0,0.515625
3B,ocr_text_recognition_grounded,0.0035698828543799426,small,0.0,0.53125
3B,ocr_text_recognition_grounded,0.0035698828543799426,small,0.0,0.546875
3B,ocr_text_recognition_grounded,0.0035698828543799426,small,0.0,0.5625
3B,ocr_text_recognition_grounded,0.0035698828543799426,small,0.0,0.578125
3B,ocr_text_recognition_grounded,0.0035698828543799426,small,0.0,0.59375
3B,ocr_text_recognition_grounded,0.0035698828543799426,small,0.0,0.609375
3B,ocr_text_recognition_grounded,0.0035698828543799426,small,0.0,0.625
3B,ocr_text_recognition_grounded,0.0035698828543799426,small,0.0,0.640625
3B,ocr_text_recognition_grounded,0.0035698828543799426,small,0.0,0.65625
3B,ocr_text_recognition_grounded,0.0035698828543799426,small,0.0,0.671875
3B,ocr_text_recognition_grounded,0.0035698828543799426,small,0.0,0.6875
3B,ocr_text_recognition_grounded,0.0035698828543799426,small,0.0,0.703125
3B,ocr_text_recognition_grounded,0.0035698828543799426,small,0.0,0.71875
3B,ocr_text_recognition_grounded,0.0035698828543799426,small,0.0,0.734375
3B,ocr_text_recognition_grounded,0.0035698828543799426,small,0.0,0.75
3B,ocr_text_recognition_grounded,0.0035698828543799426,small,0.0,0.765625
3B,ocr_text_recognition_grounded,0.0035698828543799426,small,0.0,0.78125
3B,ocr_text_recognition_grounded,0.0035698828543799426,small,0.0,0.796875
3B,ocr_text_recognition_grounded,0.0035698828543799426,small,0.0,0.8125
3B,ocr_text_recognition_grounded,0.0035698828543799426,small,0.0,0.828125
3B,ocr_text_recognition_grounded,0.0035698828543799426,small,0.0,0.84375
3B,ocr_text_recognition_grounded,0.0035698828543799426,small,0.0,0.859375
3B,ocr_text_recognition_grounded,0.0035698828543799426,small,0.0,0.875
3B,ocr_text_recognition_grounded,0.0035698828543799426,small,0.0,0.890625
3B,ocr_text_recognition_grounded,0.0035698828543799426,small,0.0,0.90625
3B,ocr_text_recognition_grounded,0.0035698828543799426,small,0.0,0.921875
3B,ocr_text_recognition_grounded,0.0035698828543799426,small,0.0,0.9375
3B,ocr_text_recognition_grounded,0.0035698828543799426,small,0.0,0.953125
3B,ocr_text_recognition_grounded,0.0035698828543799426,small,0.0020000000000000018,0.96875
3B,ocr_text_recognition_grounded,0.0035698828543799426,small,0.0020000000000000018,0.984375
3B,ocr_text_recognition_grounded,0.0035698828543799426,small,0.0020000000000000018,1.0
3B,ocr_text_recognition_grounded,0.017849414271899712,mid,-0.039999999999999925,0.015625
3B,ocr_text_recognition_grounded,0.017849414271899712,mid,-0.039999999999999925,0.03125
3B,ocr_text_recognition_grounded,0.017849414271899712,mid,-0.03799999999999992,0.046875
3B,ocr_text_recognition_grounded,0.017849414271899712,mid,-0.03799999999999992,0.0625
3B,ocr_text_recognition_grounded,0.017849414271899712,mid,-0.03799999999999992,0.078125
3B,ocr_text_recognition_grounded,0.017849414271899712,mid,-0.03799999999999992,0.09375
3B,ocr_text_recognition_grounded,0.017849414271899712,mid,-0.03799999999999992,0.109375
3B,ocr_text_recognition_grounded,0.017849414271899712,mid,-0.020000000000000018,0.125
3B,ocr_text_recognition_grounded,0.017849414271899712,mid,-0.020000000000000018,0.140625
3B,ocr_text_recognition_grounded,0.017849414271899712,mid,-0.020000000000000018,0.15625
3B,ocr_text_recognition_grounded,0.017849414271899712,mid,-0.020000000000000018,0.171875
3B,ocr_text_recognition_grounded,0.017849414271899712,mid,-0.020000000000000018,0.1875
3B,ocr_text_recognition_grounded,0.017849414271899712,mid,-0.020000000000000018,0.203125
3B,ocr_text_recognition_grounded,0.017849414271899712,mid,-0.020000000000000018,0.21875
3B,ocr_text_recognition_grounded,0.017849414271899712,mid,-0.020000000000000018,0.234375
3B,ocr_text_recognition_grounded,0.017849414271899712,mid,-0.020000000000000018,0.25
3B,ocr_text_recognition_grounded,0.017849414271899712,mid,-0.020000000000000018,0.265625
3B,ocr_text_recognition_grounded,0.017849414271899712,mid,-0.020000000000000018,0.28125
3B,ocr_text_recognition_grounded,0.017849414271899712,mid,-0.020000000000000018,0.296875
3B,ocr_text_recognition_grounded,0.017849414271899712,mid,-0.020000000000000018,0.3125
3B,ocr_text_recognition_grounded,0.017849414271899712,mid,-0.020000000000000018,0.328125
3B,ocr_text_recognition_grounded,0.017849414271899712,mid,-0.020000000000000018,0.34375
3B,ocr_text_recognition_grounded,0.017849414271899712,mid,-0.020000000000000018,0.359375
3B,ocr_text_recognition_grounded,0.017849414271899712,mid,-0.020000000000000018,0.375
3B,ocr_text_recognition_grounded,0.017849414271899712,mid,-0.020000000000000018,0.390625
3B,ocr_text_recognition_grounded,0.017849414271899712,mid,-0.017999999999999905,0.40625
3B,ocr_text_recognition_grounded,0.017849414271899712,mid,-0.017999999999999905,0.421875
3B,ocr_text_recognition_grounded,0.017849414271899712,mid,-0.017999999999999905,0.4375
3B,ocr_text_recognition_grounded,0.017849414271899712,mid,-0.017999999999999905,0.453125
3B,ocr_text_recognition_grounded,0.017849414271899712,mid,-0.017999999999999905,0.46875
3B,ocr_text_recognition_grounded,0.017849414271899712,mid,-0.017999999999999905,0.484375
3B,ocr_text_recognition_grounded,0.017849414271899712,mid,-0.017999999999999905,0.5
3B,ocr_text_recognition_grounded,0.017849414271899712,mid,-0.017999999999999905,0.515625
3B,ocr_text_recognition_grounded,0.017849414271899712,mid,-0.015999999999999903,0.53125
3B,ocr_text_recognition_grounded,0.017849414271899712,mid,0.0,0.546875
3B,ocr_text_recognition_grounded,0.017849414271899712,mid,0.0,0.5625
3B,ocr_text_recognition_grounded,0.017849414271899712,mid,0.0,0.578125
3B,ocr_text_recognition_grounded,0.017849414271899712,mid,0.0,0.59375
3B,ocr_text_recognition_grounded,0.017849414271899712,mid,0.0,0.609375
3B,ocr_text_recognition_grounded,0.017849414271899712,mid,0.0,0.625
3B,ocr_text_recognition_grounded,0.017849414271899712,mid,0.0,0.640625
3B,ocr_text_recognition_grounded,0.017849414271899712,mid,0.0,0.65625
3B,ocr_text_recognition_grounded,0.017849414271899712,mid,0.0,0.671875
3B,ocr_text_recognition_grounded,0.017849414271899712,mid,0.0,0.6875
3B,ocr_text_recognition_grounded,0.017849414271899712,mid,0.0,0.703125
3B,ocr_text_recognition_grounded,0.017849414271899712,mid,0.0,0.71875
3B,ocr_text_recognition_grounded,0.017849414271899712,mid,0.0,0.734375
3B,ocr_text_recognition_grounded,0.017849414271899712,mid,0.0,0.75
3B,ocr_text_recognition_grounded,0.017849414271899712,mid,0.0,0.765625
3B,ocr_text_recognition_grounded,0.017849414271899712,mid,0.0,0.78125
3B,ocr_text_recognition_grounded,0.017849414271899712,mid,0.0,0.796875
3B,ocr_text_recognition_grounded,0.017849414271899712,mid,0.0,0.8125
3B,ocr_text_recognition_grounded,0.017849414271899712,mid,0.0,0.828125
3B,ocr_text_recognition_grounded,0.017849414271899712,mid,0.0,0.84375
3B,ocr_text_recognition_grounded,0.017849414271899712,mid,0.0,0.859375
3B,ocr_text_recognition_grounded,0.017849414271899712,mid,0.0020000000000000018,0.875
3B,ocr_text_recognition_grounded,0.017849414271899712,mid,0.0020000000000000018,0.890625
3B,ocr_text_recognition_grounded,0.017849414271899712,mid,0.0020000000000000018,0.90625
3B,ocr_text_recognition_grounded,0.017849414271899712,mid,0.0020000000000000018,0.921875
3B,ocr_text_recognition_grounded,0.017849414271899712,mid,0.0020000000000000018,0.9375
3B,ocr_text_recognition_grounded,0.017849414271899712,mid,0.0020000000000000018,0.953125
3B,ocr_text_recognition_grounded,0.017849414271899712,mid,0.0020000000000000018,0.96875
3B,ocr_text_recognition_grounded,0.017849414271899712,mid,0.0020000000000000018,0.984375
3B,ocr_text_recognition_grounded,0.017849414271899712,mid,0.020000000000000018,1.0
3B,ocr_text_recognition_grounded,0.07139765708759885,transition,-0.10799999999999998,0.015625
3B,ocr_text_recognition_grounded,0.07139765708759885,transition,-0.10199999999999998,0.03125
3B,ocr_text_recognition_grounded,0.07139765708759885,transition,-0.09999999999999998,0.046875
3B,ocr_text_recognition_grounded,0.07139765708759885,transition,-0.09199999999999997,0.0625
3B,ocr_text_recognition_grounded,0.07139765708759885,transition,-0.08799999999999997,0.078125
3B,ocr_text_recognition_grounded,0.07139765708759885,transition,-0.08599999999999997,0.09375
3B,ocr_text_recognition_grounded,0.07139765708759885,transition,-0.08399999999999985,0.109375
3B,ocr_text_recognition_grounded,0.07139765708759885,transition,-0.08199999999999996,0.125
3B,ocr_text_recognition_grounded,0.07139765708759885,transition,-0.08199999999999996,0.140625
3B,ocr_text_recognition_grounded,0.07139765708759885,transition,-0.07799999999999996,0.15625
3B,ocr_text_recognition_grounded,0.07139765708759885,transition,-0.07799999999999996,0.171875
3B,ocr_text_recognition_grounded,0.07139765708759885,transition,-0.07799999999999996,0.1875
3B,ocr_text_recognition_grounded,0.07139765708759885,transition,-0.07799999999999996,0.203125
3B,ocr_text_recognition_grounded,0.07139765708759885,transition,-0.07399999999999984,0.21875
3B,ocr_text_recognition_grounded,0.07139765708759885,transition,-0.06599999999999995,0.234375
3B,ocr_text_recognition_grounded,0.07139765708759885,transition,-0.05999999999999994,0.25
3B,ocr_text_recognition_grounded,0.07139765708759885,transition,-0.05999999999999994,0.265625
3B,ocr_text_recognition_grounded,0.07139765708759885,transition,-0.05999999999999994,0.28125
3B,ocr_text_recognition_grounded,0.07139765708759885,transition,-0.05799999999999994,0.296875
3B,ocr_text_recognition_grounded,0.07139765708759885,transition,-0.05799999999999994,0.3125
3B,ocr_text_recognition_grounded,0.07139765708759885,transition,-0.05799999999999994,0.328125
3B,ocr_text_recognition_grounded,0.07139765708759885,transition,-0.05799999999999994,0.34375
3B,ocr_text_recognition_grounded,0.07139765708759885,transition,-0.05599999999999994,0.359375
3B,ocr_text_recognition_grounded,0.07139765708759885,transition,-0.05599999999999994,0.375
3B,ocr_text_recognition_grounded,0.07139765708759885,transition,-0.05599999999999994,0.390625
3B,ocr_text_recognition_grounded,0.07139765708759885,transition,-0.05399999999999994,0.40625
3B,ocr_text_recognition_grounded,0.07139765708759885,transition,-0.05399999999999994,0.421875
3B,ocr_text_recognition_grounded,0.07139765708759885,transition,-0.052000000000000046,0.4375
3B,ocr_text_recognition_grounded,0.07139765708759885,transition,-0.04799999999999993,0.453125
3B,ocr_text_recognition_grounded,0.07139765708759885,transition,-0.04799999999999993,0.46875
3B,ocr_text_recognition_grounded,0.07139765708759885,transition,-0.04599999999999993,0.484375
3B,ocr_text_recognition_grounded,0.07139765708759885,transition,-0.04599999999999993,0.5
3B,ocr_text_recognition_grounded,0.07139765708759885,transition,-0.04200000000000004,0.515625
3B,ocr_text_recognition_grounded,0.07139765708759885,transition,-0.039999999999999925,0.53125
3B,ocr_text_recognition_grounded,0.07139765708759885,transition,-0.039999999999999925,0.546875
3B,ocr_text_recognition_grounded,0.07139765708759885,transition,-0.03799999999999992,0.5625
3B,ocr_text_recognition_grounded,0.07139765708759885,transition,-0.03599999999999992,0.578125
3B,ocr_text_recognition_grounded,0.07139765708759885,transition,-0.03599999999999992,0.59375
3B,ocr_text_recognition_grounded,0.07139765708759885,transition,-0.03399999999999992,0.609375
3B,ocr_text_recognition_grounded,0.07139765708759885,transition,-0.03399999999999992,0.625
3B,ocr_text_recognition_grounded,0.07139765708759885,transition,-0.027999999999999914,0.640625
3B,ocr_text_recognition_grounded,0.07139765708759885,transition,-0.025999999999999912,0.65625
3B,ocr_text_recognition_grounded,0.07139765708759885,transition,-0.025999999999999912,0.671875
3B,ocr_text_recognition_grounded,0.07139765708759885,transition,-0.025999999999999912,0.6875
3B,ocr_text_recognition_grounded,0.07139765708759885,transition,-0.025999999999999912,0.703125
3B,ocr_text_recognition_grounded,0.07139765708759885,transition,-0.02200000000000002,0.71875
3B,ocr_text_recognition_grounded,0.07139765708759885,transition,-0.020000000000000018,0.734375
3B,ocr_text_recognition_grounded,0.07139765708759885,transition,-0.020000000000000018,0.75
3B,ocr_text_recognition_grounded,0.07139765708759885,transition,-0.020000000000000018,0.765625
3B,ocr_text_recognition_grounded,0.07139765708759885,transition,-0.020000000000000018,0.78125
3B,ocr_text_recognition_grounded,0.07139765708759885,transition,-0.017999999999999905,0.796875
3B,ocr_text_recognition_grounded,0.07139765708759885,transition,-0.017999999999999905,0.8125
3B,ocr_text_recognition_grounded,0.07139765708759885,transition,-0.015999999999999903,0.828125
3B,ocr_text_recognition_grounded,0.07139765708759885,transition,-0.013999999999999901,0.84375
3B,ocr_text_recognition_grounded,0.07139765708759885,transition,-0.010000000000000009,0.859375
3B,ocr_text_recognition_grounded,0.07139765708759885,transition,-0.005999999999999894,0.875
3B,ocr_text_recognition_grounded,0.07139765708759885,transition,0.0,0.890625
3B,ocr_text_recognition_grounded,0.07139765708759885,transition,0.0020000000000000018,0.90625
3B,ocr_text_recognition_grounded,0.07139765708759885,transition,0.0020000000000000018,0.921875
3B,ocr_text_recognition_grounded,0.07139765708759885,transition,0.004000000000000115,0.9375
3B,ocr_text_recognition_grounded,0.07139765708759885,transition,0.004000000000000115,0.953125
3B,ocr_text_recognition_grounded,0.07139765708759885,transition,0.004000000000000115,0.96875
3B,ocr_text_recognition_grounded,0.07139765708759885,transition,0.020000000000000018,0.984375
3B,ocr_text_recognition_grounded,0.07139765708759885,transition,0.020000000000000018,1.0
3B,relational_reasoning,0.0035698828543799426,small,-0.06000000000000005,0.015625
3B,relational_reasoning,0.0035698828543799426,small,-0.06000000000000005,0.03125
3B,relational_reasoning,0.0035698828543799426,small,-0.06000000000000005,0.046875
3B,relational_reasoning,0.0035698828543799426,small,-0.040000000000000036,0.0625
3B,relational_reasoning,0.0035698828543799426,small,-0.040000000000000036,0.078125
3B,relational_reasoning,0.0035698828543799426,small,-0.040000000000000036,0.09375
3B,relational_reasoning,0.0035698828543799426,small,-0.040000000000000036,0.109375
3B,relational_reasoning,0.0035698828543799426,small,-0.040000000000000036,0.125
3B,relational_reasoning,0.0035698828543799426,small,-0.040000000000000036,0.140625
3B,relational_reasoning,0.0035698828543799426,small,-0.040000000000000036,0.15625
3B,relational_reasoning,0.0035698828543799426,small,-0.040000000000000036,0.171875
3B,relational_reasoning,0.0035698828543799426,small,-0.020000000000000018,0.1875
3B,relational_reasoning,0.0035698828543799426,small,-0.020000000000000018,0.203125
3B,relational_reasoning,0.0035698828543799426,small,-0.020000000000000018,0.21875
3B,relational_reasoning,0.0035698828543799426,small,-0.020000000000000018,0.234375
3B,relational_reasoning,0.0035698828543799426,small,-0.020000000000000018,0.25
3B,relational_reasoning,0.0035698828543799426,small,-0.020000000000000018,0.265625
3B,relational_reasoning,0.0035698828543799426,small,-0.020000000000000018,0.28125
3B,relational_reasoning,0.0035698828543799426,small,-0.020000000000000018,0.296875
3B,relational_reasoning,0.0035698828543799426,small,-0.020000000000000018,0.3125
3B,relational_reasoning,0.0035698828543799426,small,-0.020000000000000018,0.328125
3B,relational_reasoning,0.0035698828543799426,small,-0.020000000000000018,0.34375
3B,relational_reasoning,0.0035698828543799426,small,-0.020000000000000018,0.359375
3B,relational_reasoning,0.0035698828543799426,small,-0.020000000000000018,0.375
3B,relational_reasoning,0.0035698828543799426,small,-0.020000000000000018,0.390625
3B,relational_reasoning,0.0035698828543799426,small,-0.020000000000000018,0.40625
3B,relational_reasoning,0.0035698828543799426,small,-0.020000000000000018,0.421875
3B,relational_reasoning,0.0035698828543799426,small,0.0,0.4375
3B,relational_reasoning,0.0035698828543799426,small,0.0,0.453125
3B,relational_reasoning,0.0035698828543799426,small,0.0,0.46875
3B,relational_reasoning,0.0035698828543799426,small,0.0,0.484375
3B,relational_reasoning,0.0035698828543799426,small,0.0,0.5
3B,relational_reasoning,0.0035698828543799426,small,0.0,0.515625
3B,relational_reasoning,0.0035698828543799426,small,0.0,0.53125
3B,relational_reasoning,0.0035698828543799426,small,0.0,0.546875
3B,relational_reasoning,0.0035698828543799426,small,0.0,0.5625
3B,relational_reasoning,0.0035698828543799426,small,0.0,0.578125
3B,relational_reasoning,0.0035698828543799426,small,0.0,0.59375
3B,relational_reasoning,0.0035698828543799426,small,0.0,0.609375
3B,relational_reasoning,0.0035698828543799426,small,0.0,0.625
3B,relational_reasoning,0.0035698828543799426,small,0.0,0.640625
3B,relational_reasoning,0.0035698828543799426,small,0.0,0.65625
3B,relational_reasoning,0.0035698828543799426,small,0.0,0.671875
3B,relational_reasoning,0.0035698828543799426,small,0.0,0.6875
3B,relational_reasoning,0.0035698828543799426,small,0.0,0.703125
3B,relational_reasoning,0.0035698828543799426,small,0.0,0.71875
3B,relational_reasoning,0.0035698828543799426,small,0.0,0.734375
3B,relational_reasoning,0.0035698828543799426,small,0.0,0.75
3B,relational_reasoning,0.0035698828543799426,small,0.0,0.765625
3B,relational_reasoning,0.0035698828543799426,small,0.0,0.78125
3B,relational_reasoning,0.0035698828543799426,small,0.020000000000000018,0.796875
3B,relational_reasoning,0.0035698828543799426,small,0.020000000000000018,0.8125
3B,relational_reasoning,0.0035698828543799426,small,0.020000000000000018,0.828125
3B,relational_reasoning,0.0035698828543799426,small,0.020000000000000018,0.84375
3B,relational_reasoning,0.0035698828543799426,small,0.020000000000000018,0.859375
3B,relational_reasoning,0.0035698828543799426,small,0.020000000000000018,0.875
3B,relational_reasoning,0.0035698828543799426,small,0.020000000000000018,0.890625
3B,relational_reasoning,0.0035698828543799426,small,0.020000000000000018,0.90625
3B,relational_reasoning,0.0035698828543799426,small,0.020000000000000018,0.921875
3B,relational_reasoning,0.0035698828543799426,small,0.039999999999999925,0.9375
3B,relational_reasoning,0.0035698828543799426,small,0.039999999999999925,0.953125
3B,relational_reasoning,0.0035698828543799426,small,0.039999999999999925,0.96875
3B,relational_reasoning,0.0035698828543799426,small,0.039999999999999925,0.984375
3B,relational_reasoning,0.0035698828543799426,small,0.039999999999999925,1.0
3B,relational_reasoning,0.017849414271899712,mid,-0.08000000000000002,0.015625
3B,relational_reasoning,0.017849414271899712,mid,-0.06000000000000005,0.03125
3B,relational_reasoning,0.017849414271899712,mid,-0.06000000000000005,0.046875
3B,relational_reasoning,0.017849414271899712,mid,-0.040000000000000036,0.0625
3B,relational_reasoning,0.017849414271899712,mid,-0.040000000000000036,0.078125
3B,relational_reasoning,0.017849414271899712,mid,-0.040000000000000036,0.09375
3B,relational_reasoning,0.017849414271899712,mid,-0.040000000000000036,0.109375
3B,relational_reasoning,0.017849414271899712,mid,-0.040000000000000036,0.125
3B,relational_reasoning,0.017849414271899712,mid,-0.040000000000000036,0.140625
3B,relational_reasoning,0.017849414271899712,mid,-0.020000000000000018,0.15625
3B,relational_reasoning,0.017849414271899712,mid,-0.020000000000000018,0.171875
3B,relational_reasoning,0.017849414271899712,mid,-0.020000000000000018,0.1875
3B,relational_reasoning,0.017849414271899712,mid,-0.020000000000000018,0.203125
3B,relational_reasoning,0.017849414271899712,mid,-0.020000000000000018,0.21875
3B,relational_reasoning,0.017849414271899712,mid,-0.020000000000000018,0.234375
3B,relational_reasoning,0.017849414271899712,mid,-0.020000000000000018,0.25
3B,relational_reasoning,0.017849414271899712,mid,-0.020000000000000018,0.265625
3B,relational_reasoning,0.017849414271899712,mid,-0.020000000000000018,0.28125
3B,relational_reasoning,0.017849414271899712,mid,-0.020000000000000018,0.296875
3B,relational_reasoning,0.017849414271899712,mid,-0.020000000000000018,0.3125
3B,relational_reasoning,0.017849414271899712,mid,-0.020000000000000018,0.328125
3B,relational_reasoning,0.017849414271899712,mid,0.0,0.34375
3B,relational_reasoning,0.017849414271899712,mid,0.0,0.359375
3B,relational_reasoning,0.017849414271899712,mid,0.0,0.375
3B,relational_reasoning,0.017849414271899712,mid,0.0,0.390625
3B,relational_reasoning,0.017849414271899712,mid,0.0,0.40625
3B,relational_reasoning,0.017849414271899712,mid,0.0,0.421875
3B,relational_reasoning,0.017849414271899712,mid,0.0,0.4375
3B,relational_reasoning,0.017849414271899712,mid,0.0,0.453125
3B,relational_reasoning,0.017849414271899712,mid,0.0,0.46875
3B,relational_reasoning,0.017849414271899712,mid,0.0,0.484375
3B,relational_reasoning,0.017849414271899712,mid,0.0,0.5
3B,relational_reasoning,0.017849414271899712,mid,0.0,0.515625
3B,relational_reasoning,0.017849414271899712,mid,0.020000000000000018,0.53125
3B,relational_reasoning,0.017849414271899712,mid,0.020000000000000018,0.546875
3B,relational_reasoning,0.017849414271899712,mid,0.020000000000000018,0.5625
3B,relational_reasoning,0.017849414271899712,mid,0.020000000000000018,0.578125
3B,relational_reasoning,0.017849414271899712,mid,0.020000000000000018,0.59375
3B,relational_reasoning,0.017849414271899712,mid,0.020000000000000018,0.609375
3B,relational_reasoning,0.017849414271899712,mid,0.020000000000000018,0.625
3B,relational_reasoning,0.017849414271899712,mid,0.020000000000000018,0.640625
3B,relational_reasoning,0.017849414271899712,mid,0.020000000000000018,0.65625
3B,relational_reasoning,0.017849414271899712,mid,0.020000000000000018,0.671875
3B,relational_reasoning,0.017849414271899712,mid,0.020000000000000018,0.6875
3B,relational_reasoning,0.017849414271899712,mid,0.039999999999999925,0.703125
3B,relational_reasoning,0.017849414271899712,mid,0.039999999999999925,0.71875
3B,relational_reasoning,0.017849414271899712,mid,0.039999999999999925,0.734375
3B,relational_reasoning,0.017849414271899712,mid,0.039999999999999925,0.75
3B,relational_reasoning,0.017849414271899712,mid,0.039999999999999925,0.765625
3B,relational_reasoning,0.017849414271899712,mid,0.039999999999999925,0.78125
3B,relational_reasoning,0.017849414271899712,mid,0.039999999999999925,0.796875
3B,relational_reasoning,0.017849414271899712,mid,0.039999999999999925,0.8125
3B,relational_reasoning,0.017849414271899712,mid,0.039999999999999925,0.828125
3B,relational_reasoning,0.017849414271899712,mid,0.039999999999999925,0.84375
3B,relational_reasoning,0.017849414271899712,mid,0.05999999999999994,0.859375
3B,relational_reasoning,0.017849414271899712,mid,0.05999999999999994,0.875
3B,relational_reasoning,0.017849414271899712,mid,0.05999999999999994,0.890625
3B,relational_reasoning,0.017849414271899712,mid,0.05999999999999994,0.90625
3B,relational_reasoning,0.017849414271899712,mid,0.05999999999999994,0.921875
3B,relational_reasoning,0.017849414271899712,mid,0.05999999999999994,0.9375
3B,relational_reasoning,0.017849414271899712,mid,0.05999999999999994,0.953125
3B,relational_reasoning,0.017849414271899712,mid,0.05999999999999994,0.96875
3B,relational_reasoning,0.017849414271899712,mid,0.05999999999999994,0.984375
3B,relational_reasoning,0.017849414271899712,mid,0.07999999999999996,1.0
3B,relational_reasoning,0.07139765708759885,transition,-0.16000000000000003,0.015625
3B,relational_reasoning,0.07139765708759885,transition,-0.16000000000000003,0.03125
3B,relational_reasoning,0.07139765708759885,transition,-0.14,0.046875
3B,relational_reasoning,0.07139765708759885,transition,-0.12000000000000005,0.0625
3B,relational_reasoning,0.07139765708759885,transition,-0.12000000000000005,0.078125
3B,relational_reasoning,0.07139765708759885,transition,-0.12000000000000005,0.09375
3B,relational_reasoning,0.07139765708759885,transition,-0.12000000000000005,0.109375
3B,relational_reasoning,0.07139765708759885,transition,-0.12000000000000005,0.125
3B,relational_reasoning,0.07139765708759885,transition,-0.10000000000000003,0.140625
3B,relational_reasoning,0.07139765708759885,transition,-0.10000000000000003,0.15625
3B,relational_reasoning,0.07139765708759885,transition,-0.10000000000000003,0.171875
3B,relational_reasoning,0.07139765708759885,transition,-0.10000000000000003,0.1875
3B,relational_reasoning,0.07139765708759885,transition,-0.08000000000000002,0.203125
3B,relational_reasoning,0.07139765708759885,transition,-0.08000000000000002,0.21875
3B,relational_reasoning,0.07139765708759885,transition,-0.08000000000000002,0.234375
3B,relational_reasoning,0.07139765708759885,transition,-0.08000000000000002,0.25
3B,relational_reasoning,0.07139765708759885,transition,-0.08000000000000002,0.265625
3B,relational_reasoning,0.07139765708759885,transition,-0.08000000000000002,0.28125
3B,relational_reasoning,0.07139765708759885,transition,-0.06000000000000005,0.296875
3B,relational_reasoning,0.07139765708759885,transition,-0.06000000000000005,0.3125
3B,relational_reasoning,0.07139765708759885,transition,-0.06000000000000005,0.328125
3B,relational_reasoning,0.07139765708759885,transition,-0.06000000000000005,0.34375
3B,relational_reasoning,0.07139765708759885,transition,-0.06000000000000005,0.359375
3B,relational_reasoning,0.07139765708759885,transition,-0.06000000000000005,0.375
3B,relational_reasoning,0.07139765708759885,transition,-0.06000000000000005,0.390625
3B,relational_reasoning,0.07139765708759885,transition,-0.06000000000000005,0.40625
3B,relational_reasoning,0.07139765708759885,transition,-0.040000000000000036,0.421875
3B,relational_reasoning,0.07139765708759885,transition,-0.040000000000000036,0.4375
3B,relational_reasoning,0.07139765708759885,transition,-0.040000000000000036,0.453125
3B,relational_reasoning,0.07139765708759885,transition,-0.040000000000000036,0.46875
3B,relational_reasoning,0.07139765708759885,transition,-0.040000000000000036,0.484375
3B,relational_reasoning,0.07139765708759885,transition,-0.040000000000000036,0.5
3B,relational_reasoning,0.07139765708759885,transition,-0.020000000000000018,0.515625
3B,relational_reasoning,0.07139765708759885,transition,-0.020000000000000018,0.53125
3B,relational_reasoning,0.07139765708759885,transition,-0.020000000000000018,0.546875
3B,relational_reasoning,0.07139765708759885,transition,-0.020000000000000018,0.5625
3B,relational_reasoning,0.07139765708759885,transition,-0.020000000000000018,0.578125
3B,relational_reasoning,0.07139765708759885,transition,-0.020000000000000018,0.59375
3B,relational_reasoning,0.07139765708759885,transition,0.0,0.609375
3B,relational_reasoning,0.07139765708759885,transition,0.0,0.625
3B,relational_reasoning,0.07139765708759885,transition,0.0,0.640625
3B,relational_reasoning,0.07139765708759885,transition,0.0,0.65625
3B,relational_reasoning,0.07139765708759885,transition,0.0,0.671875
3B,relational_reasoning,0.07139765708759885,transition,0.0,0.6875
3B,relational_reasoning,0.07139765708759885,transition,0.0,0.703125
3B,relational_reasoning,0.07139765708759885,transition,0.020000000000000018,0.71875
3B,relational_reasoning,0.07139765708759885,transition,0.020000000000000018,0.734375
3B,relational_reasoning,0.07139765708759885,transition,0.020000000000000018,0.75
3B,relational_reasoning,0.07139765708759885,transition,0.020000000000000018,0.765625
3B,relational_reasoning,0.07139765708759885,transition,0.020000000000000018,0.78125
3B,relational_reasoning,0.07139765708759885,transition,0.020000000000000018,0.796875
3B,relational_reasoning,0.07139765708759885,transition,0.020000000000000018,0.8125
3B,relational_reasoning,0.07139765708759885,transition,0.020000000000000018,0.828125
3B,relational_reasoning,0.07139765708759885,transition,0.039999999999999925,0.84375
3B,relational_reasoning,0.07139765708759885,transition,0.039999999999999925,0.859375
3B,relational_reasoning,0.07139765708759885,transition,0.039999999999999925,0.875
3B,relational_reasoning,0.07139765708759885,transition,0.039999999999999925,0.890625
3B,relational_reasoning,0.07139765708759885,transition,0.039999999999999925,0.90625
3B,relational_reasoning,0.07139765708759885,transition,0.05999999999999994,0.921875
3B,relational_reasoning,0.07139765708759885,transition,0.05999999999999994,0.9375
3B,relational_reasoning,0.07139765708759885,transition,0.05999999999999994,0.953125
3B,relational_reasoning,0.07139765708759885,transition,0.05999999999999994,0.96875
3B,relational_reasoning,0.07139765708759885,transition,0.09999999999999998,0.984375
3B,relational_reasoning,0.07139765708759885,transition,0.14,1.0
3B,fine_grained_recognition,0.0035698828543799426,small,0.0,0.015625
3B,fine_grained_recognition,0.0035698828543799426,small,0.0,0.03125
3B,fine_grained_recognition,0.0035698828543799426,small,0.0,0.046875
3B,fine_grained_recognition,0.0035698828543799426,small,0.0,0.0625
3B,fine_grained_recognition,0.0035698828543799426,small,0.0,0.078125
3B,fine_grained_recognition,0.0035698828543799426,small,0.0,0.09375
3B,fine_grained_recognition,0.0035698828543799426,small,0.0,0.109375
3B,fine_grained_recognition,0.0035698828543799426,small,0.0,0.125
3B,fine_grained_recognition,0.0035698828543799426,small,0.0,0.140625
3B,fine_grained_recognition,0.0035698828543799426,small,0.0,0.15625
3B,fine_grained_recognition,0.0035698828543799426,small,0.0,0.171875
3B,fine_grained_recognition,0.0035698828543799426,small,0.0,0.1875
3B,fine_grained_recognition,0.0035698828543799426,small,0.0,0.203125
3B,fine_grained_recognition,0.0035698828543799426,small,0.0,0.21875
3B,fine_grained_recognition,0.0035698828543799426,small,0.0,0.234375
3B,fine_grained_recognition,0.0035698828543799426,small,0.0,0.25
3B,fine_grained_recognition,0.0035698828543799426,small,0.0,0.265625
3B,fine_grained_recognition,0.0035698828543799426,small,0.0,0.28125
3B,fine_grained_recognition,0.0035698828543799426,small,0.0,0.296875
3B,fine_grained_recognition,0.0035698828543799426,small,0.0,0.3125
3B,fine_grained_recognition,0.0035698828543799426,small,0.0,0.328125
3B,fine_grained_recognition,0.0035698828543799426,small,0.0,0.34375
3B,fine_grained_recognition,0.0035698828543799426,small,0.0,0.359375
3B,fine_grained_recognition,0.0035698828543799426,small,0.0,0.375
3B,fine_grained_recognition,0.0035698828543799426,small,0.0,0.390625
3B,fine_grained_recognition,0.0035698828543799426,small,0.0,0.40625
3B,fine_grained_recognition,0.0035698828543799426,small,0.0,0.421875
3B,fine_grained_recognition,0.0035698828543799426,small,0.0,0.4375
3B,fine_grained_recognition,0.0035698828543799426,small,0.0,0.453125
3B,fine_grained_recognition,0.0035698828543799426,small,0.0,0.46875
3B,fine_grained_recognition,0.0035698828543799426,small,0.0,0.484375
3B,fine_grained_recognition,0.0035698828543799426,small,0.0,0.5
3B,fine_grained_recognition,0.0035698828543799426,small,0.0,0.515625
3B,fine_grained_recognition,0.0035698828543799426,small,0.0,0.53125
3B,fine_grained_recognition,0.0035698828543799426,small,0.0,0.546875
3B,fine_grained_recognition,0.0035698828543799426,small,0.0,0.5625
3B,fine_grained_recognition,0.0035698828543799426,small,0.0,0.578125
3B,fine_grained_recognition,0.0035698828543799426,small,0.0,0.59375
3B,fine_grained_recognition,0.0035698828543799426,small,0.0,0.609375
3B,fine_grained_recognition,0.0035698828543799426,small,0.0,0.625
3B,fine_grained_recognition,0.0035698828543799426,small,0.0,0.640625
3B,fine_grained_recognition,0.0035698828543799426,small,0.0,0.65625
3B,fine_grained_recognition,0.0035698828543799426,small,0.0,0.671875
3B,fine_grained_recognition,0.0035698828543799426,small,0.0,0.6875
3B,fine_grained_recognition,0.0035698828543799426,small,0.0,0.703125
3B,fine_grained_recognition,0.0035698828543799426,small,0.0,0.71875
3B,fine_grained_recognition,0.0035698828543799426,small,0.0,0.734375
3B,fine_grained_recognition,0.0035698828543799426,small,0.0,0.75
3B,fine_grained_recognition,0.0035698828543799426,small,0.0,0.765625
3B,fine_grained_recognition,0.0035698828543799426,small,0.0,0.78125
3B,fine_grained_recognition,0.0035698828543799426,small,0.0,0.796875
3B,fine_grained_recognition,0.0035698828543799426,small,0.0,0.8125
3B,fine_grained_recognition,0.0035698828543799426,small,0.0,0.828125
3B,fine_grained_recognition,0.0035698828543799426,small,0.0,0.84375
3B,fine_grained_recognition,0.0035698828543799426,small,0.0,0.859375
3B,fine_grained_recognition,0.0035698828543799426,small,0.0,0.875
3B,fine_grained_recognition,0.0035698828543799426,small,0.0,0.890625
3B,fine_grained_recognition,0.0035698828543799426,small,0.0,0.90625
3B,fine_grained_recognition,0.0035698828543799426,small,0.0,0.921875
3B,fine_grained_recognition,0.0035698828543799426,small,0.0,0.9375
3B,fine_grained_recognition,0.0035698828543799426,small,0.0,0.953125
3B,fine_grained_recognition,0.0035698828543799426,small,0.0,0.96875
3B,fine_grained_recognition,0.0035698828543799426,small,0.0,0.984375
3B,fine_grained_recognition,0.0035698828543799426,small,0.0,1.0
3B,fine_grained_recognition,0.017849414271899712,mid,-0.03999999999999998,0.015625
3B,fine_grained_recognition,0.017849414271899712,mid,-0.03999999999999998,0.03125
3B,fine_grained_recognition,0.017849414271899712,mid,-0.03999999999999998,0.046875
3B,fine_grained_recognition,0.017849414271899712,mid,-0.03999999999999998,0.0625
3B,fine_grained_recognition,0.017849414271899712,mid,-0.03999999999999998,0.078125
3B,fine_grained_recognition,0.017849414271899712,mid,-0.03999999999999998,0.09375
3B,fine_grained_recognition,0.017849414271899712,mid,-0.03999999999999998,0.109375
3B,fine_grained_recognition,0.017849414271899712,mid,-0.03999999999999998,0.125
3B,fine_grained_recognition,0.017849414271899712,mid,-0.019999999999999962,0.140625
3B,fine_grained_recognition,0.017849414271899712,mid,-0.019999999999999962,0.15625
3B,fine_grained_recognition,0.017849414271899712,mid,-0.019999999999999962,0.171875
3B,fine_grained_recognition,0.017849414271899712,mid,-0.019999999999999962,0.1875
3B,fine_grained_recognition,0.017849414271899712,mid,-0.019999999999999962,0.203125
3B,fine_grained_recognition,0.017849414271899712,mid,-0.019999999999999962,0.21875
3B,fine_grained_recognition,0.017849414271899712,mid,-0.019999999999999962,0.234375
3B,fine_grained_recognition,0.017849414271899712,mid,-0.019999999999999962,0.25
3B,fine_grained_recognition,0.017849414271899712,mid,-0.019999999999999962,0.265625
3B,fine_grained_recognition,0.017849414271899712,mid,-0.019999999999999962,0.28125
3B,fine_grained_recognition,0.017849414271899712,mid,-0.019999999999999962,0.296875
3B,fine_grained_recognition,0.017849414271899712,mid,-0.019999999999999962,0.3125
3B,fine_grained_recognition,0.017849414271899712,mid,-0.019999999999999962,0.328125
3B,fine_grained_recognition,0.017849414271899712,mid,-0.019999999999999962,0.34375
3B,fine_grained_recognition,0.017849414271899712,mid,-0.019999999999999962,0.359375
3B,fine_grained_recognition,0.017849414271899712,mid,-0.019999999999999962,0.375
3B,fine_grained_recognition,0.017849414271899712,mid,-0.019999999999999962,0.390625
3B,fine_grained_recognition,0.017849414271899712,mid,-0.019999999999999962,0.40625
3B,fine_grained_recognition,0.017849414271899712,mid,0.0,0.421875
3B,fine_grained_recognition,0.017849414271899712,mid,0.0,0.4375
3B,fine_grained_recognition,0.017849414271899712,mid,0.0,0.453125
3B,fine_grained_recognition,0.017849414271899712,mid,0.0,0.46875
3B,fine_grained_recognition,0.017849414271899712,mid,0.0,0.484375
3B,fine_grained_recognition,0.017849414271899712,mid,0.0,0.5
3B,fine_grained_recognition,0.017849414271899712,mid,0.0,0.515625
3B,fine_grained_recognition,0.017849414271899712,mid,0.0,0.53125
3B,fine_grained_recognition,0.017849414271899712,mid,0.0,0.546875
3B,fine_grained_recognition,0.017849414271899712,mid,0.0,0.5625
3B,fine_grained_recognition,0.017849414271899712,mid,0.0,0.578125
3B,fine_grained_recognition,0.017849414271899712,mid,0.0,0.59375
3B,fine_grained_recognition,0.017849414271899712,mid,0.0,0.609375
3B,fine_grained_recognition,0.017849414271899712,mid,0.0,0.625
3B,fine_grained_recognition,0.017849414271899712,mid,0.0,0.640625
3B,fine_grained_recognition,0.017849414271899712,mid,0.0,0.65625
3B,fine_grained_recognition,0.017849414271899712,mid,0.0,0.671875
3B,fine_grained_recognition,0.017849414271899712,mid,0.0,0.6875
3B,fine_grained_recognition,0.017849414271899712,mid,0.0,0.703125
3B,fine_grained_recognition,0.017849414271899712,mid,0.0,0.71875
3B,fine_grained_recognition,0.017849414271899712,mid,0.0,0.734375
3B,fine_grained_recognition,0.017849414271899712,mid,0.0,0.75
3B,fine_grained_recognition,0.017849414271899712,mid,0.0,0.765625
3B,fine_grained_recognition,0.017849414271899712,mid,0.0,0.78125
3B,fine_grained_recognition,0.017849414271899712,mid,0.0,0.796875
3B,fine_grained_recognition,0.017849414271899712,mid,0.0,0.8125
3B,fine_grained_recognition,0.017849414271899712,mid,0.0,0.828125
3B,fine_grained_recognition,0.017849414271899712,mid,0.0,0.84375
3B,fine_grained_recognition,0.017849414271899712,mid,0.0,0.859375
3B,fine_grained_recognition,0.017849414271899712,mid,0.0,0.875
3B,fine_grained_recognition,0.017849414271899712,mid,0.0,0.890625
3B,fine_grained_recognition,0.017849414271899712,mid,0.0,0.90625
3B,fine_grained_recognition,0.017849414271899712,mid,0.0,0.921875
3B,fine_grained_recognition,0.017849414271899712,mid,0.0,0.9375
3B,fine_grained_recognition,0.017849414271899712,mid,0.0,0.953125
3B,fine_grained_recognition,0.017849414271899712,mid,0.0,0.96875
3B,fine_grained_recognition,0.017849414271899712,mid,0.0,0.984375
3B,fine_grained_recognition,0.017849414271899712,mid,0.020000000000000018,1.0
3B,fine_grained_recognition,0.07139765708759885,transition,-0.19999999999999998,0.015625
3B,fine_grained_recognition,0.07139765708759885,transition,-0.13999999999999996,0.03125
3B,fine_grained_recognition,0.07139765708759885,transition,-0.12,0.046875
3B,fine_grained_recognition,0.07139765708759885,transition,-0.12,0.0625
3B,fine_grained_recognition,0.07139765708759885,transition,-0.09999999999999998,0.078125
3B,fine_grained_recognition,0.07139765708759885,transition,-0.09999999999999998,0.09375
3B,fine_grained_recognition,0.07139765708759885,transition,-0.09999999999999998,0.109375
3B,fine_grained_recognition,0.07139765708759885,transition,-0.09999999999999998,0.125
3B,fine_grained_recognition,0.07139765708759885,transition,-0.09999999999999998,0.140625
3B,fine_grained_recognition,0.07139765708759885,transition,-0.09999999999999998,0.15625
3B,fine_grained_recognition,0.07139765708759885,transition,-0.09999999999999998,0.171875
3B,fine_grained_recognition,0.07139765708759885,transition,-0.07999999999999996,0.1875
3B,fine_grained_recognition,0.07139765708759885,transition,-0.07999999999999996,0.203125
3B,fine_grained_recognition,0.07139765708759885,transition,-0.07999999999999996,0.21875
3B,fine_grained_recognition,0.07139765708759885,transition,-0.07999999999999996,0.234375
3B,fine_grained_recognition,0.07139765708759885,transition,-0.07999999999999996,0.25
3B,fine_grained_recognition,0.07139765708759885,transition,-0.07999999999999996,0.265625
3B,fine_grained_recognition,0.07139765708759885,transition,-0.07999999999999996,0.28125
3B,fine_grained_recognition,0.07139765708759885,transition,-0.07999999999999996,0.296875
3B,fine_grained_recognition,0.07139765708759885,transition,-0.07999999999999996,0.3125
3B,fine_grained_recognition,0.07139765708759885,transition,-0.07999999999999996,0.328125
3B,fine_grained_recognition,0.07139765708759885,transition,-0.07999999999999996,0.34375
3B,fine_grained_recognition,0.07139765708759885,transition,-0.07999999999999996,0.359375
3B,fine_grained_recognition,0.07139765708759885,transition,-0.06,0.375
3B,fine_grained_recognition,0.07139765708759885,transition,-0.06,0.390625
3B,fine_grained_recognition,0.07139765708759885,transition,-0.06,0.40625
3B,fine_grained_recognition,0.07139765708759885,transition,-0.06,0.421875
3B,fine_grained_recognition,0.07139765708759885,transition,-0.06,0.4375
3B,fine_grained_recognition,0.07139765708759885,transition,-0.06,0.453125
3B,fine_grained_recognition,0.07139765708759885,transition,-0.06,0.46875
3B,fine_grained_recognition,0.07139765708759885,transition,-0.06,0.484375
3B,fine_grained_recognition,0.07139765708759885,transition,-0.03999999999999998,0.5
3B,fine_grained_recognition,0.07139765708759885,transition,-0.03999999999999998,0.515625
3B,fine_grained_recognition,0.07139765708759885,transition,-0.03999999999999998,0.53125
3B,fine_grained_recognition,0.07139765708759885,transition,-0.03999999999999998,0.546875
3B,fine_grained_recognition,0.07139765708759885,transition,-0.03999999999999998,0.5625
3B,fine_grained_recognition,0.07139765708759885,transition,-0.03999999999999998,0.578125
3B,fine_grained_recognition,0.07139765708759885,transition,-0.03999999999999998,0.59375
3B,fine_grained_recognition,0.07139765708759885,transition,-0.03999999999999998,0.609375
3B,fine_grained_recognition,0.07139765708759885,transition,-0.03999999999999998,0.625
3B,fine_grained_recognition,0.07139765708759885,transition,-0.03999999999999998,0.640625
3B,fine_grained_recognition,0.07139765708759885,transition,-0.03999999999999998,0.65625
3B,fine_grained_recognition,0.07139765708759885,transition,-0.019999999999999962,0.671875
3B,fine_grained_recognition,0.07139765708759885,transition,-0.019999999999999962,0.6875
3B,fine_grained_recognition,0.07139765708759885,transition,-0.019999999999999962,0.703125
3B,fine_grained_recognition,0.07139765708759885,transition,-0.019999999999999962,0.71875
3B,fine_grained_recognition,0.07139765708759885,transition,-0.019999999999999962,0.734375
3B,fine_grained_recognition,0.07139765708759885,transition,-0.019999999999999962,0.75
3B,fine_grained_recognition,0.07139765708759885,transition,-0.019999999999999962,0.765625
3B,fine_grained_recognition,0.07139765708759885,transition,-0.019999999999999962,0.78125
3B,fine_grained_recognition,0.07139765708759885,transition,-0.019999999999999962,0.796875
3B,fine_grained_recognition,0.07139765708759885,transition,-0.019999999999999962,0.8125
3B,fine_grained_recognition,0.07139765708759885,transition,-0.019999999999999962,0.828125
3B,fine_grained_recognition,0.07139765708759885,transition,-0.019999999999999962,0.84375
3B,fine_grained_recognition,0.07139765708759885,transition,-0.019999999999999962,0.859375
3B,fine_grained_recognition,0.07139765708759885,transition,-0.019999999999999962,0.875
3B,fine_grained_recognition,0.07139765708759885,transition,0.0,0.890625
3B,fine_grained_recognition,0.07139765708759885,transition,0.0,0.90625
3B,fine_grained_recognition,0.07139765708759885,transition,0.0,0.921875
3B,fine_grained_recognition,0.07139765708759885,transition,0.020000000000000018,0.9375
3B,fine_grained_recognition,0.07139765708759885,transition,0.020000000000000018,0.953125
3B,fine_grained_recognition,0.07139765708759885,transition,0.020000000000000018,0.96875
3B,fine_grained_recognition,0.07139765708759885,transition,0.040000000000000036,0.984375
3B,fine_grained_recognition,0.07139765708759885,transition,0.040000000000000036,1.0
7B,visual_grounding,0.0035698828543799426,small,-0.019999999999999907,0.015625
7B,visual_grounding,0.0035698828543799426,small,-0.019999999999999907,0.03125
7B,visual_grounding,0.0035698828543799426,small,-0.019999999999999907,0.046875
7B,visual_grounding,0.0035698828543799426,small,-0.019999999999999907,0.0625
7B,visual_grounding,0.0035698828543799426,small,-0.019999999999999907,0.078125
7B,visual_grounding,0.0035698828543799426,small,-0.019999999999999907,0.09375
7B,visual_grounding,0.0035698828543799426,small,-0.019999999999999907,0.109375
7B,visual_grounding,0.0035698828543799426,small,-0.019999999999999907,0.125
7B,visual_grounding,0.0035698828543799426,small,-0.019999999999999907,0.140625
7B,visual_grounding,0.0035698828543799426,small,-0.019999999999999907,0.15625
7B,visual_grounding,0.0035698828543799426,small,-0.019999999999999907,0.171875
7B,visual_grounding,0.0035698828543799426,small,-0.019999999999999907,0.1875
7B,visual_grounding,0.0035698828543799426,small,-0.019999999999999907,0.203125
7B,visual_grounding,0.0035698828543799426,small,-0.019999999999999907,0.21875
7B,visual_grounding,0.0035698828543799426,small,0.0,0.234375
7B,visual_grounding,0.0035698828543799426,small,0.0,0.25
7B,visual_grounding,0.0035698828543799426,small,0.0,0.265625
7B,visual_grounding,0.0035698828543799426,small,0.0,0.28125
7B,visual_grounding,0.0035698828543799426,small,0.0,0.296875
7B,visual_grounding,0.0035698828543799426,small,0.0,0.3125
7B,visual_grounding,0.0035698828543799426,small,0.0,0.328125
7B,visual_grounding,0.0035698828543799426,small,0.0,0.34375
7B,visual_grounding,0.0035698828543799426,small,0.0,0.359375
7B,visual_grounding,0.0035698828543799426,small,0.0,0.375
7B,visual_grounding,0.0035698828543799426,small,0.0,0.390625
7B,visual_grounding,0.0035698828543799426,small,0.0,0.40625
7B,visual_grounding,0.0035698828543799426,small,0.0,0.421875
7B,visual_grounding,0.0035698828543799426,small,0.0,0.4375
7B,visual_grounding,0.0035698828543799426,small,0.0,0.453125
7B,visual_grounding,0.0035698828543799426,small,0.0,0.46875
7B,visual_grounding,0.0035698828543799426,small,0.0,0.484375
7B,visual_grounding,0.0035698828543799426,small,0.0,0.5
7B,visual_grounding,0.0035698828543799426,small,0.0,0.515625
7B,visual_grounding,0.0035698828543799426,small,0.0,0.53125
7B,visual_grounding,0.0035698828543799426,small,0.0,0.546875
7B,visual_grounding,0.0035698828543799426,small,0.0,0.5625
7B,visual_grounding,0.0035698828543799426,small,0.0,0.578125
7B,visual_grounding,0.0035698828543799426,small,0.0,0.59375
7B,visual_grounding,0.0035698828543799426,small,0.0,0.609375
7B,visual_grounding,0.0035698828543799426,small,0.0,0.625
7B,visual_grounding,0.0035698828543799426,small,0.020000000000000018,0.640625
7B,visual_grounding,0.0035698828543799426,small,0.020000000000000018,0.65625
7B,visual_grounding,0.0035698828543799426,small,0.020000000000000018,0.671875
7B,visual_grounding,0.0035698828543799426,small,0.020000000000000018,0.6875
7B,visual_grounding,0.0035698828543799426,small,0.020000000000000018,0.703125
7B,visual_grounding,0.0035698828543799426,small,0.020000000000000018,0.71875
7B,visual_grounding,0.0035698828543799426,small,0.020000000000000018,0.734375
7B,visual_grounding,0.0035698828543799426,small,0.020000000000000018,0.75
7B,visual_grounding,0.0035698828543799426,small,0.020000000000000018,0.765625
7B,visual_grounding,0.0035698828543799426,small,0.020000000000000018,0.78125
7B,visual_grounding,0.0035698828543799426,small,0.020000000000000018,0.796875
7B,visual_grounding,0.0035698828543799426,small,0.020000000000000018,0.8125
7B,visual_grounding,0.0035698828543799426,small,0.020000000000000018,0.828125
7B,visual_grounding,0.0035698828543799426,small,0.020000000000000018,0.84375
7B,visual_grounding,0.0035698828543799426,small,0.020000000000000018,0.859375
7B,visual_grounding,0.0035698828543799426,small,0.020000000000000018,0.875
7B,visual_grounding,0.0035698828543799426,small,0.020000000000000018,0.890625
7B,visual_grounding,0.0035698828543799426,small,0.020000000000000018,0.90625
7B,visual_grounding,0.0035698828543799426,small,0.020000000000000018,0.921875
7B,visual_grounding,0.0035698828543799426,small,0.040000000000000036,0.9375
7B,visual_grounding,0.0035698828543799426,small,0.040000000000000036,0.953125
7B,visual_grounding,0.0035698828543799426,small,0.040000000000000036,0.96875
7B,visual_grounding,0.0035698828543799426,small,0.040000000000000036,0.984375
7B,visual_grounding,0.0035698828543799426,small,0.040000000000000036,1.0
7B,visual_grounding,0.017849414271899712,mid,-0.019999999999999907,0.015625
7B,visual_grounding,0.017849414271899712,mid,-0.019999999999999907,0.03125
7B,visual_grounding,0.017849414271899712,mid,-0.019999999999999907,0.046875
7B,visual_grounding,0.017849414271899712,mid,-0.019999999999999907,0.0625
7B,visual_grounding,0.017849414271899712,mid,-0.019999999999999907,0.078125
7B,visual_grounding,0.017849414271899712,mid,-0.019999999999999907,0.09375
7B,visual_grounding,0.017849414271899712,mid,0.0,0.109375
7B,visual_grounding,0.017849414271899712,mid,0.0,0.125
7B,visual_grounding,0.017849414271899712,mid,0.0,0.140625
7B,visual_grounding,0.017849414271899712,mid,0.0,0.15625
7B,visual_grounding,0.017849414271899712,mid,0.0,0.171875
7B,visual_grounding,0.017849414271899712,mid,0.0,0.1875
7B,visual_grounding,0.017849414271899712,mid,0.0,0.203125
7B,visual_grounding,0.017849414271899712,mid,0.0,0.21875
7B,visual_grounding,0.017849414271899712,mid,0.0,0.234375
7B,visual_grounding,0.017849414271899712,mid,0.0,0.25
7B,visual_grounding,0.017849414271899712,mid,0.0,0.265625
7B,visual_grounding,0.017849414271899712,mid,0.0,0.28125
7B,visual_grounding,0.017849414271899712,mid,0.0,0.296875
7B,visual_grounding,0.017849414271899712,mid,0.0,0.3125
7B,visual_grounding,0.017849414271899712,mid,0.0,0.328125
7B,visual_grounding,0.017849414271899712,mid,0.0,0.34375
7B,visual_grounding,0.017849414271899712,mid,0.0,0.359375
7B,visual_grounding,0.017849414271899712,mid,0.0,0.375
7B,visual_grounding,0.017849414271899712,mid,0.0,0.390625
7B,visual_grounding,0.017849414271899712,mid,0.0,0.40625
7B,visual_grounding,0.017849414271899712,mid,0.0,0.421875
7B,visual_grounding,0.017849414271899712,mid,0.0,0.4375
7B,visual_grounding,0.017849414271899712,mid,0.0,0.453125
7B,visual_grounding,0.017849414271899712,mid,0.020000000000000018,0.46875
7B,visual_grounding,0.017849414271899712,mid,0.020000000000000018,0.484375
7B,visual_grounding,0.017849414271899712,mid,0.020000000000000018,0.5
7B,visual_grounding,0.017849414271899712,mid,0.020000000000000018,0.515625
7B,visual_grounding,0.017849414271899712,mid,0.020000000000000018,0.53125
7B,visual_grounding,0.017849414271899712,mid,0.020000000000000018,0.546875
7B,visual_grounding,0.017849414271899712,mid,0.020000000000000018,0.5625
7B,visual_grounding,0.017849414271899712,mid,0.020000000000000018,0.578125
7B,visual_grounding,0.017849414271899712,mid,0.020000000000000018,0.59375
7B,visual_grounding,0.017849414271899712,mid,0.020000000000000018,0.609375
7B,visual_grounding,0.017849414271899712,mid,0.020000000000000018,0.625
7B,visual_grounding,0.017849414271899712,mid,0.020000000000000018,0.640625
7B,visual_grounding,0.017849414271899712,mid,0.020000000000000018,0.65625
7B,visual_grounding,0.017849414271899712,mid,0.020000000000000018,0.671875
7B,visual_grounding,0.017849414271899712,mid,0.020000000000000018,0.6875
7B,visual_grounding,0.017849414271899712,mid,0.020000000000000018,0.703125
7B,visual_grounding,0.017849414271899712,mid,0.020000000000000018,0.71875
7B,visual_grounding,0.017849414271899712,mid,0.020000000000000018,0.734375
7B,visual_grounding,0.017849414271899712,mid,0.020000000000000018,0.75
7B,visual_grounding,0.017849414271899712,mid,0.020000000000000018,0.765625
7B,visual_grounding,0.017849414271899712,mid,0.020000000000000018,0.78125
7B,visual_grounding,0.017849414271899712,mid,0.020000000000000018,0.796875
7B,visual_grounding,0.017849414271899712,mid,0.020000000000000018,0.8125
7B,visual_grounding,0.017849414271899712,mid,0.020000000000000018,0.828125
7B,visual_grounding,0.017849414271899712,mid,0.040000000000000036,0.84375
7B,visual_grounding,0.017849414271899712,mid,0.040000000000000036,0.859375
7B,visual_grounding,0.017849414271899712,mid,0.040000000000000036,0.875
7B,visual_grounding,0.017849414271899712,mid,0.040000000000000036,0.890625
7B,visual_grounding,0.017849414271899712,mid,0.040000000000000036,0.90625
7B,visual_grounding,0.017849414271899712,mid,0.040000000000000036,0.921875
7B,visual_grounding,0.017849414271899712,mid,0.040000000000000036,0.9375
7B,visual_grounding,0.017849414271899712,mid,0.040000000000000036,0.953125
7B,visual_grounding,0.017849414271899712,mid,0.040000000000000036,0.96875
7B,visual_grounding,0.017849414271899712,mid,0.040000000000000036,0.984375
7B,visual_grounding,0.017849414271899712,mid,0.06000000000000005,1.0
7B,visual_grounding,0.07139765708759885,transition,-0.019999999999999907,0.015625
7B,visual_grounding,0.07139765708759885,transition,-0.019999999999999907,0.03125
7B,visual_grounding,0.07139765708759885,transition,0.0,0.046875
7B,visual_grounding,0.07139765708759885,transition,0.0,0.0625
7B,visual_grounding,0.07139765708759885,transition,0.0,0.078125
7B,visual_grounding,0.07139765708759885,transition,0.0,0.09375
7B,visual_grounding,0.07139765708759885,transition,0.0,0.109375
7B,visual_grounding,0.07139765708759885,transition,0.0,0.125
7B,visual_grounding,0.07139765708759885,transition,0.0,0.140625
7B,visual_grounding,0.07139765708759885,transition,0.0,0.15625
7B,visual_grounding,0.07139765708759885,transition,0.020000000000000018,0.171875
7B,visual_grounding,0.07139765708759885,transition,0.020000000000000018,0.1875
7B,visual_grounding,0.07139765708759885,transition,0.020000000000000018,0.203125
7B,visual_grounding,0.07139765708759885,transition,0.020000000000000018,0.21875
7B,visual_grounding,0.07139765708759885,transition,0.020000000000000018,0.234375
7B,visual_grounding,0.07139765708759885,transition,0.020000000000000018,0.25
7B,visual_grounding,0.07139765708759885,transition,0.020000000000000018,0.265625
7B,visual_grounding,0.07139765708759885,transition,0.020000000000000018,0.28125
7B,visual_grounding,0.07139765708759885,transition,0.020000000000000018,0.296875
7B,visual_grounding,0.07139765708759885,transition,0.020000000000000018,0.3125
7B,visual_grounding,0.07139765708759885,transition,0.020000000000000018,0.328125
7B,visual_grounding,0.07139765708759885,transition,0.020000000000000018,0.34375
7B,visual_grounding,0.07139765708759885,transition,0.020000000000000018,0.359375
7B,visual_grounding,0.07139765708759885,transition,0.020000000000000018,0.375
7B,visual_grounding,0.07139765708759885,transition,0.020000000000000018,0.390625
7B,visual_grounding,0.07139765708759885,transition,0.020000000000000018,0.40625
7B,visual_grounding,0.07139765708759885,transition,0.020000000000000018,0.421875
7B,visual_grounding,0.07139765708759885,transition,0.020000000000000018,0.4375
7B,visual_grounding,0.07139765708759885,transition,0.040000000000000036,0.453125
7B,visual_grounding,0.07139765708759885,transition,0.040000000000000036,0.46875
7B,visual_grounding,0.07139765708759885,transition,0.040000000000000036,0.484375
7B,visual_grounding,0.07139765708759885,transition,0.040000000000000036,0.5
7B,visual_grounding,0.07139765708759885,transition,0.040000000000000036,0.515625
7B,visual_grounding,0.07139765708759885,transition,0.040000000000000036,0.53125
7B,visual_grounding,0.07139765708759885,transition,0.040000000000000036,0.546875
7B,visual_grounding,0.07139765708759885,transition,0.040000000000000036,0.5625
7B,visual_grounding,0.07139765708759885,transition,0.040000000000000036,0.578125
7B,visual_grounding,0.07139765708759885,transition,0.040000000000000036,0.59375
7B,visual_grounding,0.07139765708759885,transition,0.040000000000000036,0.609375
7B,visual_grounding,0.07139765708759885,transition,0.040000000000000036,0.625
7B,visual_grounding,0.07139765708759885,transition,0.040000000000000036,0.640625
7B,visual_grounding,0.07139765708759885,transition,0.040000000000000036,0.65625
7B,visual_grounding,0.07139765708759885,transition,0.040000000000000036,0.671875
7B,visual_grounding,0.07139765708759885,transition,0.040000000000000036,0.6875
7B,visual_grounding,0.07139765708759885,transition,0.040000000000000036,0.703125
7B,visual_grounding,0.07139765708759885,transition,0.040000000000000036,0.71875
7B,visual_grounding,0.07139765708759885,transition,0.040000000000000036,0.734375
7B,visual_grounding,0.07139765708759885,transition,0.040000000000000036,0.75
7B,visual_grounding,0.07139765708759885,transition,0.040000000000000036,0.765625
7B,visual_grounding,0.07139765708759885,transition,0.040000000000000036,0.78125
7B,visual_grounding,0.07139765708759885,transition,0.06000000000000005,0.796875
7B,visual_grounding,0.07139765708759885,transition,0.06000000000000005,0.8125
7B,visual_grounding,0.07139765708759885,transition,0.06000000000000005,0.828125
7B,visual_grounding,0.07139765708759885,transition,0.06000000000000005,0.84375
7B,visual_grounding,0.07139765708759885,transition,0.06000000000000005,0.859375
7B,visual_grounding,0.07139765708759885,transition,0.06000000000000005,0.875
7B,visual_grounding,0.07139765708759885,transition,0.06000000000000005,0.890625
7B,visual_grounding,0.07139765708759885,transition,0.06000000000000005,0.90625
7B,visual_grounding,0.07139765708759885,transition,0.06000000000000005,0.921875
7B,visual_grounding,0.07139765708759885,transition,0.06000000000000005,0.9375
7B,visual_grounding,0.07139765708759885,transition,0.08000000000000007,0.953125
7B,visual_grounding,0.07139765708759885,transition,0.08000000000000007,0.96875
7B,visual_grounding,0.07139765708759885,transition,0.08000000000000007,0.984375
7B,visual_grounding,0.07139765708759885,transition,0.08000000000000007,1.0
7B,counting,0.0035698828543799426,small,-0.039999999999999925,0.015625
7B,counting,0.0035698828543799426,small,-0.039999999999999925,0.03125
7B,counting,0.0035698828543799426,small,-0.039999999999999925,0.046875
7B,counting,0.0035698828543799426,small,-0.039999999999999925,0.0625
7B,counting,0.0035698828543799426,small,-0.039999999999999925,0.078125
7B,counting,0.0035698828543799426,small,-0.019999999999999907,0.09375
7B,counting,0.0035698828543799426,small,-0.019999999999999907,0.109375
7B,counting,0.0035698828543799426,small,-0.019999999999999907,0.125
7B,counting,0.0035698828543799426,small,-0.019999999999999907,0.140625
7B,counting,0.0035698828543799426,small,-0.019999999999999907,0.15625
7B,counting,0.0035698828543799426,small,-0.019999999999999907,0.171875
7B,counting,0.0035698828543799426,small,-0.019999999999999907,0.1875
7B,counting,0.0035698828543799426,small,-0.019999999999999907,0.203125
7B,counting,0.0035698828543799426,small,-0.019999999999999907,0.21875
7B,counting,0.0035698828543799426,small,-0.019999999999999907,0.234375
7B,counting,0.0035698828543799426,small,-0.019999999999999907,0.25
7B,counting,0.0035698828543799426,small,-0.019999999999999907,0.265625
7B,counting,0.0035698828543799426,small,-0.019999999999999907,0.28125
7B,counting,0.0035698828543799426,small,-0.019999999999999907,0.296875
7B,counting,0.0035698828543799426,small,-0.019999999999999907,0.3125
7B,counting,0.0035698828543799426,small,-0.019999999999999907,0.328125
7B,counting,0.0035698828543799426,small,-0.019999999999999907,0.34375
7B,counting,0.0035698828543799426,small,-0.019999999999999907,0.359375
7B,counting,0.0035698828543799426,small,-0.019999999999999907,0.375
7B,counting,0.0035698828543799426,small,-0.019999999999999907,0.390625
7B,counting,0.0035698828543799426,small,-0.019999999999999907,0.40625
7B,counting,0.0035698828543799426,small,-0.019999999999999907,0.421875
7B,counting,0.0035698828543799426,small,0.0,0.4375
7B,counting,0.0035698828543799426,small,0.0,0.453125
7B,counting,0.0035698828543799426,small,0.0,0.46875
7B,counting,0.0035698828543799426,small,0.0,0.484375
7B,counting,0.0035698828543799426,small,0.0,0.5
7B,counting,0.0035698828543799426,small,0.0,0.515625
7B,counting,0.0035698828543799426,small,0.0,0.53125
7B,counting,0.0035698828543799426,small,0.0,0.546875
7B,counting,0.0035698828543799426,small,0.0,0.5625
7B,counting,0.0035698828543799426,small,0.0,0.578125
7B,counting,0.0035698828543799426,small,0.0,0.59375
7B,counting,0.0035698828543799426,small,0.0,0.609375
7B,counting,0.0035698828543799426,small,0.0,0.625
7B,counting,0.0035698828543799426,small,0.0,0.640625
7B,counting,0.0035698828543799426,small,0.0,0.65625
7B,counting,0.0035698828543799426,small,0.0,0.671875
7B,counting,0.0035698828543799426,small,0.0,0.6875
7B,counting,0.0035698828543799426,small,0.0,0.703125
7B,counting,0.0035698828543799426,small,0.0,0.71875
7B,counting,0.0035698828543799426,small,0.0,0.734375
7B,counting,0.0035698828543799426,small,0.0,0.75
7B,counting,0.0035698828543799426,small,0.0,0.765625
7B,counting,0.0035698828543799426,small,0.0,0.78125
7B,counting,0.0035698828543799426,small,0.0,0.796875
7B,counting,0.0035698828543799426,small,0.0,0.8125
7B,counting,0.0035698828543799426,small,0.0,0.828125
7B,counting,0.0035698828543799426,small,0.0,0.84375
7B,counting,0.0035698828543799426,small,0.0,0.859375
7B,counting,0.0035698828543799426,small,0.0,0.875
7B,counting,0.0035698828543799426,small,0.0,0.890625
7B,counting,0.0035698828543799426,small,0.0,0.90625
7B,counting,0.0035698828543799426,small,0.0,0.921875
7B,counting,0.0035698828543799426,small,0.0,0.9375
7B,counting,0.0035698828543799426,small,0.0,0.953125
7B,counting,0.0035698828543799426,small,0.0,0.96875
7B,counting,0.0035698828543799426,small,0.0,0.984375
7B,counting,0.0035698828543799426,small,0.0,1.0
7B,counting,0.017849414271899712,mid,-0.09999999999999998,0.015625
7B,counting,0.017849414271899712,mid,-0.07999999999999996,0.03125
7B,counting,0.017849414271899712,mid,-0.07999999999999996,0.046875
7B,counting,0.017849414271899712,mid,-0.07999999999999996,0.0625
7B,counting,0.017849414271899712,mid,-0.05999999999999994,0.078125
7B,counting,0.017849414271899712,mid,-0.05999999999999994,0.09375
7B,counting,0.017849414271899712,mid,-0.05999999999999994,0.109375
7B,counting,0.017849414271899712,mid,-0.05999999999999994,0.125
7B,counting,0.017849414271899712,mid,-0.05999999999999994,0.140625
7B,counting,0.017849414271899712,mid,-0.05999999999999994,0.15625
7B,counting,0.017849414271899712,mid,-0.05999999999999994,0.171875
7B,counting,0.017849414271899712,mid,-0.05999999999999994,0.1875
7B,counting,0.017849414271899712,mid,-0.05999999999999994,0.203125
7B,counting,0.017849414271899712,mid,-0.05999999999999994,0.21875
7B,counting,0.017849414271899712,mid,-0.05999999999999994,0.234375
7B,counting,0.017849414271899712,mid,-0.05999999999999994,0.25
7B,counting,0.017849414271899712,mid,-0.039999999999999925,0.265625
7B,counting,0.017849414271899712,mid,-0.039999999999999925,0.28125
7B,counting,0.017849414271899712,mid,-0.039999999999999925,0.296875
7B,counting,0.017849414271899712,mid,-0.039999999999999925,0.3125
7B,counting,0.017849414271899712,mid,-0.039999999999999925,0.328125
7B,counting,0.017849414271899712,mid,-0.039999999999999925,0.34375
7B,counting,0.017849414271899712,mid,-0.039999999999999925,0.359375
7B,counting,0.017849414271899712,mid,-0.039999999999999925,0.375
7B,counting,0.017849414271899712,mid,-0.039999999999999925,0.390625
7B,counting,0.017849414271899712,mid,-0.039999999999999925,0.40625
7B,counting,0.017849414271899712,mid,-0.039999999999999925,0.421875
7B,counting,0.017849414271899712,mid,-0.039999999999999925,0.4375
7B,counting,0.017849414271899712,mid,-0.039999999999999925,0.453125
7B,counting,0.017849414271899712,mid,-0.039999999999999925,0.46875
7B,counting,0.017849414271899712,mid,-0.039999999999999925,0.484375
7B,counting,0.017849414271899712,mid,-0.039999999999999925,0.5
7B,counting,0.017849414271899712,mid,-0.039999999999999925,0.515625
7B,counting,0.017849414271899712,mid,-0.039999999999999925,0.53125
7B,counting,0.017849414271899712,mid,-0.039999999999999925,0.546875
7B,counting,0.017849414271899712,mid,-0.039999999999999925,0.5625
7B,counting,0.017849414271899712,mid,-0.039999999999999925,0.578125
7B,counting,0.017849414271899712,mid,-0.019999999999999907,0.59375
7B,counting,0.017849414271899712,mid,-0.019999999999999907,0.609375
7B,counting,0.017849414271899712,mid,-0.019999999999999907,0.625
7B,counting,0.017849414271899712,mid,-0.019999999999999907,0.640625
7B,counting,0.017849414271899712,mid,-0.019999999999999907,0.65625
7B,counting,0.017849414271899712,mid,-0.019999999999999907,0.671875
7B,counting,0.017849414271899712,mid,-0.019999999999999907,0.6875
7B,counting,0.017849414271899712,mid,-0.019999999999999907,0.703125
7B,counting,0.017849414271899712,mid,-0.019999999999999907,0.71875
7B,counting,0.017849414271899712,mid,-0.019999999999999907,0.734375
7B,counting,0.017849414271899712,mid,-0.019999999999999907,0.75
7B,counting,0.017849414271899712,mid,-0.019999999999999907,0.765625
7B,counting,0.017849414271899712,mid,-0.019999999999999907,0.78125
7B,counting,0.017849414271899712,mid,-0.019999999999999907,0.796875
7B,counting,0.017849414271899712,mid,-0.019999999999999907,0.8125
7B,counting,0.017849414271899712,mid,-0.019999999999999907,0.828125
7B,counting,0.017849414271899712,mid,-0.019999999999999907,0.84375
7B,counting,0.017849414271899712,mid,-0.019999999999999907,0.859375
7B,counting,0.017849414271899712,mid,-0.019999999999999907,0.875
7B,counting,0.017849414271899712,mid,0.0,0.890625
7B,counting,0.017849414271899712,mid,0.0,0.90625
7B,counting,0.017849414271899712,mid,0.0,0.921875
7B,counting,0.017849414271899712,mid,0.0,0.9375
7B,counting,0.017849414271899712,mid,0.0,0.953125
7B,counting,0.017849414271899712,mid,0.0,0.96875
7B,counting,0.017849414271899712,mid,0.0,0.984375
7B,counting,0.017849414271899712,mid,0.0,1.0
7B,counting,0.07139765708759885,transition,-0.1399999999999999,0.015625
7B,counting,0.07139765708759885,transition,-0.12,0.03125
7B,counting,0.07139765708759885,transition,-0.12,0.046875
7B,counting,0.07139765708759885,transition,-0.12,0.0625
7B,counting,0.07139765708759885,transition,-0.12,0.078125
7B,counting,0.07139765708759885,transition,-0.12,0.09375
7B,counting,0.07139765708759885,transition,-0.09999999999999998,0.109375
7B,counting,0.07139765708759885,transition,-0.09999999999999998,0.125
7B,counting,0.07139765708759885,transition,-0.09999999999999998,0.140625
7B,counting,0.07139765708759885,transition,-0.09999999999999998,0.15625
7B,counting,0.07139765708759885,transition,-0.09999999999999998,0.171875
7B,counting,0.07139765708759885,transition,-0.09999999999999998,0.1875
7B,counting,0.07139765708759885,transition,-0.09999999999999998,0.203125
7B,counting,0.07139765708759885,transition,-0.09999999999999998,0.21875
7B,counting,0.07139765708759885,transition,-0.09999999999999998,0.234375
7B,counting,0.07139765708759885,transition,-0.09999999999999998,0.25
7B,counting,0.07139765708759885,transition,-0.09999999999999998,0.265625
7B,counting,0.07139765708759885,transition,-0.09999999999999998,0.28125
7B,counting,0.07139765708759885,transition,-0.07999999999999996,0.296875
7B,counting,0.07139765708759885,transition,-0.07999999999999996,0.3125
7B,counting,0.07139765708759885,transition,-0.07999999999999996,0.328125
7B,counting,0.07139765708759885,transition,-0.07999999999999996,0.34375
7B,counting,0.07139765708759885,transition,-0.07999999999999996,0.359375
7B,counting,0.07139765708759885,transition,-0.07999999999999996,0.375
7B,counting,0.07139765708759885,transition,-0.07999999999999996,0.390625
7B,counting,0.07139765708759885,transition,-0.07999999999999996,0.40625
7B,counting,0.07139765708759885,transition,-0.07999999999999996,0.421875
7B,counting,0.07139765708759885,transition,-0.07999999999999996,0.4375
7B,counting,0.07139765708759885,transition,-0.07999999999999996,0.453125
7B,counting,0.07139765708759885,transition,-0.07999999999999996,0.46875
7B,counting,0.07139765708759885,transition,-0.07999999999999996,0.484375
7B,counting,0.07139765708759885,transition,-0.07999999999999996,0.5
7B,counting,0.07139765708759885,transition,-0.05999999999999994,0.515625
7B,counting,0.07139765708759885,transition,-0.05999999999999994,0.53125
7B,counting,0.07139765708759885,transition,-0.05999999999999994,0.546875
7B,counting,0.07139765708759885,transition,-0.05999999999999994,0.5625
7B,counting,0.07139765708759885,transition,-0.05999999999999994,0.578125
7B,counting,0.07139765708759885,transition,-0.05999999999999994,0.59375
7B,counting,0.07139765708759885,transition,-0.05999999999999994,0.609375
7B,counting,0.07139765708759885,transition,-0.05999999999999994,0.625
7B,counting,0.07139765708759885,transition,-0.05999999999999994,0.640625
7B,counting,0.07139765708759885,transition,-0.05999999999999994,0.65625
7B,counting,0.07139765708759885,transition,-0.05999999999999994,0.671875
7B,counting,0.07139765708759885,transition,-0.05999999999999994,0.6875
7B,counting,0.07139765708759885,transition,-0.05999999999999994,0.703125
7B,counting,0.07139765708759885,transition,-0.05999999999999994,0.71875
7B,counting,0.07139765708759885,transition,-0.05999999999999994,0.734375
7B,counting,0.07139765708759885,transition,-0.05999999999999994,0.75
7B,counting,0.07139765708759885,transition,-0.039999999999999925,0.765625
7B,counting,0.07139765708759885,transition,-0.039999999999999925,0.78125
7B,counting,0.07139765708759885,transition,-0.039999999999999925,0.796875
7B,counting,0.07139765708759885,transition,-0.039999999999999925,0.8125
7B,counting,0.07139765708759885,transition,-0.039999999999999925,0.828125
7B,counting,0.07139765708759885,transition,-0.039999999999999925,0.84375
7B,counting,0.07139765708759885,transition,-0.019999999999999907,0.859375
7B,counting,0.07139765708759885,transition,-0.019999999999999907,0.875
7B,counting,0.07139765708759885,transition,-0.019999999999999907,0.890625
7B,counting,0.07139765708759885,transition,-0.019999999999999907,0.90625
7B,counting,0.07139765708759885,transition,-0.019999999999999907,0.921875
7B,counting,0.07139765708759885,transition,-0.019999999999999907,0.9375
7B,counting,0.07139765708759885,transition,-0.019999999999999907,0.953125
7B,counting,0.07139765708759885,transition,-0.019999999999999907,0.96875
7B,counting,0.07139765708759885,transition,0.0,0.984375
7B,counting,0.07139765708759885,transition,0.0,1.0
7B,spatial_reasoning,0.0035698828543799426,small,0.0,0.015625
7B,spatial_reasoning,0.0035698828543799426,small,0.0,0.03125
7B,spatial_reasoning,0.0035698828543799426,small,0.0,0.046875
7B,spatial_reasoning,0.0035698828543799426,small,0.0,0.0625
7B,spatial_reasoning,0.0035698828543799426,small,0.0,0.078125
7B,spatial_reasoning,0.0035698828543799426,small,0.0,0.09375
7B,spatial_reasoning,0.0035698828543799426,small,0.0,0.109375
7B,spatial_reasoning,0.0035698828543799426,small,0.0,0.125
7B,spatial_reasoning,0.0035698828543799426,small,0.0,0.140625
7B,spatial_reasoning,0.0035698828543799426,small,0.0,0.15625
7B,spatial_reasoning,0.0035698828543799426,small,0.0,0.171875
7B,spatial_reasoning,0.0035698828543799426,small,0.0,0.1875
7B,spatial_reasoning,0.0035698828543799426,small,0.0,0.203125
7B,spatial_reasoning,0.0035698828543799426,small,0.0,0.21875
7B,spatial_reasoning,0.0035698828543799426,small,0.0,0.234375
7B,spatial_reasoning,0.0035698828543799426,small,0.0,0.25
7B,spatial_reasoning,0.0035698828543799426,small,0.0,0.265625
7B,spatial_reasoning,0.0035698828543799426,small,0.0,0.28125
7B,spatial_reasoning,0.0035698828543799426,small,0.0,0.296875
7B,spatial_reasoning,0.0035698828543799426,small,0.0,0.3125
7B,spatial_reasoning,0.0035698828543799426,small,0.0,0.328125
7B,spatial_reasoning,0.0035698828543799426,small,0.0,0.34375
7B,spatial_reasoning,0.0035698828543799426,small,0.0,0.359375
7B,spatial_reasoning,0.0035698828543799426,small,0.0,0.375
7B,spatial_reasoning,0.0035698828543799426,small,0.0,0.390625
7B,spatial_reasoning,0.0035698828543799426,small,0.0,0.40625
7B,spatial_reasoning,0.0035698828543799426,small,0.0,0.421875
7B,spatial_reasoning,0.0035698828543799426,small,0.0,0.4375
7B,spatial_reasoning,0.0035698828543799426,small,0.0,0.453125
7B,spatial_reasoning,0.0035698828543799426,small,0.0,0.46875
7B,spatial_reasoning,0.0035698828543799426,small,0.0,0.484375
7B,spatial_reasoning,0.0035698828543799426,small,0.0,0.5
7B,spatial_reasoning,0.0035698828543799426,small,0.0,0.515625
7B,spatial_reasoning,0.0035698828543799426,small,0.0,0.53125
7B,spatial_reasoning,0.0035698828543799426,small,0.0,0.546875
7B,spatial_reasoning,0.0035698828543799426,small,0.0,0.5625
7B,spatial_reasoning,0.0035698828543799426,small,0.0,0.578125
7B,spatial_reasoning,0.0035698828543799426,small,0.0,0.59375
7B,spatial_reasoning,0.0035698828543799426,small,0.0,0.609375
7B,spatial_reasoning,0.0035698828543799426,small,0.0,0.625
7B,spatial_reasoning,0.0035698828543799426,small,0.0,0.640625
7B,spatial_reasoning,0.0035698828543799426,small,0.0,0.65625
7B,spatial_reasoning,0.0035698828543799426,small,0.0,0.671875
7B,spatial_reasoning,0.0035698828543799426,small,0.0,0.6875
7B,spatial_reasoning,0.0035698828543799426,small,0.0,0.703125
7B,spatial_reasoning,0.0035698828543799426,small,0.0,0.71875
7B,spatial_reasoning,0.0035698828543799426,small,0.0,0.734375
7B,spatial_reasoning,0.0035698828543799426,small,0.0,0.75
7B,spatial_reasoning,0.0035698828543799426,small,0.0,0.765625
7B,spatial_reasoning,0.0035698828543799426,small,0.0,0.78125
7B,spatial_reasoning,0.0035698828543799426,small,0.0,0.796875
7B,spatial_reasoning,0.0035698828543799426,small,0.0,0.8125
7B,spatial_reasoning,0.0035698828543799426,small,0.0,0.828125
7B,spatial_reasoning,0.0035698828543799426,small,0.0,0.84375
7B,spatial_reasoning,0.0035698828543799426,small,0.0,0.859375
7B,spatial_reasoning,0.0035698828543799426,small,0.020000000000000018,0.875
7B,spatial_reasoning,0.0035698828543799426,small,0.020000000000000018,0.890625
7B,spatial_reasoning,0.0035698828543799426,small,0.020000000000000018,0.90625
7B,spatial_reasoning,0.0035698828543799426,small,0.020000000000000018,0.921875
7B,spatial_reasoning,0.0035698828543799426,small,0.020000000000000018,0.9375
7B,spatial_reasoning,0.0035698828543799426,small,0.020000000000000018,0.953125
7B,spatial_reasoning,0.0035698828543799426,small,0.020000000000000018,0.96875
7B,spatial_reasoning,0.0035698828543799426,small,0.020000000000000018,0.984375
7B,spatial_reasoning,0.0035698828543799426,small,0.020000000000000018,1.0
7B,spatial_reasoning,0.017849414271899712,mid,-0.020000000000000018,0.015625
7B,spatial_reasoning,0.017849414271899712,mid,0.0,0.03125
7B,spatial_reasoning,0.017849414271899712,mid,0.0,0.046875
7B,spatial_reasoning,0.017849414271899712,mid,0.0,0.0625
7B,spatial_reasoning,0.017849414271899712,mid,0.0,0.078125
7B,spatial_reasoning,0.017849414271899712,mid,0.0,0.09375
7B,spatial_reasoning,0.017849414271899712,mid,0.0,0.109375
7B,spatial_reasoning,0.017849414271899712,mid,0.0,0.125
7B,spatial_reasoning,0.017849414271899712,mid,0.0,0.140625
7B,spatial_reasoning,0.017849414271899712,mid,0.0,0.15625
7B,spatial_reasoning,0.017849414271899712,mid,0.0,0.171875
7B,spatial_reasoning,0.017849414271899712,mid,0.0,0.1875
7B,spatial_reasoning,0.017849414271899712,mid,0.0,0.203125
7B,spatial_reasoning,0.017849414271899712,mid,0.0,0.21875
7B,spatial_reasoning,0.017849414271899712,mid,0.0,0.234375
7B,spatial_reasoning,0.017849414271899712,mid,0.0,0.25
7B,spatial_reasoning,0.017849414271899712,mid,0.0,0.265625
7B,spatial_reasoning,0.017849414271899712,mid,0.0,0.28125
7B,spatial_reasoning,0.017849414271899712,mid,0.0,0.296875
7B,spatial_reasoning,0.017849414271899712,mid,0.0,0.3125
7B,spatial_reasoning,0.017849414271899712,mid,0.0,0.328125
7B,spatial_reasoning,0.017849414271899712,mid,0.0,0.34375
7B,spatial_reasoning,0.017849414271899712,mid,0.0,0.359375
7B,spatial_reasoning,0.017849414271899712,mid,0.0,0.375
7B,spatial_reasoning,0.017849414271899712,mid,0.0,0.390625
7B,spatial_reasoning,0.017849414271899712,mid,0.0,0.40625
7B,spatial_reasoning,0.017849414271899712,mid,0.0,0.421875
7B,spatial_reasoning,0.017849414271899712,mid,0.0,0.4375
7B,spatial_reasoning,0.017849414271899712,mid,0.0,0.453125
7B,spatial_reasoning,0.017849414271899712,mid,0.0,0.46875
7B,spatial_reasoning,0.017849414271899712,mid,0.0,0.484375
7B,spatial_reasoning,0.017849414271899712,mid,0.0,0.5
7B,spatial_reasoning,0.017849414271899712,mid,0.0,0.515625
7B,spatial_reasoning,0.017849414271899712,mid,0.0,0.53125
7B,spatial_reasoning,0.017849414271899712,mid,0.0,0.546875
7B,spatial_reasoning,0.017849414271899712,mid,0.0,0.5625
7B,spatial_reasoning,0.017849414271899712,mid,0.0,0.578125
7B,spatial_reasoning,0.017849414271899712,mid,0.0,0.59375
7B,spatial_reasoning,0.017849414271899712,mid,0.0,0.609375
7B,spatial_reasoning,0.017849414271899712,mid,0.020000000000000018,0.625
7B,spatial_reasoning,0.017849414271899712,mid,0.020000000000000018,0.640625
7B,spatial_reasoning,0.017849414271899712,mid,0.020000000000000018,0.65625
7B,spatial_reasoning,0.017849414271899712,mid,0.020000000000000018,0.671875
7B,spatial_reasoning,0.017849414271899712,mid,0.020000000000000018,0.6875
7B,spatial_reasoning,0.017849414271899712,mid,0.020000000000000018,0.703125
7B,spatial_reasoning,0.017849414271899712,mid,0.020000000000000018,0.71875
7B,spatial_reasoning,0.017849414271899712,mid,0.020000000000000018,0.734375
7B,spatial_reasoning,0.017849414271899712,mid,0.020000000000000018,0.75
7B,spatial_reasoning,0.017849414271899712,mid,0.020000000000000018,0.765625
7B,spatial_reasoning,0.017849414271899712,mid,0.020000000000000018,0.78125
7B,spatial_reasoning,0.017849414271899712,mid,0.020000000000000018,0.796875
7B,spatial_reasoning,0.017849414271899712,mid,0.020000000000000018,0.8125
7B,spatial_reasoning,0.017849414271899712,mid,0.020000000000000018,0.828125
7B,spatial_reasoning,0.017849414271899712,mid,0.020000000000000018,0.84375
7B,spatial_reasoning,0.017849414271899712,mid,0.020000000000000018,0.859375
7B,spatial_reasoning,0.017849414271899712,mid,0.020000000000000018,0.875
7B,spatial_reasoning,0.017849414271899712,mid,0.020000000000000018,0.890625
7B,spatial_reasoning,0.017849414271899712,mid,0.020000000000000018,0.90625
7B,spatial_reasoning,0.017849414271899712,mid,0.020000000000000018,0.921875
7B,spatial_reasoning,0.017849414271899712,mid,0.020000000000000018,0.9375
7B,spatial_reasoning,0.017849414271899712,mid,0.020000000000000018,0.953125
7B,spatial_reasoning,0.017849414271899712,mid,0.020000000000000018,0.96875
7B,spatial_reasoning,0.017849414271899712,mid,0.020000000000000018,0.984375
7B,spatial_reasoning,0.017849414271899712,mid,0.020000000000000018,1.0
7B,spatial_reasoning,0.07139765708759885,transition,-0.09999999999999998,0.015625
7B,spatial_reasoning,0.07139765708759885,transition,-0.05999999999999994,0.03125
7B,spatial_reasoning,0.07139765708759885,transition,-0.05999999999999994,0.046875
7B,spatial_reasoning,0.07139765708759885,transition,-0.05999999999999994,0.0625
7B,spatial_reasoning,0.07139765708759885,transition,-0.05999999999999994,0.078125
7B,spatial_reasoning,0.07139765708759885,transition,-0.039999999999999925,0.09375
7B,spatial_reasoning,0.07139765708759885,transition,-0.039999999999999925,0.109375
7B,spatial_reasoning,0.07139765708759885,transition,-0.039999999999999925,0.125
7B,spatial_reasoning,0.07139765708759885,transition,-0.039999999999999925,0.140625
7B,spatial_reasoning,0.07139765708759885,transition,-0.039999999999999925,0.15625
7B,spatial_reasoning,0.07139765708759885,transition,-0.039999999999999925,0.171875
7B,spatial_reasoning,0.07139765708759885,transition,-0.039999999999999925,0.1875
7B,spatial_reasoning,0.07139765708759885,transition,-0.039999999999999925,0.203125
7B,spatial_reasoning,0.07139765708759885,transition,-0.039999999999999925,0.21875
7B,spatial_reasoning,0.07139765708759885,transition,-0.039999999999999925,0.234375
7B,spatial_reasoning,0.07139765708759885,transition,-0.039999999999999925,0.25
7B,spatial_reasoning,0.07139765708759885,transition,-0.039999999999999925,0.265625
7B,spatial_reasoning,0.07139765708759885,transition,-0.020000000000000018,0.28125
7B,spatial_reasoning,0.07139765708759885,transition,-0.020000000000000018,0.296875
7B,spatial_reasoning,0.07139765708759885,transition,-0.020000000000000018,0.3125
7B,spatial_reasoning,0.07139765708759885,transition,-0.020000000000000018,0.328125
7B,spatial_reasoning,0.07139765708759885,transition,-0.020000000000000018,0.34375
7B,spatial_reasoning,0.07139765708759885,transition,-0.020000000000000018,0.359375
7B,spatial_reasoning,0.07139765708759885,transition,-0.020000000000000018,0.375
7B,spatial_reasoning,0.07139765708759885,transition,-0.020000000000000018,0.390625
7B,spatial_reasoning,0.07139765708759885,transition,-0.020000000000000018,0.40625
7B,spatial_reasoning,0.07139765708759885,transition,-0.020000000000000018,0.421875
7B,spatial_reasoning,0.07139765708759885,transition,-0.020000000000000018,0.4375
7B,spatial_reasoning,0.07139765708759885,transition,-0.020000000000000018,0.453125
7B,spatial_reasoning,0.07139765708759885,transition,0.0,0.46875
7B,spatial_reasoning,0.07139765708759885,transition,0.0,0.484375
7B,spatial_reasoning,0.07139765708759885,transition,0.0,0.5
7B,spatial_reasoning,0.07139765708759885,transition,0.0,0.515625
7B,spatial_reasoning,0.07139765708759885,transition,0.0,0.53125
7B,spatial_reasoning,0.07139765708759885,transition,0.0,0.546875
7B,spatial_reasoning,0.07139765708759885,transition,0.0,0.5625
7B,spatial_reasoning,0.07139765708759885,transition,0.0,0.578125
7B,spatial_reasoning,0.07139765708759885,transition,0.0,0.59375
7B,spatial_reasoning,0.07139765708759885,transition,0.0,0.609375
7B,spatial_reasoning,0.07139765708759885,transition,0.0,0.625
7B,spatial_reasoning,0.07139765708759885,transition,0.0,0.640625
7B,spatial_reasoning,0.07139765708759885,transition,0.0,0.65625
7B,spatial_reasoning,0.07139765708759885,transition,0.0,0.671875
7B,spatial_reasoning,0.07139765708759885,transition,0.0,0.6875
7B,spatial_reasoning,0.07139765708759885,transition,0.0,0.703125
7B,spatial_reasoning,0.07139765708759885,transition,0.020000000000000018,0.71875
7B,spatial_reasoning,0.07139765708759885,transition,0.020000000000000018,0.734375
7B,spatial_reasoning,0.07139765708759885,transition,0.020000000000000018,0.75
7B,spatial_reasoning,0.07139765708759885,transition,0.020000000000000018,0.765625
7B,spatial_reasoning,0.07139765708759885,transition,0.020000000000000018,0.78125
7B,spatial_reasoning,0.07139765708759885,transition,0.020000000000000018,0.796875
7B,spatial_reasoning,0.07139765708759885,transition,0.020000000000000018,0.8125
7B,spatial_reasoning,0.07139765708759885,transition,0.020000000000000018,0.828125
7B,spatial_reasoning,0.07139765708759885,transition,0.020000000000000018,0.84375
7B,spatial_reasoning,0.07139765708759885,transition,0.020000000000000018,0.859375
7B,spatial_reasoning,0.07139765708759885,transition,0.020000000000000018,0.875
7B,spatial_reasoning,0.07139765708759885,transition,0.020000000000000018,0.890625
7B,spatial_reasoning,0.07139765708759885,transition,0.040000000000000036,0.90625
7B,spatial_reasoning,0.07139765708759885,transition,0.040000000000000036,0.921875
7B,spatial_reasoning,0.07139765708759885,transition,0.040000000000000036,0.9375
7B,spatial_reasoning,0.07139765708759885,transition,0.040000000000000036,0.953125
7B,spatial_reasoning,0.07139765708759885,transition,0.040000000000000036,0.96875
7B,spatial_reasoning,0.07139765708759885,transition,0.040000000000000036,0.984375
7B,spatial_reasoning,0.07139765708759885,transition,0.06000000000000005,1.0
7B,ocr_text_recognition_grounded,0.0035698828543799426,small,-0.020000000000000018,0.015625
7B,ocr_text_recognition_grounded,0.0035698828543799426,small,0.0,0.03125
7B,ocr_text_recognition_grounded,0.0035698828543799426,small,0.0,0.046875
7B,ocr_text_recognition_grounded,0.0035698828543799426,small,0.0,0.0625
7B,ocr_text_recognition_grounded,0.0035698828543799426,small,0.0,0.078125
7B,ocr_text_recognition_grounded,0.0035698828543799426,small,0.0,0.09375
7B,ocr_text_recognition_grounded,0.0035698828543799426,small,0.0,0.109375
7B,ocr_text_recognition_grounded,0.0035698828543799426,small,0.0,0.125
7B,ocr_text_recognition_grounded,0.0035698828543799426,small,0.0,0.140625
7B,ocr_text_recognition_grounded,0.0035698828543799426,small,0.0,0.15625
7B,ocr_text_recognition_grounded,0.0035698828543799426,small,0.0,0.171875
7B,ocr_text_recognition_grounded,0.0035698828543799426,small,0.0,0.1875
7B,ocr_text_recognition_grounded,0.0035698828543799426,small,0.0,0.203125
7B,ocr_text_recognition_grounded,0.0035698828543799426,small,0.0,0.21875
7B,ocr_text_recognition_grounded,0.0035698828543799426,small,0.0,0.234375
7B,ocr_text_recognition_grounded,0.0035698828543799426,small,0.0,0.25
7B,ocr_text_recognition_grounded,0.0035698828543799426,small,0.0,0.265625
7B,ocr_text_recognition_grounded,0.0035698828543799426,small,0.0,0.28125
7B,ocr_text_recognition_grounded,0.0035698828543799426,small,0.0,0.296875
7B,ocr_text_recognition_grounded,0.0035698828543799426,small,0.0,0.3125
7B,ocr_text_recognition_grounded,0.0035698828543799426,small,0.0,0.328125
7B,ocr_text_recognition_grounded,0.0035698828543799426,small,0.0,0.34375
7B,ocr_text_recognition_grounded,0.0035698828543799426,small,0.0,0.359375
7B,ocr_text_recognition_grounded,0.0035698828543799426,small,0.0,0.375
7B,ocr_text_recognition_grounded,0.0035698828543799426,small,0.0,0.390625
7B,ocr_text_recognition_grounded,0.0035698828543799426,small,0.0,0.40625
7B,ocr_text_recognition_grounded,0.0035698828543799426,small,0.0,0.421875
7B,ocr_text_recognition_grounded,0.0035698828543799426,small,0.0,0.4375
7B,ocr_text_recognition_grounded,0.0035698828543799426,small,0.0,0.453125
7B,ocr_text_recognition_grounded,0.0035698828543799426,small,0.0,0.46875
7B,ocr_text_recognition_grounded,0.0035698828543799426,small,0.0,0.484375
7B,ocr_text_recognition_grounded,0.0035698828543799426,small,0.0,0.5
7B,ocr_text_recognition_grounded,0.0035698828543799426,small,0.0,0.515625
7B,ocr_text_recognition_grounded,0.0035698828543799426,small,0.0,0.53125
7B,ocr_text_recognition_grounded,0.0035698828543799426,small,0.0,0.546875
7B,ocr_text_recognition_grounded,0.0035698828543799426,small,0.0,0.5625
7B,ocr_text_recognition_grounded,0.0035698828543799426,small,0.0,0.578125
7B,ocr_text_recognition_grounded,0.0035698828543799426,small,0.0,0.59375
7B,ocr_text_recognition_grounded,0.0035698828543799426,small,0.0,0.609375
7B,ocr_text_recognition_grounded,0.0035698828543799426,small,0.0,0.625
7B,ocr_text_recognition_grounded,0.0035698828543799426,small,0.0,0.640625
7B,ocr_text_recognition_grounded,0.0035698828543799426,small,0.0,0.65625
7B,ocr_text_recognition_grounded,0.0035698828543799426,small,0.0,0.671875
7B,ocr_text_recognition_grounded,0.0035698828543799426,small,0.0,0.6875
7B,ocr_text_recognition_grounded,0.0035698828543799426,small,0.0,0.703125
7B,ocr_text_recognition_grounded,0.0035698828543799426,small,0.0,0.71875
7B,ocr_text_recognition_grounded,0.0035698828543799426,small,0.0,0.734375
7B,ocr_text_recognition_grounded,0.0035698828543799426,small,0.0,0.75
7B,ocr_text_recognition_grounded,0.0035698828543799426,small,0.0,0.765625
7B,ocr_text_recognition_grounded,0.0035698828543799426,small,0.0,0.78125
7B,ocr_text_recognition_grounded,0.0035698828543799426,small,0.0,0.796875
7B,ocr_text_recognition_grounded,0.0035698828543799426,small,0.0,0.8125
7B,ocr_text_recognition_grounded,0.0035698828543799426,small,0.0,0.828125
7B,ocr_text_recognition_grounded,0.0035698828543799426,small,0.0,0.84375
7B,ocr_text_recognition_grounded,0.0035698828543799426,small,0.0,0.859375
7B,ocr_text_recognition_grounded,0.0035698828543799426,small,0.0,0.875
7B,ocr_text_recognition_grounded,0.0035698828543799426,small,0.0,0.890625
7B,ocr_text_recognition_grounded,0.0035698828543799426,small,0.0,0.90625
7B,ocr_text_recognition_grounded,0.0035698828543799426,small,0.0,0.921875
7B,ocr_text_recognition_grounded,0.0035698828543799426,small,0.0,0.9375
7B,ocr_text_recognition_grounded,0.0035698828543799426,small,0.0,0.953125
7B,ocr_text_recognition_grounded,0.0035698828543799426,small,0.0,0.96875
7B,ocr_text_recognition_grounded,0.0035698828543799426,small,0.0,0.984375
7B,ocr_text_recognition_grounded,0.0035698828543799426,small,0.0,1.0
7B,ocr_text_recognition_grounded,0.017849414271899712,mid,-0.039999999999999925,0.015625
7B,ocr_text_recognition_grounded,0.017849414271899712,mid,-0.039999999999999925,0.03125
7B,ocr_text_recognition_grounded,0.017849414271899712,mid,-0.02200000000000002,0.046875
7B,ocr_text_recognition_grounded,0.017849414271899712,mid,-0.02200000000000002,0.0625
7B,ocr_text_recognition_grounded,0.017849414271899712,mid,-0.020000000000000018,0.078125
7B,ocr_text_recognition_grounded,0.017849414271899712,mid,-0.020000000000000018,0.09375
7B,ocr_text_recognition_grounded,0.017849414271899712,mid,-0.020000000000000018,0.109375
7B,ocr_text_recognition_grounded,0.017849414271899712,mid,-0.020000000000000018,0.125
7B,ocr_text_recognition_grounded,0.017849414271899712,mid,-0.020000000000000018,0.140625
7B,ocr_text_recognition_grounded,0.017849414271899712,mid,-0.020000000000000018,0.15625
7B,ocr_text_recognition_grounded,0.017849414271899712,mid,-0.020000000000000018,0.171875
7B,ocr_text_recognition_grounded,0.017849414271899712,mid,-0.020000000000000018,0.1875
7B,ocr_text_recognition_grounded,0.017849414271899712,mid,-0.020000000000000018,0.203125
7B,ocr_text_recognition_grounded,0.017849414271899712,mid,-0.020000000000000018,0.21875
7B,ocr_text_recognition_grounded,0.017849414271899712,mid,-0.020000000000000018,0.234375
7B,ocr_text_recognition_grounded,0.017849414271899712,mid,-0.020000000000000018,0.25
7B,ocr_text_recognition_grounded,0.017849414271899712,mid,-0.020000000000000018,0.265625
7B,ocr_text_recognition_grounded,0.017849414271899712,mid,-0.020000000000000018,0.28125
7B,ocr_text_recognition_grounded,0.017849414271899712,mid,-0.020000000000000018,0.296875
7B,ocr_text_recognition_grounded,0.017849414271899712,mid,-0.020000000000000018,0.3125
7B,ocr_text_recognition_grounded,0.017849414271899712,mid,-0.020000000000000018,0.328125
7B,ocr_text_recognition_grounded,0.017849414271899712,mid,-0.020000000000000018,0.34375
7B,ocr_text_recognition_grounded,0.017849414271899712,mid,-0.020000000000000018,0.359375
7B,ocr_text_recognition_grounded,0.017849414271899712,mid,-0.020000000000000018,0.375
7B,ocr_text_recognition_grounded,0.017849414271899712,mid,-0.020000000000000018,0.390625
7B,ocr_text_recognition_grounded,0.017849414271899712,mid,-0.020000000000000018,0.40625
7B,ocr_text_recognition_grounded,0.017849414271899712,mid,-0.020000000000000018,0.421875
7B,ocr_text_recognition_grounded,0.017849414271899712,mid,-0.020000000000000018,0.4375
7B,ocr_text_recognition_grounded,0.017849414271899712,mid,-0.020000000000000018,0.453125
7B,ocr_text_recognition_grounded,0.017849414271899712,mid,-0.0020000000000000018,0.46875
7B,ocr_text_recognition_grounded,0.017849414271899712,mid,0.0,0.484375
7B,ocr_text_recognition_grounded,0.017849414271899712,mid,0.0,0.5
7B,ocr_text_recognition_grounded,0.017849414271899712,mid,0.0,0.515625
7B,ocr_text_recognition_grounded,0.017849414271899712,mid,0.0,0.53125
7B,ocr_text_recognition_grounded,0.017849414271899712,mid,0.0,0.546875
7B,ocr_text_recognition_grounded,0.017849414271899712,mid,0.0,0.5625
7B,ocr_text_recognition_grounded,0.017849414271899712,mid,0.0,0.578125
7B,ocr_text_recognition_grounded,0.017849414271899712,mid,0.0,0.59375
7B,ocr_text_recognition_grounded,0.017849414271899712,mid,0.0,0.609375
7B,ocr_text_recognition_grounded,0.017849414271899712,mid,0.0,0.625
7B,ocr_text_recognition_grounded,0.017849414271899712,mid,0.0,0.640625
7B,ocr_text_recognition_grounded,0.017849414271899712,mid,0.0,0.65625
7B,ocr_text_recognition_grounded,0.017849414271899712,mid,0.0,0.671875
7B,ocr_text_recognition_grounded,0.017849414271899712,mid,0.0,0.6875
7B,ocr_text_recognition_grounded,0.017849414271899712,mid,0.0,0.703125
7B,ocr_text_recognition_grounded,0.017849414271899712,mid,0.0,0.71875
7B,ocr_text_recognition_grounded,0.017849414271899712,mid,0.0,0.734375
7B,ocr_text_recognition_grounded,0.017849414271899712,mid,0.0,0.75
7B,ocr_text_recognition_grounded,0.017849414271899712,mid,0.0,0.765625
7B,ocr_text_recognition_grounded,0.017849414271899712,mid,0.0,0.78125
7B,ocr_text_recognition_grounded,0.017849414271899712,mid,0.0,0.796875
7B,ocr_text_recognition_grounded,0.017849414271899712,mid,0.0,0.8125
7B,ocr_text_recognition_grounded,0.017849414271899712,mid,0.0,0.828125
7B,ocr_text_recognition_grounded,0.017849414271899712,mid,0.0,0.84375
7B,ocr_text_recognition_grounded,0.017849414271899712,mid,0.0,0.859375
7B,ocr_text_recognition_grounded,0.017849414271899712,mid,0.0,0.875
7B,ocr_text_recognition_grounded,0.017849414271899712,mid,0.0,0.890625
7B,ocr_text_recognition_grounded,0.017849414271899712,mid,0.0,0.90625
7B,ocr_text_recognition_grounded,0.017849414271899712,mid,0.0,0.921875
7B,ocr_text_recognition_grounded,0.017849414271899712,mid,0.0,0.9375
7B,ocr_text_recognition_grounded,0.017849414271899712,mid,0.0,0.953125
7B,ocr_text_recognition_grounded,0.017849414271899712,mid,0.0019999999999998908,0.96875
7B,ocr_text_recognition_grounded,0.017849414271899712,mid,0.020000000000000018,0.984375
7B,ocr_text_recognition_grounded,0.017849414271899712,mid,0.02199999999999991,1.0
7B,ocr_text_recognition_grounded,0.07139765708759885,transition,-0.08199999999999996,0.015625
7B,ocr_text_recognition_grounded,0.07139765708759885,transition,-0.08199999999999996,0.03125
7B,ocr_text_recognition_grounded,0.07139765708759885,transition,-0.06999999999999995,0.046875
7B,ocr_text_recognition_grounded,0.07139765708759885,transition,-0.06600000000000006,0.0625
7B,ocr_text_recognition_grounded,0.07139765708759885,transition,-0.062000000000000055,0.078125
7B,ocr_text_recognition_grounded,0.07139765708759885,transition,-0.062000000000000055,0.09375
7B,ocr_text_recognition_grounded,0.07139765708759885,transition,-0.05600000000000005,0.109375
7B,ocr_text_recognition_grounded,0.07139765708759885,transition,-0.05400000000000005,0.125
7B,ocr_text_recognition_grounded,0.07139765708759885,transition,-0.05400000000000005,0.140625
7B,ocr_text_recognition_grounded,0.07139765708759885,transition,-0.04999999999999993,0.15625
7B,ocr_text_recognition_grounded,0.07139765708759885,transition,-0.04800000000000004,0.171875
7B,ocr_text_recognition_grounded,0.07139765708759885,transition,-0.04800000000000004,0.1875
7B,ocr_text_recognition_grounded,0.07139765708759885,transition,-0.04600000000000004,0.203125
7B,ocr_text_recognition_grounded,0.07139765708759885,transition,-0.04200000000000004,0.21875
7B,ocr_text_recognition_grounded,0.07139765708759885,transition,-0.04200000000000004,0.234375
7B,ocr_text_recognition_grounded,0.07139765708759885,transition,-0.039999999999999925,0.25
7B,ocr_text_recognition_grounded,0.07139765708759885,transition,-0.039999999999999925,0.265625
7B,ocr_text_recognition_grounded,0.07139765708759885,transition,-0.039999999999999925,0.28125
7B,ocr_text_recognition_grounded,0.07139765708759885,transition,-0.038000000000000145,0.296875
7B,ocr_text_recognition_grounded,0.07139765708759885,transition,-0.03600000000000003,0.3125
7B,ocr_text_recognition_grounded,0.07139765708759885,transition,-0.03400000000000003,0.328125
7B,ocr_text_recognition_grounded,0.07139765708759885,transition,-0.03400000000000003,0.34375
7B,ocr_text_recognition_grounded,0.07139765708759885,transition,-0.03400000000000003,0.359375
7B,ocr_text_recognition_grounded,0.07139765708759885,transition,-0.03200000000000003,0.375
7B,ocr_text_recognition_grounded,0.07139765708759885,transition,-0.028000000000000136,0.390625
7B,ocr_text_recognition_grounded,0.07139765708759885,transition,-0.028000000000000136,0.40625
7B,ocr_text_recognition_grounded,0.07139765708759885,transition,-0.028000000000000136,0.421875
7B,ocr_text_recognition_grounded,0.07139765708759885,transition,-0.028000000000000136,0.4375
7B,ocr_text_recognition_grounded,0.07139765708759885,transition,-0.02200000000000002,0.453125
7B,ocr_text_recognition_grounded,0.07139765708759885,transition,-0.02200000000000002,0.46875
7B,ocr_text_recognition_grounded,0.07139765708759885,transition,-0.020000000000000018,0.484375
7B,ocr_text_recognition_grounded,0.07139765708759885,transition,-0.020000000000000018,0.5
7B,ocr_text_recognition_grounded,0.07139765708759885,transition,-0.020000000000000018,0.515625
7B,ocr_text_recognition_grounded,0.07139765708759885,transition,-0.020000000000000018,0.53125
7B,ocr_text_recognition_grounded,0.07139765708759885,transition,-0.020000000000000018,0.546875
7B,ocr_text_recognition_grounded,0.07139765708759885,transition,-0.018000000000000127,0.5625
7B,ocr_text_recognition_grounded,0.07139765708759885,transition,-0.016000000000000014,0.578125
7B,ocr_text_recognition_grounded,0.07139765708759885,transition,-0.016000000000000014,0.59375
7B,ocr_text_recognition_grounded,0.07139765708759885,transition,-0.014000000000000012,0.609375
7B,ocr_text_recognition_grounded,0.07139765708759885,transition,-0.014000000000000012,0.625
7B,ocr_text_recognition_grounded,0.07139765708759885,transition,-0.014000000000000012,0.640625
7B,ocr_text_recognition_grounded,0.07139765708759885,transition,-0.014000000000000012,0.65625
7B,ocr_text_recognition_grounded,0.07139765708759885,transition,-0.014000000000000012,0.671875
7B,ocr_text_recognition_grounded,0.07139765708759885,transition,-0.014000000000000012,0.6875
7B,ocr_text_recognition_grounded,0.07139765708759885,transition,-0.014000000000000012,0.703125
7B,ocr_text_recognition_grounded,0.07139765708759885,transition,-0.0040000000000000036,0.71875
7B,ocr_text_recognition_grounded,0.07139765708759885,transition,-0.0040000000000000036,0.734375
7B,ocr_text_recognition_grounded,0.07139765708759885,transition,-0.0020000000000000018,0.75
7B,ocr_text_recognition_grounded,0.07139765708759885,transition,-0.0020000000000000018,0.765625
7B,ocr_text_recognition_grounded,0.07139765708759885,transition,0.0,0.78125
7B,ocr_text_recognition_grounded,0.07139765708759885,transition,0.0,0.796875
7B,ocr_text_recognition_grounded,0.07139765708759885,transition,0.0,0.8125
7B,ocr_text_recognition_grounded,0.07139765708759885,transition,0.0039999999999998925,0.828125
7B,ocr_text_recognition_grounded,0.07139765708759885,transition,0.0039999999999998925,0.84375
7B,ocr_text_recognition_grounded,0.07139765708759885,transition,0.0039999999999998925,0.859375
7B,ocr_text_recognition_grounded,0.07139765708759885,transition,0.006000000000000005,0.875
7B,ocr_text_recognition_grounded,0.07139765708759885,transition,0.008000000000000007,0.890625
7B,ocr_text_recognition_grounded,0.07139765708759885,transition,0.0119999999999999,0.90625
7B,ocr_text_recognition_grounded,0.07139765708759885,transition,0.013999999999999901,0.921875
7B,ocr_text_recognition_grounded,0.07139765708759885,transition,0.020000000000000018,0.9375
7B,ocr_text_recognition_grounded,0.07139765708759885,transition,0.020000000000000018,0.953125
7B,ocr_text_recognition_grounded,0.07139765708759885,transition,0.030000000000000027,0.96875
7B,ocr_text_recognition_grounded,0.07139765708759885,transition,0.041999999999999926,0.984375
7B,ocr_text_recognition_grounded,0.07139765708759885,transition,0.041999999999999926,1.0
7B,relational_reasoning,0.0035698828543799426,small,-0.040000000000000036,0.015625
7B,relational_reasoning,0.0035698828543799426,small,-0.040000000000000036,0.03125
7B,relational_reasoning,0.0035698828543799426,small,-0.040000000000000036,0.046875
7B,relational_reasoning,0.0035698828543799426,small,-0.040000000000000036,0.0625
7B,relational_reasoning,0.0035698828543799426,small,-0.040000000000000036,0.078125
7B,relational_reasoning,0.0035698828543799426,small,-0.040000000000000036,0.09375
7B,relational_reasoning,0.0035698828543799426,small,-0.040000000000000036,0.109375
7B,relational_reasoning,0.0035698828543799426,small,-0.040000000000000036,0.125
7B,relational_reasoning,0.0035698828543799426,small,-0.040000000000000036,0.140625
7B,relational_reasoning,0.0035698828543799426,small,-0.040000000000000036,0.15625
7B,relational_reasoning,0.0035698828543799426,small,-0.040000000000000036,0.171875
7B,relational_reasoning,0.0035698828543799426,small,-0.040000000000000036,0.1875
7B,relational_reasoning,0.0035698828543799426,small,-0.040000000000000036,0.203125
7B,relational_reasoning,0.0035698828543799426,small,-0.040000000000000036,0.21875
7B,relational_reasoning,0.0035698828543799426,small,-0.040000000000000036,0.234375
7B,relational_reasoning,0.0035698828543799426,small,-0.040000000000000036,0.25
7B,relational_reasoning,0.0035698828543799426,small,-0.020000000000000018,0.265625
7B,relational_reasoning,0.0035698828543799426,small,-0.020000000000000018,0.28125
7B,relational_reasoning,0.0035698828543799426,small,-0.020000000000000018,0.296875
7B,relational_reasoning,0.0035698828543799426,small,-0.020000000000000018,0.3125
7B,relational_reasoning,0.0035698828543799426,small,-0.020000000000000018,0.328125
7B,relational_reasoning,0.0035698828543799426,small,-0.020000000000000018,0.34375
7B,relational_reasoning,0.0035698828543799426,small,-0.020000000000000018,0.359375
7B,relational_reasoning,0.0035698828543799426,small,-0.020000000000000018,0.375
7B,relational_reasoning,0.0035698828543799426,small,-0.020000000000000018,0.390625
7B,relational_reasoning,0.0035698828543799426,small,-0.020000000000000018,0.40625
7B,relational_reasoning,0.0035698828543799426,small,-0.020000000000000018,0.421875
7B,relational_reasoning,0.0035698828543799426,small,-0.020000000000000018,0.4375
7B,relational_reasoning,0.0035698828543799426,small,-0.020000000000000018,0.453125
7B,relational_reasoning,0.0035698828543799426,small,-0.020000000000000018,0.46875
7B,relational_reasoning,0.0035698828543799426,small,-0.020000000000000018,0.484375
7B,relational_reasoning,0.0035698828543799426,small,-0.020000000000000018,0.5
7B,relational_reasoning,0.0035698828543799426,small,-0.020000000000000018,0.515625
7B,relational_reasoning,0.0035698828543799426,small,-0.020000000000000018,0.53125
7B,relational_reasoning,0.0035698828543799426,small,-0.020000000000000018,0.546875
7B,relational_reasoning,0.0035698828543799426,small,-0.020000000000000018,0.5625
7B,relational_reasoning,0.0035698828543799426,small,-0.020000000000000018,0.578125
7B,relational_reasoning,0.0035698828543799426,small,-0.020000000000000018,0.59375
7B,relational_reasoning,0.0035698828543799426,small,-0.020000000000000018,0.609375
7B,relational_reasoning,0.0035698828543799426,small,0.0,0.625
7B,relational_reasoning,0.0035698828543799426,small,0.0,0.640625
7B,relational_reasoning,0.0035698828543799426,small,0.0,0.65625
7B,relational_reasoning,0.0035698828543799426,small,0.0,0.671875
7B,relational_reasoning,0.0035698828543799426,small,0.0,0.6875
7B,relational_reasoning,0.0035698828543799426,small,0.0,0.703125
7B,relational_reasoning,0.0035698828543799426,small,0.0,0.71875
7B,relational_reasoning,0.0035698828543799426,small,0.0,0.734375
7B,relational_reasoning,0.0035698828543799426,small,0.0,0.75
7B,relational_reasoning,0.0035698828543799426,small,0.0,0.765625
7B,relational_reasoning,0.0035698828543799426,small,0.0,0.78125
7B,relational_reasoning,0.0035698828543799426,small,0.0,0.796875
7B,relational_reasoning,0.0035698828543799426,small,0.0,0.8125
7B,relational_reasoning,0.0035698828543799426,small,0.0,0.828125
7B,relational_reasoning,0.0035698828543799426,small,0.0,0.84375
7B,relational_reasoning,0.0035698828543799426,small,0.0,0.859375
7B,relational_reasoning,0.0035698828543799426,small,0.0,0.875
7B,relational_reasoning,0.0035698828543799426,small,0.0,0.890625
7B,relational_reasoning,0.0035698828543799426,small,0.0,0.90625
7B,relational_reasoning,0.0035698828543799426,small,0.0,0.921875
7B,relational_reasoning,0.0035698828543799426,small,0.0,0.9375
7B,relational_reasoning,0.0035698828543799426,small,0.0,0.953125
7B,relational_reasoning,0.0035698828543799426,small,0.0,0.96875
7B,relational_reasoning,0.0035698828543799426,small,0.0,0.984375
7B,relational_reasoning,0.0035698828543799426,small,0.020000000000000018,1.0
7B,relational_reasoning,0.017849414271899712,mid,-0.06000000000000005,0.015625
7B,relational_reasoning,0.017849414271899712,mid,-0.06000000000000005,0.03125
7B,relational_reasoning,0.017849414271899712,mid,-0.06000000000000005,0.046875
7B,relational_reasoning,0.017849414271899712,mid,-0.06000000000000005,0.0625
7B,relational_reasoning,0.017849414271899712,mid,-0.06000000000000005,0.078125
7B,relational_reasoning,0.017849414271899712,mid,-0.06000000000000005,0.09375
7B,relational_reasoning,0.017849414271899712,mid,-0.040000000000000036,0.109375
7B,relational_reasoning,0.017849414271899712,mid,-0.040000000000000036,0.125
7B,relational_reasoning,0.017849414271899712,mid,-0.040000000000000036,0.140625
7B,relational_reasoning,0.017849414271899712,mid,-0.040000000000000036,0.15625
7B,relational_reasoning,0.017849414271899712,mid,-0.040000000000000036,0.171875
7B,relational_reasoning,0.017849414271899712,mid,-0.040000000000000036,0.1875
7B,relational_reasoning,0.017849414271899712,mid,-0.040000000000000036,0.203125
7B,relational_reasoning,0.017849414271899712,mid,-0.040000000000000036,0.21875
7B,relational_reasoning,0.017849414271899712,mid,-0.040000000000000036,0.234375
7B,relational_reasoning,0.017849414271899712,mid,-0.040000000000000036,0.25
7B,relational_reasoning,0.017849414271899712,mid,-0.040000000000000036,0.265625
7B,relational_reasoning,0.017849414271899712,mid,-0.020000000000000018,0.28125
7B,relational_reasoning,0.017849414271899712,mid,-0.020000000000000018,0.296875
7B,relational_reasoning,0.017849414271899712,mid,-0.020000000000000018,0.3125
7B,relational_reasoning,0.017849414271899712,mid,-0.020000000000000018,0.328125
7B,relational_reasoning,0.017849414271899712,mid,-0.020000000000000018,0.34375
7B,relational_reasoning,0.017849414271899712,mid,-0.020000000000000018,0.359375
7B,relational_reasoning,0.017849414271899712,mid,-0.020000000000000018,0.375
7B,relational_reasoning,0.017849414271899712,mid,-0.020000000000000018,0.390625
7B,relational_reasoning,0.017849414271899712,mid,-0.020000000000000018,0.40625
7B,relational_reasoning,0.017849414271899712,mid,-0.020000000000000018,0.421875
7B,relational_reasoning,0.017849414271899712,mid,-0.020000000000000018,0.4375
7B,relational_reasoning,0.017849414271899712,mid,-0.020000000000000018,0.453125
7B,relational_reasoning,0.017849414271899712,mid,-0.020000000000000018,0.46875
7B,relational_reasoning,0.017849414271899712,mid,0.0,0.484375
7B,relational_reasoning,0.017849414271899712,mid,0.0,0.5
7B,relational_reasoning,0.017849414271899712,mid,0.0,0.515625
7B,relational_reasoning,0.017849414271899712,mid,0.0,0.53125
7B,relational_reasoning,0.017849414271899712,mid,0.0,0.546875
7B,relational_reasoning,0.017849414271899712,mid,0.0,0.5625
7B,relational_reasoning,0.017849414271899712,mid,0.0,0.578125
7B,relational_reasoning,0.017849414271899712,mid,0.0,0.59375
7B,relational_reasoning,0.017849414271899712,mid,0.0,0.609375
7B,relational_reasoning,0.017849414271899712,mid,0.0,0.625
7B,relational_reasoning,0.017849414271899712,mid,0.0,0.640625
7B,relational_reasoning,0.017849414271899712,mid,0.0,0.65625
7B,relational_reasoning,0.017849414271899712,mid,0.0,0.671875
7B,relational_reasoning,0.017849414271899712,mid,0.0,0.6875
7B,relational_reasoning,0.017849414271899712,mid,0.0,0.703125
7B,relational_reasoning,0.017849414271899712,mid,0.0,0.71875
7B,relational_reasoning,0.017849414271899712,mid,0.0,0.734375
7B,relational_reasoning,0.017849414271899712,mid,0.020000000000000018,0.75
7B,relational_reasoning,0.017849414271899712,mid,0.020000000000000018,0.765625
7B,relational_reasoning,0.017849414271899712,mid,0.020000000000000018,0.78125
7B,relational_reasoning,0.017849414271899712,mid,0.020000000000000018,0.796875
7B,relational_reasoning,0.017849414271899712,mid,0.020000000000000018,0.8125
7B,relational_reasoning,0.017849414271899712,mid,0.020000000000000018,0.828125
7B,relational_reasoning,0.017849414271899712,mid,0.020000000000000018,0.84375
7B,relational_reasoning,0.017849414271899712,mid,0.020000000000000018,0.859375
7B,relational_reasoning,0.017849414271899712,mid,0.020000000000000018,0.875
7B,relational_reasoning,0.017849414271899712,mid,0.020000000000000018,0.890625
7B,relational_reasoning,0.017849414271899712,mid,0.020000000000000018,0.90625
7B,relational_reasoning,0.017849414271899712,mid,0.039999999999999925,0.921875
7B,relational_reasoning,0.017849414271899712,mid,0.039999999999999925,0.9375
7B,relational_reasoning,0.017849414271899712,mid,0.039999999999999925,0.953125
7B,relational_reasoning,0.017849414271899712,mid,0.039999999999999925,0.96875
7B,relational_reasoning,0.017849414271899712,mid,0.039999999999999925,0.984375
7B,relational_reasoning,0.017849414271899712,mid,0.05999999999999994,1.0
7B,relational_reasoning,0.07139765708759885,transition,-0.2,0.015625
7B,relational_reasoning,0.07139765708759885,transition,-0.14,0.03125
7B,relational_reasoning,0.07139765708759885,transition,-0.14,0.046875
7B,relational_reasoning,0.07139765708759885,transition,-0.12000000000000005,0.0625
7B,relational_reasoning,0.07139765708759885,transition,-0.12000000000000005,0.078125
7B,relational_reasoning,0.07139765708759885,transition,-0.10000000000000003,0.09375
7B,relational_reasoning,0.07139765708759885,transition,-0.10000000000000003,0.109375
7B,relational_reasoning,0.07139765708759885,transition,-0.08000000000000002,0.125
7B,relational_reasoning,0.07139765708759885,transition,-0.08000000000000002,0.140625
7B,relational_reasoning,0.07139765708759885,transition,-0.08000000000000002,0.15625
7B,relational_reasoning,0.07139765708759885,transition,-0.08000000000000002,0.171875
7B,relational_reasoning,0.07139765708759885,transition,-0.06000000000000005,0.1875
7B,relational_reasoning,0.07139765708759885,transition,-0.06000000000000005,0.203125
7B,relational_reasoning,0.07139765708759885,transition,-0.06000000000000005,0.21875
7B,relational_reasoning,0.07139765708759885,transition,-0.06000000000000005,0.234375
7B,relational_reasoning,0.07139765708759885,transition,-0.06000000000000005,0.25
7B,relational_reasoning,0.07139765708759885,transition,-0.06000000000000005,0.265625
7B,relational_reasoning,0.07139765708759885,transition,-0.06000000000000005,0.28125
7B,relational_reasoning,0.07139765708759885,transition,-0.06000000000000005,0.296875
7B,relational_reasoning,0.07139765708759885,transition,-0.06000000000000005,0.3125
7B,relational_reasoning,0.07139765708759885,transition,-0.040000000000000036,0.328125
7B,relational_reasoning,0.07139765708759885,transition,-0.040000000000000036,0.34375
7B,relational_reasoning,0.07139765708759885,transition,-0.040000000000000036,0.359375
7B,relational_reasoning,0.07139765708759885,transition,-0.040000000000000036,0.375
7B,relational_reasoning,0.07139765708759885,transition,-0.040000000000000036,0.390625
7B,relational_reasoning,0.07139765708759885,transition,-0.040000000000000036,0.40625
7B,relational_reasoning,0.07139765708759885,transition,-0.040000000000000036,0.421875
7B,relational_reasoning,0.07139765708759885,transition,-0.040000000000000036,0.4375
7B,relational_reasoning,0.07139765708759885,transition,-0.040000000000000036,0.453125
7B,relational_reasoning,0.07139765708759885,transition,-0.020000000000000018,0.46875
7B,relational_reasoning,0.07139765708759885,transition,-0.020000000000000018,0.484375
7B,relational_reasoning,0.07139765708759885,transition,-0.020000000000000018,0.5
7B,relational_reasoning,0.07139765708759885,transition,-0.020000000000000018,0.515625
7B,relational_reasoning,0.07139765708759885,transition,-0.020000000000000018,0.53125
7B,relational_reasoning,0.07139765708759885,transition,-0.020000000000000018,0.546875
7B,relational_reasoning,0.07139765708759885,transition,-0.020000000000000018,0.5625
7B,relational_reasoning,0.07139765708759885,transition,-0.020000000000000018,0.578125
7B,relational_reasoning,0.07139765708759885,transition,-0.020000000000000018,0.59375
7B,relational_reasoning,0.07139765708759885,transition,-0.020000000000000018,0.609375
7B,relational_reasoning,0.07139765708759885,transition,-0.020000000000000018,0.625
7B,relational_reasoning,0.07139765708759885,transition,-0.020000000000000018,0.640625
7B,relational_reasoning,0.07139765708759885,transition,-0.020000000000000018,0.65625
7B,relational_reasoning,0.07139765708759885,transition,0.0,0.671875
7B,relational_reasoning,0.07139765708759885,transition,0.0,0.6875
7B,relational_reasoning,0.07139765708759885,transition,0.0,0.703125
7B,relational_reasoning,0.07139765708759885,transition,0.0,0.71875
7B,relational_reasoning,0.07139765708759885,transition,0.0,0.734375
7B,relational_reasoning,0.07139765708759885,transition,0.0,0.75
7B,relational_reasoning,0.07139765708759885,transition,0.0,0.765625
7B,relational_reasoning,0.07139765708759885,transition,0.0,0.78125
7B,relational_reasoning,0.07139765708759885,transition,0.0,0.796875
7B,relational_reasoning,0.07139765708759885,transition,0.0,0.8125
7B,relational_reasoning,0.07139765708759885,transition,0.0,0.828125
7B,relational_reasoning,0.07139765708759885,transition,0.0,0.84375
7B,relational_reasoning,0.07139765708759885,transition,0.020000000000000018,0.859375
7B,relational_reasoning,0.07139765708759885,transition,0.020000000000000018,0.875
7B,relational_reasoning,0.07139765708759885,transition,0.020000000000000018,0.890625
7B,relational_reasoning,0.07139765708759885,transition,0.039999999999999925,0.90625
7B,relational_reasoning,0.07139765708759885,transition,0.039999999999999925,0.921875
7B,relational_reasoning,0.07139765708759885,transition,0.05999999999999994,0.9375
7B,relational_reasoning,0.07139765708759885,transition,0.05999999999999994,0.953125
7B,relational_reasoning,0.07139765708759885,transition,0.05999999999999994,0.96875
7B,relational_reasoning,0.07139765708759885,transition,0.05999999999999994,0.984375
7B,relational_reasoning,0.07139765708759885,transition,0.07999999999999996,1.0
7B,fine_grained_recognition,0.0035698828543799426,small,-0.020000000000000018,0.015625
7B,fine_grained_recognition,0.0035698828543799426,small,-0.020000000000000018,0.03125
7B,fine_grained_recognition,0.0035698828543799426,small,-0.020000000000000018,0.046875
7B,fine_grained_recognition,0.0035698828543799426,small,-0.020000000000000018,0.0625
7B,fine_grained_recognition,0.0035698828543799426,small,0.0,0.078125
7B,fine_grained_recognition,0.0035698828543799426,small,0.0,0.09375
7B,fine_grained_recognition,0.0035698828543799426,small,0.0,0.109375
7B,fine_grained_recognition,0.0035698828543799426,small,0.0,0.125
7B,fine_grained_recognition,0.0035698828543799426,small,0.0,0.140625
7B,fine_grained_recognition,0.0035698828543799426,small,0.0,0.15625
7B,fine_grained_recognition,0.0035698828543799426,small,0.0,0.171875
7B,fine_grained_recognition,0.0035698828543799426,small,0.0,0.1875
7B,fine_grained_recognition,0.0035698828543799426,small,0.0,0.203125
7B,fine_grained_recognition,0.0035698828543799426,small,0.0,0.21875
7B,fine_grained_recognition,0.0035698828543799426,small,0.0,0.234375
7B,fine_grained_recognition,0.0035698828543799426,small,0.0,0.25
7B,fine_grained_recognition,0.0035698828543799426,small,0.0,0.265625
7B,fine_grained_recognition,0.0035698828543799426,small,0.0,0.28125
7B,fine_grained_recognition,0.0035698828543799426,small,0.0,0.296875
7B,fine_grained_recognition,0.0035698828543799426,small,0.0,0.3125
7B,fine_grained_recognition,0.0035698828543799426,small,0.0,0.328125
7B,fine_grained_recognition,0.0035698828543799426,small,0.0,0.34375
7B,fine_grained_recognition,0.0035698828543799426,small,0.0,0.359375
7B,fine_grained_recognition,0.0035698828543799426,small,0.0,0.375
7B,fine_grained_recognition,0.0035698828543799426,small,0.0,0.390625
7B,fine_grained_recognition,0.0035698828543799426,small,0.0,0.40625
7B,fine_grained_recognition,0.0035698828543799426,small,0.0,0.421875
7B,fine_grained_recognition,0.0035698828543799426,small,0.0,0.4375
7B,fine_grained_recognition,0.0035698828543799426,small,0.0,0.453125
7B,fine_grained_recognition,0.0035698828543799426,small,0.0,0.46875
7B,fine_grained_recognition,0.0035698828543799426,small,0.0,0.484375
7B,fine_grained_recognition,0.0035698828543799426,small,0.0,0.5
7B,fine_grained_recognition,0.0035698828543799426,small,0.0,0.515625
7B,fine_grained_recognition,0.0035698828543799426,small,0.0,0.53125
7B,fine_grained_recognition,0.0035698828543799426,small,0.0,0.546875
7B,fine_grained_recognition,0.0035698828543799426,small,0.0,0.5625
7B,fine_grained_recognition,0.0035698828543799426,small,0.0,0.578125
7B,fine_grained_recognition,0.0035698828543799426,small,0.0,0.59375
7B,fine_grained_recognition,0.0035698828543799426,small,0.0,0.609375
7B,fine_grained_recognition,0.0035698828543799426,small,0.0,0.625
7B,fine_grained_recognition,0.0035698828543799426,small,0.0,0.640625
7B,fine_grained_recognition,0.0035698828543799426,small,0.0,0.65625
7B,fine_grained_recognition,0.0035698828543799426,small,0.0,0.671875
7B,fine_grained_recognition,0.0035698828543799426,small,0.0,0.6875
7B,fine_grained_recognition,0.0035698828543799426,small,0.0,0.703125
7B,fine_grained_recognition,0.0035698828543799426,small,0.0,0.71875
7B,fine_grained_recognition,0.0035698828543799426,small,0.0,0.734375
7B,fine_grained_recognition,0.0035698828543799426,small,0.0,0.75
7B,fine_grained_recognition,0.0035698828543799426,small,0.0,0.765625
7B,fine_grained_recognition,0.0035698828543799426,small,0.0,0.78125
7B,fine_grained_recognition,0.0035698828543799426,small,0.0,0.796875
7B,fine_grained_recognition,0.0035698828543799426,small,0.0,0.8125
7B,fine_grained_recognition,0.0035698828543799426,small,0.0,0.828125
7B,fine_grained_recognition,0.0035698828543799426,small,0.0,0.84375
7B,fine_grained_recognition,0.0035698828543799426,small,0.0,0.859375
7B,fine_grained_recognition,0.0035698828543799426,small,0.0,0.875
7B,fine_grained_recognition,0.0035698828543799426,small,0.0,0.890625
7B,fine_grained_recognition,0.0035698828543799426,small,0.0,0.90625
7B,fine_grained_recognition,0.0035698828543799426,small,0.0,0.921875
7B,fine_grained_recognition,0.0035698828543799426,small,0.0,0.9375
7B,fine_grained_recognition,0.0035698828543799426,small,0.0,0.953125
7B,fine_grained_recognition,0.0035698828543799426,small,0.0,0.96875
7B,fine_grained_recognition,0.0035698828543799426,small,0.0,0.984375
7B,fine_grained_recognition,0.0035698828543799426,small,0.0,1.0
7B,fine_grained_recognition,0.017849414271899712,mid,-0.020000000000000018,0.015625
7B,fine_grained_recognition,0.017849414271899712,mid,-0.020000000000000018,0.03125
7B,fine_grained_recognition,0.017849414271899712,mid,-0.020000000000000018,0.046875
7B,fine_grained_recognition,0.017849414271899712,mid,-0.020000000000000018,0.0625
7B,fine_grained_recognition,0.017849414271899712,mid,-0.020000000000000018,0.078125
7B,fine_grained_recognition,0.017849414271899712,mid,-0.020000000000000018,0.09375
7B,fine_grained_recognition,0.017849414271899712,mid,-0.020000000000000018,0.109375
7B,fine_grained_recognition,0.017849414271899712,mid,0.0,0.125
7B,fine_grained_recognition,0.017849414271899712,mid,0.0,0.140625
7B,fine_grained_recognition,0.017849414271899712,mid,0.0,0.15625
7B,fine_grained_recognition,0.017849414271899712,mid,0.0,0.171875
7B,fine_grained_recognition,0.017849414271899712,mid,0.0,0.1875
7B,fine_grained_recognition,0.017849414271899712,mid,0.0,0.203125
7B,fine_grained_recognition,0.017849414271899712,mid,0.0,0.21875
7B,fine_grained_recognition,0.017849414271899712,mid,0.0,0.234375
7B,fine_grained_recognition,0.017849414271899712,mid,0.0,0.25
7B,fine_grained_recognition,0.017849414271899712,mid,0.0,0.265625
7B,fine_grained_recognition,0.017849414271899712,mid,0.0,0.28125
7B,fine_grained_recognition,0.017849414271899712,mid,0.0,0.296875
7B,fine_grained_recognition,0.017849414271899712,mid,0.0,0.3125
7B,fine_grained_recognition,0.017849414271899712,mid,0.0,0.328125
7B,fine_grained_recognition,0.017849414271899712,mid,0.0,0.34375
7B,fine_grained_recognition,0.017849414271899712,mid,0.0,0.359375
7B,fine_grained_recognition,0.017849414271899712,mid,0.0,0.375
7B,fine_grained_recognition,0.017849414271899712,mid,0.0,0.390625
7B,fine_grained_recognition,0.017849414271899712,mid,0.0,0.40625
7B,fine_grained_recognition,0.017849414271899712,mid,0.0,0.421875
7B,fine_grained_recognition,0.017849414271899712,mid,0.0,0.4375
7B,fine_grained_recognition,0.017849414271899712,mid,0.0,0.453125
7B,fine_grained_recognition,0.017849414271899712,mid,0.0,0.46875
7B,fine_grained_recognition,0.017849414271899712,mid,0.0,0.484375
7B,fine_grained_recognition,0.017849414271899712,mid,0.0,0.5
7B,fine_grained_recognition,0.017849414271899712,mid,0.0,0.515625
7B,fine_grained_recognition,0.017849414271899712,mid,0.0,0.53125
7B,fine_grained_recognition,0.017849414271899712,mid,0.0,0.546875
7B,fine_grained_recognition,0.017849414271899712,mid,0.0,0.5625
7B,fine_grained_recognition,0.017849414271899712,mid,0.0,0.578125
7B,fine_grained_recognition,0.017849414271899712,mid,0.0,0.59375
7B,fine_grained_recognition,0.017849414271899712,mid,0.0,0.609375
7B,fine_grained_recognition,0.017849414271899712,mid,0.0,0.625
7B,fine_grained_recognition,0.017849414271899712,mid,0.0,0.640625
7B,fine_grained_recognition,0.017849414271899712,mid,0.0,0.65625
7B,fine_grained_recognition,0.017849414271899712,mid,0.0,0.671875
7B,fine_grained_recognition,0.017849414271899712,mid,0.0,0.6875
7B,fine_grained_recognition,0.017849414271899712,mid,0.0,0.703125
7B,fine_grained_recognition,0.017849414271899712,mid,0.0,0.71875
7B,fine_grained_recognition,0.017849414271899712,mid,0.0,0.734375
7B,fine_grained_recognition,0.017849414271899712,mid,0.0,0.75
7B,fine_grained_recognition,0.017849414271899712,mid,0.0,0.765625
7B,fine_grained_recognition,0.017849414271899712,mid,0.019999999999999962,0.78125
7B,fine_grained_recognition,0.017849414271899712,mid,0.019999999999999962,0.796875
7B,fine_grained_recognition,0.017849414271899712,mid,0.019999999999999962,0.8125
7B,fine_grained_recognition,0.017849414271899712,mid,0.019999999999999962,0.828125
7B,fine_grained_recognition,0.017849414271899712,mid,0.019999999999999962,0.84375
7B,fine_grained_recognition,0.017849414271899712,mid,0.019999999999999962,0.859375
7B,fine_grained_recognition,0.017849414271899712,mid,0.019999999999999962,0.875
7B,fine_grained_recognition,0.017849414271899712,mid,0.019999999999999962,0.890625
7B,fine_grained_recognition,0.017849414271899712,mid,0.019999999999999962,0.90625
7B,fine_grained_recognition,0.017849414271899712,mid,0.019999999999999962,0.921875
7B,fine_grained_recognition,0.017849414271899712,mid,0.019999999999999962,0.9375
7B,fine_grained_recognition,0.017849414271899712,mid,0.019999999999999962,0.953125
7B,fine_grained_recognition,0.017849414271899712,mid,0.019999999999999962,0.96875
7B,fine_grained_recognition,0.017849414271899712,mid,0.03999999999999998,0.984375
7B,fine_grained_recognition,0.017849414271899712,mid,0.03999999999999998,1.0
7B,fine_grained_recognition,0.07139765708759885,transition,-0.08000000000000002,0.015625
7B,fine_grained_recognition,0.07139765708759885,transition,-0.040000000000000036,0.03125
7B,fine_grained_recognition,0.07139765708759885,transition,-0.040000000000000036,0.046875
7B,fine_grained_recognition,0.07139765708759885,transition,-0.020000000000000018,0.0625
7B,fine_grained_recognition,0.07139765708759885,transition,-0.020000000000000018,0.078125
7B,fine_grained_recognition,0.07139765708759885,transition,-0.020000000000000018,0.09375
7B,fine_grained_recognition,0.07139765708759885,transition,-0.020000000000000018,0.109375
7B,fine_grained_recognition,0.07139765708759885,transition,-0.020000000000000018,0.125
7B,fine_grained_recognition,0.07139765708759885,transition,-0.020000000000000018,0.140625
7B,fine_grained_recognition,0.07139765708759885,transition,-0.020000000000000018,0.15625
7B,fine_grained_recognition,0.07139765708759885,transition,-0.020000000000000018,0.171875
7B,fine_grained_recognition,0.07139765708759885,transition,-0.020000000000000018,0.1875
7B,fine_grained_recognition,0.07139765708759885,transition,-0.020000000000000018,0.203125
7B,fine_grained_recognition,0.07139765708759885,transition,-0.020000000000000018,0.21875
7B,fine_grained_recognition,0.07139765708759885,transition,0.0,0.234375
7B,fine_grained_recognition,0.07139765708759885,transition,0.0,0.25
7B,fine_grained_recognition,0.07139765708759885,transition,0.0,0.265625
7B,fine_grained_recognition,0.07139765708759885,transition,0.0,0.28125
7B,fine_grained_recognition,0.07139765708759885,transition,0.0,0.296875
7B,fine_grained_recognition,0.07139765708759885,transition,0.0,0.3125
7B,fine_grained_recognition,0.07139765708759885,transition,0.0,0.328125
7B,fine_grained_recognition,0.07139765708759885,transition,0.019999999999999962,0.34375
7B,fine_grained_recognition,0.07139765708759885,transition,0.019999999999999962,0.359375
7B,fine_grained_recognition,0.07139765708759885,transition,0.019999999999999962,0.375
7B,fine_grained_recognition,0.07139765708759885,transition,0.019999999999999962,0.390625
7B,fine_grained_recognition,0.07139765708759885,transition,0.019999999999999962,0.40625
7B,fine_grained_recognition,0.07139765708759885,transition,0.019999999999999962,0.421875
7B,fine_grained_recognition,0.07139765708759885,transition,0.019999999999999962,0.4375
7B,fine_grained_recognition,0.07139765708759885,transition,0.019999999999999962,0.453125
7B,fine_grained_recognition,0.07139765708759885,transition,0.019999999999999962,0.46875
7B,fine_grained_recognition,0.07139765708759885,transition,0.019999999999999962,0.484375
7B,fine_grained_recognition,0.07139765708759885,transition,0.019999999999999962,0.5
7B,fine_grained_recognition,0.07139765708759885,transition,0.019999999999999962,0.515625
7B,fine_grained_recognition,0.07139765708759885,transition,0.019999999999999962,0.53125
7B,fine_grained_recognition,0.07139765708759885,transition,0.019999999999999962,0.546875
7B,fine_grained_recognition,0.07139765708759885,transition,0.019999999999999962,0.5625
7B,fine_grained_recognition,0.07139765708759885,transition,0.019999999999999962,0.578125
7B,fine_grained_recognition,0.07139765708759885,transition,0.019999999999999962,0.59375
7B,fine_grained_recognition,0.07139765708759885,transition,0.019999999999999962,0.609375
7B,fine_grained_recognition,0.07139765708759885,transition,0.019999999999999962,0.625
7B,fine_grained_recognition,0.07139765708759885,transition,0.019999999999999962,0.640625
7B,fine_grained_recognition,0.07139765708759885,transition,0.03999999999999998,0.65625
7B,fine_grained_recognition,0.07139765708759885,transition,0.03999999999999998,0.671875
7B,fine_grained_recognition,0.07139765708759885,transition,0.03999999999999998,0.6875
7B,fine_grained_recognition,0.07139765708759885,transition,0.03999999999999998,0.703125
7B,fine_grained_recognition,0.07139765708759885,transition,0.03999999999999998,0.71875
7B,fine_grained_recognition,0.07139765708759885,transition,0.03999999999999998,0.734375
7B,fine_grained_recognition,0.07139765708759885,transition,0.03999999999999998,0.75
7B,fine_grained_recognition,0.07139765708759885,transition,0.03999999999999998,0.765625
7B,fine_grained_recognition,0.07139765708759885,transition,0.03999999999999998,0.78125
7B,fine_grained_recognition,0.07139765708759885,transition,0.03999999999999998,0.796875
7B,fine_grained_recognition,0.07139765708759885,transition,0.03999999999999998,0.8125
7B,fine_grained_recognition,0.07139765708759885,transition,0.03999999999999998,0.828125
7B,fine_grained_recognition,0.07139765708759885,transition,0.03999999999999998,0.84375
7B,fine_grained_recognition,0.07139765708759885,transition,0.03999999999999998,0.859375
7B,fine_grained_recognition,0.07139765708759885,transition,0.03999999999999998,0.875
7B,fine_grained_recognition,0.07139765708759885,transition,0.06,0.890625
7B,fine_grained_recognition,0.07139765708759885,transition,0.06,0.90625
7B,fine_grained_recognition,0.07139765708759885,transition,0.06,0.921875
7B,fine_grained_recognition,0.07139765708759885,transition,0.06,0.9375
7B,fine_grained_recognition,0.07139765708759885,transition,0.08000000000000002,0.953125
7B,fine_grained_recognition,0.07139765708759885,transition,0.08000000000000002,0.96875
7B,fine_grained_recognition,0.07139765708759885,transition,0.08000000000000002,0.984375
7B,fine_grained_recognition,0.07139765708759885,transition,0.08000000000000002,1.0
