M,K,winner,sigma,search_gain_pp,rerank_gain_pp,holdout_gain_pp,winner_search_rank,pool_mean_holdout_pp,topK_mean_holdout_pp,pool_best_holdout_pp,winner_id
500,50,116,0.002,1.0,6.0,5.0,7,0.225,0.35,6.0,a7e45ccfa44749f47009339807a5b3b6faa94591750df4893bbd649eb03548aa
500,50,116,0.002,3.0,6.0,4.0,1,-0.034,0.33,5.5,a7e45ccfa44749f47009339807a5b3b6faa94591750df4893bbd649eb03548aa
500,50,173,0.002,6.0,6.0,1.0,12,-0.63,-0.03,4.5,3b3c69bfe1ea7d3417e6f0cb7831cd1890ff9efc41485332a6269801eec79431
500,50,182,0.002,3.0,4.0,1.0,17,0.285,0.76,6.0,ef5ccd9e100038eaeca590bb86f90622b26afb602bebc9512c60f4a108b50adc
500,50,420,0.002,4.0,4.0,4.0,4,0.564,1.06,6.5,8b99cc78d3cb5224793576097671ee3e7b24a24fb6d06417ba2121ba86390aaa
500,50,261,0.002,2.0,5.0,1.5,34,0.493,1.0,6.5,84d7db09a4a66ab80de8d84cf303232fb5d2699c1e35c5a38a7893393bdba5db
500,50,74,0.002,4.0,5.0,-1.0,15,-0.44800000000000006,0.06,5.0,5336d765b764a93e2eb1d0758e1d55b61cf2de15952d7b4f9d34abd296c96afb
500,50,36,0.002,6.0,6.0,-1.0,11,-1.057,-0.98,4.0,ff40caff9436adbf9bd38cd8dd2a07eed72cc198918166d6ec73cd19617b2ff6
500,50,153,0.002,2.0,3.0,3.0,16,0.629,0.83,7.5,6b6f91ba62efae00f09fbbdb547009f73ef44ff90923e257225aa6c928379dbe
500,50,420,0.002,5.0,7.0,2.0,3,-0.19699999999999998,0.41,4.5,8b99cc78d3cb5224793576097671ee3e7b24a24fb6d06417ba2121ba86390aaa
500,50,306,0.002,2.0,1.0,2.0,44,1.088,1.81,7.5,fab8f433d6f6bb610ff043434b54f18824bcad5c38069edd6b0404477ea4af7a
500,50,123,0.002,3.0,7.0,-0.5,10,0.067,0.52,5.0,b2aa7ce2e829b156b6b2a9da36e09488eda956e5a66a30f221742ee0aa8167f7
500,50,178,0.002,3.0,10.0,-3.0,13,-1.019,-0.61,3.5,2852b7ff8e5e77dbf55d6569bbb35253228fd4522b19f56bb25e9bbc298dc1d4
500,50,123,0.002,1.0,7.0,0.5,1,0.117,0.23,6.5,b2aa7ce2e829b156b6b2a9da36e09488eda956e5a66a30f221742ee0aa8167f7
500,50,123,0.002,4.0,6.0,-0.5,13,-0.577,-0.41,4.5,b2aa7ce2e829b156b6b2a9da36e09488eda956e5a66a30f221742ee0aa8167f7
500,50,116,0.002,8.0,2.0,3.5,2,0.188,1.15,5.5,a7e45ccfa44749f47009339807a5b3b6faa94591750df4893bbd649eb03548aa
500,50,123,0.002,1.0,8.0,0.0,32,0.463,0.8,5.5,b2aa7ce2e829b156b6b2a9da36e09488eda956e5a66a30f221742ee0aa8167f7
500,50,116,0.002,8.0,0.0,4.5,1,-0.009,0.72,6.5,a7e45ccfa44749f47009339807a5b3b6faa94591750df4893bbd649eb03548aa
500,50,123,0.002,2.0,8.0,-0.5,48,-0.32800000000000007,0.04,5.5,b2aa7ce2e829b156b6b2a9da36e09488eda956e5a66a30f221742ee0aa8167f7
500,50,486,0.002,2.0,4.0,-2.0,29,0.6579999999999999,0.52,6.5,585f855bca4f2213c08d3732aec1af4117ae86a0883055ae9f6f3b8099486dde
500,50,420,0.002,3.0,6.0,3.5,24,0.359,0.87,5.5,8b99cc78d3cb5224793576097671ee3e7b24a24fb6d06417ba2121ba86390aaa
500,50,36,0.002,2.0,4.0,2.0,13,0.32800000000000007,1.0,7.5,ff40caff9436adbf9bd38cd8dd2a07eed72cc198918166d6ec73cd19617b2ff6
500,50,116,0.002,6.0,2.0,4.5,2,0.997,2.05,6.5,a7e45ccfa44749f47009339807a5b3b6faa94591750df4893bbd649eb03548aa
500,50,123,0.002,3.0,6.0,0.0,25,-0.66,-0.46,5.0,b2aa7ce2e829b156b6b2a9da36e09488eda956e5a66a30f221742ee0aa8167f7
500,50,169,0.0005,2.0,5.0,-0.5,32,-0.642,0.02,5.0,7e5f759acf452d22b947d685a363abe7964646579a9cd215dcb76dd8e3b400c4
500,50,420,0.002,4.0,5.0,3.5,23,-0.121,0.36,5.0,8b99cc78d3cb5224793576097671ee3e7b24a24fb6d06417ba2121ba86390aaa
500,50,420,0.002,2.0,9.0,2.5,19,0.32800000000000007,0.62,5.0,8b99cc78d3cb5224793576097671ee3e7b24a24fb6d06417ba2121ba86390aaa
500,50,280,0.002,3.0,3.0,2.5,16,0.166,1.11,8.0,3dbec4ed280111c6f70cf5b95bd8007d71fffb43262f818ee2b01da94e952ed1
500,50,36,0.002,2.0,6.0,1.0,27,-0.269,0.33,4.5,ff40caff9436adbf9bd38cd8dd2a07eed72cc198918166d6ec73cd19617b2ff6
500,50,116,0.002,4.0,6.0,3.5,5,-0.309,0.1,5.0,a7e45ccfa44749f47009339807a5b3b6faa94591750df4893bbd649eb03548aa
500,50,420,0.002,2.0,6.0,4.0,27,0.22400000000000003,0.83,5.0,8b99cc78d3cb5224793576097671ee3e7b24a24fb6d06417ba2121ba86390aaa
500,50,116,0.002,3.0,4.0,5.0,3,0.915,1.13,6.5,a7e45ccfa44749f47009339807a5b3b6faa94591750df4893bbd649eb03548aa
500,50,420,0.002,9.0,5.0,1.0,3,-0.573,-0.17,5.0,8b99cc78d3cb5224793576097671ee3e7b24a24fb6d06417ba2121ba86390aaa
500,50,116,0.002,4.0,4.0,4.5,5,0.582,0.79,6.0,a7e45ccfa44749f47009339807a5b3b6faa94591750df4893bbd649eb03548aa
500,50,497,0.001,4.0,5.0,-1.0,39,-0.672,-0.41,4.0,526db03663e3f68905e8ed37f0760b4ef31347fa4159ce8515af8811d6253ad1
500,50,138,0.002,6.0,3.0,1.0,2,-0.017,0.41,7.5,97b28df35b811f0a5dba92060bfa9d60f1cc23fb3123298c2b14a461bea2df00
500,50,116,0.002,3.0,4.0,5.0,7,0.158,0.68,5.0,a7e45ccfa44749f47009339807a5b3b6faa94591750df4893bbd649eb03548aa
500,50,123,0.002,0.0,4.0,2.5,42,0.9689999999999999,1.47,6.5,b2aa7ce2e829b156b6b2a9da36e09488eda956e5a66a30f221742ee0aa8167f7
500,50,490,0.002,3.0,7.0,-2.0,25,-0.847,-0.73,4.5,974847301356efb9a3ebc5a376507ea020f2aa2b7a8db231927848b0f6c7fa65
500,50,138,0.002,4.0,5.0,1.0,32,-0.584,-0.28,5.5,97b28df35b811f0a5dba92060bfa9d60f1cc23fb3123298c2b14a461bea2df00
500,50,67,0.002,7.0,7.0,-2.5,3,-0.21899999999999997,0.05,4.0,3a360bea2f41e303724f014d0cc814dc18605110da671f5cf3213df428cae74f
500,50,138,0.002,5.0,4.0,1.0,41,-0.379,-0.72,3.5,97b28df35b811f0a5dba92060bfa9d60f1cc23fb3123298c2b14a461bea2df00
500,50,420,0.002,5.0,3.0,4.0,16,-0.17,0.7,5.5,8b99cc78d3cb5224793576097671ee3e7b24a24fb6d06417ba2121ba86390aaa
500,50,261,0.002,4.0,6.0,0.0,9,0.027000000000000003,0.72,6.0,84d7db09a4a66ab80de8d84cf303232fb5d2699c1e35c5a38a7893393bdba5db
500,50,202,0.002,5.0,4.0,-3.5,22,-0.574,-0.58,3.5,a8c1fea78f50413df31cc58cb403ecb9ddd20d1c514fcebfb0e8dd14979b048a
500,50,243,0.002,3.0,6.0,0.5,38,-0.185,0.19,5.0,a3243ce7707a2a3682e9edb42f661751af7593e49dee8391462be0e0e7feca5b
500,50,173,0.002,3.0,5.0,3.0,45,-0.21899999999999997,0.44,5.0,3b3c69bfe1ea7d3417e6f0cb7831cd1890ff9efc41485332a6269801eec79431
500,50,406,0.002,5.0,2.0,0.0,17,0.02,0.12,5.5,d8cbd0c6756e20701f1e3611fcfe1080ff6b93fafb65fb2800ad9a7bd0a04ea2
500,50,116,0.002,5.0,4.0,4.0,16,-0.21899999999999997,0.23,5.5,a7e45ccfa44749f47009339807a5b3b6faa94591750df4893bbd649eb03548aa
500,50,153,0.002,4.0,9.0,-1.0,17,-0.7170000000000001,-0.63,3.0,6b6f91ba62efae00f09fbbdb547009f73ef44ff90923e257225aa6c928379dbe
500,50,123,0.002,1.0,4.0,2.0,47,0.061,0.85,6.0,b2aa7ce2e829b156b6b2a9da36e09488eda956e5a66a30f221742ee0aa8167f7
500,50,67,0.002,1.0,7.0,0.5,21,0.723,1.11,7.0,3a360bea2f41e303724f014d0cc814dc18605110da671f5cf3213df428cae74f
500,50,178,0.002,5.0,6.0,-2.0,14,-0.8859999999999999,-0.88,3.0,2852b7ff8e5e77dbf55d6569bbb35253228fd4522b19f56bb25e9bbc298dc1d4
500,50,420,0.002,5.0,8.0,1.5,1,-0.521,0.05,4.5,8b99cc78d3cb5224793576097671ee3e7b24a24fb6d06417ba2121ba86390aaa
500,50,497,0.001,3.0,6.0,-1.0,29,-0.675,-0.15,4.5,526db03663e3f68905e8ed37f0760b4ef31347fa4159ce8515af8811d6253ad1
500,50,173,0.002,2.0,5.0,3.5,33,-0.3390000000000001,0.46,4.0,3b3c69bfe1ea7d3417e6f0cb7831cd1890ff9efc41485332a6269801eec79431
500,50,306,0.002,4.0,7.0,-2.0,15,-1.179,-0.98,4.0,fab8f433d6f6bb610ff043434b54f18824bcad5c38069edd6b0404477ea4af7a
500,50,116,0.002,2.0,8.0,3.5,4,-0.636,-0.08,5.0,a7e45ccfa44749f47009339807a5b3b6faa94591750df4893bbd649eb03548aa
500,50,261,0.002,1.0,6.0,1.5,6,0.562,0.79,7.0,84d7db09a4a66ab80de8d84cf303232fb5d2699c1e35c5a38a7893393bdba5db
500,50,173,0.002,1.0,6.0,3.5,19,0.649,0.97,5.5,3b3c69bfe1ea7d3417e6f0cb7831cd1890ff9efc41485332a6269801eec79431
500,50,138,0.002,4.0,5.0,1.0,38,-0.726,-0.42,4.5,97b28df35b811f0a5dba92060bfa9d60f1cc23fb3123298c2b14a461bea2df00
500,50,74,0.002,3.0,5.0,-0.5,15,0.209,0.59,6.0,5336d765b764a93e2eb1d0758e1d55b61cf2de15952d7b4f9d34abd296c96afb
500,50,151,0.002,3.0,6.0,-2.5,26,-0.568,-0.43,4.5,4862fa101ab06efd13bb2a8dc37275b1a4d264e8dc87ef61d0892b1ec48bad14
500,50,173,0.002,4.0,5.0,2.5,5,0.152,0.53,5.0,3b3c69bfe1ea7d3417e6f0cb7831cd1890ff9efc41485332a6269801eec79431
500,50,182,0.002,4.0,6.0,-0.5,5,-0.647,-0.06,5.5,ef5ccd9e100038eaeca590bb86f90622b26afb602bebc9512c60f4a108b50adc
500,50,138,0.002,4.0,7.0,0.0,11,-0.833,-0.41,4.5,97b28df35b811f0a5dba92060bfa9d60f1cc23fb3123298c2b14a461bea2df00
500,50,375,0.0005,2.0,1.0,0.0,42,1.182,1.81,7.5,ad51b89975a568ea8ec94b66dd4a2acfacdad2267a22b32ee638603d2087c7c1
500,50,116,0.002,1.0,9.0,3.5,43,-0.336,-0.42,4.5,a7e45ccfa44749f47009339807a5b3b6faa94591750df4893bbd649eb03548aa
500,50,420,0.002,4.0,9.0,1.5,5,-0.841,-0.52,4.0,8b99cc78d3cb5224793576097671ee3e7b24a24fb6d06417ba2121ba86390aaa
500,50,203,0.002,2.0,7.0,-2.5,48,-0.748,-0.52,6.0,482f9bb74e396230e41acb238caf3964559f8d6f6f94a105834a53b8cd581e55
500,50,173,0.002,3.0,6.0,2.5,34,0.141,0.86,4.5,3b3c69bfe1ea7d3417e6f0cb7831cd1890ff9efc41485332a6269801eec79431
500,50,116,0.002,5.0,3.0,4.5,1,0.562,1.35,8.0,a7e45ccfa44749f47009339807a5b3b6faa94591750df4893bbd649eb03548aa
500,50,116,0.002,6.0,8.0,1.5,20,-1.5219999999999998,-1.79,2.5,a7e45ccfa44749f47009339807a5b3b6faa94591750df4893bbd649eb03548aa
500,50,116,0.002,1.0,9.0,3.5,28,-0.13,0.31,4.0,a7e45ccfa44749f47009339807a5b3b6faa94591750df4893bbd649eb03548aa
500,50,116,0.002,5.0,7.0,2.5,17,-0.504,-0.11,3.0,a7e45ccfa44749f47009339807a5b3b6faa94591750df4893bbd649eb03548aa
500,50,261,0.002,2.0,5.0,1.5,31,-0.324,-0.02,6.5,84d7db09a4a66ab80de8d84cf303232fb5d2699c1e35c5a38a7893393bdba5db
500,50,158,0.002,4.0,8.0,-2.0,14,-0.548,-0.3,3.0,344f34a1d32ba9c9a001e56e4d03ecfc7599d1fa3c5627b1ed5b429067fd6d72
500,50,95,0.002,2.0,3.0,1.5,46,0.203,0.51,6.5,c25fc3efb39204b5d63cd28eb38ba90889f8e69e2579abfd84abaa122b7be87a
500,50,36,0.002,3.0,10.0,-1.5,14,-0.512,0.11,5.0,ff40caff9436adbf9bd38cd8dd2a07eed72cc198918166d6ec73cd19617b2ff6
500,50,306,0.002,1.0,4.0,1.0,44,0.514,0.68,6.0,fab8f433d6f6bb610ff043434b54f18824bcad5c38069edd6b0404477ea4af7a
500,50,243,0.002,4.0,9.0,-1.5,12,-1.094,-0.76,3.0,a3243ce7707a2a3682e9edb42f661751af7593e49dee8391462be0e0e7feca5b
500,50,116,0.002,5.0,3.0,4.5,2,0.767,1.29,7.0,a7e45ccfa44749f47009339807a5b3b6faa94591750df4893bbd649eb03548aa
500,50,420,0.002,3.0,4.0,4.5,31,-0.187,0.65,6.0,8b99cc78d3cb5224793576097671ee3e7b24a24fb6d06417ba2121ba86390aaa
500,50,116,0.002,4.0,2.0,5.5,7,0.113,0.92,6.0,a7e45ccfa44749f47009339807a5b3b6faa94591750df4893bbd649eb03548aa
500,50,173,0.002,1.0,7.0,3.0,23,1.116,1.79,8.0,3b3c69bfe1ea7d3417e6f0cb7831cd1890ff9efc41485332a6269801eec79431
500,50,51,0.002,4.0,10.0,-4.0,22,-1.672,-1.45,3.0,0da469cd406ad5030b33efeb4176c7916b6520b504ade19e5900078c3b28d733
500,50,74,0.002,2.0,5.0,0.0,34,-0.553,-0.41,4.5,5336d765b764a93e2eb1d0758e1d55b61cf2de15952d7b4f9d34abd296c96afb
500,50,116,0.002,6.0,7.0,2.0,2,-1.382,-1.4,4.5,a7e45ccfa44749f47009339807a5b3b6faa94591750df4893bbd649eb03548aa
500,50,123,0.002,0.0,6.0,1.5,30,0.638,1.02,6.0,b2aa7ce2e829b156b6b2a9da36e09488eda956e5a66a30f221742ee0aa8167f7
500,50,116,0.002,5.0,9.0,1.5,2,-0.478,-0.24,4.0,a7e45ccfa44749f47009339807a5b3b6faa94591750df4893bbd649eb03548aa
500,50,420,0.002,0.0,9.0,3.5,36,-0.01,0.3,4.0,8b99cc78d3cb5224793576097671ee3e7b24a24fb6d06417ba2121ba86390aaa
500,50,420,0.002,6.0,6.0,2.0,13,-0.6969999999999998,-0.36,3.5,8b99cc78d3cb5224793576097671ee3e7b24a24fb6d06417ba2121ba86390aaa
500,50,173,0.002,5.0,8.0,0.5,8,-1.226,-0.75,3.5,3b3c69bfe1ea7d3417e6f0cb7831cd1890ff9efc41485332a6269801eec79431
500,50,173,0.002,4.0,8.0,1.0,42,-0.3459999999999999,-0.69,4.0,3b3c69bfe1ea7d3417e6f0cb7831cd1890ff9efc41485332a6269801eec79431
500,50,420,0.002,4.0,8.0,2.0,4,-0.816,-0.73,4.5,8b99cc78d3cb5224793576097671ee3e7b24a24fb6d06417ba2121ba86390aaa
500,50,116,0.002,1.0,12.0,2.0,45,-0.226,0.36,4.5,a7e45ccfa44749f47009339807a5b3b6faa94591750df4893bbd649eb03548aa
500,50,468,0.002,5.0,6.0,-5.0,28,-0.921,-1.16,4.0,ebee2725a830b6aa081d91923a7c5a59ab7480a39d0d420d3b039a22594edd25
500,50,116,0.002,3.0,2.0,6.0,15,0.66,1.35,8.0,a7e45ccfa44749f47009339807a5b3b6faa94591750df4893bbd649eb03548aa
500,50,420,0.002,2.0,8.0,3.0,10,0.491,0.66,5.5,8b99cc78d3cb5224793576097671ee3e7b24a24fb6d06417ba2121ba86390aaa
500,50,116,0.002,4.0,3.0,5.0,2,-0.129,0.41,6.0,a7e45ccfa44749f47009339807a5b3b6faa94591750df4893bbd649eb03548aa
500,50,116,0.002,6.0,4.0,3.5,8,-0.268,0.08,4.0,a7e45ccfa44749f47009339807a5b3b6faa94591750df4893bbd649eb03548aa
500,50,173,0.002,1.0,8.0,2.5,21,0.184,0.23,5.5,3b3c69bfe1ea7d3417e6f0cb7831cd1890ff9efc41485332a6269801eec79431
500,50,420,0.002,6.0,9.0,0.5,15,-1.7619999999999998,-1.44,2.5,8b99cc78d3cb5224793576097671ee3e7b24a24fb6d06417ba2121ba86390aaa
500,50,420,0.002,2.0,6.0,4.0,28,-0.006,0.57,6.0,8b99cc78d3cb5224793576097671ee3e7b24a24fb6d06417ba2121ba86390aaa
500,50,420,0.002,3.0,4.0,4.5,13,0.6579999999999999,0.96,6.5,8b99cc78d3cb5224793576097671ee3e7b24a24fb6d06417ba2121ba86390aaa
500,50,420,0.002,7.0,4.0,2.5,6,0.10100000000000002,0.11,4.0,8b99cc78d3cb5224793576097671ee3e7b24a24fb6d06417ba2121ba86390aaa
500,50,420,0.002,1.0,5.0,5.0,38,-0.107,0.56,5.5,8b99cc78d3cb5224793576097671ee3e7b24a24fb6d06417ba2121ba86390aaa
500,50,116,0.002,6.0,5.0,3.0,4,-1.132,-0.7,5.0,a7e45ccfa44749f47009339807a5b3b6faa94591750df4893bbd649eb03548aa
500,50,116,0.002,4.0,5.0,4.0,4,0.269,1.15,4.5,a7e45ccfa44749f47009339807a5b3b6faa94591750df4893bbd649eb03548aa
500,50,417,0.001,1.0,5.0,0.5,18,-0.233,-0.44,6.5,576662496728038e224e71e11e336af0a6bb55625ba792b564b78dbc59d6551a
500,50,67,0.002,3.0,4.0,1.0,39,0.166,0.82,5.0,3a360bea2f41e303724f014d0cc814dc18605110da671f5cf3213df428cae74f
500,50,173,0.002,3.0,11.0,0.0,22,-1.73,-1.35,2.5,3b3c69bfe1ea7d3417e6f0cb7831cd1890ff9efc41485332a6269801eec79431
500,50,243,0.002,5.0,6.0,-0.5,10,-0.347,0.16,4.0,a3243ce7707a2a3682e9edb42f661751af7593e49dee8391462be0e0e7feca5b
500,50,116,0.002,3.0,8.0,3.0,4,-0.279,0.1,4.5,a7e45ccfa44749f47009339807a5b3b6faa94591750df4893bbd649eb03548aa
500,50,203,0.002,2.0,8.0,-3.0,42,-0.689,-0.38,3.5,482f9bb74e396230e41acb238caf3964559f8d6f6f94a105834a53b8cd581e55
500,50,182,0.002,3.0,4.0,1.0,30,-0.277,0.15,5.5,ef5ccd9e100038eaeca590bb86f90622b26afb602bebc9512c60f4a108b50adc
500,50,51,0.002,2.0,4.0,0.0,15,-0.153,-0.03,5.5,0da469cd406ad5030b33efeb4176c7916b6520b504ade19e5900078c3b28d733
500,50,36,0.002,3.0,8.0,-0.5,25,-1.089,-0.83,3.0,ff40caff9436adbf9bd38cd8dd2a07eed72cc198918166d6ec73cd19617b2ff6
500,50,116,0.002,4.0,5.0,4.0,7,-0.675,-0.29,4.5,a7e45ccfa44749f47009339807a5b3b6faa94591750df4893bbd649eb03548aa
500,50,116,0.002,3.0,5.0,4.5,6,-0.972,-0.69,4.5,a7e45ccfa44749f47009339807a5b3b6faa94591750df4893bbd649eb03548aa
500,50,173,0.002,5.0,9.0,0.0,20,-1.29,-1.12,2.5,3b3c69bfe1ea7d3417e6f0cb7831cd1890ff9efc41485332a6269801eec79431
500,50,420,0.002,2.0,5.0,4.5,4,0.903,1.18,6.5,8b99cc78d3cb5224793576097671ee3e7b24a24fb6d06417ba2121ba86390aaa
500,50,173,0.002,3.0,9.0,1.0,21,-0.325,-0.16,4.0,3b3c69bfe1ea7d3417e6f0cb7831cd1890ff9efc41485332a6269801eec79431
500,50,173,0.002,3.0,10.0,0.5,10,-0.824,-0.87,3.5,3b3c69bfe1ea7d3417e6f0cb7831cd1890ff9efc41485332a6269801eec79431
500,50,36,0.002,6.0,5.0,-0.5,12,-0.687,-0.25,4.5,ff40caff9436adbf9bd38cd8dd2a07eed72cc198918166d6ec73cd19617b2ff6
500,50,116,0.002,6.0,7.0,2.0,1,0.143,0.88,4.5,a7e45ccfa44749f47009339807a5b3b6faa94591750df4893bbd649eb03548aa
500,50,67,0.002,5.0,10.0,-3.0,6,-0.483,-0.04,4.5,3a360bea2f41e303724f014d0cc814dc18605110da671f5cf3213df428cae74f
500,50,138,0.002,4.0,4.0,1.5,19,-0.19,0.05,5.5,97b28df35b811f0a5dba92060bfa9d60f1cc23fb3123298c2b14a461bea2df00
500,50,123,0.002,5.0,4.0,0.0,1,0.19,0.29,6.5,b2aa7ce2e829b156b6b2a9da36e09488eda956e5a66a30f221742ee0aa8167f7
500,50,173,0.002,7.0,6.0,0.5,2,-0.42699999999999994,0.1,6.0,3b3c69bfe1ea7d3417e6f0cb7831cd1890ff9efc41485332a6269801eec79431
500,50,420,0.002,9.0,3.0,2.0,3,0.17800000000000002,0.5,5.5,8b99cc78d3cb5224793576097671ee3e7b24a24fb6d06417ba2121ba86390aaa
500,50,182,0.002,4.0,6.0,-0.5,20,-1.023,-0.47,4.5,ef5ccd9e100038eaeca590bb86f90622b26afb602bebc9512c60f4a108b50adc
500,50,420,0.002,8.0,3.0,2.5,2,-0.076,0.53,4.5,8b99cc78d3cb5224793576097671ee3e7b24a24fb6d06417ba2121ba86390aaa
500,50,116,0.002,4.0,6.0,3.5,5,-0.819,-0.13,4.0,a7e45ccfa44749f47009339807a5b3b6faa94591750df4893bbd649eb03548aa
500,50,51,0.002,4.0,7.0,-2.5,26,-0.937,-1.47,3.5,0da469cd406ad5030b33efeb4176c7916b6520b504ade19e5900078c3b28d733
500,50,406,0.002,5.0,3.0,-0.5,12,-0.029000000000000005,0.87,4.5,d8cbd0c6756e20701f1e3611fcfe1080ff6b93fafb65fb2800ad9a7bd0a04ea2
500,50,123,0.002,3.0,3.0,1.5,8,0.002,0.41,5.0,b2aa7ce2e829b156b6b2a9da36e09488eda956e5a66a30f221742ee0aa8167f7
500,50,406,0.002,2.0,3.0,1.0,45,0.301,1.14,7.0,d8cbd0c6756e20701f1e3611fcfe1080ff6b93fafb65fb2800ad9a7bd0a04ea2
500,50,173,0.002,5.0,9.0,0.0,9,-1.009,-1.06,3.0,3b3c69bfe1ea7d3417e6f0cb7831cd1890ff9efc41485332a6269801eec79431
500,50,173,0.002,3.0,9.0,1.0,5,-0.335,0.07,4.0,3b3c69bfe1ea7d3417e6f0cb7831cd1890ff9efc41485332a6269801eec79431
500,50,123,0.002,2.0,4.0,1.5,35,0.48100000000000004,1.35,9.0,b2aa7ce2e829b156b6b2a9da36e09488eda956e5a66a30f221742ee0aa8167f7
500,50,306,0.002,3.0,8.0,-2.0,49,-0.919,-1.03,3.0,fab8f433d6f6bb610ff043434b54f18824bcad5c38069edd6b0404477ea4af7a
500,50,116,0.002,3.0,4.0,5.0,30,-0.321,0.73,6.0,a7e45ccfa44749f47009339807a5b3b6faa94591750df4893bbd649eb03548aa
500,50,116,0.002,4.0,6.0,3.5,3,0.131,0.6,6.0,a7e45ccfa44749f47009339807a5b3b6faa94591750df4893bbd649eb03548aa
500,50,182,0.002,4.0,7.0,-1.0,6,-1.071,-0.62,4.0,ef5ccd9e100038eaeca590bb86f90622b26afb602bebc9512c60f4a108b50adc
500,50,116,0.002,3.0,6.0,4.0,23,-0.254,0.15,5.0,a7e45ccfa44749f47009339807a5b3b6faa94591750df4893bbd649eb03548aa
500,50,116,0.002,5.0,7.0,2.5,1,-0.162,0.0,4.0,a7e45ccfa44749f47009339807a5b3b6faa94591750df4893bbd649eb03548aa
500,50,182,0.002,2.0,6.0,0.5,44,-0.42699999999999994,-0.27,4.5,ef5ccd9e100038eaeca590bb86f90622b26afb602bebc9512c60f4a108b50adc
500,50,243,0.002,4.0,6.0,0.0,6,-0.054000000000000006,0.47,5.5,a3243ce7707a2a3682e9edb42f661751af7593e49dee8391462be0e0e7feca5b
500,50,420,0.002,8.0,4.0,2.0,1,-0.392,0.12,5.5,8b99cc78d3cb5224793576097671ee3e7b24a24fb6d06417ba2121ba86390aaa
500,50,420,0.002,7.0,8.0,0.5,3,-1.5659999999999998,-1.32,3.0,8b99cc78d3cb5224793576097671ee3e7b24a24fb6d06417ba2121ba86390aaa
500,50,138,0.002,2.0,7.0,1.0,30,0.098,0.6,5.0,97b28df35b811f0a5dba92060bfa9d60f1cc23fb3123298c2b14a461bea2df00
500,50,261,0.002,2.0,6.0,1.0,20,0.267,1.15,7.0,84d7db09a4a66ab80de8d84cf303232fb5d2699c1e35c5a38a7893393bdba5db
500,50,116,0.002,6.0,7.0,2.0,2,-0.7509999999999999,-0.51,3.0,a7e45ccfa44749f47009339807a5b3b6faa94591750df4893bbd649eb03548aa
500,50,272,0.002,3.0,6.0,-0.5,5,-0.409,0.31,5.5,afcb930297b7343b8945a302072f385537be9321555f4f186f06883623c7f8fb
500,50,420,0.002,4.0,7.0,2.5,26,-1.082,-1.17,4.0,8b99cc78d3cb5224793576097671ee3e7b24a24fb6d06417ba2121ba86390aaa
500,50,261,0.002,3.0,4.0,1.5,28,-0.118,0.54,6.0,84d7db09a4a66ab80de8d84cf303232fb5d2699c1e35c5a38a7893393bdba5db
500,50,173,0.002,0.0,6.0,4.0,32,0.6460000000000001,1.21,5.5,3b3c69bfe1ea7d3417e6f0cb7831cd1890ff9efc41485332a6269801eec79431
500,50,173,0.002,9.0,4.0,0.5,5,-0.562,-0.41,3.5,3b3c69bfe1ea7d3417e6f0cb7831cd1890ff9efc41485332a6269801eec79431
500,50,306,0.002,3.0,3.0,0.5,8,0.415,0.96,7.5,fab8f433d6f6bb610ff043434b54f18824bcad5c38069edd6b0404477ea4af7a
500,50,138,0.002,3.0,9.0,-0.5,6,0.18,0.35,3.5,97b28df35b811f0a5dba92060bfa9d60f1cc23fb3123298c2b14a461bea2df00
500,50,173,0.002,7.0,3.0,2.0,3,0.182,0.89,4.5,3b3c69bfe1ea7d3417e6f0cb7831cd1890ff9efc41485332a6269801eec79431
500,50,138,0.002,4.0,8.0,-0.5,9,-0.47,-0.05,6.0,97b28df35b811f0a5dba92060bfa9d60f1cc23fb3123298c2b14a461bea2df00
500,50,123,0.002,2.0,6.0,0.5,11,0.304,0.28,6.5,b2aa7ce2e829b156b6b2a9da36e09488eda956e5a66a30f221742ee0aa8167f7
500,50,116,0.002,7.0,8.0,1.0,3,-1.545,-1.18,3.5,a7e45ccfa44749f47009339807a5b3b6faa94591750df4893bbd649eb03548aa
500,50,406,0.002,2.0,6.0,-0.5,17,-0.379,0.25,5.5,d8cbd0c6756e20701f1e3611fcfe1080ff6b93fafb65fb2800ad9a7bd0a04ea2
500,50,173,0.002,8.0,9.0,-1.5,1,-1.098,-0.94,3.0,3b3c69bfe1ea7d3417e6f0cb7831cd1890ff9efc41485332a6269801eec79431
500,50,116,0.002,6.0,6.0,2.5,3,-0.107,0.58,4.0,a7e45ccfa44749f47009339807a5b3b6faa94591750df4893bbd649eb03548aa
500,50,286,0.002,3.0,2.0,-2.0,10,0.187,0.63,6.0,75e08ccdd9458e94f4d391e9b6cd14aa09c32fe0a127e3513f67eb83081fcce3
500,50,116,0.002,6.0,7.0,2.0,1,0.024,0.42,4.0,a7e45ccfa44749f47009339807a5b3b6faa94591750df4893bbd649eb03548aa
500,50,51,0.002,3.0,7.0,-2.0,32,-0.7340000000000001,-0.51,6.0,0da469cd406ad5030b33efeb4176c7916b6520b504ade19e5900078c3b28d733
500,50,116,0.002,8.0,4.0,2.5,1,-0.695,-0.38,4.0,a7e45ccfa44749f47009339807a5b3b6faa94591750df4893bbd649eb03548aa
500,50,420,0.002,6.0,6.0,2.0,1,-0.544,0.01,5.5,8b99cc78d3cb5224793576097671ee3e7b24a24fb6d06417ba2121ba86390aaa
500,50,178,0.002,4.0,5.0,-1.0,14,-0.08200000000000002,-0.1,5.0,2852b7ff8e5e77dbf55d6569bbb35253228fd4522b19f56bb25e9bbc298dc1d4
500,50,116,0.002,3.0,6.0,4.0,22,-0.976,-1.06,4.0,a7e45ccfa44749f47009339807a5b3b6faa94591750df4893bbd649eb03548aa
500,50,182,0.002,4.0,6.0,-0.5,9,-0.35600000000000004,0.2,6.0,ef5ccd9e100038eaeca590bb86f90622b26afb602bebc9512c60f4a108b50adc
500,50,36,0.002,3.0,7.0,0.0,2,0.87,1.28,5.0,ff40caff9436adbf9bd38cd8dd2a07eed72cc198918166d6ec73cd19617b2ff6
500,50,490,0.002,4.0,5.0,-1.5,5,0.305,0.91,6.0,974847301356efb9a3ebc5a376507ea020f2aa2b7a8db231927848b0f6c7fa65
500,50,116,0.002,2.0,9.0,3.0,16,-1.09,-0.92,3.5,a7e45ccfa44749f47009339807a5b3b6faa94591750df4893bbd649eb03548aa
500,50,420,0.002,4.0,4.0,4.0,2,0.704,1.24,9.0,8b99cc78d3cb5224793576097671ee3e7b24a24fb6d06417ba2121ba86390aaa
500,50,280,0.002,3.0,7.0,0.5,9,-0.9840000000000001,-0.36,4.5,3dbec4ed280111c6f70cf5b95bd8007d71fffb43262f818ee2b01da94e952ed1
500,50,116,0.002,3.0,7.0,3.5,30,-0.594,-0.19,6.0,a7e45ccfa44749f47009339807a5b3b6faa94591750df4893bbd649eb03548aa
500,50,173,0.002,5.0,8.0,0.5,8,-0.9570000000000001,-0.86,3.0,3b3c69bfe1ea7d3417e6f0cb7831cd1890ff9efc41485332a6269801eec79431
500,50,116,0.002,6.0,5.0,3.0,9,-0.347,0.02,5.0,a7e45ccfa44749f47009339807a5b3b6faa94591750df4893bbd649eb03548aa
500,50,202,0.002,1.0,8.0,-3.5,45,-1.047,-1.17,4.0,a8c1fea78f50413df31cc58cb403ecb9ddd20d1c514fcebfb0e8dd14979b048a
500,50,420,0.002,2.0,7.0,3.5,22,-0.05,0.6,5.0,8b99cc78d3cb5224793576097671ee3e7b24a24fb6d06417ba2121ba86390aaa
500,50,261,0.002,3.0,3.0,2.0,20,0.393,0.52,5.5,84d7db09a4a66ab80de8d84cf303232fb5d2699c1e35c5a38a7893393bdba5db
500,50,116,0.002,4.0,6.0,3.5,5,-0.397,0.14,5.0,a7e45ccfa44749f47009339807a5b3b6faa94591750df4893bbd649eb03548aa
500,50,51,0.002,3.0,6.0,-1.5,36,-0.461,0.02,5.0,0da469cd406ad5030b33efeb4176c7916b6520b504ade19e5900078c3b28d733
500,50,261,0.002,2.0,4.0,2.0,37,-0.11,0.79,6.5,84d7db09a4a66ab80de8d84cf303232fb5d2699c1e35c5a38a7893393bdba5db
500,50,272,0.002,2.0,4.0,1.0,10,0.937,1.15,7.0,afcb930297b7343b8945a302072f385537be9321555f4f186f06883623c7f8fb
500,50,173,0.002,3.0,6.0,2.5,4,0.7980000000000002,1.5,6.5,3b3c69bfe1ea7d3417e6f0cb7831cd1890ff9efc41485332a6269801eec79431
500,50,182,0.002,3.0,3.0,1.5,10,0.439,1.21,5.5,ef5ccd9e100038eaeca590bb86f90622b26afb602bebc9512c60f4a108b50adc
500,50,420,0.002,4.0,10.0,1.0,5,-1.105,-0.94,3.5,8b99cc78d3cb5224793576097671ee3e7b24a24fb6d06417ba2121ba86390aaa
500,50,173,0.002,3.0,9.0,1.0,21,-0.81,-0.43,5.0,3b3c69bfe1ea7d3417e6f0cb7831cd1890ff9efc41485332a6269801eec79431
500,50,420,0.002,2.0,7.0,3.5,18,-0.37,0.22,4.0,8b99cc78d3cb5224793576097671ee3e7b24a24fb6d06417ba2121ba86390aaa
500,50,153,0.002,5.0,2.0,2.0,32,-0.118,0.35,5.0,6b6f91ba62efae00f09fbbdb547009f73ef44ff90923e257225aa6c928379dbe
500,50,272,0.002,7.0,5.0,-2.0,2,-0.129,0.55,5.0,afcb930297b7343b8945a302072f385537be9321555f4f186f06883623c7f8fb
500,50,116,0.002,6.0,7.0,2.0,2,-0.91,-0.55,4.0,a7e45ccfa44749f47009339807a5b3b6faa94591750df4893bbd649eb03548aa
500,50,243,0.002,3.0,7.0,0.0,23,-0.331,0.3,5.0,a3243ce7707a2a3682e9edb42f661751af7593e49dee8391462be0e0e7feca5b
500,50,243,0.002,2.0,8.0,0.0,43,-0.206,0.14,3.5,a3243ce7707a2a3682e9edb42f661751af7593e49dee8391462be0e0e7feca5b
500,50,158,0.002,3.0,7.0,-1.0,30,-0.582,-0.53,5.5,344f34a1d32ba9c9a001e56e4d03ecfc7599d1fa3c5627b1ed5b429067fd6d72
500,50,116,0.002,6.0,5.0,3.0,1,-0.279,0.08,5.5,a7e45ccfa44749f47009339807a5b3b6faa94591750df4893bbd649eb03548aa
500,50,116,0.002,2.0,10.0,2.5,26,-0.592,-0.5,5.0,a7e45ccfa44749f47009339807a5b3b6faa94591750df4893bbd649eb03548aa
500,50,420,0.002,4.0,8.0,2.0,17,-1.096,-0.57,3.0,8b99cc78d3cb5224793576097671ee3e7b24a24fb6d06417ba2121ba86390aaa
500,50,116,0.002,6.0,6.0,2.5,2,-0.081,0.22,6.5,a7e45ccfa44749f47009339807a5b3b6faa94591750df4893bbd649eb03548aa
500,50,116,0.002,5.0,9.0,1.5,1,-0.027000000000000003,0.17,4.0,a7e45ccfa44749f47009339807a5b3b6faa94591750df4893bbd649eb03548aa
500,50,36,0.002,3.0,6.0,0.5,25,-0.818,-0.58,3.5,ff40caff9436adbf9bd38cd8dd2a07eed72cc198918166d6ec73cd19617b2ff6
500,50,116,0.002,3.0,8.0,3.0,27,-1.147,-0.7,3.0,a7e45ccfa44749f47009339807a5b3b6faa94591750df4893bbd649eb03548aa
500,50,116,0.002,3.0,6.0,4.0,12,-0.21,-0.22,5.0,a7e45ccfa44749f47009339807a5b3b6faa94591750df4893bbd649eb03548aa
500,50,73,0.001,5.0,6.0,-2.0,16,-0.845,-0.56,4.5,d47db6a3fa9151c10e2a42a4c31e38c922e8941f0814a51e6204fe23b2d82160
500,50,116,0.002,5.0,4.0,4.0,2,-0.05800000000000001,0.42,8.0,a7e45ccfa44749f47009339807a5b3b6faa94591750df4893bbd649eb03548aa
500,50,116,0.002,2.0,9.0,3.0,17,-0.601,-0.32,5.5,a7e45ccfa44749f47009339807a5b3b6faa94591750df4893bbd649eb03548aa
500,50,209,0.001,2.0,4.0,0.5,15,0.528,1.24,6.0,886a14107d7fa93a41960fdb8744e8befb34c8a890a5c627d34c2259f4531f7d
500,50,116,0.002,3.0,8.0,3.0,4,0.555,1.68,6.0,a7e45ccfa44749f47009339807a5b3b6faa94591750df4893bbd649eb03548aa
500,50,173,0.002,5.0,7.0,1.0,23,-0.9890000000000001,-0.77,4.5,3b3c69bfe1ea7d3417e6f0cb7831cd1890ff9efc41485332a6269801eec79431
500,50,420,0.002,2.0,8.0,3.0,4,0.452,1.24,4.5,8b99cc78d3cb5224793576097671ee3e7b24a24fb6d06417ba2121ba86390aaa
500,50,116,0.002,7.0,5.0,2.5,1,-0.17299999999999996,-0.19,5.0,a7e45ccfa44749f47009339807a5b3b6faa94591750df4893bbd649eb03548aa
500,50,116,0.002,3.0,7.0,3.5,4,0.62,0.93,5.0,a7e45ccfa44749f47009339807a5b3b6faa94591750df4893bbd649eb03548aa
500,50,420,0.002,0.0,5.0,5.5,38,1.038,1.15,7.5,8b99cc78d3cb5224793576097671ee3e7b24a24fb6d06417ba2121ba86390aaa
500,50,261,0.002,2.0,8.0,0.0,41,0.066,0.37,5.0,84d7db09a4a66ab80de8d84cf303232fb5d2699c1e35c5a38a7893393bdba5db
500,50,116,0.002,5.0,6.0,3.0,30,-0.57,-0.69,4.0,a7e45ccfa44749f47009339807a5b3b6faa94591750df4893bbd649eb03548aa
500,50,280,0.002,3.0,2.0,3.0,49,0.8030000000000002,1.64,6.0,3dbec4ed280111c6f70cf5b95bd8007d71fffb43262f818ee2b01da94e952ed1
500,50,497,0.001,3.0,5.0,-0.5,18,-0.145,0.52,5.0,526db03663e3f68905e8ed37f0760b4ef31347fa4159ce8515af8811d6253ad1
500,50,123,0.002,2.0,7.0,0.0,18,0.627,0.86,6.0,b2aa7ce2e829b156b6b2a9da36e09488eda956e5a66a30f221742ee0aa8167f7
500,50,280,0.002,1.0,9.0,0.5,9,-0.132,0.13,4.5,3dbec4ed280111c6f70cf5b95bd8007d71fffb43262f818ee2b01da94e952ed1
500,50,417,0.001,2.0,3.0,1.0,43,0.081,0.88,6.0,576662496728038e224e71e11e336af0a6bb55625ba792b564b78dbc59d6551a
500,50,36,0.002,5.0,7.0,-1.0,6,-0.699,-0.26,4.0,ff40caff9436adbf9bd38cd8dd2a07eed72cc198918166d6ec73cd19617b2ff6
500,50,116,0.002,6.0,7.0,2.0,1,-0.42,-0.1,5.0,a7e45ccfa44749f47009339807a5b3b6faa94591750df4893bbd649eb03548aa
500,50,116,0.002,7.0,3.0,3.5,1,-0.395,0.17,6.5,a7e45ccfa44749f47009339807a5b3b6faa94591750df4893bbd649eb03548aa
500,50,173,0.002,5.0,8.0,0.5,3,-0.38299999999999995,-0.43,5.0,3b3c69bfe1ea7d3417e6f0cb7831cd1890ff9efc41485332a6269801eec79431
500,50,116,0.002,5.0,6.0,3.0,3,-0.354,0.18,5.0,a7e45ccfa44749f47009339807a5b3b6faa94591750df4893bbd649eb03548aa
500,50,406,0.002,5.0,7.0,-2.5,22,-0.614,-0.58,3.5,d8cbd0c6756e20701f1e3611fcfe1080ff6b93fafb65fb2800ad9a7bd0a04ea2
500,50,36,0.002,3.0,8.0,-0.5,7,0.096,0.63,6.0,ff40caff9436adbf9bd38cd8dd2a07eed72cc198918166d6ec73cd19617b2ff6
500,50,116,0.002,5.0,5.0,3.5,4,-0.358,-0.26,6.0,a7e45ccfa44749f47009339807a5b3b6faa94591750df4893bbd649eb03548aa
500,50,272,0.002,2.0,5.0,0.5,27,-0.305,0.1,4.5,afcb930297b7343b8945a302072f385537be9321555f4f186f06883623c7f8fb
500,50,420,0.002,3.0,6.0,3.5,2,-0.011,0.03,4.5,8b99cc78d3cb5224793576097671ee3e7b24a24fb6d06417ba2121ba86390aaa
500,50,116,0.002,4.0,8.0,2.5,8,-1.186,-1.15,4.0,a7e45ccfa44749f47009339807a5b3b6faa94591750df4893bbd649eb03548aa
500,50,116,0.002,7.0,3.0,3.5,2,0.069,0.84,4.5,a7e45ccfa44749f47009339807a5b3b6faa94591750df4893bbd649eb03548aa
500,50,173,0.002,2.0,8.0,2.0,9,0.141,0.81,5.0,3b3c69bfe1ea7d3417e6f0cb7831cd1890ff9efc41485332a6269801eec79431
500,50,138,0.002,4.0,6.0,0.5,32,-0.426,0.13,5.5,97b28df35b811f0a5dba92060bfa9d60f1cc23fb3123298c2b14a461bea2df00
500,50,74,0.002,3.0,8.0,-2.0,17,-0.22699999999999998,-0.21,4.0,5336d765b764a93e2eb1d0758e1d55b61cf2de15952d7b4f9d34abd296c96afb
500,50,182,0.002,4.0,1.0,2.0,39,0.191,0.96,6.0,ef5ccd9e100038eaeca590bb86f90622b26afb602bebc9512c60f4a108b50adc
500,50,151,0.002,3.0,9.0,-4.0,21,-0.78,-0.71,4.0,4862fa101ab06efd13bb2a8dc37275b1a4d264e8dc87ef61d0892b1ec48bad14
500,50,420,0.002,4.0,6.0,3.0,49,-0.539,-0.02,4.0,8b99cc78d3cb5224793576097671ee3e7b24a24fb6d06417ba2121ba86390aaa
500,50,116,0.002,3.0,7.0,3.5,2,0.10400000000000001,0.52,5.5,a7e45ccfa44749f47009339807a5b3b6faa94591750df4893bbd649eb03548aa
500,50,420,0.002,4.0,5.0,3.5,37,-0.051,0.39,5.0,8b99cc78d3cb5224793576097671ee3e7b24a24fb6d06417ba2121ba86390aaa
500,50,116,0.002,5.0,7.0,2.5,5,-0.993,-1.25,4.0,a7e45ccfa44749f47009339807a5b3b6faa94591750df4893bbd649eb03548aa
500,50,116,0.002,4.0,8.0,2.5,9,-0.625,0.1,4.0,a7e45ccfa44749f47009339807a5b3b6faa94591750df4893bbd649eb03548aa
500,50,116,0.002,7.0,5.0,2.5,19,-1.1,-0.93,4.5,a7e45ccfa44749f47009339807a5b3b6faa94591750df4893bbd649eb03548aa
500,50,158,0.002,2.0,8.0,-1.0,18,0.503,0.65,5.5,344f34a1d32ba9c9a001e56e4d03ecfc7599d1fa3c5627b1ed5b429067fd6d72
500,50,116,0.002,3.0,7.0,3.5,43,-0.018,0.57,4.5,a7e45ccfa44749f47009339807a5b3b6faa94591750df4893bbd649eb03548aa
500,50,182,0.002,2.0,9.0,-1.0,15,-1.503,-0.97,3.0,ef5ccd9e100038eaeca590bb86f90622b26afb602bebc9512c60f4a108b50adc
500,50,272,0.002,3.0,5.0,0.0,2,0.457,0.64,8.0,afcb930297b7343b8945a302072f385537be9321555f4f186f06883623c7f8fb
500,50,158,0.002,7.0,5.0,-2.0,2,-0.274,0.38,5.0,344f34a1d32ba9c9a001e56e4d03ecfc7599d1fa3c5627b1ed5b429067fd6d72
500,50,36,0.002,4.0,5.0,0.5,10,0.149,0.22,5.5,ff40caff9436adbf9bd38cd8dd2a07eed72cc198918166d6ec73cd19617b2ff6
500,50,153,0.002,4.0,7.0,0.0,27,-0.738,-0.12,4.5,6b6f91ba62efae00f09fbbdb547009f73ef44ff90923e257225aa6c928379dbe
500,50,116,0.002,6.0,5.0,3.0,1,0.254,0.74,6.0,a7e45ccfa44749f47009339807a5b3b6faa94591750df4893bbd649eb03548aa
500,50,116,0.002,6.0,1.0,5.0,11,0.426,1.12,6.5,a7e45ccfa44749f47009339807a5b3b6faa94591750df4893bbd649eb03548aa
500,50,182,0.002,6.0,6.0,-1.5,9,-1.026,-0.67,5.0,ef5ccd9e100038eaeca590bb86f90622b26afb602bebc9512c60f4a108b50adc
500,50,203,0.002,4.0,6.0,-3.0,24,-1.036,-1.46,4.0,482f9bb74e396230e41acb238caf3964559f8d6f6f94a105834a53b8cd581e55
500,50,420,0.002,7.0,3.0,3.0,5,0.122,0.7,4.5,8b99cc78d3cb5224793576097671ee3e7b24a24fb6d06417ba2121ba86390aaa
500,50,182,0.002,2.0,6.0,0.5,23,0.079,0.4,5.5,ef5ccd9e100038eaeca590bb86f90622b26afb602bebc9512c60f4a108b50adc
500,50,116,0.002,5.0,5.0,3.5,5,-0.936,-0.22,5.0,a7e45ccfa44749f47009339807a5b3b6faa94591750df4893bbd649eb03548aa
500,50,153,0.002,5.0,6.0,0.0,9,-0.309,0.64,5.0,6b6f91ba62efae00f09fbbdb547009f73ef44ff90923e257225aa6c928379dbe
500,50,138,0.002,6.0,7.0,-1.0,5,-0.659,-0.82,4.5,97b28df35b811f0a5dba92060bfa9d60f1cc23fb3123298c2b14a461bea2df00
500,50,138,0.002,3.0,5.0,1.5,25,-0.29,0.4,6.5,97b28df35b811f0a5dba92060bfa9d60f1cc23fb3123298c2b14a461bea2df00
500,50,36,0.002,0.0,6.0,2.0,31,0.305,1.0,6.0,ff40caff9436adbf9bd38cd8dd2a07eed72cc198918166d6ec73cd19617b2ff6
500,50,138,0.002,3.0,3.0,2.5,21,0.782,1.53,6.0,97b28df35b811f0a5dba92060bfa9d60f1cc23fb3123298c2b14a461bea2df00
500,50,116,0.002,8.0,5.0,2.0,2,-1.147,-1.16,4.0,a7e45ccfa44749f47009339807a5b3b6faa94591750df4893bbd649eb03548aa
500,50,51,0.002,3.0,3.0,0.0,20,0.386,0.89,5.5,0da469cd406ad5030b33efeb4176c7916b6520b504ade19e5900078c3b28d733
500,50,138,0.002,5.0,5.0,0.5,4,-0.214,0.33,6.0,97b28df35b811f0a5dba92060bfa9d60f1cc23fb3123298c2b14a461bea2df00
500,50,116,0.002,5.0,7.0,2.5,6,-0.499,0.21,4.5,a7e45ccfa44749f47009339807a5b3b6faa94591750df4893bbd649eb03548aa
500,50,138,0.002,3.0,8.0,0.0,21,-0.241,-0.34,5.0,97b28df35b811f0a5dba92060bfa9d60f1cc23fb3123298c2b14a461bea2df00
500,50,123,0.002,4.0,4.0,0.5,40,-0.417,-0.09,3.5,b2aa7ce2e829b156b6b2a9da36e09488eda956e5a66a30f221742ee0aa8167f7
500,50,173,0.002,3.0,5.0,3.0,8,0.568,1.01,5.0,3b3c69bfe1ea7d3417e6f0cb7831cd1890ff9efc41485332a6269801eec79431
500,50,261,0.002,4.0,5.0,0.5,9,-0.6,0.18,6.0,84d7db09a4a66ab80de8d84cf303232fb5d2699c1e35c5a38a7893393bdba5db
500,50,116,0.002,0.0,7.0,5.0,23,0.811,0.98,6.5,a7e45ccfa44749f47009339807a5b3b6faa94591750df4893bbd649eb03548aa
500,50,116,0.002,8.0,5.0,2.0,1,-0.129,0.17,4.5,a7e45ccfa44749f47009339807a5b3b6faa94591750df4893bbd649eb03548aa
500,50,116,0.002,2.0,8.0,3.5,35,-0.506,-0.01,4.5,a7e45ccfa44749f47009339807a5b3b6faa94591750df4893bbd649eb03548aa
500,50,173,0.002,3.0,3.0,4.0,11,0.728,1.57,6.0,3b3c69bfe1ea7d3417e6f0cb7831cd1890ff9efc41485332a6269801eec79431
500,50,116,0.002,7.0,8.0,1.0,2,-0.7390000000000001,-0.58,3.5,a7e45ccfa44749f47009339807a5b3b6faa94591750df4893bbd649eb03548aa
500,50,116,0.002,0.0,9.0,4.0,46,0.185,0.68,4.0,a7e45ccfa44749f47009339807a5b3b6faa94591750df4893bbd649eb03548aa
500,50,116,0.002,5.0,5.0,3.5,30,-1.057,-0.61,3.5,a7e45ccfa44749f47009339807a5b3b6faa94591750df4893bbd649eb03548aa
500,50,67,0.002,10.0,5.0,-3.0,5,-0.6679999999999999,-0.83,3.5,3a360bea2f41e303724f014d0cc814dc18605110da671f5cf3213df428cae74f
500,50,420,0.002,4.0,4.0,4.0,1,0.262,0.62,6.5,8b99cc78d3cb5224793576097671ee3e7b24a24fb6d06417ba2121ba86390aaa
500,50,158,0.002,6.0,6.0,-2.0,5,-1.031,-0.76,5.0,344f34a1d32ba9c9a001e56e4d03ecfc7599d1fa3c5627b1ed5b429067fd6d72
500,50,138,0.002,5.0,6.0,0.0,25,-0.89,-0.48,4.5,97b28df35b811f0a5dba92060bfa9d60f1cc23fb3123298c2b14a461bea2df00
500,50,280,0.002,3.0,4.0,2.0,11,-0.13,-0.04,6.5,3dbec4ed280111c6f70cf5b95bd8007d71fffb43262f818ee2b01da94e952ed1
500,50,116,0.002,0.0,4.0,6.5,19,0.701,0.63,6.5,a7e45ccfa44749f47009339807a5b3b6faa94591750df4893bbd649eb03548aa
500,50,67,0.002,4.0,6.0,-0.5,19,-0.585,0.06,4.5,3a360bea2f41e303724f014d0cc814dc18605110da671f5cf3213df428cae74f
500,50,261,0.002,3.0,10.0,-1.5,14,-0.617,-0.05,5.0,84d7db09a4a66ab80de8d84cf303232fb5d2699c1e35c5a38a7893393bdba5db
500,50,153,0.002,2.0,4.0,2.5,17,1.037,2.02,6.0,6b6f91ba62efae00f09fbbdb547009f73ef44ff90923e257225aa6c928379dbe
500,50,272,0.002,5.0,4.0,-0.5,2,0.073,0.47,7.0,afcb930297b7343b8945a302072f385537be9321555f4f186f06883623c7f8fb
500,50,417,0.001,3.0,4.0,0.0,42,-0.621,-0.26,5.0,576662496728038e224e71e11e336af0a6bb55625ba792b564b78dbc59d6551a
500,50,123,0.002,6.0,3.0,0.0,4,-0.14,0.3,4.0,b2aa7ce2e829b156b6b2a9da36e09488eda956e5a66a30f221742ee0aa8167f7
500,50,280,0.002,1.0,5.0,2.5,48,0.442,0.34,7.5,3dbec4ed280111c6f70cf5b95bd8007d71fffb43262f818ee2b01da94e952ed1
500,50,173,0.002,4.0,8.0,1.0,2,-0.16699999999999998,0.42,6.0,3b3c69bfe1ea7d3417e6f0cb7831cd1890ff9efc41485332a6269801eec79431
500,50,153,0.002,1.0,4.0,3.0,18,1.395,2.15,7.0,6b6f91ba62efae00f09fbbdb547009f73ef44ff90923e257225aa6c928379dbe
500,50,420,0.002,4.0,8.0,2.0,4,-0.8690000000000001,-0.29,4.0,8b99cc78d3cb5224793576097671ee3e7b24a24fb6d06417ba2121ba86390aaa
500,50,116,0.002,4.0,5.0,4.0,3,0.345,0.78,5.5,a7e45ccfa44749f47009339807a5b3b6faa94591750df4893bbd649eb03548aa
500,50,422,0.002,2.0,3.0,0.0,46,-0.1,0.31,5.0,fb42fbb3176c48cb2875b84cdae050548972e6bfc5c5c2e1fe04f2e151a175a4
500,50,116,0.002,7.0,4.0,3.0,3,-0.434,0.08,4.5,a7e45ccfa44749f47009339807a5b3b6faa94591750df4893bbd649eb03548aa
500,50,420,0.002,2.0,9.0,2.5,33,-0.337,0.13,3.5,8b99cc78d3cb5224793576097671ee3e7b24a24fb6d06417ba2121ba86390aaa
500,50,182,0.002,2.0,7.0,0.0,46,-0.754,-0.18,4.5,ef5ccd9e100038eaeca590bb86f90622b26afb602bebc9512c60f4a108b50adc
500,50,420,0.002,8.0,3.0,2.5,3,-0.293,-0.47,4.0,8b99cc78d3cb5224793576097671ee3e7b24a24fb6d06417ba2121ba86390aaa
500,50,153,0.002,4.0,4.0,1.5,16,0.111,0.87,6.5,6b6f91ba62efae00f09fbbdb547009f73ef44ff90923e257225aa6c928379dbe
500,50,420,0.002,6.0,6.0,2.0,5,0.081,0.29,5.5,8b99cc78d3cb5224793576097671ee3e7b24a24fb6d06417ba2121ba86390aaa
500,50,420,0.002,6.0,7.0,1.5,1,-0.475,-0.06,5.5,8b99cc78d3cb5224793576097671ee3e7b24a24fb6d06417ba2121ba86390aaa
500,50,280,0.002,4.0,5.0,1.0,5,-0.084,0.52,6.0,3dbec4ed280111c6f70cf5b95bd8007d71fffb43262f818ee2b01da94e952ed1
500,50,272,0.002,5.0,4.0,-0.5,3,0.33,0.56,6.5,afcb930297b7343b8945a302072f385537be9321555f4f186f06883623c7f8fb
500,50,116,0.002,5.0,7.0,2.5,2,-0.10800000000000001,-0.1,4.5,a7e45ccfa44749f47009339807a5b3b6faa94591750df4893bbd649eb03548aa
500,50,261,0.002,1.0,7.0,1.0,42,0.147,0.74,5.0,84d7db09a4a66ab80de8d84cf303232fb5d2699c1e35c5a38a7893393bdba5db
500,50,420,0.002,2.0,6.0,4.0,27,-0.686,0.32,5.0,8b99cc78d3cb5224793576097671ee3e7b24a24fb6d06417ba2121ba86390aaa
500,50,356,0.002,5.0,3.0,-1.0,17,0.042,1.31,5.5,c1502d455473b0c952314917b0a1e263cde995d3c2f5b293b96dc02d8161eca8
500,50,116,0.002,6.0,6.0,2.5,5,-0.666,0.02,4.0,a7e45ccfa44749f47009339807a5b3b6faa94591750df4893bbd649eb03548aa
500,50,153,0.002,1.0,5.0,2.5,42,0.574,1.05,7.0,6b6f91ba62efae00f09fbbdb547009f73ef44ff90923e257225aa6c928379dbe
500,50,173,0.002,3.0,6.0,2.5,35,0.41600000000000004,0.77,5.0,3b3c69bfe1ea7d3417e6f0cb7831cd1890ff9efc41485332a6269801eec79431
500,50,173,0.002,5.0,6.0,1.5,14,-0.799,-0.33,4.0,3b3c69bfe1ea7d3417e6f0cb7831cd1890ff9efc41485332a6269801eec79431
500,50,357,0.0005,1.0,5.0,-0.5,22,0.321,0.96,7.0,c99f5297f235ea9284300ff5d1db9cdd539f9089dfd30f5074f49150bf2016cc
500,50,420,0.002,1.0,6.0,4.5,44,0.183,0.72,5.5,8b99cc78d3cb5224793576097671ee3e7b24a24fb6d06417ba2121ba86390aaa
500,50,95,0.002,3.0,4.0,0.5,48,-0.4640000000000001,0.49,5.0,c25fc3efb39204b5d63cd28eb38ba90889f8e69e2579abfd84abaa122b7be87a
500,50,420,0.002,3.0,7.0,3.0,37,-0.721,-0.15,3.0,8b99cc78d3cb5224793576097671ee3e7b24a24fb6d06417ba2121ba86390aaa
500,50,36,0.002,2.0,10.0,-1.0,12,-0.279,-0.01,5.0,ff40caff9436adbf9bd38cd8dd2a07eed72cc198918166d6ec73cd19617b2ff6
500,50,313,0.0005,4.0,2.0,0.0,28,0.7070000000000001,1.48,6.0,dabee2aec04710fcaf92fdbd555da095eb58ace2a43c0f2726a6a477f1bac4f5
500,50,153,0.002,3.0,5.0,1.5,7,0.6679999999999999,1.16,7.0,6b6f91ba62efae00f09fbbdb547009f73ef44ff90923e257225aa6c928379dbe
500,50,420,0.002,3.0,9.0,2.0,44,-1.429,-1.46,3.5,8b99cc78d3cb5224793576097671ee3e7b24a24fb6d06417ba2121ba86390aaa
500,50,203,0.002,3.0,5.0,-2.0,14,0.003,0.8,5.5,482f9bb74e396230e41acb238caf3964559f8d6f6f94a105834a53b8cd581e55
500,50,138,0.002,3.0,9.0,-0.5,7,-0.544,-0.12,5.5,97b28df35b811f0a5dba92060bfa9d60f1cc23fb3123298c2b14a461bea2df00
500,50,116,0.002,2.0,4.0,5.5,45,-0.067,0.69,5.5,a7e45ccfa44749f47009339807a5b3b6faa94591750df4893bbd649eb03548aa
500,50,138,0.002,4.0,6.0,0.5,10,0.526,0.94,4.5,97b28df35b811f0a5dba92060bfa9d60f1cc23fb3123298c2b14a461bea2df00
500,50,173,0.002,7.0,7.0,0.0,13,-1.158,-1.23,3.5,3b3c69bfe1ea7d3417e6f0cb7831cd1890ff9efc41485332a6269801eec79431
500,50,116,0.002,10.0,2.0,2.5,4,-0.449,-0.53,4.0,a7e45ccfa44749f47009339807a5b3b6faa94591750df4893bbd649eb03548aa
500,50,420,0.002,4.0,9.0,1.5,2,-0.343,-0.12,5.5,8b99cc78d3cb5224793576097671ee3e7b24a24fb6d06417ba2121ba86390aaa
500,50,153,0.002,2.0,2.0,3.5,12,1.946,2.74,10.0,6b6f91ba62efae00f09fbbdb547009f73ef44ff90923e257225aa6c928379dbe
500,50,173,0.002,5.0,5.0,2.0,9,-0.177,0.06,4.0,3b3c69bfe1ea7d3417e6f0cb7831cd1890ff9efc41485332a6269801eec79431
500,50,51,0.002,3.0,5.0,-1.0,25,0.154,0.6,4.5,0da469cd406ad5030b33efeb4176c7916b6520b504ade19e5900078c3b28d733
500,50,203,0.002,3.0,3.0,-1.0,45,0.625,1.47,6.5,482f9bb74e396230e41acb238caf3964559f8d6f6f94a105834a53b8cd581e55
500,50,116,0.002,5.0,5.0,3.5,7,-0.543,0.04,4.0,a7e45ccfa44749f47009339807a5b3b6faa94591750df4893bbd649eb03548aa
500,50,138,0.002,6.0,7.0,-1.0,9,-1.157,-0.85,6.0,97b28df35b811f0a5dba92060bfa9d60f1cc23fb3123298c2b14a461bea2df00
500,50,272,0.002,2.0,7.0,-0.5,27,-0.3459999999999999,0.41,4.5,afcb930297b7343b8945a302072f385537be9321555f4f186f06883623c7f8fb
500,50,116,0.002,5.0,8.0,2.0,2,-0.374,-0.15,5.0,a7e45ccfa44749f47009339807a5b3b6faa94591750df4893bbd649eb03548aa
500,50,420,0.002,1.0,10.0,2.5,40,-0.565,-0.31,4.5,8b99cc78d3cb5224793576097671ee3e7b24a24fb6d06417ba2121ba86390aaa
500,50,103,0.0005,1.0,3.0,2.0,50,0.638,1.06,7.0,f686a886b7f72c7d003d6a650ffd17acce3c4aa805af76248dd3d1e642265184
500,50,116,0.002,7.0,4.0,3.0,11,-0.9,-0.95,4.5,a7e45ccfa44749f47009339807a5b3b6faa94591750df4893bbd649eb03548aa
500,50,420,0.002,4.0,7.0,2.5,4,-0.435,0.03,4.0,8b99cc78d3cb5224793576097671ee3e7b24a24fb6d06417ba2121ba86390aaa
500,50,153,0.002,5.0,6.0,0.0,37,-0.513,-0.16,4.5,6b6f91ba62efae00f09fbbdb547009f73ef44ff90923e257225aa6c928379dbe
500,50,116,0.002,3.0,5.0,4.5,19,0.352,0.3,6.0,a7e45ccfa44749f47009339807a5b3b6faa94591750df4893bbd649eb03548aa
500,50,116,0.002,6.0,5.0,3.0,3,-1.238,-1.19,5.0,a7e45ccfa44749f47009339807a5b3b6faa94591750df4893bbd649eb03548aa
500,50,116,0.002,11.0,7.0,-0.5,1,-1.248,-0.69,2.0,a7e45ccfa44749f47009339807a5b3b6faa94591750df4893bbd649eb03548aa
500,50,116,0.002,5.0,3.0,4.5,9,0.282,1.5,6.5,a7e45ccfa44749f47009339807a5b3b6faa94591750df4893bbd649eb03548aa
500,50,36,0.002,0.0,3.0,3.5,47,0.686,0.96,8.5,ff40caff9436adbf9bd38cd8dd2a07eed72cc198918166d6ec73cd19617b2ff6
500,50,420,0.002,4.0,4.0,4.0,5,-0.036,0.43,6.5,8b99cc78d3cb5224793576097671ee3e7b24a24fb6d06417ba2121ba86390aaa
500,50,173,0.002,6.0,6.0,1.0,1,0.37200000000000005,1.06,6.0,3b3c69bfe1ea7d3417e6f0cb7831cd1890ff9efc41485332a6269801eec79431
500,50,230,0.002,3.0,6.0,-3.0,48,-0.932,-0.3,5.0,779e4f62e2d0d94896dc3cd8ab5624b28d4e9a560d88030c65ac4175e5b7f8b8
500,50,116,0.002,4.0,3.0,5.0,8,0.257,0.88,6.0,a7e45ccfa44749f47009339807a5b3b6faa94591750df4893bbd649eb03548aa
500,50,173,0.002,5.0,7.0,1.0,3,-0.085,0.69,6.0,3b3c69bfe1ea7d3417e6f0cb7831cd1890ff9efc41485332a6269801eec79431
500,50,116,0.002,3.0,10.0,2.0,14,-0.15,0.13,4.0,a7e45ccfa44749f47009339807a5b3b6faa94591750df4893bbd649eb03548aa
500,50,420,0.002,3.0,4.0,4.5,8,0.364,0.87,5.0,8b99cc78d3cb5224793576097671ee3e7b24a24fb6d06417ba2121ba86390aaa
500,50,138,0.002,5.0,9.0,-1.5,3,-0.861,-0.47,4.0,97b28df35b811f0a5dba92060bfa9d60f1cc23fb3123298c2b14a461bea2df00
500,50,272,0.002,7.0,8.0,-3.5,3,-1.577,-1.69,3.0,afcb930297b7343b8945a302072f385537be9321555f4f186f06883623c7f8fb
500,50,158,0.002,3.0,6.0,-0.5,49,-0.35600000000000004,-0.12,4.0,344f34a1d32ba9c9a001e56e4d03ecfc7599d1fa3c5627b1ed5b429067fd6d72
500,50,116,0.002,7.0,4.0,3.0,3,-0.294,0.38,4.0,a7e45ccfa44749f47009339807a5b3b6faa94591750df4893bbd649eb03548aa
500,50,182,0.002,4.0,5.0,0.0,39,-0.637,-0.66,5.0,ef5ccd9e100038eaeca590bb86f90622b26afb602bebc9512c60f4a108b50adc
500,50,173,0.002,3.0,3.0,4.0,14,1.3969999999999998,2.23,7.5,3b3c69bfe1ea7d3417e6f0cb7831cd1890ff9efc41485332a6269801eec79431
500,50,90,0.00025,0.0,4.0,-2.0,46,0.028000000000000004,0.47,6.0,84415bd13c5317b0b6f1ca516c78cc73230e09302bc2b21e6877cf4ae140a8b2
500,50,123,0.002,4.0,8.0,-1.5,12,-0.605,-1.49,3.0,b2aa7ce2e829b156b6b2a9da36e09488eda956e5a66a30f221742ee0aa8167f7
500,50,116,0.002,5.0,6.0,3.0,22,-1.087,-1.13,4.0,a7e45ccfa44749f47009339807a5b3b6faa94591750df4893bbd649eb03548aa
500,50,420,0.002,5.0,9.0,1.0,1,-0.05800000000000001,0.09,5.0,8b99cc78d3cb5224793576097671ee3e7b24a24fb6d06417ba2121ba86390aaa
500,50,182,0.002,4.0,9.0,-2.0,38,-1.882,-2.56,2.0,ef5ccd9e100038eaeca590bb86f90622b26afb602bebc9512c60f4a108b50adc
500,50,272,0.002,5.0,4.0,-0.5,1,0.099,0.44,5.0,afcb930297b7343b8945a302072f385537be9321555f4f186f06883623c7f8fb
500,50,116,0.002,6.0,6.0,2.5,4,-0.538,0.39,4.5,a7e45ccfa44749f47009339807a5b3b6faa94591750df4893bbd649eb03548aa
500,50,138,0.002,5.0,8.0,-1.0,2,0.293,0.62,6.0,97b28df35b811f0a5dba92060bfa9d60f1cc23fb3123298c2b14a461bea2df00
500,50,116,0.002,3.0,6.0,4.0,1,0.054000000000000006,0.49,6.0,a7e45ccfa44749f47009339807a5b3b6faa94591750df4893bbd649eb03548aa
500,50,116,0.002,4.0,9.0,2.0,20,-0.9689999999999999,-0.56,4.0,a7e45ccfa44749f47009339807a5b3b6faa94591750df4893bbd649eb03548aa
500,50,182,0.002,0.0,7.0,1.0,40,0.086,0.54,5.5,ef5ccd9e100038eaeca590bb86f90622b26afb602bebc9512c60f4a108b50adc
500,50,116,0.002,7.0,7.0,1.5,2,-0.632,-0.48,4.0,a7e45ccfa44749f47009339807a5b3b6faa94591750df4893bbd649eb03548aa
500,50,272,0.002,0.0,9.0,-0.5,46,0.397,0.34,6.0,afcb930297b7343b8945a302072f385537be9321555f4f186f06883623c7f8fb
500,50,420,0.002,3.0,5.0,4.0,15,-0.03,0.59,6.0,8b99cc78d3cb5224793576097671ee3e7b24a24fb6d06417ba2121ba86390aaa
500,50,116,0.002,8.0,4.0,2.5,2,-0.294,0.27,4.5,a7e45ccfa44749f47009339807a5b3b6faa94591750df4893bbd649eb03548aa
500,50,116,0.002,1.0,4.0,6.0,15,0.889,1.62,8.0,a7e45ccfa44749f47009339807a5b3b6faa94591750df4893bbd649eb03548aa
500,50,116,0.002,8.0,7.0,1.0,2,-0.812,-0.43,5.5,a7e45ccfa44749f47009339807a5b3b6faa94591750df4893bbd649eb03548aa
500,50,420,0.002,2.0,7.0,3.5,36,0.192,0.41,6.0,8b99cc78d3cb5224793576097671ee3e7b24a24fb6d06417ba2121ba86390aaa
500,50,116,0.002,1.0,4.0,6.0,32,0.523,0.99,6.0,a7e45ccfa44749f47009339807a5b3b6faa94591750df4893bbd649eb03548aa
500,50,173,0.002,6.0,5.0,1.5,8,-0.64,-0.05,5.0,3b3c69bfe1ea7d3417e6f0cb7831cd1890ff9efc41485332a6269801eec79431
500,50,468,0.002,2.0,5.0,-3.0,12,0.531,0.67,7.0,ebee2725a830b6aa081d91923a7c5a59ab7480a39d0d420d3b039a22594edd25
500,50,173,0.002,1.0,13.0,0.0,16,0.038,0.56,4.5,3b3c69bfe1ea7d3417e6f0cb7831cd1890ff9efc41485332a6269801eec79431
500,50,116,0.002,5.0,3.0,4.5,2,0.546,0.95,6.0,a7e45ccfa44749f47009339807a5b3b6faa94591750df4893bbd649eb03548aa
500,50,138,0.002,4.0,5.0,1.0,9,0.206,1.15,6.0,97b28df35b811f0a5dba92060bfa9d60f1cc23fb3123298c2b14a461bea2df00
500,50,173,0.002,9.0,6.0,-0.5,1,-0.93,-0.43,4.5,3b3c69bfe1ea7d3417e6f0cb7831cd1890ff9efc41485332a6269801eec79431
500,50,116,0.002,8.0,8.0,0.5,1,-0.336,-0.88,4.5,a7e45ccfa44749f47009339807a5b3b6faa94591750df4893bbd649eb03548aa
500,50,116,0.002,5.0,9.0,1.5,9,-0.8030000000000002,-0.2,4.0,a7e45ccfa44749f47009339807a5b3b6faa94591750df4893bbd649eb03548aa
500,50,116,0.002,4.0,9.0,2.0,11,-0.905,-0.6,3.5,a7e45ccfa44749f47009339807a5b3b6faa94591750df4893bbd649eb03548aa
500,50,420,0.002,7.0,7.0,1.0,24,-2.075,-2.78,3.0,8b99cc78d3cb5224793576097671ee3e7b24a24fb6d06417ba2121ba86390aaa
500,50,420,0.002,4.0,6.0,3.0,2,0.05800000000000001,0.13,6.0,8b99cc78d3cb5224793576097671ee3e7b24a24fb6d06417ba2121ba86390aaa
500,50,116,0.002,6.0,4.0,3.5,2,-0.428,0.08,4.0,a7e45ccfa44749f47009339807a5b3b6faa94591750df4893bbd649eb03548aa
500,50,261,0.002,5.0,11.0,-3.0,5,-1.675,-2.3,2.5,84d7db09a4a66ab80de8d84cf303232fb5d2699c1e35c5a38a7893393bdba5db
500,50,173,0.002,2.0,6.0,3.0,5,0.7929999999999999,1.54,7.5,3b3c69bfe1ea7d3417e6f0cb7831cd1890ff9efc41485332a6269801eec79431
500,50,116,0.002,5.0,4.0,4.0,15,-0.256,0.42,5.0,a7e45ccfa44749f47009339807a5b3b6faa94591750df4893bbd649eb03548aa
500,50,153,0.002,3.0,4.0,2.0,7,0.722,1.26,7.0,6b6f91ba62efae00f09fbbdb547009f73ef44ff90923e257225aa6c928379dbe
500,50,116,0.002,3.0,3.0,5.5,19,-0.32800000000000007,0.17,6.5,a7e45ccfa44749f47009339807a5b3b6faa94591750df4893bbd649eb03548aa
500,50,116,0.002,5.0,4.0,4.0,6,-0.37799999999999995,0.37,5.0,a7e45ccfa44749f47009339807a5b3b6faa94591750df4893bbd649eb03548aa
500,50,280,0.002,4.0,7.0,0.0,10,-0.433,-0.16,5.0,3dbec4ed280111c6f70cf5b95bd8007d71fffb43262f818ee2b01da94e952ed1
500,50,173,0.002,2.0,4.0,4.0,11,1.398,1.87,7.0,3b3c69bfe1ea7d3417e6f0cb7831cd1890ff9efc41485332a6269801eec79431
500,50,116,0.002,3.0,7.0,3.5,8,-0.299,0.18,6.0,a7e45ccfa44749f47009339807a5b3b6faa94591750df4893bbd649eb03548aa
500,50,420,0.002,2.0,8.0,3.0,7,-0.807,-0.38,3.5,8b99cc78d3cb5224793576097671ee3e7b24a24fb6d06417ba2121ba86390aaa
500,50,116,0.002,4.0,7.0,3.0,3,-0.176,0.6,5.5,a7e45ccfa44749f47009339807a5b3b6faa94591750df4893bbd649eb03548aa
500,50,334,0.001,5.0,2.0,-1.0,39,-0.545,0.16,5.0,c66ee0614c7f77da14c6d825e1a8c3267adb80c739f9eb57aeea55e663bb3e40
500,50,116,0.002,7.0,7.0,1.5,1,-0.672,-0.81,5.5,a7e45ccfa44749f47009339807a5b3b6faa94591750df4893bbd649eb03548aa
500,50,116,0.002,5.0,6.0,3.0,2,-0.514,-0.55,5.0,a7e45ccfa44749f47009339807a5b3b6faa94591750df4893bbd649eb03548aa
500,50,158,0.002,2.0,6.0,0.0,47,-0.19,0.43,4.5,344f34a1d32ba9c9a001e56e4d03ecfc7599d1fa3c5627b1ed5b429067fd6d72
500,50,116,0.002,7.0,7.0,1.5,1,-0.9890000000000001,-1.08,4.5,a7e45ccfa44749f47009339807a5b3b6faa94591750df4893bbd649eb03548aa
500,50,173,0.002,4.0,10.0,0.0,10,-0.742,-0.74,2.5,3b3c69bfe1ea7d3417e6f0cb7831cd1890ff9efc41485332a6269801eec79431
500,50,67,0.002,6.0,5.0,-1.0,8,-0.503,-0.37,5.5,3a360bea2f41e303724f014d0cc814dc18605110da671f5cf3213df428cae74f
500,50,116,0.002,7.0,5.0,2.5,12,-1.203,-1.01,3.0,a7e45ccfa44749f47009339807a5b3b6faa94591750df4893bbd649eb03548aa
500,50,103,0.0005,1.0,3.0,2.0,19,1.297,2.05,7.5,f686a886b7f72c7d003d6a650ffd17acce3c4aa805af76248dd3d1e642265184
500,50,67,0.002,3.0,6.0,0.0,40,-0.199,-0.21,4.5,3a360bea2f41e303724f014d0cc814dc18605110da671f5cf3213df428cae74f
500,50,116,0.002,7.0,4.0,3.0,4,-0.417,0.49,4.0,a7e45ccfa44749f47009339807a5b3b6faa94591750df4893bbd649eb03548aa
500,50,243,0.002,1.0,6.0,1.5,36,1.101,1.59,7.0,a3243ce7707a2a3682e9edb42f661751af7593e49dee8391462be0e0e7feca5b
500,50,116,0.002,5.0,5.0,3.5,1,0.139,0.56,6.5,a7e45ccfa44749f47009339807a5b3b6faa94591750df4893bbd649eb03548aa
500,50,420,0.002,1.0,3.0,6.0,13,1.4509999999999998,2.06,8.0,8b99cc78d3cb5224793576097671ee3e7b24a24fb6d06417ba2121ba86390aaa
500,50,173,0.002,7.0,5.0,1.0,1,-0.479,-0.04,4.5,3b3c69bfe1ea7d3417e6f0cb7831cd1890ff9efc41485332a6269801eec79431
500,50,272,0.002,7.0,6.0,-2.5,3,-0.38299999999999995,0.42,5.5,afcb930297b7343b8945a302072f385537be9321555f4f186f06883623c7f8fb
500,50,280,0.002,4.0,4.0,1.5,42,0.047,0.73,6.0,3dbec4ed280111c6f70cf5b95bd8007d71fffb43262f818ee2b01da94e952ed1
500,50,306,0.002,0.0,7.0,0.0,45,0.026000000000000002,0.54,6.0,fab8f433d6f6bb610ff043434b54f18824bcad5c38069edd6b0404477ea4af7a
500,50,153,0.002,1.0,3.0,3.5,36,1.108,1.34,8.5,6b6f91ba62efae00f09fbbdb547009f73ef44ff90923e257225aa6c928379dbe
500,50,420,0.002,5.0,6.0,2.5,11,-0.643,-0.28,4.0,8b99cc78d3cb5224793576097671ee3e7b24a24fb6d06417ba2121ba86390aaa
500,50,417,0.001,2.0,5.0,0.0,29,-0.582,0.02,5.5,576662496728038e224e71e11e336af0a6bb55625ba792b564b78dbc59d6551a
500,50,420,0.002,2.0,6.0,4.0,40,0.1,0.28,4.0,8b99cc78d3cb5224793576097671ee3e7b24a24fb6d06417ba2121ba86390aaa
500,50,173,0.002,2.0,5.0,3.5,1,0.45300000000000007,0.22,6.5,3b3c69bfe1ea7d3417e6f0cb7831cd1890ff9efc41485332a6269801eec79431
500,50,280,0.002,9.0,3.0,-0.5,18,-1.141,-1.66,4.5,3dbec4ed280111c6f70cf5b95bd8007d71fffb43262f818ee2b01da94e952ed1
500,50,116,0.002,4.0,1.0,6.0,6,1.4140000000000001,1.92,7.0,a7e45ccfa44749f47009339807a5b3b6faa94591750df4893bbd649eb03548aa
500,50,116,0.002,2.0,8.0,3.5,14,-0.834,-0.68,4.0,a7e45ccfa44749f47009339807a5b3b6faa94591750df4893bbd649eb03548aa
500,50,420,0.002,1.0,3.0,6.0,44,0.991,1.81,7.5,8b99cc78d3cb5224793576097671ee3e7b24a24fb6d06417ba2121ba86390aaa
500,50,197,0.002,4.0,6.0,-3.0,43,-1.053,-0.87,3.5,974d9211be6247450a6f495fb68d07d87a9447054c0e477af8b7ae30a4f4e56e
500,50,116,0.002,1.0,6.0,5.0,32,-0.371,0.19,10.0,a7e45ccfa44749f47009339807a5b3b6faa94591750df4893bbd649eb03548aa
500,50,420,0.002,3.0,10.0,1.5,7,-0.834,-0.89,3.5,8b99cc78d3cb5224793576097671ee3e7b24a24fb6d06417ba2121ba86390aaa
500,50,420,0.002,0.0,7.0,4.5,26,0.072,0.47,5.0,8b99cc78d3cb5224793576097671ee3e7b24a24fb6d06417ba2121ba86390aaa
500,50,182,0.002,3.0,8.0,-1.0,13,-0.925,-0.82,4.5,ef5ccd9e100038eaeca590bb86f90622b26afb602bebc9512c60f4a108b50adc
500,50,51,0.002,3.0,8.0,-2.5,15,-0.553,-0.64,5.0,0da469cd406ad5030b33efeb4176c7916b6520b504ade19e5900078c3b28d733
500,50,420,0.002,2.0,6.0,4.0,41,-0.449,0.02,4.0,8b99cc78d3cb5224793576097671ee3e7b24a24fb6d06417ba2121ba86390aaa
500,50,138,0.002,4.0,6.0,0.5,10,0.075,0.65,6.0,97b28df35b811f0a5dba92060bfa9d60f1cc23fb3123298c2b14a461bea2df00
500,50,173,0.002,6.0,7.0,0.5,6,-0.425,-0.02,3.5,3b3c69bfe1ea7d3417e6f0cb7831cd1890ff9efc41485332a6269801eec79431
500,50,116,0.002,4.0,3.0,5.0,9,0.124,0.99,5.0,a7e45ccfa44749f47009339807a5b3b6faa94591750df4893bbd649eb03548aa
500,50,116,0.002,0.0,8.0,4.5,40,-0.66,-0.19,6.0,a7e45ccfa44749f47009339807a5b3b6faa94591750df4893bbd649eb03548aa
500,50,116,0.002,4.0,5.0,4.0,6,0.615,1.6,5.5,a7e45ccfa44749f47009339807a5b3b6faa94591750df4893bbd649eb03548aa
500,50,116,0.002,7.0,6.0,2.0,2,-0.286,0.24,3.5,a7e45ccfa44749f47009339807a5b3b6faa94591750df4893bbd649eb03548aa
500,50,420,0.002,4.0,7.0,2.5,22,-0.958,-0.56,3.5,8b99cc78d3cb5224793576097671ee3e7b24a24fb6d06417ba2121ba86390aaa
500,50,116,0.002,5.0,5.0,3.5,7,-0.154,0.34,5.0,a7e45ccfa44749f47009339807a5b3b6faa94591750df4893bbd649eb03548aa
500,50,116,0.002,3.0,6.0,4.0,23,-0.263,0.17,4.5,a7e45ccfa44749f47009339807a5b3b6faa94591750df4893bbd649eb03548aa
500,50,116,0.002,4.0,7.0,3.0,2,-0.031,0.23,4.5,a7e45ccfa44749f47009339807a5b3b6faa94591750df4893bbd649eb03548aa
500,50,116,0.002,3.0,2.0,6.0,7,0.099,0.81,6.0,a7e45ccfa44749f47009339807a5b3b6faa94591750df4893bbd649eb03548aa
500,50,116,0.002,6.0,3.0,4.0,2,0.436,0.96,7.0,a7e45ccfa44749f47009339807a5b3b6faa94591750df4893bbd649eb03548aa
500,50,67,0.002,4.0,10.0,-2.5,3,-0.203,-0.06,4.5,3a360bea2f41e303724f014d0cc814dc18605110da671f5cf3213df428cae74f
500,50,116,0.002,3.0,3.0,5.5,14,0.698,1.1,6.0,a7e45ccfa44749f47009339807a5b3b6faa94591750df4893bbd649eb03548aa
500,50,116,0.002,7.0,7.0,1.5,2,-0.598,-0.26,4.5,a7e45ccfa44749f47009339807a5b3b6faa94591750df4893bbd649eb03548aa
500,50,173,0.002,1.0,8.0,2.5,28,0.705,1.14,5.5,3b3c69bfe1ea7d3417e6f0cb7831cd1890ff9efc41485332a6269801eec79431
500,50,272,0.002,6.0,5.0,-1.5,7,-1.089,-0.72,3.5,afcb930297b7343b8945a302072f385537be9321555f4f186f06883623c7f8fb
500,50,158,0.002,2.0,3.0,1.5,32,0.8320000000000001,1.98,6.0,344f34a1d32ba9c9a001e56e4d03ecfc7599d1fa3c5627b1ed5b429067fd6d72
500,50,173,0.002,5.0,8.0,0.5,7,-0.507,-0.36,3.5,3b3c69bfe1ea7d3417e6f0cb7831cd1890ff9efc41485332a6269801eec79431
500,50,67,0.002,2.0,3.0,2.0,17,1.15,1.82,6.5,3a360bea2f41e303724f014d0cc814dc18605110da671f5cf3213df428cae74f
500,50,182,0.002,3.0,7.0,-0.5,33,-0.851,-0.79,4.0,ef5ccd9e100038eaeca590bb86f90622b26afb602bebc9512c60f4a108b50adc
500,50,116,0.002,6.0,5.0,3.0,1,-0.11899999999999998,0.27,5.5,a7e45ccfa44749f47009339807a5b3b6faa94591750df4893bbd649eb03548aa
500,50,123,0.002,3.0,1.0,2.5,27,0.996,2.7,7.5,b2aa7ce2e829b156b6b2a9da36e09488eda956e5a66a30f221742ee0aa8167f7
500,50,153,0.002,1.0,4.0,3.0,41,0.986,1.33,7.5,6b6f91ba62efae00f09fbbdb547009f73ef44ff90923e257225aa6c928379dbe
500,50,173,0.002,4.0,8.0,1.0,20,-1.34,-1.37,5.0,3b3c69bfe1ea7d3417e6f0cb7831cd1890ff9efc41485332a6269801eec79431
500,50,203,0.002,3.0,6.0,-2.5,2,0.333,1.03,6.5,482f9bb74e396230e41acb238caf3964559f8d6f6f94a105834a53b8cd581e55
500,50,173,0.002,5.0,7.0,1.0,11,-0.605,-0.32,4.5,3b3c69bfe1ea7d3417e6f0cb7831cd1890ff9efc41485332a6269801eec79431
500,50,116,0.002,3.0,10.0,2.0,10,-0.858,-0.63,4.0,a7e45ccfa44749f47009339807a5b3b6faa94591750df4893bbd649eb03548aa
500,50,116,0.002,6.0,7.0,2.0,15,-0.796,-0.82,3.5,a7e45ccfa44749f47009339807a5b3b6faa94591750df4893bbd649eb03548aa
500,50,116,0.002,0.0,10.0,3.5,36,-0.014000000000000002,0.3,5.0,a7e45ccfa44749f47009339807a5b3b6faa94591750df4893bbd649eb03548aa
500,50,138,0.002,8.0,5.0,-1.0,20,-0.868,-0.78,5.5,97b28df35b811f0a5dba92060bfa9d60f1cc23fb3123298c2b14a461bea2df00
500,50,116,0.002,4.0,5.0,4.0,1,0.669,0.82,7.0,a7e45ccfa44749f47009339807a5b3b6faa94591750df4893bbd649eb03548aa
500,50,138,0.002,3.0,3.0,2.5,5,0.389,0.77,7.5,97b28df35b811f0a5dba92060bfa9d60f1cc23fb3123298c2b14a461bea2df00
500,50,36,0.002,8.0,3.0,-0.5,4,-0.501,-0.44,4.5,ff40caff9436adbf9bd38cd8dd2a07eed72cc198918166d6ec73cd19617b2ff6
500,50,116,0.002,6.0,5.0,3.0,5,-0.519,0.17,4.0,a7e45ccfa44749f47009339807a5b3b6faa94591750df4893bbd649eb03548aa
500,50,116,0.002,5.0,8.0,2.0,1,-0.565,-0.17,5.0,a7e45ccfa44749f47009339807a5b3b6faa94591750df4893bbd649eb03548aa
500,50,116,0.002,2.0,5.0,5.0,26,0.076,0.53,5.0,a7e45ccfa44749f47009339807a5b3b6faa94591750df4893bbd649eb03548aa
500,50,182,0.002,6.0,3.0,0.0,3,-0.479,0.0,5.0,ef5ccd9e100038eaeca590bb86f90622b26afb602bebc9512c60f4a108b50adc
500,50,420,0.002,5.0,9.0,1.0,16,-0.889,-0.7,3.0,8b99cc78d3cb5224793576097671ee3e7b24a24fb6d06417ba2121ba86390aaa
500,50,116,0.002,2.0,6.0,4.5,8,0.588,0.86,6.0,a7e45ccfa44749f47009339807a5b3b6faa94591750df4893bbd649eb03548aa
500,50,116,0.002,4.0,3.0,5.0,30,0.072,0.58,5.0,a7e45ccfa44749f47009339807a5b3b6faa94591750df4893bbd649eb03548aa
500,50,116,0.002,3.0,2.0,6.0,2,0.8080000000000002,1.41,6.0,a7e45ccfa44749f47009339807a5b3b6faa94591750df4893bbd649eb03548aa
500,50,116,0.002,3.0,5.0,4.5,5,-0.117,0.19,6.5,a7e45ccfa44749f47009339807a5b3b6faa94591750df4893bbd649eb03548aa
500,50,173,0.002,9.0,6.0,-0.5,3,0.02,0.31,5.0,3b3c69bfe1ea7d3417e6f0cb7831cd1890ff9efc41485332a6269801eec79431
500,50,153,0.002,5.0,10.0,-2.0,9,-1.344,-0.95,4.0,6b6f91ba62efae00f09fbbdb547009f73ef44ff90923e257225aa6c928379dbe
500,50,420,0.002,2.0,6.0,4.0,11,0.857,1.47,7.5,8b99cc78d3cb5224793576097671ee3e7b24a24fb6d06417ba2121ba86390aaa
500,50,116,0.002,4.0,3.0,5.0,5,0.812,1.55,6.5,a7e45ccfa44749f47009339807a5b3b6faa94591750df4893bbd649eb03548aa
500,50,123,0.002,3.0,6.0,0.0,2,0.007000000000000001,0.23,5.5,b2aa7ce2e829b156b6b2a9da36e09488eda956e5a66a30f221742ee0aa8167f7
500,50,420,0.002,1.0,5.0,5.0,23,0.66,1.82,6.5,8b99cc78d3cb5224793576097671ee3e7b24a24fb6d06417ba2121ba86390aaa
500,50,420,0.002,4.0,8.0,2.0,16,-1.094,-0.8,3.5,8b99cc78d3cb5224793576097671ee3e7b24a24fb6d06417ba2121ba86390aaa
500,50,266,0.002,3.0,5.0,-3.0,12,0.18099999999999997,0.63,8.0,b1d8aebd08056f11a937c32029af28da9d6805e79563922c0ebda929ed7ed4c9
500,50,116,0.002,6.0,4.0,3.5,1,-0.072,0.45,6.5,a7e45ccfa44749f47009339807a5b3b6faa94591750df4893bbd649eb03548aa
500,50,173,0.002,2.0,5.0,3.5,25,0.414,0.04,5.5,3b3c69bfe1ea7d3417e6f0cb7831cd1890ff9efc41485332a6269801eec79431
500,50,116,0.002,7.0,4.0,3.0,1,-0.524,0.09,3.5,a7e45ccfa44749f47009339807a5b3b6faa94591750df4893bbd649eb03548aa
500,50,123,0.002,1.0,4.0,2.0,45,0.7490000000000001,1.14,6.5,b2aa7ce2e829b156b6b2a9da36e09488eda956e5a66a30f221742ee0aa8167f7
500,50,116,0.002,2.0,5.0,5.0,29,0.361,1.03,5.5,a7e45ccfa44749f47009339807a5b3b6faa94591750df4893bbd649eb03548aa
500,50,420,0.002,3.0,8.0,2.5,14,0.015,0.44,5.0,8b99cc78d3cb5224793576097671ee3e7b24a24fb6d06417ba2121ba86390aaa
500,50,123,0.002,0.0,6.0,1.5,25,0.458,0.84,6.0,b2aa7ce2e829b156b6b2a9da36e09488eda956e5a66a30f221742ee0aa8167f7
500,50,116,0.002,5.0,6.0,3.0,13,-0.098,0.72,5.5,a7e45ccfa44749f47009339807a5b3b6faa94591750df4893bbd649eb03548aa
500,50,116,0.002,6.0,4.0,3.5,7,-0.103,0.25,6.5,a7e45ccfa44749f47009339807a5b3b6faa94591750df4893bbd649eb03548aa
500,50,420,0.002,6.0,6.0,2.0,10,-0.381,0.04,4.5,8b99cc78d3cb5224793576097671ee3e7b24a24fb6d06417ba2121ba86390aaa
500,50,468,0.002,4.0,4.0,-3.5,24,-0.52,-0.71,5.0,ebee2725a830b6aa081d91923a7c5a59ab7480a39d0d420d3b039a22594edd25
500,50,153,0.002,4.0,4.0,1.5,32,-0.084,0.52,5.0,6b6f91ba62efae00f09fbbdb547009f73ef44ff90923e257225aa6c928379dbe
500,50,173,0.002,4.0,5.0,2.5,44,-0.098,0.45,5.0,3b3c69bfe1ea7d3417e6f0cb7831cd1890ff9efc41485332a6269801eec79431
500,50,116,0.002,1.0,8.0,4.0,29,0.537,0.49,6.0,a7e45ccfa44749f47009339807a5b3b6faa94591750df4893bbd649eb03548aa
500,50,116,0.002,2.0,10.0,2.5,44,-0.49,-0.25,4.0,a7e45ccfa44749f47009339807a5b3b6faa94591750df4893bbd649eb03548aa
500,50,116,0.002,4.0,13.0,0.0,7,-1.37,-1.28,2.0,a7e45ccfa44749f47009339807a5b3b6faa94591750df4893bbd649eb03548aa
500,50,257,0.002,4.0,6.0,-1.5,28,-0.176,0.44,3.5,4946ca683e3b87304f8eb7b91da450d6fd9743c7b4f713232c6f82c1e821388b
500,50,153,0.002,4.0,4.0,1.5,21,0.201,0.87,5.0,6b6f91ba62efae00f09fbbdb547009f73ef44ff90923e257225aa6c928379dbe
500,50,257,0.002,8.0,3.0,-2.0,5,-0.141,0.28,4.5,4946ca683e3b87304f8eb7b91da450d6fd9743c7b4f713232c6f82c1e821388b
500,50,153,0.002,6.0,4.0,0.5,24,-0.762,-0.84,3.5,6b6f91ba62efae00f09fbbdb547009f73ef44ff90923e257225aa6c928379dbe
500,50,423,0.0005,3.0,2.0,-2.0,2,0.155,0.38,8.0,3d2ebf107429ef13ace7750af79be48e330263a60bc5b76a4112f03245eaa320
500,50,116,0.002,6.0,6.0,2.5,1,-0.725,-0.17,4.5,a7e45ccfa44749f47009339807a5b3b6faa94591750df4893bbd649eb03548aa
500,50,173,0.002,3.0,9.0,1.0,19,-1.215,-0.51,4.0,3b3c69bfe1ea7d3417e6f0cb7831cd1890ff9efc41485332a6269801eec79431
500,50,116,0.002,5.0,8.0,2.0,1,-0.37200000000000005,0.1,5.0,a7e45ccfa44749f47009339807a5b3b6faa94591750df4893bbd649eb03548aa
500,50,280,0.002,6.0,6.0,-0.5,4,-0.657,-0.32,6.5,3dbec4ed280111c6f70cf5b95bd8007d71fffb43262f818ee2b01da94e952ed1
500,50,261,0.002,2.0,6.0,1.0,32,-0.11200000000000002,0.09,5.5,84d7db09a4a66ab80de8d84cf303232fb5d2699c1e35c5a38a7893393bdba5db
500,50,280,0.002,4.0,5.0,1.0,23,0.16699999999999998,0.43,6.0,3dbec4ed280111c6f70cf5b95bd8007d71fffb43262f818ee2b01da94e952ed1
500,50,420,0.002,5.0,10.0,0.5,5,-0.698,0.03,4.0,8b99cc78d3cb5224793576097671ee3e7b24a24fb6d06417ba2121ba86390aaa
500,50,116,0.002,4.0,7.0,3.0,7,-0.588,-0.36,4.5,a7e45ccfa44749f47009339807a5b3b6faa94591750df4893bbd649eb03548aa
500,50,173,0.002,7.0,6.0,0.5,3,-0.691,-0.63,5.0,3b3c69bfe1ea7d3417e6f0cb7831cd1890ff9efc41485332a6269801eec79431
500,50,173,0.002,6.0,6.0,1.0,29,-0.931,-0.47,3.5,3b3c69bfe1ea7d3417e6f0cb7831cd1890ff9efc41485332a6269801eec79431
500,50,420,0.002,1.0,11.0,2.0,31,-0.574,-0.68,3.5,8b99cc78d3cb5224793576097671ee3e7b24a24fb6d06417ba2121ba86390aaa
500,50,312,0.002,3.0,8.0,-3.0,37,-0.635,-0.51,4.0,f0b22d6302b496221564e305bf70d3a28f43bc9c4a391a97069317868c917daa
500,50,173,0.002,4.0,8.0,1.0,28,-1.114,-0.58,4.5,3b3c69bfe1ea7d3417e6f0cb7831cd1890ff9efc41485332a6269801eec79431
500,50,420,0.002,3.0,7.0,3.0,16,-0.142,0.25,5.5,8b99cc78d3cb5224793576097671ee3e7b24a24fb6d06417ba2121ba86390aaa
500,50,116,0.002,4.0,8.0,2.5,2,-0.075,0.35,4.0,a7e45ccfa44749f47009339807a5b3b6faa94591750df4893bbd649eb03548aa
500,50,116,0.002,3.0,3.0,5.5,3,1.063,1.47,6.0,a7e45ccfa44749f47009339807a5b3b6faa94591750df4893bbd649eb03548aa
500,50,215,0.001,2.0,4.0,-2.5,15,-0.265,-0.07,7.0,2c762a8ce9fb15b1e70eb606085a177210df3f41b4f3fed4c40e5958a0a08f4f
500,50,173,0.002,3.0,4.0,3.5,43,-0.585,-0.02,5.0,3b3c69bfe1ea7d3417e6f0cb7831cd1890ff9efc41485332a6269801eec79431
500,50,116,0.002,2.0,5.0,5.0,3,0.559,0.9,6.0,a7e45ccfa44749f47009339807a5b3b6faa94591750df4893bbd649eb03548aa
500,50,136,0.0005,4.0,1.0,-2.0,30,0.08,0.53,7.0,0e9567f86dfc2366fda3ff1348354dc067d4b61f5e346033ee1746657c0e93e6
500,50,420,0.002,5.0,5.0,3.0,3,-0.643,-0.08,4.5,8b99cc78d3cb5224793576097671ee3e7b24a24fb6d06417ba2121ba86390aaa
500,50,116,0.002,7.0,4.0,3.0,4,0.081,0.32,5.0,a7e45ccfa44749f47009339807a5b3b6faa94591750df4893bbd649eb03548aa
500,50,420,0.002,4.0,7.0,2.5,21,-1.138,-0.76,3.0,8b99cc78d3cb5224793576097671ee3e7b24a24fb6d06417ba2121ba86390aaa
500,50,420,0.002,7.0,2.0,3.5,1,0.45,1.77,7.0,8b99cc78d3cb5224793576097671ee3e7b24a24fb6d06417ba2121ba86390aaa
500,50,203,0.002,2.0,6.0,-2.0,36,-0.44800000000000006,-0.15,5.5,482f9bb74e396230e41acb238caf3964559f8d6f6f94a105834a53b8cd581e55
500,50,173,0.002,1.0,6.0,3.5,39,1.003,1.88,6.0,3b3c69bfe1ea7d3417e6f0cb7831cd1890ff9efc41485332a6269801eec79431
500,50,420,0.002,4.0,7.0,2.5,26,-0.268,-0.25,3.5,8b99cc78d3cb5224793576097671ee3e7b24a24fb6d06417ba2121ba86390aaa
500,50,173,0.002,6.0,6.0,1.0,2,0.195,0.67,5.5,3b3c69bfe1ea7d3417e6f0cb7831cd1890ff9efc41485332a6269801eec79431
500,50,123,0.002,2.0,4.0,1.5,20,-0.06,0.48,6.0,b2aa7ce2e829b156b6b2a9da36e09488eda956e5a66a30f221742ee0aa8167f7
500,50,116,0.002,3.0,6.0,4.0,1,0.095,0.45,5.0,a7e45ccfa44749f47009339807a5b3b6faa94591750df4893bbd649eb03548aa
500,50,182,0.002,2.0,4.0,1.5,24,-0.004,0.47,5.5,ef5ccd9e100038eaeca590bb86f90622b26afb602bebc9512c60f4a108b50adc
500,50,420,0.002,6.0,4.0,3.0,5,0.37,1.41,6.0,8b99cc78d3cb5224793576097671ee3e7b24a24fb6d06417ba2121ba86390aaa
500,50,173,0.002,3.0,8.0,1.5,39,-0.759,-0.23,5.0,3b3c69bfe1ea7d3417e6f0cb7831cd1890ff9efc41485332a6269801eec79431
500,50,123,0.002,5.0,4.0,0.0,39,-1.112,-1.1,3.5,b2aa7ce2e829b156b6b2a9da36e09488eda956e5a66a30f221742ee0aa8167f7
500,50,116,0.002,2.0,9.0,3.0,24,-0.243,0.51,4.0,a7e45ccfa44749f47009339807a5b3b6faa94591750df4893bbd649eb03548aa
500,50,36,0.002,1.0,7.0,1.0,19,-0.314,0.01,4.5,ff40caff9436adbf9bd38cd8dd2a07eed72cc198918166d6ec73cd19617b2ff6
500,50,51,0.002,3.0,5.0,-1.0,12,-0.153,0.37,5.0,0da469cd406ad5030b33efeb4176c7916b6520b504ade19e5900078c3b28d733
500,50,123,0.002,2.0,4.0,1.5,23,0.465,1.31,5.5,b2aa7ce2e829b156b6b2a9da36e09488eda956e5a66a30f221742ee0aa8167f7
500,50,173,0.002,2.0,6.0,3.0,37,0.221,0.63,7.0,3b3c69bfe1ea7d3417e6f0cb7831cd1890ff9efc41485332a6269801eec79431
500,50,153,0.002,4.0,10.0,-1.5,7,-0.7289999999999999,-0.76,4.5,6b6f91ba62efae00f09fbbdb547009f73ef44ff90923e257225aa6c928379dbe
500,50,95,0.002,5.0,7.0,-2.0,33,-1.376,-0.95,4.5,c25fc3efb39204b5d63cd28eb38ba90889f8e69e2579abfd84abaa122b7be87a
500,50,123,0.002,3.0,3.0,1.5,35,-0.499,0.49,6.5,b2aa7ce2e829b156b6b2a9da36e09488eda956e5a66a30f221742ee0aa8167f7
500,50,422,0.002,2.0,2.0,0.5,29,0.379,0.72,7.0,fb42fbb3176c48cb2875b84cdae050548972e6bfc5c5c2e1fe04f2e151a175a4
500,50,36,0.002,5.0,9.0,-2.0,11,-1.4910000000000003,-1.34,4.5,ff40caff9436adbf9bd38cd8dd2a07eed72cc198918166d6ec73cd19617b2ff6
500,50,116,0.002,4.0,7.0,3.0,3,-0.267,-0.01,4.5,a7e45ccfa44749f47009339807a5b3b6faa94591750df4893bbd649eb03548aa
500,50,153,0.002,3.0,6.0,1.0,25,0.278,1.66,6.0,6b6f91ba62efae00f09fbbdb547009f73ef44ff90923e257225aa6c928379dbe
500,50,420,0.002,4.0,7.0,2.5,16,-0.791,-0.57,3.5,8b99cc78d3cb5224793576097671ee3e7b24a24fb6d06417ba2121ba86390aaa
500,50,103,0.0005,2.0,4.0,1.0,17,0.39,0.64,8.0,f686a886b7f72c7d003d6a650ffd17acce3c4aa805af76248dd3d1e642265184
500,50,420,0.002,4.0,6.0,3.0,35,-0.467,-0.48,4.5,8b99cc78d3cb5224793576097671ee3e7b24a24fb6d06417ba2121ba86390aaa
500,50,420,0.002,3.0,10.0,1.5,47,-1.131,-1.12,4.0,8b99cc78d3cb5224793576097671ee3e7b24a24fb6d06417ba2121ba86390aaa
500,50,116,0.002,7.0,8.0,1.0,3,-0.8269999999999998,-0.36,3.5,a7e45ccfa44749f47009339807a5b3b6faa94591750df4893bbd649eb03548aa
500,50,36,0.002,4.0,7.0,-0.5,42,-1.475,-1.21,6.0,ff40caff9436adbf9bd38cd8dd2a07eed72cc198918166d6ec73cd19617b2ff6
500,50,123,0.002,4.0,6.0,-0.5,6,-0.171,0.25,6.0,b2aa7ce2e829b156b6b2a9da36e09488eda956e5a66a30f221742ee0aa8167f7
500,50,420,0.002,2.0,7.0,3.5,43,0.264,0.67,5.0,8b99cc78d3cb5224793576097671ee3e7b24a24fb6d06417ba2121ba86390aaa
500,50,182,0.002,2.0,5.0,1.0,40,-0.23200000000000004,0.42,5.0,ef5ccd9e100038eaeca590bb86f90622b26afb602bebc9512c60f4a108b50adc
500,50,38,0.002,3.0,5.0,-2.0,21,-0.262,0.06,5.5,745e093be5c132f8dd62ffe006291e2dbe17e030eef209884a7f1ef9e3699f87
500,50,173,0.002,4.0,5.0,2.5,36,-0.336,0.24,4.0,3b3c69bfe1ea7d3417e6f0cb7831cd1890ff9efc41485332a6269801eec79431
500,50,116,0.002,2.0,8.0,3.5,16,0.16,0.94,6.0,a7e45ccfa44749f47009339807a5b3b6faa94591750df4893bbd649eb03548aa
500,50,36,0.002,3.0,7.0,0.0,13,-0.368,-0.01,4.0,ff40caff9436adbf9bd38cd8dd2a07eed72cc198918166d6ec73cd19617b2ff6
500,50,116,0.002,2.0,2.0,6.5,19,0.777,1.34,7.0,a7e45ccfa44749f47009339807a5b3b6faa94591750df4893bbd649eb03548aa
500,50,420,0.002,3.0,10.0,1.5,42,-1.778,-2.16,1.5,8b99cc78d3cb5224793576097671ee3e7b24a24fb6d06417ba2121ba86390aaa
500,50,209,0.001,1.0,3.0,1.5,44,0.532,0.73,7.0,886a14107d7fa93a41960fdb8744e8befb34c8a890a5c627d34c2259f4531f7d
500,50,420,0.002,4.0,4.0,4.0,9,-0.005,0.54,6.0,8b99cc78d3cb5224793576097671ee3e7b24a24fb6d06417ba2121ba86390aaa
500,50,51,0.002,4.0,4.0,-1.0,3,-0.364,0.05,5.5,0da469cd406ad5030b33efeb4176c7916b6520b504ade19e5900078c3b28d733
500,50,36,0.002,4.0,12.0,-3.0,7,-2.016,-2.4,2.0,ff40caff9436adbf9bd38cd8dd2a07eed72cc198918166d6ec73cd19617b2ff6
500,50,243,0.002,5.0,8.0,-1.5,17,-0.657,-0.62,4.0,a3243ce7707a2a3682e9edb42f661751af7593e49dee8391462be0e0e7feca5b
500,50,420,0.002,4.0,7.0,2.5,15,-0.56,-0.39,4.5,8b99cc78d3cb5224793576097671ee3e7b24a24fb6d06417ba2121ba86390aaa
500,50,182,0.002,5.0,5.0,-0.5,5,-0.31,0.5,6.0,ef5ccd9e100038eaeca590bb86f90622b26afb602bebc9512c60f4a108b50adc
500,50,173,0.002,2.0,6.0,3.0,29,0.212,0.67,5.0,3b3c69bfe1ea7d3417e6f0cb7831cd1890ff9efc41485332a6269801eec79431
500,50,272,0.002,3.0,5.0,0.0,49,-0.515,-0.84,5.0,afcb930297b7343b8945a302072f385537be9321555f4f186f06883623c7f8fb
500,50,116,0.002,3.0,8.0,3.0,9,-0.855,-0.89,5.0,a7e45ccfa44749f47009339807a5b3b6faa94591750df4893bbd649eb03548aa
500,50,116,0.002,2.0,4.0,5.5,16,0.192,0.79,6.5,a7e45ccfa44749f47009339807a5b3b6faa94591750df4893bbd649eb03548aa
500,50,116,0.002,4.0,6.0,3.5,2,-0.3,0.22,5.5,a7e45ccfa44749f47009339807a5b3b6faa94591750df4893bbd649eb03548aa
500,50,103,0.0005,2.0,6.0,0.0,40,-0.696,-0.15,6.5,f686a886b7f72c7d003d6a650ffd17acce3c4aa805af76248dd3d1e642265184
500,50,116,0.002,5.0,5.0,3.5,2,-0.486,-0.38,3.5,a7e45ccfa44749f47009339807a5b3b6faa94591750df4893bbd649eb03548aa
500,50,420,0.002,1.0,4.0,5.5,28,0.9739999999999999,1.12,7.5,8b99cc78d3cb5224793576097671ee3e7b24a24fb6d06417ba2121ba86390aaa
500,50,420,0.002,6.0,3.0,3.5,2,0.269,1.19,6.5,8b99cc78d3cb5224793576097671ee3e7b24a24fb6d06417ba2121ba86390aaa
500,50,280,0.002,2.0,7.0,1.0,28,-0.203,-0.14,6.0,3dbec4ed280111c6f70cf5b95bd8007d71fffb43262f818ee2b01da94e952ed1
500,50,173,0.002,1.0,3.0,5.0,42,0.833,0.44,7.5,3b3c69bfe1ea7d3417e6f0cb7831cd1890ff9efc41485332a6269801eec79431
500,50,116,0.002,4.0,6.0,3.5,6,-0.73,-0.18,4.5,a7e45ccfa44749f47009339807a5b3b6faa94591750df4893bbd649eb03548aa
500,50,182,0.002,2.0,4.0,1.5,43,-0.122,0.57,6.0,ef5ccd9e100038eaeca590bb86f90622b26afb602bebc9512c60f4a108b50adc
500,50,178,0.002,3.0,4.0,0.0,14,1.092,1.66,7.0,2852b7ff8e5e77dbf55d6569bbb35253228fd4522b19f56bb25e9bbc298dc1d4
500,50,123,0.002,4.0,5.0,0.0,7,-0.465,-0.35,4.0,b2aa7ce2e829b156b6b2a9da36e09488eda956e5a66a30f221742ee0aa8167f7
500,50,280,0.002,4.0,7.0,0.0,10,-0.509,-0.01,4.0,3dbec4ed280111c6f70cf5b95bd8007d71fffb43262f818ee2b01da94e952ed1
500,50,173,0.002,1.0,2.0,5.5,23,1.248,1.3,9.0,3b3c69bfe1ea7d3417e6f0cb7831cd1890ff9efc41485332a6269801eec79431
500,50,420,0.002,2.0,9.0,2.5,32,-0.694,-0.02,4.0,8b99cc78d3cb5224793576097671ee3e7b24a24fb6d06417ba2121ba86390aaa
500,50,420,0.002,4.0,4.0,4.0,4,0.043,0.7,5.5,8b99cc78d3cb5224793576097671ee3e7b24a24fb6d06417ba2121ba86390aaa
500,50,173,0.002,6.0,4.0,2.0,11,-0.727,-0.04,4.0,3b3c69bfe1ea7d3417e6f0cb7831cd1890ff9efc41485332a6269801eec79431
500,50,280,0.002,1.0,8.0,1.0,17,0.207,0.8,6.0,3dbec4ed280111c6f70cf5b95bd8007d71fffb43262f818ee2b01da94e952ed1
500,50,173,0.002,4.0,6.0,2.0,11,-1.021,-0.55,4.0,3b3c69bfe1ea7d3417e6f0cb7831cd1890ff9efc41485332a6269801eec79431
500,50,95,0.002,2.0,7.0,-0.5,44,0.106,0.65,6.5,c25fc3efb39204b5d63cd28eb38ba90889f8e69e2579abfd84abaa122b7be87a
500,50,173,0.002,2.0,6.0,3.0,6,-0.184,0.66,6.5,3b3c69bfe1ea7d3417e6f0cb7831cd1890ff9efc41485332a6269801eec79431
500,50,262,0.001,1.0,5.0,0.5,42,0.05800000000000001,0.54,5.0,c80bd42dd2007dcd4ce2f14198ecc4247341eb77b27e1de5cc3fb045162a23de
500,50,420,0.002,3.0,8.0,2.5,28,-0.506,-0.49,5.0,8b99cc78d3cb5224793576097671ee3e7b24a24fb6d06417ba2121ba86390aaa
500,50,116,0.002,5.0,5.0,3.5,1,0.932,1.32,5.0,a7e45ccfa44749f47009339807a5b3b6faa94591750df4893bbd649eb03548aa
500,50,116,0.002,0.0,7.0,5.0,9,0.04100000000000001,0.65,5.5,a7e45ccfa44749f47009339807a5b3b6faa94591750df4893bbd649eb03548aa
500,50,116,0.002,1.0,5.0,5.5,15,0.9060000000000001,0.99,6.0,a7e45ccfa44749f47009339807a5b3b6faa94591750df4893bbd649eb03548aa
500,50,420,0.002,5.0,4.0,3.5,9,0.16400000000000003,0.67,6.5,8b99cc78d3cb5224793576097671ee3e7b24a24fb6d06417ba2121ba86390aaa
500,50,153,0.002,7.0,7.0,-1.5,4,-0.212,0.41,5.5,6b6f91ba62efae00f09fbbdb547009f73ef44ff90923e257225aa6c928379dbe
500,50,272,0.002,1.0,7.0,0.0,49,-0.593,-0.17,5.5,afcb930297b7343b8945a302072f385537be9321555f4f186f06883623c7f8fb
500,50,256,0.001,4.0,2.0,-1.0,50,-0.239,0.21,4.5,865dfc41997782f9b872d008bde2b17a68a63a0349e741cbad0729730e976bbf
500,50,182,0.002,3.0,10.0,-2.0,21,-1.207,-0.83,3.5,ef5ccd9e100038eaeca590bb86f90622b26afb602bebc9512c60f4a108b50adc
500,50,116,0.002,2.0,8.0,3.5,28,-0.171,0.36,3.5,a7e45ccfa44749f47009339807a5b3b6faa94591750df4893bbd649eb03548aa
500,50,420,0.002,5.0,2.0,4.5,5,0.6579999999999999,1.31,7.0,8b99cc78d3cb5224793576097671ee3e7b24a24fb6d06417ba2121ba86390aaa
500,50,116,0.002,6.0,3.0,4.0,1,0.644,1.93,6.5,a7e45ccfa44749f47009339807a5b3b6faa94591750df4893bbd649eb03548aa
500,50,182,0.002,3.0,3.0,1.5,46,-0.20800000000000002,0.19,6.0,ef5ccd9e100038eaeca590bb86f90622b26afb602bebc9512c60f4a108b50adc
500,50,420,0.002,8.0,6.0,1.0,1,-0.281,0.1,4.0,8b99cc78d3cb5224793576097671ee3e7b24a24fb6d06417ba2121ba86390aaa
500,50,116,0.002,4.0,8.0,2.5,3,-0.631,-0.16,5.0,a7e45ccfa44749f47009339807a5b3b6faa94591750df4893bbd649eb03548aa
500,50,182,0.002,3.0,5.0,0.5,18,-0.883,-0.48,4.5,ef5ccd9e100038eaeca590bb86f90622b26afb602bebc9512c60f4a108b50adc
500,50,420,0.002,2.0,8.0,3.0,8,-0.373,0.08,5.0,8b99cc78d3cb5224793576097671ee3e7b24a24fb6d06417ba2121ba86390aaa
500,50,173,0.002,6.0,2.0,3.0,1,0.152,0.82,7.0,3b3c69bfe1ea7d3417e6f0cb7831cd1890ff9efc41485332a6269801eec79431
500,50,182,0.002,4.0,5.0,0.0,14,-0.713,-0.25,4.0,ef5ccd9e100038eaeca590bb86f90622b26afb602bebc9512c60f4a108b50adc
500,50,38,0.002,3.0,6.0,-2.5,5,-0.396,0.08,4.5,745e093be5c132f8dd62ffe006291e2dbe17e030eef209884a7f1ef9e3699f87
500,50,272,0.002,2.0,4.0,1.0,37,0.53,0.96,7.5,afcb930297b7343b8945a302072f385537be9321555f4f186f06883623c7f8fb
500,50,261,0.002,4.0,5.0,0.5,4,-0.07,0.41,4.5,84d7db09a4a66ab80de8d84cf303232fb5d2699c1e35c5a38a7893393bdba5db
500,50,408,0.002,3.0,4.0,-3.0,37,-0.018,1.09,5.5,503648dc9118e83e6cc61b2d9d933156183e32828bcf67171b14b14349519098
500,50,420,0.002,2.0,8.0,3.0,39,-0.308,0.22,5.5,8b99cc78d3cb5224793576097671ee3e7b24a24fb6d06417ba2121ba86390aaa
500,50,116,0.002,4.0,7.0,3.0,3,-0.236,0.41,4.0,a7e45ccfa44749f47009339807a5b3b6faa94591750df4893bbd649eb03548aa
500,50,173,0.002,6.0,8.0,0.0,1,-1.181,-0.74,4.5,3b3c69bfe1ea7d3417e6f0cb7831cd1890ff9efc41485332a6269801eec79431
500,50,453,0.00025,2.0,2.0,-0.5,29,0.395,1.1,8.0,0f5e206adcee4b6578f2aad04036d7c31445d9d83c8088c9abac416b660247e8
500,50,138,0.002,3.0,10.0,-1.0,40,-0.818,-0.24,4.5,97b28df35b811f0a5dba92060bfa9d60f1cc23fb3123298c2b14a461bea2df00
500,50,420,0.002,2.0,7.0,3.5,50,-0.691,0.34,4.5,8b99cc78d3cb5224793576097671ee3e7b24a24fb6d06417ba2121ba86390aaa
500,50,420,0.002,5.0,8.0,1.5,2,-0.012,0.27,6.0,8b99cc78d3cb5224793576097671ee3e7b24a24fb6d06417ba2121ba86390aaa
500,50,280,0.002,4.0,7.0,0.0,3,0.37799999999999995,0.96,5.5,3dbec4ed280111c6f70cf5b95bd8007d71fffb43262f818ee2b01da94e952ed1
500,50,67,0.002,3.0,7.0,-0.5,37,-1.131,-0.69,4.5,3a360bea2f41e303724f014d0cc814dc18605110da671f5cf3213df428cae74f
500,50,209,0.001,3.0,1.0,1.5,13,1.039,1.73,6.5,886a14107d7fa93a41960fdb8744e8befb34c8a890a5c627d34c2259f4531f7d
500,50,420,0.002,7.0,5.0,2.0,1,-0.138,0.7,6.0,8b99cc78d3cb5224793576097671ee3e7b24a24fb6d06417ba2121ba86390aaa
500,50,182,0.002,2.0,6.0,0.5,44,-0.87,-0.21,6.0,ef5ccd9e100038eaeca590bb86f90622b26afb602bebc9512c60f4a108b50adc
500,50,413,0.0005,1.0,3.0,-0.5,25,0.361,1.2,7.0,e55d38bd8bed310bd65d9e14249c15f89ef24ddca8328b186ccc55c37c171562
500,50,173,0.002,5.0,7.0,1.0,2,-0.284,0.09,5.0,3b3c69bfe1ea7d3417e6f0cb7831cd1890ff9efc41485332a6269801eec79431
500,50,95,0.002,3.0,6.0,-0.5,21,-0.527,-0.01,7.0,c25fc3efb39204b5d63cd28eb38ba90889f8e69e2579abfd84abaa122b7be87a
500,50,420,0.002,5.0,6.0,2.5,9,-0.349,0.27,4.0,8b99cc78d3cb5224793576097671ee3e7b24a24fb6d06417ba2121ba86390aaa
500,50,243,0.002,2.0,9.0,-0.5,36,-0.696,-0.12,5.0,a3243ce7707a2a3682e9edb42f661751af7593e49dee8391462be0e0e7feca5b
500,50,420,0.002,6.0,4.0,3.0,3,0.022,0.89,5.5,8b99cc78d3cb5224793576097671ee3e7b24a24fb6d06417ba2121ba86390aaa
500,50,173,0.002,2.0,6.0,3.0,45,-0.301,0.35,4.0,3b3c69bfe1ea7d3417e6f0cb7831cd1890ff9efc41485332a6269801eec79431
500,50,243,0.002,2.0,5.0,1.5,23,0.764,1.07,6.5,a3243ce7707a2a3682e9edb42f661751af7593e49dee8391462be0e0e7feca5b
500,50,116,0.002,2.0,6.0,4.5,15,0.269,1.27,6.0,a7e45ccfa44749f47009339807a5b3b6faa94591750df4893bbd649eb03548aa
500,50,116,0.002,10.0,4.0,1.5,1,-0.647,-0.68,4.0,a7e45ccfa44749f47009339807a5b3b6faa94591750df4893bbd649eb03548aa
500,50,116,0.002,2.0,10.0,2.5,19,-0.172,0.09,6.5,a7e45ccfa44749f47009339807a5b3b6faa94591750df4893bbd649eb03548aa
500,50,116,0.002,6.0,8.0,1.5,9,-0.6679999999999999,-0.89,3.0,a7e45ccfa44749f47009339807a5b3b6faa94591750df4893bbd649eb03548aa
500,50,182,0.002,2.0,4.0,1.5,38,-0.002,0.03,6.0,ef5ccd9e100038eaeca590bb86f90622b26afb602bebc9512c60f4a108b50adc
500,50,262,0.001,3.0,4.0,0.0,10,-0.049,-0.08,6.0,c80bd42dd2007dcd4ce2f14198ecc4247341eb77b27e1de5cc3fb045162a23de
500,50,116,0.002,4.0,6.0,3.5,1,0.22699999999999998,0.02,6.0,a7e45ccfa44749f47009339807a5b3b6faa94591750df4893bbd649eb03548aa
500,50,420,0.002,4.0,3.0,4.5,19,0.442,1.43,6.0,8b99cc78d3cb5224793576097671ee3e7b24a24fb6d06417ba2121ba86390aaa
500,50,280,0.002,4.0,4.0,1.5,36,0.385,0.38,4.5,3dbec4ed280111c6f70cf5b95bd8007d71fffb43262f818ee2b01da94e952ed1
500,50,420,0.002,3.0,6.0,3.5,28,-0.7,-0.06,4.5,8b99cc78d3cb5224793576097671ee3e7b24a24fb6d06417ba2121ba86390aaa
500,50,116,0.002,5.0,6.0,3.0,4,-0.23,0.24,4.5,a7e45ccfa44749f47009339807a5b3b6faa94591750df4893bbd649eb03548aa
500,50,116,0.002,2.0,4.0,5.5,9,1.329,2.0,7.0,a7e45ccfa44749f47009339807a5b3b6faa94591750df4893bbd649eb03548aa
500,50,116,0.002,3.0,6.0,4.0,17,0.049,0.34,4.0,a7e45ccfa44749f47009339807a5b3b6faa94591750df4893bbd649eb03548aa
500,50,116,0.002,5.0,7.0,2.5,1,0.317,0.88,5.0,a7e45ccfa44749f47009339807a5b3b6faa94591750df4893bbd649eb03548aa
500,50,116,0.002,2.0,8.0,3.5,1,0.809,1.17,6.5,a7e45ccfa44749f47009339807a5b3b6faa94591750df4893bbd649eb03548aa
500,50,67,0.002,6.0,8.0,-2.5,5,-0.292,0.17,4.0,3a360bea2f41e303724f014d0cc814dc18605110da671f5cf3213df428cae74f
500,50,173,0.002,9.0,5.0,0.0,2,-1.037,-0.9,3.0,3b3c69bfe1ea7d3417e6f0cb7831cd1890ff9efc41485332a6269801eec79431
500,50,116,0.002,10.0,7.0,0.0,2,-0.993,-0.88,3.0,a7e45ccfa44749f47009339807a5b3b6faa94591750df4893bbd649eb03548aa
500,50,116,0.002,4.0,6.0,3.5,6,-0.286,0.06,4.0,a7e45ccfa44749f47009339807a5b3b6faa94591750df4893bbd649eb03548aa
500,50,116,0.002,6.0,1.0,5.0,1,0.494,1.32,8.0,a7e45ccfa44749f47009339807a5b3b6faa94591750df4893bbd649eb03548aa
500,50,280,0.002,4.0,5.0,1.0,31,-0.99,-0.87,4.0,3dbec4ed280111c6f70cf5b95bd8007d71fffb43262f818ee2b01da94e952ed1
500,50,486,0.002,4.0,2.0,-2.0,13,0.495,0.94,6.5,585f855bca4f2213c08d3732aec1af4117ae86a0883055ae9f6f3b8099486dde
500,50,116,0.002,4.0,8.0,2.5,4,0.234,0.51,4.0,a7e45ccfa44749f47009339807a5b3b6faa94591750df4893bbd649eb03548aa
500,50,116,0.002,8.0,7.0,1.0,1,-0.806,-0.85,3.5,a7e45ccfa44749f47009339807a5b3b6faa94591750df4893bbd649eb03548aa
500,50,272,0.002,2.0,6.0,0.0,46,0.053,0.5,5.0,afcb930297b7343b8945a302072f385537be9321555f4f186f06883623c7f8fb
500,50,272,0.002,6.0,8.0,-3.0,1,-0.9840000000000001,-0.67,6.5,afcb930297b7343b8945a302072f385537be9321555f4f186f06883623c7f8fb
500,50,116,0.002,3.0,9.0,2.5,20,-0.754,-0.58,4.0,a7e45ccfa44749f47009339807a5b3b6faa94591750df4893bbd649eb03548aa
500,50,153,0.002,5.0,4.0,1.0,9,0.007000000000000001,0.69,6.0,6b6f91ba62efae00f09fbbdb547009f73ef44ff90923e257225aa6c928379dbe
500,50,116,0.002,5.0,6.0,3.0,4,-0.843,-0.51,4.5,a7e45ccfa44749f47009339807a5b3b6faa94591750df4893bbd649eb03548aa
500,50,138,0.002,3.0,3.0,2.5,26,0.551,0.94,7.0,97b28df35b811f0a5dba92060bfa9d60f1cc23fb3123298c2b14a461bea2df00
500,50,280,0.002,3.0,5.0,1.5,40,-0.08200000000000002,0.48,5.0,3dbec4ed280111c6f70cf5b95bd8007d71fffb43262f818ee2b01da94e952ed1
500,50,116,0.002,1.0,6.0,5.0,25,0.159,0.64,5.0,a7e45ccfa44749f47009339807a5b3b6faa94591750df4893bbd649eb03548aa
500,50,116,0.002,1.0,10.0,3.0,26,-0.524,-0.19,4.0,a7e45ccfa44749f47009339807a5b3b6faa94591750df4893bbd649eb03548aa
500,50,123,0.002,1.0,3.0,2.5,32,0.701,1.17,7.0,b2aa7ce2e829b156b6b2a9da36e09488eda956e5a66a30f221742ee0aa8167f7
500,50,406,0.002,1.0,4.0,1.0,35,0.848,1.13,7.0,d8cbd0c6756e20701f1e3611fcfe1080ff6b93fafb65fb2800ad9a7bd0a04ea2
500,50,420,0.002,4.0,4.0,4.0,27,-0.183,0.48,5.5,8b99cc78d3cb5224793576097671ee3e7b24a24fb6d06417ba2121ba86390aaa
500,50,420,0.002,4.0,2.0,5.0,38,0.079,0.32,7.0,8b99cc78d3cb5224793576097671ee3e7b24a24fb6d06417ba2121ba86390aaa
500,50,73,0.001,6.0,2.0,-0.5,22,0.006,0.85,5.5,d47db6a3fa9151c10e2a42a4c31e38c922e8941f0814a51e6204fe23b2d82160
500,50,36,0.002,2.0,5.0,1.5,27,0.298,0.65,6.5,ff40caff9436adbf9bd38cd8dd2a07eed72cc198918166d6ec73cd19617b2ff6
500,50,420,0.002,6.0,5.0,2.5,5,-0.662,-0.2,4.0,8b99cc78d3cb5224793576097671ee3e7b24a24fb6d06417ba2121ba86390aaa
500,50,116,0.002,3.0,8.0,3.0,18,-0.3,0.33,4.5,a7e45ccfa44749f47009339807a5b3b6faa94591750df4893bbd649eb03548aa
500,50,306,0.002,3.0,8.0,-2.0,6,-1.108,-0.91,4.0,fab8f433d6f6bb610ff043434b54f18824bcad5c38069edd6b0404477ea4af7a
500,50,116,0.002,6.0,7.0,2.0,2,-0.884,-1.02,4.5,a7e45ccfa44749f47009339807a5b3b6faa94591750df4893bbd649eb03548aa
500,50,36,0.002,2.0,7.0,0.5,44,-0.38800000000000007,0.16,4.0,ff40caff9436adbf9bd38cd8dd2a07eed72cc198918166d6ec73cd19617b2ff6
500,50,123,0.002,2.0,5.0,1.0,3,0.274,0.55,6.0,b2aa7ce2e829b156b6b2a9da36e09488eda956e5a66a30f221742ee0aa8167f7
500,50,36,0.002,6.0,7.0,-1.5,4,-0.262,-0.08,4.0,ff40caff9436adbf9bd38cd8dd2a07eed72cc198918166d6ec73cd19617b2ff6
500,50,116,0.002,5.0,8.0,2.0,8,-0.286,0.05,4.0,a7e45ccfa44749f47009339807a5b3b6faa94591750df4893bbd649eb03548aa
500,50,272,0.002,2.0,2.0,2.0,38,0.29,0.89,7.0,afcb930297b7343b8945a302072f385537be9321555f4f186f06883623c7f8fb
500,50,123,0.002,3.0,3.0,1.5,28,0.203,0.8,6.0,b2aa7ce2e829b156b6b2a9da36e09488eda956e5a66a30f221742ee0aa8167f7
500,50,173,0.002,9.0,5.0,0.0,1,0.079,0.8,4.5,3b3c69bfe1ea7d3417e6f0cb7831cd1890ff9efc41485332a6269801eec79431
500,50,173,0.002,5.0,7.0,1.0,18,-0.7980000000000002,-0.79,4.0,3b3c69bfe1ea7d3417e6f0cb7831cd1890ff9efc41485332a6269801eec79431
500,50,116,0.002,6.0,4.0,3.5,1,-0.236,0.19,5.0,a7e45ccfa44749f47009339807a5b3b6faa94591750df4893bbd649eb03548aa
500,50,116,0.002,3.0,10.0,2.0,28,-1.002,-1.1,2.5,a7e45ccfa44749f47009339807a5b3b6faa94591750df4893bbd649eb03548aa
500,50,420,0.002,7.0,4.0,2.5,3,-0.331,0.56,6.0,8b99cc78d3cb5224793576097671ee3e7b24a24fb6d06417ba2121ba86390aaa
500,50,420,0.002,4.0,7.0,2.5,5,0.478,1.32,6.0,8b99cc78d3cb5224793576097671ee3e7b24a24fb6d06417ba2121ba86390aaa
500,50,36,0.002,4.0,5.0,0.5,12,-0.21,0.03,4.5,ff40caff9436adbf9bd38cd8dd2a07eed72cc198918166d6ec73cd19617b2ff6
500,50,203,0.002,2.0,7.0,-2.5,6,-0.275,-0.28,6.5,482f9bb74e396230e41acb238caf3964559f8d6f6f94a105834a53b8cd581e55
500,50,123,0.002,3.0,7.0,-0.5,16,-0.185,0.15,6.5,b2aa7ce2e829b156b6b2a9da36e09488eda956e5a66a30f221742ee0aa8167f7
500,50,420,0.002,3.0,2.0,5.5,13,0.44,0.69,5.5,8b99cc78d3cb5224793576097671ee3e7b24a24fb6d06417ba2121ba86390aaa
500,50,420,0.002,3.0,4.0,4.5,34,0.126,0.56,6.5,8b99cc78d3cb5224793576097671ee3e7b24a24fb6d06417ba2121ba86390aaa
500,50,173,0.002,4.0,10.0,0.0,4,-1.615,-1.24,2.0,3b3c69bfe1ea7d3417e6f0cb7831cd1890ff9efc41485332a6269801eec79431
500,50,116,0.002,3.0,5.0,4.5,7,0.142,0.41,5.0,a7e45ccfa44749f47009339807a5b3b6faa94591750df4893bbd649eb03548aa
500,50,306,0.002,2.0,6.0,-0.5,29,-0.067,0.34,5.5,fab8f433d6f6bb610ff043434b54f18824bcad5c38069edd6b0404477ea4af7a
500,50,420,0.002,1.0,3.0,6.0,15,1.233,1.54,6.5,8b99cc78d3cb5224793576097671ee3e7b24a24fb6d06417ba2121ba86390aaa
500,50,420,0.002,3.0,5.0,4.0,1,0.3459999999999999,0.36,7.0,8b99cc78d3cb5224793576097671ee3e7b24a24fb6d06417ba2121ba86390aaa
500,50,298,0.001,2.0,4.0,-2.5,18,-0.159,0.16,5.5,83260b2c085ad80bed31e61a3eb4dd2f6c7b7f04f8e4b8551f81fb491ea9340a
500,50,116,0.002,5.0,8.0,2.0,4,-1.5659999999999998,-1.82,4.0,a7e45ccfa44749f47009339807a5b3b6faa94591750df4893bbd649eb03548aa
500,50,138,0.002,7.0,7.0,-1.5,3,-0.765,-0.51,5.0,97b28df35b811f0a5dba92060bfa9d60f1cc23fb3123298c2b14a461bea2df00
500,50,280,0.002,5.0,3.0,1.5,41,-0.58,-0.29,5.5,3dbec4ed280111c6f70cf5b95bd8007d71fffb43262f818ee2b01da94e952ed1
500,50,116,0.002,10.0,3.0,2.0,1,-0.41,0.31,4.0,a7e45ccfa44749f47009339807a5b3b6faa94591750df4893bbd649eb03548aa
500,50,138,0.002,5.0,8.0,-1.0,38,-1.319,-1.14,2.0,97b28df35b811f0a5dba92060bfa9d60f1cc23fb3123298c2b14a461bea2df00
500,50,116,0.002,4.0,11.0,1.0,9,-0.691,-0.75,3.5,a7e45ccfa44749f47009339807a5b3b6faa94591750df4893bbd649eb03548aa
500,50,116,0.002,2.0,5.0,5.0,5,0.37200000000000005,0.75,6.5,a7e45ccfa44749f47009339807a5b3b6faa94591750df4893bbd649eb03548aa
500,50,420,0.002,6.0,5.0,2.5,13,-0.742,0.19,4.0,8b99cc78d3cb5224793576097671ee3e7b24a24fb6d06417ba2121ba86390aaa
500,50,116,0.002,5.0,8.0,2.0,4,-1.184,-0.63,3.0,a7e45ccfa44749f47009339807a5b3b6faa94591750df4893bbd649eb03548aa
500,50,116,0.002,2.0,8.0,3.5,5,-0.315,-0.16,5.5,a7e45ccfa44749f47009339807a5b3b6faa94591750df4893bbd649eb03548aa
500,50,116,0.002,6.0,3.0,4.0,13,-0.317,-0.02,4.5,a7e45ccfa44749f47009339807a5b3b6faa94591750df4893bbd649eb03548aa
500,50,116,0.002,3.0,7.0,3.5,5,-0.279,0.4,5.0,a7e45ccfa44749f47009339807a5b3b6faa94591750df4893bbd649eb03548aa
500,50,173,0.002,5.0,7.0,1.0,8,-0.272,0.02,5.0,3b3c69bfe1ea7d3417e6f0cb7831cd1890ff9efc41485332a6269801eec79431
500,50,138,0.002,8.0,5.0,-1.0,7,-0.493,-0.3,4.5,97b28df35b811f0a5dba92060bfa9d60f1cc23fb3123298c2b14a461bea2df00
500,50,182,0.002,4.0,4.0,0.5,45,-0.818,-0.91,5.0,ef5ccd9e100038eaeca590bb86f90622b26afb602bebc9512c60f4a108b50adc
500,50,420,0.002,4.0,6.0,3.0,8,0.159,0.36,5.5,8b99cc78d3cb5224793576097671ee3e7b24a24fb6d06417ba2121ba86390aaa
500,50,173,0.002,5.0,5.0,2.0,2,0.057,0.69,6.5,3b3c69bfe1ea7d3417e6f0cb7831cd1890ff9efc41485332a6269801eec79431
500,50,420,0.002,4.0,8.0,2.0,18,-0.77,-0.04,4.5,8b99cc78d3cb5224793576097671ee3e7b24a24fb6d06417ba2121ba86390aaa
500,50,182,0.002,2.0,9.0,-1.0,13,-0.501,0.29,5.0,ef5ccd9e100038eaeca590bb86f90622b26afb602bebc9512c60f4a108b50adc
500,50,116,0.002,10.0,1.0,3.0,2,-0.449,-0.03,3.0,a7e45ccfa44749f47009339807a5b3b6faa94591750df4893bbd649eb03548aa
500,50,116,0.002,4.0,8.0,2.5,6,-0.113,0.47,5.5,a7e45ccfa44749f47009339807a5b3b6faa94591750df4893bbd649eb03548aa
500,50,74,0.002,3.0,7.0,-1.5,22,-0.74,-0.21,4.0,5336d765b764a93e2eb1d0758e1d55b61cf2de15952d7b4f9d34abd296c96afb
500,50,173,0.002,2.0,8.0,2.0,39,-0.843,-0.4,4.0,3b3c69bfe1ea7d3417e6f0cb7831cd1890ff9efc41485332a6269801eec79431
500,50,420,0.002,1.0,8.0,3.5,20,0.253,0.58,4.5,8b99cc78d3cb5224793576097671ee3e7b24a24fb6d06417ba2121ba86390aaa
500,50,173,0.002,5.0,4.0,2.5,2,0.109,0.33,6.5,3b3c69bfe1ea7d3417e6f0cb7831cd1890ff9efc41485332a6269801eec79431
500,50,138,0.002,4.0,6.0,0.5,16,-0.094,0.04,4.5,97b28df35b811f0a5dba92060bfa9d60f1cc23fb3123298c2b14a461bea2df00
500,50,417,0.001,5.0,3.0,-0.5,7,-0.369,-0.09,5.0,576662496728038e224e71e11e336af0a6bb55625ba792b564b78dbc59d6551a
500,50,116,0.002,3.0,2.0,6.0,11,0.593,1.5,6.0,a7e45ccfa44749f47009339807a5b3b6faa94591750df4893bbd649eb03548aa
500,50,123,0.002,1.0,3.0,2.5,36,0.949,1.78,6.5,b2aa7ce2e829b156b6b2a9da36e09488eda956e5a66a30f221742ee0aa8167f7
500,50,116,0.002,2.0,6.0,4.5,36,-0.315,0.17,5.0,a7e45ccfa44749f47009339807a5b3b6faa94591750df4893bbd649eb03548aa
500,50,420,0.002,1.0,9.0,3.0,24,-0.616,-0.2,5.5,8b99cc78d3cb5224793576097671ee3e7b24a24fb6d06417ba2121ba86390aaa
500,50,116,0.002,6.0,2.0,4.5,1,0.54,1.26,7.0,a7e45ccfa44749f47009339807a5b3b6faa94591750df4893bbd649eb03548aa
500,50,116,0.002,3.0,7.0,3.5,5,-0.78,-0.75,4.0,a7e45ccfa44749f47009339807a5b3b6faa94591750df4893bbd649eb03548aa
500,50,420,0.002,2.0,8.0,3.0,31,0.045,0.59,5.5,8b99cc78d3cb5224793576097671ee3e7b24a24fb6d06417ba2121ba86390aaa
500,50,261,0.002,2.0,10.0,-1.0,44,-0.784,-0.84,4.5,84d7db09a4a66ab80de8d84cf303232fb5d2699c1e35c5a38a7893393bdba5db
500,50,420,0.002,4.0,3.0,4.5,27,0.904,1.75,6.0,8b99cc78d3cb5224793576097671ee3e7b24a24fb6d06417ba2121ba86390aaa
500,50,413,0.0005,0.0,3.0,0.0,9,1.513,0.98,7.5,e55d38bd8bed310bd65d9e14249c15f89ef24ddca8328b186ccc55c37c171562
500,50,173,0.002,3.0,6.0,2.5,37,-0.141,0.08,5.5,3b3c69bfe1ea7d3417e6f0cb7831cd1890ff9efc41485332a6269801eec79431
500,50,261,0.002,4.0,7.0,-0.5,16,-0.403,0.18,4.5,84d7db09a4a66ab80de8d84cf303232fb5d2699c1e35c5a38a7893393bdba5db
500,50,261,0.002,7.0,7.0,-2.0,5,-1.103,-1.12,3.5,84d7db09a4a66ab80de8d84cf303232fb5d2699c1e35c5a38a7893393bdba5db
500,50,116,0.002,8.0,3.0,3.0,1,-0.661,-0.21,4.0,a7e45ccfa44749f47009339807a5b3b6faa94591750df4893bbd649eb03548aa
500,50,153,0.002,6.0,6.0,-0.5,33,-1.781,-1.44,3.5,6b6f91ba62efae00f09fbbdb547009f73ef44ff90923e257225aa6c928379dbe
500,50,272,0.002,4.0,6.0,-1.0,9,0.418,0.98,4.5,afcb930297b7343b8945a302072f385537be9321555f4f186f06883623c7f8fb
500,50,203,0.002,8.0,4.0,-4.0,7,-0.583,-0.32,4.5,482f9bb74e396230e41acb238caf3964559f8d6f6f94a105834a53b8cd581e55
500,50,116,0.002,7.0,7.0,1.5,1,-1.145,-1.1,4.0,a7e45ccfa44749f47009339807a5b3b6faa94591750df4893bbd649eb03548aa
500,50,156,0.00025,3.0,5.0,-1.5,11,0.272,0.9,5.5,c0eabf7d5c642cd9077bfaa2a018dcfd8b98dc6f5570a2916e29fc8066add117
500,50,116,0.002,6.0,6.0,2.5,1,-0.061,0.36,3.5,a7e45ccfa44749f47009339807a5b3b6faa94591750df4893bbd649eb03548aa
500,50,116,0.002,5.0,6.0,3.0,6,-0.574,-0.13,4.0,a7e45ccfa44749f47009339807a5b3b6faa94591750df4893bbd649eb03548aa
500,50,123,0.002,5.0,6.0,-1.0,20,-0.998,-0.95,3.5,b2aa7ce2e829b156b6b2a9da36e09488eda956e5a66a30f221742ee0aa8167f7
500,50,45,0.00025,3.0,1.0,-2.0,20,0.49,0.79,5.5,45274ff867f834e4e667ca73fa6b26c11a9078d2f71ce06da871248eed0ba33e
500,50,116,0.002,4.0,6.0,3.5,5,-0.19699999999999998,-0.05,5.0,a7e45ccfa44749f47009339807a5b3b6faa94591750df4893bbd649eb03548aa
500,50,123,0.002,5.0,4.0,0.0,5,0.145,0.75,4.0,b2aa7ce2e829b156b6b2a9da36e09488eda956e5a66a30f221742ee0aa8167f7
500,50,116,0.002,7.0,5.0,2.5,1,-0.28,0.23,4.0,a7e45ccfa44749f47009339807a5b3b6faa94591750df4893bbd649eb03548aa
500,50,116,0.002,6.0,6.0,2.5,7,-0.728,-0.48,4.5,a7e45ccfa44749f47009339807a5b3b6faa94591750df4893bbd649eb03548aa
500,50,36,0.002,4.0,7.0,-0.5,4,-0.008,0.45,6.0,ff40caff9436adbf9bd38cd8dd2a07eed72cc198918166d6ec73cd19617b2ff6
500,50,116,0.002,4.0,4.0,4.5,8,0.008,0.04,5.0,a7e45ccfa44749f47009339807a5b3b6faa94591750df4893bbd649eb03548aa
500,50,116,0.002,5.0,5.0,3.5,6,0.022,0.58,6.5,a7e45ccfa44749f47009339807a5b3b6faa94591750df4893bbd649eb03548aa
500,50,116,0.002,0.0,7.0,5.0,35,0.19,0.9,5.0,a7e45ccfa44749f47009339807a5b3b6faa94591750df4893bbd649eb03548aa
500,50,138,0.002,5.0,5.0,0.5,32,-0.507,0.04,6.0,97b28df35b811f0a5dba92060bfa9d60f1cc23fb3123298c2b14a461bea2df00
500,50,153,0.002,3.0,5.0,1.5,9,-0.113,0.39,6.5,6b6f91ba62efae00f09fbbdb547009f73ef44ff90923e257225aa6c928379dbe
500,50,420,0.002,7.0,4.0,2.5,3,-0.701,-0.64,5.0,8b99cc78d3cb5224793576097671ee3e7b24a24fb6d06417ba2121ba86390aaa
500,50,123,0.002,4.0,2.0,1.5,15,0.261,0.75,7.0,b2aa7ce2e829b156b6b2a9da36e09488eda956e5a66a30f221742ee0aa8167f7
500,50,123,0.002,2.0,6.0,0.5,25,-0.397,0.56,6.0,b2aa7ce2e829b156b6b2a9da36e09488eda956e5a66a30f221742ee0aa8167f7
500,50,182,0.002,5.0,5.0,-0.5,35,-0.243,-0.06,3.0,ef5ccd9e100038eaeca590bb86f90622b26afb602bebc9512c60f4a108b50adc
500,50,116,0.002,3.0,9.0,2.5,16,-0.37200000000000005,0.0,4.0,a7e45ccfa44749f47009339807a5b3b6faa94591750df4893bbd649eb03548aa
500,50,209,0.001,3.0,4.0,0.0,8,0.595,1.4,6.5,886a14107d7fa93a41960fdb8744e8befb34c8a890a5c627d34c2259f4531f7d
500,50,203,0.002,3.0,5.0,-2.0,23,-0.715,-0.33,3.5,482f9bb74e396230e41acb238caf3964559f8d6f6f94a105834a53b8cd581e55
500,50,116,0.002,2.0,3.0,6.0,32,0.414,1.04,6.5,a7e45ccfa44749f47009339807a5b3b6faa94591750df4893bbd649eb03548aa
500,50,420,0.002,4.0,5.0,3.5,26,-0.738,0.39,4.5,8b99cc78d3cb5224793576097671ee3e7b24a24fb6d06417ba2121ba86390aaa
500,50,280,0.002,6.0,4.0,0.5,2,-0.121,0.06,6.0,3dbec4ed280111c6f70cf5b95bd8007d71fffb43262f818ee2b01da94e952ed1
500,50,158,0.002,4.0,5.0,-0.5,29,-0.531,-0.35,4.5,344f34a1d32ba9c9a001e56e4d03ecfc7599d1fa3c5627b1ed5b429067fd6d72
500,50,420,0.002,2.0,6.0,4.0,32,-0.013000000000000001,0.36,6.5,8b99cc78d3cb5224793576097671ee3e7b24a24fb6d06417ba2121ba86390aaa
500,50,116,0.002,3.0,9.0,2.5,7,-0.49,-0.34,3.0,a7e45ccfa44749f47009339807a5b3b6faa94591750df4893bbd649eb03548aa
500,50,116,0.002,6.0,5.0,3.0,5,-0.133,-0.05,4.0,a7e45ccfa44749f47009339807a5b3b6faa94591750df4893bbd649eb03548aa
500,50,138,0.002,3.0,7.0,0.5,30,-0.469,-0.48,5.5,97b28df35b811f0a5dba92060bfa9d60f1cc23fb3123298c2b14a461bea2df00
500,50,173,0.002,3.0,7.0,2.0,20,-0.196,0.28,4.5,3b3c69bfe1ea7d3417e6f0cb7831cd1890ff9efc41485332a6269801eec79431
500,50,116,0.002,7.0,7.0,1.5,4,-1.038,-1.06,4.0,a7e45ccfa44749f47009339807a5b3b6faa94591750df4893bbd649eb03548aa
500,50,173,0.002,5.0,7.0,1.0,23,-1.02,-0.78,3.0,3b3c69bfe1ea7d3417e6f0cb7831cd1890ff9efc41485332a6269801eec79431
500,50,123,0.002,1.0,2.0,3.0,45,0.53,0.87,7.5,b2aa7ce2e829b156b6b2a9da36e09488eda956e5a66a30f221742ee0aa8167f7
500,50,420,0.002,4.0,7.0,2.5,11,-0.024,0.39,5.0,8b99cc78d3cb5224793576097671ee3e7b24a24fb6d06417ba2121ba86390aaa
500,50,116,0.002,3.0,8.0,3.0,3,0.306,0.62,6.0,a7e45ccfa44749f47009339807a5b3b6faa94591750df4893bbd649eb03548aa
500,50,209,0.001,5.0,4.0,-1.0,12,-0.04100000000000001,0.04,4.0,886a14107d7fa93a41960fdb8744e8befb34c8a890a5c627d34c2259f4531f7d
500,50,116,0.002,5.0,8.0,2.0,5,-1.011,-0.95,4.0,a7e45ccfa44749f47009339807a5b3b6faa94591750df4893bbd649eb03548aa
500,50,178,0.002,4.0,7.0,-2.0,11,-0.944,-0.9,4.0,2852b7ff8e5e77dbf55d6569bbb35253228fd4522b19f56bb25e9bbc298dc1d4
500,50,116,0.002,2.0,6.0,4.5,12,-0.016,0.79,6.0,a7e45ccfa44749f47009339807a5b3b6faa94591750df4893bbd649eb03548aa
500,50,420,0.002,7.0,8.0,0.5,9,-0.6730000000000002,-1.58,2.5,8b99cc78d3cb5224793576097671ee3e7b24a24fb6d06417ba2121ba86390aaa
500,50,123,0.002,2.0,6.0,0.5,12,-0.38,0.23,6.0,b2aa7ce2e829b156b6b2a9da36e09488eda956e5a66a30f221742ee0aa8167f7
500,50,306,0.002,2.0,8.0,-1.5,24,-0.52,-0.16,4.5,fab8f433d6f6bb610ff043434b54f18824bcad5c38069edd6b0404477ea4af7a
500,50,116,0.002,7.0,5.0,2.5,2,-0.085,0.19,4.0,a7e45ccfa44749f47009339807a5b3b6faa94591750df4893bbd649eb03548aa
500,50,173,0.002,3.0,6.0,2.5,32,-0.548,-0.01,4.5,3b3c69bfe1ea7d3417e6f0cb7831cd1890ff9efc41485332a6269801eec79431
500,50,116,0.002,5.0,7.0,2.5,3,-1.304,-0.94,4.0,a7e45ccfa44749f47009339807a5b3b6faa94591750df4893bbd649eb03548aa
500,50,173,0.002,7.0,5.0,1.0,11,-1.107,-0.71,4.5,3b3c69bfe1ea7d3417e6f0cb7831cd1890ff9efc41485332a6269801eec79431
500,50,116,0.002,3.0,5.0,4.5,8,-0.084,0.14,4.5,a7e45ccfa44749f47009339807a5b3b6faa94591750df4893bbd649eb03548aa
500,50,116,0.002,10.0,7.0,0.0,1,-1.027,-0.98,3.0,a7e45ccfa44749f47009339807a5b3b6faa94591750df4893bbd649eb03548aa
500,50,116,0.002,7.0,3.0,3.5,9,-0.53,0.34,4.0,a7e45ccfa44749f47009339807a5b3b6faa94591750df4893bbd649eb03548aa
500,50,420,0.002,3.0,9.0,2.0,41,-1.249,-1.16,3.0,8b99cc78d3cb5224793576097671ee3e7b24a24fb6d06417ba2121ba86390aaa
500,50,36,0.002,4.0,6.0,0.0,25,-0.643,-0.14,4.5,ff40caff9436adbf9bd38cd8dd2a07eed72cc198918166d6ec73cd19617b2ff6
500,50,116,0.002,8.0,6.0,1.5,1,-0.375,-0.52,3.5,a7e45ccfa44749f47009339807a5b3b6faa94591750df4893bbd649eb03548aa
500,50,116,0.002,8.0,11.0,-1.0,1,-0.9419999999999998,-1.32,3.0,a7e45ccfa44749f47009339807a5b3b6faa94591750df4893bbd649eb03548aa
500,50,36,0.002,2.0,7.0,0.5,28,-0.521,-0.11,4.0,ff40caff9436adbf9bd38cd8dd2a07eed72cc198918166d6ec73cd19617b2ff6
500,50,182,0.002,1.0,7.0,0.5,5,0.637,1.0,5.0,ef5ccd9e100038eaeca590bb86f90622b26afb602bebc9512c60f4a108b50adc
500,50,420,0.002,4.0,6.0,3.0,5,-0.3390000000000001,0.01,5.5,8b99cc78d3cb5224793576097671ee3e7b24a24fb6d06417ba2121ba86390aaa
500,50,123,0.002,2.0,2.0,2.5,19,0.623,1.82,6.0,b2aa7ce2e829b156b6b2a9da36e09488eda956e5a66a30f221742ee0aa8167f7
500,50,116,0.002,5.0,5.0,3.5,3,-0.838,-0.47,4.5,a7e45ccfa44749f47009339807a5b3b6faa94591750df4893bbd649eb03548aa
500,50,182,0.002,1.0,7.0,0.5,21,0.192,0.76,5.5,ef5ccd9e100038eaeca590bb86f90622b26afb602bebc9512c60f4a108b50adc
500,50,261,0.002,6.0,8.0,-2.0,10,-0.851,-1.47,3.5,84d7db09a4a66ab80de8d84cf303232fb5d2699c1e35c5a38a7893393bdba5db
500,50,280,0.002,4.0,6.0,0.5,44,-0.709,0.06,5.5,3dbec4ed280111c6f70cf5b95bd8007d71fffb43262f818ee2b01da94e952ed1
500,50,116,0.002,2.0,3.0,6.0,2,0.7879999999999999,0.99,6.0,a7e45ccfa44749f47009339807a5b3b6faa94591750df4893bbd649eb03548aa
500,50,116,0.002,6.0,5.0,3.0,4,-0.055,0.07,5.0,a7e45ccfa44749f47009339807a5b3b6faa94591750df4893bbd649eb03548aa
500,50,420,0.002,7.0,4.0,2.5,1,-0.523,-0.22,5.0,8b99cc78d3cb5224793576097671ee3e7b24a24fb6d06417ba2121ba86390aaa
500,50,116,0.002,2.0,7.0,4.0,7,-0.009,0.35,5.0,a7e45ccfa44749f47009339807a5b3b6faa94591750df4893bbd649eb03548aa
500,50,280,0.002,3.0,3.0,2.5,34,0.38299999999999995,0.92,6.5,3dbec4ed280111c6f70cf5b95bd8007d71fffb43262f818ee2b01da94e952ed1
500,50,103,0.0005,3.0,6.0,-0.5,30,-0.442,0.05,5.0,f686a886b7f72c7d003d6a650ffd17acce3c4aa805af76248dd3d1e642265184
500,50,153,0.002,5.0,8.0,-1.0,29,-0.272,0.01,3.5,6b6f91ba62efae00f09fbbdb547009f73ef44ff90923e257225aa6c928379dbe
500,50,173,0.002,6.0,5.0,1.5,48,-0.281,-0.29,4.0,3b3c69bfe1ea7d3417e6f0cb7831cd1890ff9efc41485332a6269801eec79431
500,50,36,0.002,3.0,3.0,2.0,28,0.09300000000000001,0.4,7.0,ff40caff9436adbf9bd38cd8dd2a07eed72cc198918166d6ec73cd19617b2ff6
500,50,182,0.002,3.0,4.0,1.0,11,0.22699999999999998,0.76,6.5,ef5ccd9e100038eaeca590bb86f90622b26afb602bebc9512c60f4a108b50adc
500,50,116,0.002,5.0,6.0,3.0,6,-0.451,-0.57,4.5,a7e45ccfa44749f47009339807a5b3b6faa94591750df4893bbd649eb03548aa
500,50,420,0.002,4.0,8.0,2.0,9,-1.095,-1.43,3.0,8b99cc78d3cb5224793576097671ee3e7b24a24fb6d06417ba2121ba86390aaa
500,50,182,0.002,3.0,6.0,0.0,25,-0.602,0.33,4.5,ef5ccd9e100038eaeca590bb86f90622b26afb602bebc9512c60f4a108b50adc
500,50,420,0.002,3.0,7.0,3.0,22,-1.032,-0.47,3.5,8b99cc78d3cb5224793576097671ee3e7b24a24fb6d06417ba2121ba86390aaa
500,50,420,0.002,3.0,6.0,3.5,30,-0.669,-0.48,4.5,8b99cc78d3cb5224793576097671ee3e7b24a24fb6d06417ba2121ba86390aaa
500,50,138,0.002,4.0,2.0,2.5,31,0.39,0.74,5.5,97b28df35b811f0a5dba92060bfa9d60f1cc23fb3123298c2b14a461bea2df00
500,50,272,0.002,-1.0,6.0,1.5,44,1.038,1.39,6.5,afcb930297b7343b8945a302072f385537be9321555f4f186f06883623c7f8fb
500,50,243,0.002,2.0,5.0,1.5,37,0.21600000000000003,0.81,5.0,a3243ce7707a2a3682e9edb42f661751af7593e49dee8391462be0e0e7feca5b
500,50,116,0.002,6.0,4.0,3.5,3,-0.10800000000000001,0.13,5.5,a7e45ccfa44749f47009339807a5b3b6faa94591750df4893bbd649eb03548aa
500,50,153,0.002,2.0,6.0,1.5,36,0.03,0.6,5.0,6b6f91ba62efae00f09fbbdb547009f73ef44ff90923e257225aa6c928379dbe
500,50,116,0.002,2.0,8.0,3.5,33,-0.406,-0.03,5.0,a7e45ccfa44749f47009339807a5b3b6faa94591750df4893bbd649eb03548aa
500,50,116,0.002,8.0,7.0,1.0,1,-0.499,-0.14,4.0,a7e45ccfa44749f47009339807a5b3b6faa94591750df4893bbd649eb03548aa
500,50,417,0.001,1.0,5.0,0.5,38,-0.345,0.16,4.0,576662496728038e224e71e11e336af0a6bb55625ba792b564b78dbc59d6551a
500,50,153,0.002,2.0,5.0,2.0,19,0.522,0.92,7.5,6b6f91ba62efae00f09fbbdb547009f73ef44ff90923e257225aa6c928379dbe
500,50,173,0.002,4.0,10.0,0.0,3,-0.445,-0.41,4.5,3b3c69bfe1ea7d3417e6f0cb7831cd1890ff9efc41485332a6269801eec79431
500,50,36,0.002,3.0,4.0,1.5,13,0.014000000000000002,0.82,5.0,ff40caff9436adbf9bd38cd8dd2a07eed72cc198918166d6ec73cd19617b2ff6
500,50,182,0.002,5.0,5.0,-0.5,12,-0.786,-0.24,4.5,ef5ccd9e100038eaeca590bb86f90622b26afb602bebc9512c60f4a108b50adc
500,50,420,0.002,9.0,5.0,1.0,1,-0.875,-0.67,3.5,8b99cc78d3cb5224793576097671ee3e7b24a24fb6d06417ba2121ba86390aaa
500,50,116,0.002,2.0,10.0,2.5,17,-0.666,-0.26,5.0,a7e45ccfa44749f47009339807a5b3b6faa94591750df4893bbd649eb03548aa
500,50,178,0.002,1.0,4.0,1.0,10,1.169,1.4,9.0,2852b7ff8e5e77dbf55d6569bbb35253228fd4522b19f56bb25e9bbc298dc1d4
500,50,116,0.002,8.0,4.0,2.5,2,-0.9519999999999998,-0.78,4.0,a7e45ccfa44749f47009339807a5b3b6faa94591750df4893bbd649eb03548aa
500,50,344,0.0005,1.0,3.0,-1.5,36,0.463,1.41,7.0,db77afb65b02ed25d206e9928d468944b029dcd97173ca442dd5b9b614d9052f
500,50,116,0.002,6.0,6.0,2.5,1,0.034,0.58,5.0,a7e45ccfa44749f47009339807a5b3b6faa94591750df4893bbd649eb03548aa
500,50,173,0.002,5.0,8.0,0.5,7,-0.395,-0.16,4.5,3b3c69bfe1ea7d3417e6f0cb7831cd1890ff9efc41485332a6269801eec79431
500,50,173,0.002,4.0,5.0,2.5,33,0.138,0.93,6.0,3b3c69bfe1ea7d3417e6f0cb7831cd1890ff9efc41485332a6269801eec79431
500,50,116,0.002,7.0,4.0,3.0,11,-1.025,-0.67,3.0,a7e45ccfa44749f47009339807a5b3b6faa94591750df4893bbd649eb03548aa
500,50,420,0.002,2.0,5.0,4.5,24,0.479,1.38,7.5,8b99cc78d3cb5224793576097671ee3e7b24a24fb6d06417ba2121ba86390aaa
500,50,116,0.002,4.0,2.0,5.5,6,0.446,1.39,8.0,a7e45ccfa44749f47009339807a5b3b6faa94591750df4893bbd649eb03548aa
500,50,420,0.002,4.0,6.0,3.0,2,-0.223,-0.3,7.0,8b99cc78d3cb5224793576097671ee3e7b24a24fb6d06417ba2121ba86390aaa
500,50,173,0.002,2.0,4.0,4.0,36,-0.174,0.23,7.0,3b3c69bfe1ea7d3417e6f0cb7831cd1890ff9efc41485332a6269801eec79431
500,50,280,0.002,3.0,7.0,0.5,11,-1.147,-0.79,6.0,3dbec4ed280111c6f70cf5b95bd8007d71fffb43262f818ee2b01da94e952ed1
500,50,182,0.002,2.0,3.0,2.0,50,-0.217,0.0,4.0,ef5ccd9e100038eaeca590bb86f90622b26afb602bebc9512c60f4a108b50adc
500,50,173,0.002,5.0,6.0,1.5,9,-0.109,0.29,4.0,3b3c69bfe1ea7d3417e6f0cb7831cd1890ff9efc41485332a6269801eec79431
500,50,169,0.0005,3.0,5.0,-1.0,12,-0.468,0.2,5.5,7e5f759acf452d22b947d685a363abe7964646579a9cd215dcb76dd8e3b400c4
500,50,280,0.002,3.0,5.0,1.5,39,0.32,0.8,6.5,3dbec4ed280111c6f70cf5b95bd8007d71fffb43262f818ee2b01da94e952ed1
500,50,173,0.002,1.0,10.0,1.5,23,-0.336,0.01,5.0,3b3c69bfe1ea7d3417e6f0cb7831cd1890ff9efc41485332a6269801eec79431
500,50,116,0.002,3.0,4.0,5.0,15,0.113,0.71,5.0,a7e45ccfa44749f47009339807a5b3b6faa94591750df4893bbd649eb03548aa
500,50,116,0.002,5.0,7.0,2.5,2,-0.352,-0.03,4.5,a7e45ccfa44749f47009339807a5b3b6faa94591750df4893bbd649eb03548aa
500,50,272,0.002,5.0,5.0,-1.0,7,-0.221,0.3,6.0,afcb930297b7343b8945a302072f385537be9321555f4f186f06883623c7f8fb
500,50,420,0.002,5.0,7.0,2.0,10,-0.5,-0.06,3.0,8b99cc78d3cb5224793576097671ee3e7b24a24fb6d06417ba2121ba86390aaa
500,50,272,0.002,1.0,3.0,2.0,9,1.127,1.62,7.5,afcb930297b7343b8945a302072f385537be9321555f4f186f06883623c7f8fb
500,50,261,0.002,3.0,8.0,-0.5,15,-0.45300000000000007,-0.12,5.0,84d7db09a4a66ab80de8d84cf303232fb5d2699c1e35c5a38a7893393bdba5db
500,50,422,0.002,6.0,4.0,-2.5,11,-0.376,-0.12,4.0,fb42fbb3176c48cb2875b84cdae050548972e6bfc5c5c2e1fe04f2e151a175a4
500,50,116,0.002,8.0,6.0,1.5,2,-0.8590000000000001,-1.47,3.0,a7e45ccfa44749f47009339807a5b3b6faa94591750df4893bbd649eb03548aa
500,50,243,0.002,3.0,3.0,2.0,25,-0.162,0.59,5.5,a3243ce7707a2a3682e9edb42f661751af7593e49dee8391462be0e0e7feca5b
500,50,36,0.002,2.0,9.0,-0.5,14,0.048,0.33,5.0,ff40caff9436adbf9bd38cd8dd2a07eed72cc198918166d6ec73cd19617b2ff6
500,50,420,0.002,5.0,8.0,1.5,8,-0.73,-0.44,2.5,8b99cc78d3cb5224793576097671ee3e7b24a24fb6d06417ba2121ba86390aaa
500,50,420,0.002,2.0,6.0,4.0,20,0.276,0.78,7.0,8b99cc78d3cb5224793576097671ee3e7b24a24fb6d06417ba2121ba86390aaa
500,50,173,0.002,5.0,7.0,1.0,2,-0.67,-0.28,6.0,3b3c69bfe1ea7d3417e6f0cb7831cd1890ff9efc41485332a6269801eec79431
500,50,116,0.002,2.0,7.0,4.0,11,-0.441,0.17,5.5,a7e45ccfa44749f47009339807a5b3b6faa94591750df4893bbd649eb03548aa
500,50,116,0.002,4.0,5.0,4.0,3,-0.09,0.37,6.0,a7e45ccfa44749f47009339807a5b3b6faa94591750df4893bbd649eb03548aa
500,50,420,0.002,4.0,7.0,2.5,45,-1.463,-1.36,2.5,8b99cc78d3cb5224793576097671ee3e7b24a24fb6d06417ba2121ba86390aaa
500,50,173,0.002,3.0,4.0,3.5,29,0.105,0.74,5.0,3b3c69bfe1ea7d3417e6f0cb7831cd1890ff9efc41485332a6269801eec79431
500,50,280,0.002,6.0,6.0,-0.5,2,-0.447,-0.05,5.5,3dbec4ed280111c6f70cf5b95bd8007d71fffb43262f818ee2b01da94e952ed1
500,50,243,0.002,2.0,5.0,1.5,28,0.061,0.6,5.5,a3243ce7707a2a3682e9edb42f661751af7593e49dee8391462be0e0e7feca5b
500,50,123,0.002,3.0,1.0,2.5,10,0.911,1.36,8.0,b2aa7ce2e829b156b6b2a9da36e09488eda956e5a66a30f221742ee0aa8167f7
500,50,158,0.002,3.0,6.0,-0.5,34,0.206,0.42,6.0,344f34a1d32ba9c9a001e56e4d03ecfc7599d1fa3c5627b1ed5b429067fd6d72
500,50,116,0.002,2.0,6.0,4.5,4,0.494,1.29,6.0,a7e45ccfa44749f47009339807a5b3b6faa94591750df4893bbd649eb03548aa
500,50,116,0.002,8.0,2.0,3.5,1,0.36199999999999993,0.91,5.5,a7e45ccfa44749f47009339807a5b3b6faa94591750df4893bbd649eb03548aa
500,50,420,0.002,3.0,5.0,4.0,6,0.45899999999999996,1.13,5.5,8b99cc78d3cb5224793576097671ee3e7b24a24fb6d06417ba2121ba86390aaa
500,50,420,0.002,7.0,4.0,2.5,2,0.417,1.14,5.5,8b99cc78d3cb5224793576097671ee3e7b24a24fb6d06417ba2121ba86390aaa
500,50,116,0.002,6.0,5.0,3.0,1,-0.191,0.29,6.0,a7e45ccfa44749f47009339807a5b3b6faa94591750df4893bbd649eb03548aa
500,50,173,0.002,3.0,6.0,2.5,6,0.24,0.44,6.0,3b3c69bfe1ea7d3417e6f0cb7831cd1890ff9efc41485332a6269801eec79431
500,50,116,0.002,2.0,6.0,4.5,21,-0.265,-0.34,6.0,a7e45ccfa44749f47009339807a5b3b6faa94591750df4893bbd649eb03548aa
500,50,173,0.002,4.0,6.0,2.0,3,-0.201,-0.04,6.0,3b3c69bfe1ea7d3417e6f0cb7831cd1890ff9efc41485332a6269801eec79431
500,50,116,0.002,3.0,4.0,5.0,13,0.163,0.68,5.5,a7e45ccfa44749f47009339807a5b3b6faa94591750df4893bbd649eb03548aa
500,50,153,0.002,5.0,4.0,1.0,41,-0.637,-0.2,4.5,6b6f91ba62efae00f09fbbdb547009f73ef44ff90923e257225aa6c928379dbe
500,50,280,0.002,2.0,3.0,3.0,49,0.3,1.31,6.0,3dbec4ed280111c6f70cf5b95bd8007d71fffb43262f818ee2b01da94e952ed1
500,50,173,0.002,6.0,6.0,1.0,10,-0.835,-0.2,6.0,3b3c69bfe1ea7d3417e6f0cb7831cd1890ff9efc41485332a6269801eec79431
500,50,116,0.002,1.0,2.0,7.0,10,0.758,1.05,7.5,a7e45ccfa44749f47009339807a5b3b6faa94591750df4893bbd649eb03548aa
500,50,116,0.002,4.0,6.0,3.5,15,-0.9739999999999999,-0.82,3.5,a7e45ccfa44749f47009339807a5b3b6faa94591750df4893bbd649eb03548aa
500,50,123,0.002,2.0,4.0,1.5,5,0.043,0.18,7.0,b2aa7ce2e829b156b6b2a9da36e09488eda956e5a66a30f221742ee0aa8167f7
500,50,116,0.002,8.0,7.0,1.0,1,-1.066,-0.64,3.5,a7e45ccfa44749f47009339807a5b3b6faa94591750df4893bbd649eb03548aa
500,50,153,0.002,3.0,5.0,1.5,15,0.214,0.85,5.5,6b6f91ba62efae00f09fbbdb547009f73ef44ff90923e257225aa6c928379dbe
500,50,116,0.002,3.0,11.0,1.5,4,-0.389,-0.26,3.5,a7e45ccfa44749f47009339807a5b3b6faa94591750df4893bbd649eb03548aa
500,50,497,0.001,7.0,2.0,-1.0,17,-0.7120000000000001,0.14,5.5,526db03663e3f68905e8ed37f0760b4ef31347fa4159ce8515af8811d6253ad1
500,50,420,0.002,6.0,1.0,4.5,10,0.865,1.92,6.0,8b99cc78d3cb5224793576097671ee3e7b24a24fb6d06417ba2121ba86390aaa
500,50,95,0.002,3.0,10.0,-2.5,43,-1.064,-1.14,3.0,c25fc3efb39204b5d63cd28eb38ba90889f8e69e2579abfd84abaa122b7be87a
500,50,74,0.002,4.0,7.0,-2.0,28,-1.06,-0.61,3.0,5336d765b764a93e2eb1d0758e1d55b61cf2de15952d7b4f9d34abd296c96afb
500,50,116,0.002,2.0,6.0,4.5,50,-0.155,0.53,4.5,a7e45ccfa44749f47009339807a5b3b6faa94591750df4893bbd649eb03548aa
500,50,173,0.002,6.0,8.0,0.0,1,-0.486,-0.24,4.5,3b3c69bfe1ea7d3417e6f0cb7831cd1890ff9efc41485332a6269801eec79431
500,50,243,0.002,3.0,6.0,0.5,20,-0.5,-0.66,5.0,a3243ce7707a2a3682e9edb42f661751af7593e49dee8391462be0e0e7feca5b
500,50,116,0.002,5.0,6.0,3.0,10,-0.6969999999999998,-0.36,3.5,a7e45ccfa44749f47009339807a5b3b6faa94591750df4893bbd649eb03548aa
500,50,173,0.002,2.0,6.0,3.0,23,-0.05,0.07,4.5,3b3c69bfe1ea7d3417e6f0cb7831cd1890ff9efc41485332a6269801eec79431
500,50,116,0.002,4.0,5.0,4.0,1,0.8420000000000001,1.46,6.0,a7e45ccfa44749f47009339807a5b3b6faa94591750df4893bbd649eb03548aa
500,50,280,0.002,3.0,6.0,1.0,13,0.838,1.61,6.5,3dbec4ed280111c6f70cf5b95bd8007d71fffb43262f818ee2b01da94e952ed1
500,50,420,0.002,3.0,9.0,2.0,11,-0.05,0.2,7.0,8b99cc78d3cb5224793576097671ee3e7b24a24fb6d06417ba2121ba86390aaa
500,50,116,0.002,4.0,6.0,3.5,15,0.035,0.86,5.5,a7e45ccfa44749f47009339807a5b3b6faa94591750df4893bbd649eb03548aa
500,50,420,0.002,4.0,6.0,3.0,7,-0.154,0.49,4.5,8b99cc78d3cb5224793576097671ee3e7b24a24fb6d06417ba2121ba86390aaa
500,50,173,0.002,3.0,5.0,3.0,20,0.364,0.46,6.5,3b3c69bfe1ea7d3417e6f0cb7831cd1890ff9efc41485332a6269801eec79431
500,50,116,0.002,3.0,9.0,2.5,7,-0.509,-0.2,3.5,a7e45ccfa44749f47009339807a5b3b6faa94591750df4893bbd649eb03548aa
500,50,116,0.002,5.0,6.0,3.0,9,-0.899,-0.7,4.5,a7e45ccfa44749f47009339807a5b3b6faa94591750df4893bbd649eb03548aa
500,50,116,0.002,3.0,8.0,3.0,6,-0.66,-1.2,5.0,a7e45ccfa44749f47009339807a5b3b6faa94591750df4893bbd649eb03548aa
500,50,420,0.002,0.0,9.0,3.5,43,-0.235,-0.11,4.5,8b99cc78d3cb5224793576097671ee3e7b24a24fb6d06417ba2121ba86390aaa
500,50,116,0.002,4.0,5.0,4.0,17,-0.865,-1.15,5.0,a7e45ccfa44749f47009339807a5b3b6faa94591750df4893bbd649eb03548aa
500,50,116,0.002,2.0,4.0,5.5,36,-0.025,0.88,5.5,a7e45ccfa44749f47009339807a5b3b6faa94591750df4893bbd649eb03548aa
500,50,173,0.002,4.0,5.0,2.5,2,-0.077,0.3,6.0,3b3c69bfe1ea7d3417e6f0cb7831cd1890ff9efc41485332a6269801eec79431
500,50,116,0.002,4.0,6.0,3.5,1,0.177,1.03,5.0,a7e45ccfa44749f47009339807a5b3b6faa94591750df4893bbd649eb03548aa
500,50,306,0.002,1.0,12.0,-3.0,18,-1.456,-1.49,3.5,fab8f433d6f6bb610ff043434b54f18824bcad5c38069edd6b0404477ea4af7a
500,50,116,0.002,4.0,7.0,3.0,2,-0.183,0.32,6.5,a7e45ccfa44749f47009339807a5b3b6faa94591750df4893bbd649eb03548aa
500,50,116,0.002,5.0,11.0,0.5,9,-1.231,-1.17,3.0,a7e45ccfa44749f47009339807a5b3b6faa94591750df4893bbd649eb03548aa
500,50,420,0.002,5.0,3.0,4.0,16,0.305,1.01,5.5,8b99cc78d3cb5224793576097671ee3e7b24a24fb6d06417ba2121ba86390aaa
500,50,389,0.00025,0.0,4.0,0.0,36,0.97,1.17,7.0,b8ecda40503b38c3679a7466a79effaeea0518049e7e8838dda104388fe3f8b5
500,50,173,0.002,2.0,9.0,1.5,46,-0.7170000000000001,-0.48,3.0,3b3c69bfe1ea7d3417e6f0cb7831cd1890ff9efc41485332a6269801eec79431
500,50,116,0.002,5.0,4.0,4.0,5,0.105,0.43,4.5,a7e45ccfa44749f47009339807a5b3b6faa94591750df4893bbd649eb03548aa
500,50,272,0.002,2.0,5.0,0.5,40,0.377,0.79,6.0,afcb930297b7343b8945a302072f385537be9321555f4f186f06883623c7f8fb
500,50,280,0.002,4.0,6.0,0.5,34,-0.226,-0.01,4.0,3dbec4ed280111c6f70cf5b95bd8007d71fffb43262f818ee2b01da94e952ed1
500,50,116,0.002,2.0,9.0,3.0,14,-0.028000000000000004,0.28,5.0,a7e45ccfa44749f47009339807a5b3b6faa94591750df4893bbd649eb03548aa
500,50,173,0.002,6.0,10.0,-1.0,13,-0.7559999999999999,-0.95,3.5,3b3c69bfe1ea7d3417e6f0cb7831cd1890ff9efc41485332a6269801eec79431
500,50,116,0.002,6.0,4.0,3.5,2,0.067,0.62,5.5,a7e45ccfa44749f47009339807a5b3b6faa94591750df4893bbd649eb03548aa
500,50,417,0.001,2.0,4.0,0.5,50,0.136,0.89,4.5,576662496728038e224e71e11e336af0a6bb55625ba792b564b78dbc59d6551a
500,50,138,0.002,3.0,9.0,-0.5,17,-0.536,-0.01,5.5,97b28df35b811f0a5dba92060bfa9d60f1cc23fb3123298c2b14a461bea2df00
500,50,51,0.002,5.0,2.0,-0.5,4,0.113,0.92,7.0,0da469cd406ad5030b33efeb4176c7916b6520b504ade19e5900078c3b28d733
500,50,51,0.002,3.0,4.0,-0.5,19,-0.266,0.09,6.5,0da469cd406ad5030b33efeb4176c7916b6520b504ade19e5900078c3b28d733
500,50,173,0.002,5.0,7.0,1.0,3,-0.24,0.0,4.5,3b3c69bfe1ea7d3417e6f0cb7831cd1890ff9efc41485332a6269801eec79431
500,50,420,0.002,2.0,7.0,3.5,20,0.54,0.94,6.0,8b99cc78d3cb5224793576097671ee3e7b24a24fb6d06417ba2121ba86390aaa
500,50,420,0.002,0.0,10.0,3.0,43,-0.36,-0.18,4.5,8b99cc78d3cb5224793576097671ee3e7b24a24fb6d06417ba2121ba86390aaa
500,50,123,0.002,3.0,4.0,1.0,5,-0.115,0.23,6.0,b2aa7ce2e829b156b6b2a9da36e09488eda956e5a66a30f221742ee0aa8167f7
500,50,116,0.002,6.0,4.0,3.5,5,0.047,0.58,4.0,a7e45ccfa44749f47009339807a5b3b6faa94591750df4893bbd649eb03548aa
500,50,116,0.002,4.0,7.0,3.0,11,-0.835,-1.06,4.5,a7e45ccfa44749f47009339807a5b3b6faa94591750df4893bbd649eb03548aa
500,50,123,0.002,2.0,7.0,0.0,9,-0.66,-0.49,5.5,b2aa7ce2e829b156b6b2a9da36e09488eda956e5a66a30f221742ee0aa8167f7
500,50,422,0.002,5.0,4.0,-2.0,21,-0.031,0.09,4.0,fb42fbb3176c48cb2875b84cdae050548972e6bfc5c5c2e1fe04f2e151a175a4
500,50,51,0.002,4.0,3.0,-0.5,21,-0.296,0.27,5.5,0da469cd406ad5030b33efeb4176c7916b6520b504ade19e5900078c3b28d733
500,50,420,0.002,6.0,7.0,1.5,6,-1.435,-1.98,2.5,8b99cc78d3cb5224793576097671ee3e7b24a24fb6d06417ba2121ba86390aaa
500,50,420,0.002,3.0,8.0,2.5,30,-0.821,-0.42,3.5,8b99cc78d3cb5224793576097671ee3e7b24a24fb6d06417ba2121ba86390aaa
500,50,197,0.002,2.0,7.0,-2.5,45,-0.58,-0.36,4.5,974d9211be6247450a6f495fb68d07d87a9447054c0e477af8b7ae30a4f4e56e
500,50,123,0.002,0.0,6.0,1.5,16,0.66,0.53,8.0,b2aa7ce2e829b156b6b2a9da36e09488eda956e5a66a30f221742ee0aa8167f7
500,50,280,0.002,3.0,5.0,1.5,8,-0.094,0.06,5.5,3dbec4ed280111c6f70cf5b95bd8007d71fffb43262f818ee2b01da94e952ed1
500,50,156,0.00025,2.0,5.0,-1.0,19,0.18,0.07,6.0,c0eabf7d5c642cd9077bfaa2a018dcfd8b98dc6f5570a2916e29fc8066add117
500,50,116,0.002,1.0,6.0,5.0,14,-0.262,0.18,5.0,a7e45ccfa44749f47009339807a5b3b6faa94591750df4893bbd649eb03548aa
500,50,116,0.002,2.0,9.0,3.0,5,-0.428,-0.45,5.0,a7e45ccfa44749f47009339807a5b3b6faa94591750df4893bbd649eb03548aa
500,50,36,0.002,1.0,8.0,0.5,12,0.015,0.36,5.5,ff40caff9436adbf9bd38cd8dd2a07eed72cc198918166d6ec73cd19617b2ff6
500,50,420,0.002,5.0,6.0,2.5,9,-0.791,-0.2,5.0,8b99cc78d3cb5224793576097671ee3e7b24a24fb6d06417ba2121ba86390aaa
500,50,417,0.001,5.0,2.0,0.0,5,-0.504,0.09,6.0,576662496728038e224e71e11e336af0a6bb55625ba792b564b78dbc59d6551a
500,50,123,0.002,5.0,6.0,-1.0,14,-1.061,-0.64,5.5,b2aa7ce2e829b156b6b2a9da36e09488eda956e5a66a30f221742ee0aa8167f7
500,50,116,0.002,2.0,7.0,4.0,7,0.032,0.31,7.0,a7e45ccfa44749f47009339807a5b3b6faa94591750df4893bbd649eb03548aa
500,50,100,0.001,4.0,6.0,-2.0,41,-0.7189999999999999,-0.48,4.5,ab95892f6647819441065b172eef2de5f45c7f0ce9c31bba0e91bdd978f2b031
500,50,280,0.002,2.0,4.0,2.5,40,0.6780000000000002,1.05,7.0,3dbec4ed280111c6f70cf5b95bd8007d71fffb43262f818ee2b01da94e952ed1
500,50,116,0.002,1.0,6.0,5.0,21,0.231,0.44,5.5,a7e45ccfa44749f47009339807a5b3b6faa94591750df4893bbd649eb03548aa
500,50,116,0.002,4.0,4.0,4.5,4,-0.426,0.08,4.5,a7e45ccfa44749f47009339807a5b3b6faa94591750df4893bbd649eb03548aa
500,50,116,0.002,2.0,6.0,4.5,21,-0.084,0.31,5.5,a7e45ccfa44749f47009339807a5b3b6faa94591750df4893bbd649eb03548aa
500,50,116,0.002,5.0,4.0,4.0,1,0.231,1.03,5.5,a7e45ccfa44749f47009339807a5b3b6faa94591750df4893bbd649eb03548aa
500,50,36,0.002,3.0,6.0,0.5,12,-0.63,-0.31,5.0,ff40caff9436adbf9bd38cd8dd2a07eed72cc198918166d6ec73cd19617b2ff6
500,50,280,0.002,3.0,9.0,-0.5,45,-0.461,-0.49,5.0,3dbec4ed280111c6f70cf5b95bd8007d71fffb43262f818ee2b01da94e952ed1
500,50,116,0.002,2.0,4.0,5.5,38,0.45399999999999996,1.09,5.5,a7e45ccfa44749f47009339807a5b3b6faa94591750df4893bbd649eb03548aa
500,50,420,0.002,2.0,4.0,5.0,17,0.44800000000000006,1.01,8.0,8b99cc78d3cb5224793576097671ee3e7b24a24fb6d06417ba2121ba86390aaa
500,50,123,0.002,1.0,8.0,0.0,34,-0.33,0.39,5.0,b2aa7ce2e829b156b6b2a9da36e09488eda956e5a66a30f221742ee0aa8167f7
500,50,116,0.002,5.0,5.0,3.5,3,-0.618,0.22,4.0,a7e45ccfa44749f47009339807a5b3b6faa94591750df4893bbd649eb03548aa
500,50,51,0.002,1.0,6.0,-0.5,22,0.317,0.74,5.5,0da469cd406ad5030b33efeb4176c7916b6520b504ade19e5900078c3b28d733
500,50,123,0.002,4.0,5.0,0.0,26,-0.37200000000000005,-0.61,4.5,b2aa7ce2e829b156b6b2a9da36e09488eda956e5a66a30f221742ee0aa8167f7
500,50,116,0.002,4.0,2.0,5.5,18,-0.18,0.55,5.5,a7e45ccfa44749f47009339807a5b3b6faa94591750df4893bbd649eb03548aa
500,50,420,0.002,6.0,4.0,3.0,1,0.239,0.1,6.0,8b99cc78d3cb5224793576097671ee3e7b24a24fb6d06417ba2121ba86390aaa
500,50,116,0.002,3.0,4.0,5.0,6,0.2,0.76,7.0,a7e45ccfa44749f47009339807a5b3b6faa94591750df4893bbd649eb03548aa
500,50,116,0.002,3.0,10.0,2.0,44,-1.376,-1.77,3.5,a7e45ccfa44749f47009339807a5b3b6faa94591750df4893bbd649eb03548aa
500,50,173,0.002,4.0,6.0,2.0,4,-0.081,0.3,5.0,3b3c69bfe1ea7d3417e6f0cb7831cd1890ff9efc41485332a6269801eec79431
500,50,137,0.002,5.0,6.0,-3.5,4,-1.186,-1.15,5.0,69a1231af5fc3f55054f1c14b1a7313be0d0b67e0ff876b205be63a03e091d42
500,50,116,0.002,3.0,8.0,3.0,10,-0.589,-0.5,3.5,a7e45ccfa44749f47009339807a5b3b6faa94591750df4893bbd649eb03548aa
500,50,173,0.002,4.0,4.0,3.0,15,0.288,0.6,4.5,3b3c69bfe1ea7d3417e6f0cb7831cd1890ff9efc41485332a6269801eec79431
500,50,420,0.002,3.0,8.0,2.5,13,-0.292,0.46,3.5,8b99cc78d3cb5224793576097671ee3e7b24a24fb6d06417ba2121ba86390aaa
500,50,173,0.002,6.0,2.0,3.0,12,-0.094,0.84,5.5,3b3c69bfe1ea7d3417e6f0cb7831cd1890ff9efc41485332a6269801eec79431
500,50,116,0.002,8.0,6.0,1.5,4,-1.905,-1.66,3.0,a7e45ccfa44749f47009339807a5b3b6faa94591750df4893bbd649eb03548aa
500,50,173,0.002,3.0,2.0,4.5,46,0.461,1.45,6.5,3b3c69bfe1ea7d3417e6f0cb7831cd1890ff9efc41485332a6269801eec79431
500,50,420,0.002,4.0,6.0,3.0,14,-0.361,-0.05,5.5,8b99cc78d3cb5224793576097671ee3e7b24a24fb6d06417ba2121ba86390aaa
500,50,153,0.002,3.0,2.0,3.0,15,0.78,0.92,7.0,6b6f91ba62efae00f09fbbdb547009f73ef44ff90923e257225aa6c928379dbe
500,50,138,0.002,4.0,6.0,0.5,18,-0.331,0.32,4.0,97b28df35b811f0a5dba92060bfa9d60f1cc23fb3123298c2b14a461bea2df00
500,50,261,0.002,4.0,6.0,0.0,30,-0.417,-0.11,3.5,84d7db09a4a66ab80de8d84cf303232fb5d2699c1e35c5a38a7893393bdba5db
500,50,420,0.002,8.0,5.0,1.5,2,0.35600000000000004,1.29,6.0,8b99cc78d3cb5224793576097671ee3e7b24a24fb6d06417ba2121ba86390aaa
500,50,306,0.002,0.0,7.0,0.0,33,0.252,0.44,6.0,fab8f433d6f6bb610ff043434b54f18824bcad5c38069edd6b0404477ea4af7a
500,50,138,0.002,3.0,4.0,2.0,21,0.4,1.54,6.0,97b28df35b811f0a5dba92060bfa9d60f1cc23fb3123298c2b14a461bea2df00
500,50,236,0.0005,1.0,4.0,0.0,48,0.4,0.83,7.0,3c9d6a658bb1aa96c8d4bce932d76dc071210dbfb62e0b5fa7e7925ecc2a085a
500,50,116,0.002,4.0,7.0,3.0,6,-1.131,-0.68,3.0,a7e45ccfa44749f47009339807a5b3b6faa94591750df4893bbd649eb03548aa
500,50,116,0.002,6.0,2.0,4.5,3,-0.288,0.97,6.5,a7e45ccfa44749f47009339807a5b3b6faa94591750df4893bbd649eb03548aa
500,50,36,0.002,1.0,6.0,1.5,46,-0.087,0.58,4.5,ff40caff9436adbf9bd38cd8dd2a07eed72cc198918166d6ec73cd19617b2ff6
500,50,51,0.002,3.0,4.0,-0.5,22,0.266,1.04,6.0,0da469cd406ad5030b33efeb4176c7916b6520b504ade19e5900078c3b28d733
500,50,123,0.002,0.0,3.0,3.0,20,0.675,1.06,8.5,b2aa7ce2e829b156b6b2a9da36e09488eda956e5a66a30f221742ee0aa8167f7
500,50,36,0.002,1.0,6.0,1.5,39,0.292,0.78,5.0,ff40caff9436adbf9bd38cd8dd2a07eed72cc198918166d6ec73cd19617b2ff6
500,50,420,0.002,3.0,5.0,4.0,6,-0.16,0.68,5.5,8b99cc78d3cb5224793576097671ee3e7b24a24fb6d06417ba2121ba86390aaa
500,50,173,0.002,4.0,6.0,2.0,19,0.055,0.3,5.0,3b3c69bfe1ea7d3417e6f0cb7831cd1890ff9efc41485332a6269801eec79431
500,50,420,0.002,7.0,8.0,0.5,12,-1.162,-0.68,3.5,8b99cc78d3cb5224793576097671ee3e7b24a24fb6d06417ba2121ba86390aaa
500,50,262,0.001,2.0,5.0,0.0,9,0.11899999999999998,0.25,5.5,c80bd42dd2007dcd4ce2f14198ecc4247341eb77b27e1de5cc3fb045162a23de
500,50,357,0.0005,3.0,2.0,0.0,32,0.029000000000000005,1.16,6.0,c99f5297f235ea9284300ff5d1db9cdd539f9089dfd30f5074f49150bf2016cc
500,50,173,0.002,6.0,9.0,-0.5,2,-0.537,-0.65,5.0,3b3c69bfe1ea7d3417e6f0cb7831cd1890ff9efc41485332a6269801eec79431
500,50,243,0.002,7.0,6.0,-1.5,4,-0.447,-0.26,4.5,a3243ce7707a2a3682e9edb42f661751af7593e49dee8391462be0e0e7feca5b
500,50,497,0.001,3.0,4.0,0.0,34,-0.84,-0.18,5.5,526db03663e3f68905e8ed37f0760b4ef31347fa4159ce8515af8811d6253ad1
500,50,417,0.001,2.0,3.0,1.0,30,0.274,1.4,6.0,576662496728038e224e71e11e336af0a6bb55625ba792b564b78dbc59d6551a
500,50,420,0.002,6.0,5.0,2.5,2,-0.02,0.35,6.5,8b99cc78d3cb5224793576097671ee3e7b24a24fb6d06417ba2121ba86390aaa
500,50,116,0.002,4.0,7.0,3.0,2,0.318,1.0,5.5,a7e45ccfa44749f47009339807a5b3b6faa94591750df4893bbd649eb03548aa
500,50,116,0.002,1.0,12.0,2.0,45,-1.277,-0.92,3.5,a7e45ccfa44749f47009339807a5b3b6faa94591750df4893bbd649eb03548aa
500,50,420,0.002,9.0,4.0,1.5,2,0.114,0.76,5.5,8b99cc78d3cb5224793576097671ee3e7b24a24fb6d06417ba2121ba86390aaa
500,50,116,0.002,1.0,7.0,4.5,28,0.19699999999999998,0.74,4.5,a7e45ccfa44749f47009339807a5b3b6faa94591750df4893bbd649eb03548aa
500,50,178,0.002,3.0,7.0,-1.5,13,-0.169,0.02,5.0,2852b7ff8e5e77dbf55d6569bbb35253228fd4522b19f56bb25e9bbc298dc1d4
500,50,173,0.002,5.0,4.0,2.5,24,-0.569,-0.59,3.5,3b3c69bfe1ea7d3417e6f0cb7831cd1890ff9efc41485332a6269801eec79431
500,50,116,0.002,1.0,5.0,5.5,20,0.397,0.92,6.0,a7e45ccfa44749f47009339807a5b3b6faa94591750df4893bbd649eb03548aa
500,50,420,0.002,3.0,9.0,2.0,35,-0.546,-1.1,3.5,8b99cc78d3cb5224793576097671ee3e7b24a24fb6d06417ba2121ba86390aaa
500,50,67,0.002,7.0,8.0,-3.0,10,0.035,0.35,4.0,3a360bea2f41e303724f014d0cc814dc18605110da671f5cf3213df428cae74f
500,50,51,0.002,3.0,7.0,-2.0,49,-0.955,-0.91,4.5,0da469cd406ad5030b33efeb4176c7916b6520b504ade19e5900078c3b28d733
500,50,116,0.002,6.0,5.0,3.0,5,-0.852,-0.36,5.5,a7e45ccfa44749f47009339807a5b3b6faa94591750df4893bbd649eb03548aa
500,50,243,0.002,4.0,6.0,0.0,3,0.267,0.77,5.0,a3243ce7707a2a3682e9edb42f661751af7593e49dee8391462be0e0e7feca5b
500,50,67,0.002,3.0,7.0,-0.5,49,-0.93,-0.29,4.0,3a360bea2f41e303724f014d0cc814dc18605110da671f5cf3213df428cae74f
500,50,420,0.002,3.0,3.0,5.0,28,-0.114,0.93,5.5,8b99cc78d3cb5224793576097671ee3e7b24a24fb6d06417ba2121ba86390aaa
500,50,261,0.002,2.0,4.0,2.0,34,0.513,0.97,6.0,84d7db09a4a66ab80de8d84cf303232fb5d2699c1e35c5a38a7893393bdba5db
500,50,280,0.002,5.0,5.0,0.5,19,-0.446,-0.14,5.5,3dbec4ed280111c6f70cf5b95bd8007d71fffb43262f818ee2b01da94e952ed1
500,50,67,0.002,7.0,6.0,-2.0,2,-0.248,0.23,4.5,3a360bea2f41e303724f014d0cc814dc18605110da671f5cf3213df428cae74f
500,50,36,0.002,0.0,9.0,0.5,34,-0.212,-0.03,5.5,ff40caff9436adbf9bd38cd8dd2a07eed72cc198918166d6ec73cd19617b2ff6
500,50,123,0.002,2.0,3.0,2.0,39,0.192,1.04,6.5,b2aa7ce2e829b156b6b2a9da36e09488eda956e5a66a30f221742ee0aa8167f7
500,50,138,0.002,4.0,5.0,1.0,11,0.335,0.93,6.0,97b28df35b811f0a5dba92060bfa9d60f1cc23fb3123298c2b14a461bea2df00
500,50,420,0.002,4.0,7.0,2.5,17,-0.58,-0.32,5.0,8b99cc78d3cb5224793576097671ee3e7b24a24fb6d06417ba2121ba86390aaa
500,50,67,0.002,3.0,10.0,-2.0,15,-0.8590000000000001,-0.93,3.0,3a360bea2f41e303724f014d0cc814dc18605110da671f5cf3213df428cae74f
500,50,306,0.002,6.0,7.0,-3.0,3,-0.065,-0.25,4.5,fab8f433d6f6bb610ff043434b54f18824bcad5c38069edd6b0404477ea4af7a
500,50,420,0.002,7.0,7.0,1.0,7,-1.638,-1.65,3.0,8b99cc78d3cb5224793576097671ee3e7b24a24fb6d06417ba2121ba86390aaa
500,50,116,0.002,6.0,11.0,0.0,1,-1.211,-1.0,4.0,a7e45ccfa44749f47009339807a5b3b6faa94591750df4893bbd649eb03548aa
500,50,116,0.002,4.0,3.0,5.0,7,0.301,0.64,6.0,a7e45ccfa44749f47009339807a5b3b6faa94591750df4893bbd649eb03548aa
500,50,178,0.002,2.0,4.0,0.5,7,0.446,0.71,8.0,2852b7ff8e5e77dbf55d6569bbb35253228fd4522b19f56bb25e9bbc298dc1d4
500,50,237,0.0005,2.0,1.0,0.0,18,0.662,1.01,7.5,ae09de22341acc99642986aaf9c7381ac262776e4005b6da61f705bd3bdc0e7a
500,50,178,0.002,3.0,3.0,0.5,28,-0.046,0.39,6.5,2852b7ff8e5e77dbf55d6569bbb35253228fd4522b19f56bb25e9bbc298dc1d4
500,50,173,0.002,2.0,7.0,2.5,6,-0.17800000000000002,0.08,5.5,3b3c69bfe1ea7d3417e6f0cb7831cd1890ff9efc41485332a6269801eec79431
500,50,173,0.002,2.0,7.0,2.5,24,-0.15,0.2,6.0,3b3c69bfe1ea7d3417e6f0cb7831cd1890ff9efc41485332a6269801eec79431
500,50,156,0.00025,4.0,3.0,-1.0,11,-0.199,0.45,7.0,c0eabf7d5c642cd9077bfaa2a018dcfd8b98dc6f5570a2916e29fc8066add117
500,50,123,0.002,3.0,3.0,1.5,18,-0.214,0.65,5.5,b2aa7ce2e829b156b6b2a9da36e09488eda956e5a66a30f221742ee0aa8167f7
500,50,420,0.002,6.0,3.0,3.5,1,0.398,1.61,8.5,8b99cc78d3cb5224793576097671ee3e7b24a24fb6d06417ba2121ba86390aaa
500,50,420,0.002,6.0,7.0,1.5,1,-0.531,-0.2,5.0,8b99cc78d3cb5224793576097671ee3e7b24a24fb6d06417ba2121ba86390aaa
500,50,103,0.0005,4.0,4.0,0.0,18,-0.6780000000000002,-0.29,5.5,f686a886b7f72c7d003d6a650ffd17acce3c4aa805af76248dd3d1e642265184
500,50,420,0.002,6.0,6.0,2.0,1,0.034,0.72,5.5,8b99cc78d3cb5224793576097671ee3e7b24a24fb6d06417ba2121ba86390aaa
500,50,406,0.002,6.0,4.0,-1.5,15,-0.207,-0.02,5.0,d8cbd0c6756e20701f1e3611fcfe1080ff6b93fafb65fb2800ad9a7bd0a04ea2
500,50,116,0.002,3.0,4.0,5.0,3,0.188,0.69,7.5,a7e45ccfa44749f47009339807a5b3b6faa94591750df4893bbd649eb03548aa
500,50,272,0.002,1.0,6.0,0.5,21,0.304,0.69,5.0,afcb930297b7343b8945a302072f385537be9321555f4f186f06883623c7f8fb
500,50,173,0.002,3.0,4.0,3.5,33,0.111,0.7,6.0,3b3c69bfe1ea7d3417e6f0cb7831cd1890ff9efc41485332a6269801eec79431
500,50,116,0.002,5.0,7.0,2.5,24,-0.65,-0.58,3.5,a7e45ccfa44749f47009339807a5b3b6faa94591750df4893bbd649eb03548aa
500,50,51,0.002,3.0,5.0,-1.0,40,-0.532,-0.25,5.0,0da469cd406ad5030b33efeb4176c7916b6520b504ade19e5900078c3b28d733
500,50,116,0.002,5.0,7.0,2.5,16,-0.894,-0.71,3.0,a7e45ccfa44749f47009339807a5b3b6faa94591750df4893bbd649eb03548aa
500,50,138,0.002,4.0,6.0,0.5,7,-0.642,0.07,4.0,97b28df35b811f0a5dba92060bfa9d60f1cc23fb3123298c2b14a461bea2df00
500,50,116,0.002,1.0,3.0,6.5,28,1.45,1.74,8.5,a7e45ccfa44749f47009339807a5b3b6faa94591750df4893bbd649eb03548aa
500,50,272,0.002,1.0,3.0,2.0,48,0.598,1.13,5.0,afcb930297b7343b8945a302072f385537be9321555f4f186f06883623c7f8fb
500,50,11,0.0005,3.0,4.0,-1.0,4,-0.18899999999999997,0.55,5.5,8500b2f053a701b4ccbc7b6943415361122ca2c5b13bada8b1620345c74dc442
500,50,116,0.002,1.0,8.0,4.0,21,0.152,0.65,6.5,a7e45ccfa44749f47009339807a5b3b6faa94591750df4893bbd649eb03548aa
500,50,116,0.002,8.0,5.0,2.0,3,-0.364,-0.2,4.0,a7e45ccfa44749f47009339807a5b3b6faa94591750df4893bbd649eb03548aa
500,50,420,0.002,3.0,11.0,1.0,11,-1.588,-1.55,2.5,8b99cc78d3cb5224793576097671ee3e7b24a24fb6d06417ba2121ba86390aaa
500,50,243,0.002,4.0,6.0,0.0,13,-0.281,0.3,4.5,a3243ce7707a2a3682e9edb42f661751af7593e49dee8391462be0e0e7feca5b
500,50,36,0.002,2.0,3.0,2.5,26,0.335,0.88,7.0,ff40caff9436adbf9bd38cd8dd2a07eed72cc198918166d6ec73cd19617b2ff6
500,50,116,0.002,3.0,4.0,5.0,43,-0.235,-0.13,5.0,a7e45ccfa44749f47009339807a5b3b6faa94591750df4893bbd649eb03548aa
500,50,116,0.002,7.0,8.0,1.0,15,-1.05,-0.91,3.5,a7e45ccfa44749f47009339807a5b3b6faa94591750df4893bbd649eb03548aa
500,50,420,0.002,2.0,8.0,3.0,29,-0.815,-0.3,5.0,8b99cc78d3cb5224793576097671ee3e7b24a24fb6d06417ba2121ba86390aaa
500,50,182,0.002,3.0,5.0,0.5,14,-0.158,0.46,5.5,ef5ccd9e100038eaeca590bb86f90622b26afb602bebc9512c60f4a108b50adc
500,50,197,0.002,3.0,7.0,-3.0,22,-0.924,-0.18,4.5,974d9211be6247450a6f495fb68d07d87a9447054c0e477af8b7ae30a4f4e56e
500,50,116,0.002,7.0,6.0,2.0,3,-0.611,-0.57,4.5,a7e45ccfa44749f47009339807a5b3b6faa94591750df4893bbd649eb03548aa
500,50,272,0.002,4.0,7.0,-1.5,3,-0.542,-0.11,6.0,afcb930297b7343b8945a302072f385537be9321555f4f186f06883623c7f8fb
500,50,272,0.002,1.0,6.0,0.5,39,-0.13,0.26,5.5,afcb930297b7343b8945a302072f385537be9321555f4f186f06883623c7f8fb
500,50,116,0.002,6.0,5.0,3.0,1,-0.622,-0.13,4.5,a7e45ccfa44749f47009339807a5b3b6faa94591750df4893bbd649eb03548aa
500,50,116,0.002,2.0,9.0,3.0,36,-0.7440000000000001,-0.24,5.0,a7e45ccfa44749f47009339807a5b3b6faa94591750df4893bbd649eb03548aa
500,50,280,0.002,3.0,6.0,1.0,38,0.299,0.92,6.5,3dbec4ed280111c6f70cf5b95bd8007d71fffb43262f818ee2b01da94e952ed1
500,50,116,0.002,3.0,8.0,3.0,18,-0.544,-0.52,5.0,a7e45ccfa44749f47009339807a5b3b6faa94591750df4893bbd649eb03548aa
500,50,173,0.002,4.0,5.0,2.5,4,0.148,0.54,7.0,3b3c69bfe1ea7d3417e6f0cb7831cd1890ff9efc41485332a6269801eec79431
500,50,182,0.002,2.0,4.0,1.5,23,-0.231,0.28,6.0,ef5ccd9e100038eaeca590bb86f90622b26afb602bebc9512c60f4a108b50adc
500,50,420,0.002,4.0,8.0,2.0,20,-0.212,0.35,5.0,8b99cc78d3cb5224793576097671ee3e7b24a24fb6d06417ba2121ba86390aaa
500,50,420,0.002,5.0,8.0,1.5,7,-0.6579999999999999,-0.12,2.5,8b99cc78d3cb5224793576097671ee3e7b24a24fb6d06417ba2121ba86390aaa
500,50,182,0.002,2.0,5.0,1.0,11,-0.242,0.2,4.5,ef5ccd9e100038eaeca590bb86f90622b26afb602bebc9512c60f4a108b50adc
500,50,138,0.002,4.0,7.0,0.0,32,-0.988,-0.63,4.5,97b28df35b811f0a5dba92060bfa9d60f1cc23fb3123298c2b14a461bea2df00
500,50,116,0.002,3.0,9.0,2.5,16,-1.101,-0.96,5.0,a7e45ccfa44749f47009339807a5b3b6faa94591750df4893bbd649eb03548aa
500,50,116,0.002,6.0,4.0,3.5,3,-0.763,-0.36,6.5,a7e45ccfa44749f47009339807a5b3b6faa94591750df4893bbd649eb03548aa
500,50,116,0.002,3.0,11.0,1.5,4,-0.679,-0.35,3.0,a7e45ccfa44749f47009339807a5b3b6faa94591750df4893bbd649eb03548aa
500,50,420,0.002,3.0,6.0,3.5,4,-0.408,-0.15,5.5,8b99cc78d3cb5224793576097671ee3e7b24a24fb6d06417ba2121ba86390aaa
500,50,116,0.002,3.0,5.0,4.5,9,0.17800000000000002,0.75,5.5,a7e45ccfa44749f47009339807a5b3b6faa94591750df4893bbd649eb03548aa
500,50,420,0.002,5.0,0.0,5.5,21,0.718,1.54,6.5,8b99cc78d3cb5224793576097671ee3e7b24a24fb6d06417ba2121ba86390aaa
500,50,123,0.002,2.0,6.0,0.5,12,-0.014000000000000002,0.29,5.5,b2aa7ce2e829b156b6b2a9da36e09488eda956e5a66a30f221742ee0aa8167f7
500,50,420,0.002,4.0,3.0,4.5,7,0.161,1.31,6.0,8b99cc78d3cb5224793576097671ee3e7b24a24fb6d06417ba2121ba86390aaa
500,50,11,0.0005,4.0,4.0,-1.5,31,-0.9620000000000001,0.4,4.5,8500b2f053a701b4ccbc7b6943415361122ca2c5b13bada8b1620345c74dc442
500,50,173,0.002,4.0,3.0,3.5,22,0.392,1.32,6.0,3b3c69bfe1ea7d3417e6f0cb7831cd1890ff9efc41485332a6269801eec79431
500,50,409,0.00025,2.0,2.0,0.0,19,0.759,1.8,8.0,d19357a5dbc4ba581ffba733b41fe697bb06305f120052064375b75d32f0db6e
500,50,420,0.002,5.0,9.0,1.0,1,-1.024,-0.76,3.5,8b99cc78d3cb5224793576097671ee3e7b24a24fb6d06417ba2121ba86390aaa
500,50,116,0.002,3.0,8.0,3.0,29,-0.63,-0.16,5.0,a7e45ccfa44749f47009339807a5b3b6faa94591750df4893bbd649eb03548aa
500,50,173,0.002,6.0,2.0,3.0,6,-0.003,0.64,6.0,3b3c69bfe1ea7d3417e6f0cb7831cd1890ff9efc41485332a6269801eec79431
500,50,116,0.002,6.0,2.0,4.5,22,-0.358,0.51,4.5,a7e45ccfa44749f47009339807a5b3b6faa94591750df4893bbd649eb03548aa
500,50,138,0.002,4.0,5.0,1.0,9,-0.177,0.34,7.0,97b28df35b811f0a5dba92060bfa9d60f1cc23fb3123298c2b14a461bea2df00
500,50,153,0.002,3.0,5.0,1.5,10,-0.144,0.76,5.5,6b6f91ba62efae00f09fbbdb547009f73ef44ff90923e257225aa6c928379dbe
500,50,420,0.002,2.0,6.0,4.0,36,-0.418,-0.17,5.0,8b99cc78d3cb5224793576097671ee3e7b24a24fb6d06417ba2121ba86390aaa
500,50,272,0.002,2.0,8.0,-1.0,46,-0.951,-0.62,4.5,afcb930297b7343b8945a302072f385537be9321555f4f186f06883623c7f8fb
500,50,420,0.002,4.0,8.0,2.0,7,0.22699999999999998,0.67,4.5,8b99cc78d3cb5224793576097671ee3e7b24a24fb6d06417ba2121ba86390aaa
500,50,116,0.002,8.0,4.0,2.5,1,-0.552,0.18,4.0,a7e45ccfa44749f47009339807a5b3b6faa94591750df4893bbd649eb03548aa
500,50,116,0.002,2.0,3.0,6.0,32,0.32300000000000006,1.24,6.0,a7e45ccfa44749f47009339807a5b3b6faa94591750df4893bbd649eb03548aa
500,50,420,0.002,5.0,7.0,2.0,9,-0.647,-0.28,5.5,8b99cc78d3cb5224793576097671ee3e7b24a24fb6d06417ba2121ba86390aaa
500,50,420,0.002,1.0,5.0,5.0,6,1.8769999999999998,2.5,9.0,8b99cc78d3cb5224793576097671ee3e7b24a24fb6d06417ba2121ba86390aaa
500,50,406,0.002,5.0,8.0,-3.0,50,-1.874,-1.73,2.0,d8cbd0c6756e20701f1e3611fcfe1080ff6b93fafb65fb2800ad9a7bd0a04ea2
500,50,420,0.002,4.0,3.0,4.5,15,0.31,1.23,4.5,8b99cc78d3cb5224793576097671ee3e7b24a24fb6d06417ba2121ba86390aaa
500,50,420,0.002,4.0,7.0,2.5,3,0.475,0.89,5.5,8b99cc78d3cb5224793576097671ee3e7b24a24fb6d06417ba2121ba86390aaa
500,50,420,0.002,3.0,7.0,3.0,20,-0.2,0.06,4.5,8b99cc78d3cb5224793576097671ee3e7b24a24fb6d06417ba2121ba86390aaa
500,50,420,0.002,8.0,7.0,0.5,3,-0.731,-0.46,5.0,8b99cc78d3cb5224793576097671ee3e7b24a24fb6d06417ba2121ba86390aaa
500,50,420,0.002,2.0,8.0,3.0,26,-0.10800000000000001,0.26,7.5,8b99cc78d3cb5224793576097671ee3e7b24a24fb6d06417ba2121ba86390aaa
500,50,280,0.002,5.0,7.0,-0.5,12,-0.54,0.11,4.0,3dbec4ed280111c6f70cf5b95bd8007d71fffb43262f818ee2b01da94e952ed1
500,50,486,0.002,2.0,6.0,-3.0,44,0.038,0.14,4.5,585f855bca4f2213c08d3732aec1af4117ae86a0883055ae9f6f3b8099486dde
500,50,116,0.002,6.0,8.0,1.5,4,-0.648,-0.19,4.0,a7e45ccfa44749f47009339807a5b3b6faa94591750df4893bbd649eb03548aa
500,50,36,0.002,2.0,5.0,1.5,26,-0.049,0.4,4.5,ff40caff9436adbf9bd38cd8dd2a07eed72cc198918166d6ec73cd19617b2ff6
500,50,138,0.002,5.0,6.0,0.0,6,-0.61,-0.12,5.5,97b28df35b811f0a5dba92060bfa9d60f1cc23fb3123298c2b14a461bea2df00
500,50,153,0.002,8.0,6.0,-1.5,3,-1.255,-1.11,5.5,6b6f91ba62efae00f09fbbdb547009f73ef44ff90923e257225aa6c928379dbe
500,50,261,0.002,5.0,5.0,0.0,21,-0.051,0.51,4.5,84d7db09a4a66ab80de8d84cf303232fb5d2699c1e35c5a38a7893393bdba5db
500,50,116,0.002,4.0,5.0,4.0,5,0.07,0.58,6.0,a7e45ccfa44749f47009339807a5b3b6faa94591750df4893bbd649eb03548aa
500,50,417,0.001,1.0,4.0,1.0,21,0.333,1.17,8.0,576662496728038e224e71e11e336af0a6bb55625ba792b564b78dbc59d6551a
500,50,173,0.002,2.0,5.0,3.5,34,-0.20800000000000002,0.45,5.5,3b3c69bfe1ea7d3417e6f0cb7831cd1890ff9efc41485332a6269801eec79431
500,50,116,0.002,3.0,10.0,2.0,4,-0.136,0.7,4.5,a7e45ccfa44749f47009339807a5b3b6faa94591750df4893bbd649eb03548aa
500,50,420,0.002,6.0,6.0,2.0,9,-0.36700000000000005,0.21,4.0,8b99cc78d3cb5224793576097671ee3e7b24a24fb6d06417ba2121ba86390aaa
500,50,306,0.002,3.0,5.0,-0.5,7,0.139,0.61,5.0,fab8f433d6f6bb610ff043434b54f18824bcad5c38069edd6b0404477ea4af7a
500,50,116,0.002,2.0,6.0,4.5,19,-0.25,-0.35,4.5,a7e45ccfa44749f47009339807a5b3b6faa94591750df4893bbd649eb03548aa
500,50,497,0.001,4.0,5.0,-1.0,21,-0.823,-0.44,4.5,526db03663e3f68905e8ed37f0760b4ef31347fa4159ce8515af8811d6253ad1
500,50,420,0.002,1.0,6.0,4.5,46,0.489,1.2,5.5,8b99cc78d3cb5224793576097671ee3e7b24a24fb6d06417ba2121ba86390aaa
500,50,123,0.002,2.0,8.0,-0.5,1,0.014000000000000002,0.21,6.5,b2aa7ce2e829b156b6b2a9da36e09488eda956e5a66a30f221742ee0aa8167f7
500,50,138,0.002,3.0,4.0,2.0,7,0.509,0.56,7.0,97b28df35b811f0a5dba92060bfa9d60f1cc23fb3123298c2b14a461bea2df00
500,50,420,0.002,10.0,9.0,-1.5,1,-1.916,-2.01,2.0,8b99cc78d3cb5224793576097671ee3e7b24a24fb6d06417ba2121ba86390aaa
500,50,182,0.002,3.0,7.0,-0.5,7,-0.619,-0.01,4.0,ef5ccd9e100038eaeca590bb86f90622b26afb602bebc9512c60f4a108b50adc
500,50,51,0.002,6.0,5.0,-2.5,6,0.184,0.58,5.5,0da469cd406ad5030b33efeb4176c7916b6520b504ade19e5900078c3b28d733
500,50,116,0.002,3.0,6.0,4.0,17,-0.129,0.6,5.0,a7e45ccfa44749f47009339807a5b3b6faa94591750df4893bbd649eb03548aa
500,50,123,0.002,4.0,2.0,1.5,36,-0.099,0.65,5.0,b2aa7ce2e829b156b6b2a9da36e09488eda956e5a66a30f221742ee0aa8167f7
500,50,153,0.002,3.0,4.0,2.0,4,1.095,0.9,7.0,6b6f91ba62efae00f09fbbdb547009f73ef44ff90923e257225aa6c928379dbe
500,50,116,0.002,4.0,7.0,3.0,2,0.526,1.04,4.5,a7e45ccfa44749f47009339807a5b3b6faa94591750df4893bbd649eb03548aa
500,50,116,0.002,5.0,6.0,3.0,10,-0.615,-0.38,3.0,a7e45ccfa44749f47009339807a5b3b6faa94591750df4893bbd649eb03548aa
500,50,138,0.002,7.0,7.0,-1.5,8,-1.7789999999999997,-1.4,4.0,97b28df35b811f0a5dba92060bfa9d60f1cc23fb3123298c2b14a461bea2df00
500,50,116,0.002,3.0,6.0,4.0,43,-1.369,-1.12,4.0,a7e45ccfa44749f47009339807a5b3b6faa94591750df4893bbd649eb03548aa
500,50,497,0.001,5.0,5.0,-1.5,22,-0.852,-0.8,4.0,526db03663e3f68905e8ed37f0760b4ef31347fa4159ce8515af8811d6253ad1
500,50,420,0.002,6.0,7.0,1.5,5,-0.703,-0.06,4.5,8b99cc78d3cb5224793576097671ee3e7b24a24fb6d06417ba2121ba86390aaa
500,50,272,0.002,4.0,6.0,-1.0,26,-0.667,-0.17,4.0,afcb930297b7343b8945a302072f385537be9321555f4f186f06883623c7f8fb
500,50,173,0.002,7.0,4.0,1.5,3,0.34,1.05,6.5,3b3c69bfe1ea7d3417e6f0cb7831cd1890ff9efc41485332a6269801eec79431
500,50,116,0.002,4.0,6.0,3.5,6,0.07,0.71,4.5,a7e45ccfa44749f47009339807a5b3b6faa94591750df4893bbd649eb03548aa
500,50,420,0.002,7.0,7.0,1.0,6,-1.304,-1.63,2.5,8b99cc78d3cb5224793576097671ee3e7b24a24fb6d06417ba2121ba86390aaa
500,50,116,0.002,2.0,9.0,3.0,26,-0.759,-0.6,4.0,a7e45ccfa44749f47009339807a5b3b6faa94591750df4893bbd649eb03548aa
500,50,361,0.001,3.0,5.0,-1.0,36,-0.675,-0.1,3.5,b3b29cc417591441cf91bccb62378e246ba397718ccb51e81dab8b328cf75393
500,50,116,0.002,7.0,7.0,1.5,2,-0.6679999999999999,-0.25,4.5,a7e45ccfa44749f47009339807a5b3b6faa94591750df4893bbd649eb03548aa
500,50,420,0.002,8.0,4.0,2.0,2,0.064,0.19,4.5,8b99cc78d3cb5224793576097671ee3e7b24a24fb6d06417ba2121ba86390aaa
500,50,116,0.002,5.0,3.0,4.5,12,0.355,1.35,6.0,a7e45ccfa44749f47009339807a5b3b6faa94591750df4893bbd649eb03548aa
500,50,422,0.002,4.0,5.0,-2.0,6,0.154,0.4,5.5,fb42fbb3176c48cb2875b84cdae050548972e6bfc5c5c2e1fe04f2e151a175a4
500,50,306,0.002,6.0,4.0,-1.5,2,-0.245,0.52,6.5,fab8f433d6f6bb610ff043434b54f18824bcad5c38069edd6b0404477ea4af7a
500,50,420,0.002,6.0,7.0,1.5,2,-0.43700000000000006,-0.32,4.0,8b99cc78d3cb5224793576097671ee3e7b24a24fb6d06417ba2121ba86390aaa
500,50,357,0.0005,1.0,5.0,-0.5,44,-0.564,-0.11,5.5,c99f5297f235ea9284300ff5d1db9cdd539f9089dfd30f5074f49150bf2016cc
500,50,182,0.002,1.0,4.0,2.0,49,0.158,0.41,7.0,ef5ccd9e100038eaeca590bb86f90622b26afb602bebc9512c60f4a108b50adc
500,50,423,0.0005,0.0,2.0,-0.5,49,0.754,0.59,7.0,3d2ebf107429ef13ace7750af79be48e330263a60bc5b76a4112f03245eaa320
500,50,420,0.002,5.0,5.0,3.0,9,-0.557,0.1,5.0,8b99cc78d3cb5224793576097671ee3e7b24a24fb6d06417ba2121ba86390aaa
500,50,497,0.001,1.0,7.0,-0.5,12,-0.287,-0.07,6.0,526db03663e3f68905e8ed37f0760b4ef31347fa4159ce8515af8811d6253ad1
500,50,243,0.002,3.0,1.0,3.0,45,0.7559999999999999,1.37,7.5,a3243ce7707a2a3682e9edb42f661751af7593e49dee8391462be0e0e7feca5b
500,50,116,0.002,6.0,4.0,3.5,6,-0.534,-0.06,5.5,a7e45ccfa44749f47009339807a5b3b6faa94591750df4893bbd649eb03548aa
500,50,453,0.00025,1.0,2.0,0.0,26,1.084,1.17,7.5,0f5e206adcee4b6578f2aad04036d7c31445d9d83c8088c9abac416b660247e8
500,50,116,0.002,5.0,4.0,4.0,3,0.858,1.32,6.0,a7e45ccfa44749f47009339807a5b3b6faa94591750df4893bbd649eb03548aa
500,50,116,0.002,4.0,5.0,4.0,5,0.177,0.28,6.0,a7e45ccfa44749f47009339807a5b3b6faa94591750df4893bbd649eb03548aa
500,50,116,0.002,2.0,5.0,5.0,49,-0.373,0.39,5.0,a7e45ccfa44749f47009339807a5b3b6faa94591750df4893bbd649eb03548aa
500,50,116,0.002,5.0,4.0,4.0,1,0.066,0.62,7.0,a7e45ccfa44749f47009339807a5b3b6faa94591750df4893bbd649eb03548aa
500,50,116,0.002,6.0,5.0,3.0,9,-1.13,-1.17,4.0,a7e45ccfa44749f47009339807a5b3b6faa94591750df4893bbd649eb03548aa
500,50,420,0.002,3.0,9.0,2.0,24,-0.972,-1.05,3.0,8b99cc78d3cb5224793576097671ee3e7b24a24fb6d06417ba2121ba86390aaa
500,50,497,0.001,8.0,5.0,-3.0,23,-1.274,-1.77,3.0,526db03663e3f68905e8ed37f0760b4ef31347fa4159ce8515af8811d6253ad1
500,50,420,0.002,6.0,8.0,1.0,5,-0.997,-0.84,4.5,8b99cc78d3cb5224793576097671ee3e7b24a24fb6d06417ba2121ba86390aaa
500,50,173,0.002,3.0,5.0,3.0,36,0.092,0.55,5.0,3b3c69bfe1ea7d3417e6f0cb7831cd1890ff9efc41485332a6269801eec79431
500,50,173,0.002,5.0,6.0,1.5,7,0.132,0.78,5.5,3b3c69bfe1ea7d3417e6f0cb7831cd1890ff9efc41485332a6269801eec79431
500,50,420,0.002,2.0,2.0,6.0,15,1.569,1.86,8.5,8b99cc78d3cb5224793576097671ee3e7b24a24fb6d06417ba2121ba86390aaa
500,50,272,0.002,1.0,8.0,-0.5,50,-0.045,0.01,5.5,afcb930297b7343b8945a302072f385537be9321555f4f186f06883623c7f8fb
500,50,420,0.002,7.0,4.0,2.5,7,-0.37799999999999995,-0.11,4.5,8b99cc78d3cb5224793576097671ee3e7b24a24fb6d06417ba2121ba86390aaa
500,50,173,0.002,4.0,5.0,2.5,2,0.099,0.27,5.0,3b3c69bfe1ea7d3417e6f0cb7831cd1890ff9efc41485332a6269801eec79431
500,50,182,0.002,2.0,5.0,1.0,25,-0.137,0.31,5.0,ef5ccd9e100038eaeca590bb86f90622b26afb602bebc9512c60f4a108b50adc
500,50,420,0.002,4.0,8.0,2.0,21,-1.041,-1.03,4.0,8b99cc78d3cb5224793576097671ee3e7b24a24fb6d06417ba2121ba86390aaa
500,50,173,0.002,4.0,7.0,1.5,5,-0.312,-0.05,5.0,3b3c69bfe1ea7d3417e6f0cb7831cd1890ff9efc41485332a6269801eec79431
500,50,138,0.002,2.0,7.0,1.0,33,0.062,0.54,7.0,97b28df35b811f0a5dba92060bfa9d60f1cc23fb3123298c2b14a461bea2df00
500,50,209,0.001,4.0,3.0,0.0,10,0.014000000000000002,0.56,4.5,886a14107d7fa93a41960fdb8744e8befb34c8a890a5c627d34c2259f4531f7d
500,50,116,0.002,2.0,7.0,4.0,19,0.079,0.29,4.5,a7e45ccfa44749f47009339807a5b3b6faa94591750df4893bbd649eb03548aa
500,50,406,0.002,5.0,6.0,-2.0,28,-1.541,-1.37,4.0,d8cbd0c6756e20701f1e3611fcfe1080ff6b93fafb65fb2800ad9a7bd0a04ea2
500,50,116,0.002,5.0,4.0,4.0,16,-0.215,0.36,5.0,a7e45ccfa44749f47009339807a5b3b6faa94591750df4893bbd649eb03548aa
500,50,243,0.002,4.0,4.0,1.0,8,-0.036,0.62,6.0,a3243ce7707a2a3682e9edb42f661751af7593e49dee8391462be0e0e7feca5b
500,50,116,0.002,6.0,3.0,4.0,2,0.055,1.33,5.5,a7e45ccfa44749f47009339807a5b3b6faa94591750df4893bbd649eb03548aa
500,50,272,0.002,4.0,5.0,-0.5,18,-0.519,-0.14,4.0,afcb930297b7343b8945a302072f385537be9321555f4f186f06883623c7f8fb
500,50,38,0.002,1.0,4.0,-0.5,32,0.03,0.01,6.5,745e093be5c132f8dd62ffe006291e2dbe17e030eef209884a7f1ef9e3699f87
500,50,116,0.002,0.0,6.0,5.5,31,1.073,1.38,6.5,a7e45ccfa44749f47009339807a5b3b6faa94591750df4893bbd649eb03548aa
500,50,182,0.002,3.0,5.0,0.5,12,-0.426,0.28,6.0,ef5ccd9e100038eaeca590bb86f90622b26afb602bebc9512c60f4a108b50adc
500,50,420,0.002,6.0,12.0,-1.0,1,-0.99,-0.6,2.5,8b99cc78d3cb5224793576097671ee3e7b24a24fb6d06417ba2121ba86390aaa
500,50,420,0.002,3.0,7.0,3.0,5,-0.134,0.11,4.5,8b99cc78d3cb5224793576097671ee3e7b24a24fb6d06417ba2121ba86390aaa
500,50,420,0.002,2.0,7.0,3.5,36,-0.263,0.15,6.5,8b99cc78d3cb5224793576097671ee3e7b24a24fb6d06417ba2121ba86390aaa
500,50,420,0.002,2.0,6.0,4.0,35,-0.019,0.91,5.0,8b99cc78d3cb5224793576097671ee3e7b24a24fb6d06417ba2121ba86390aaa
500,50,420,0.002,4.0,7.0,2.5,28,-0.929,-0.87,2.5,8b99cc78d3cb5224793576097671ee3e7b24a24fb6d06417ba2121ba86390aaa
500,50,173,0.002,5.0,5.0,2.0,20,-1.222,-0.66,3.5,3b3c69bfe1ea7d3417e6f0cb7831cd1890ff9efc41485332a6269801eec79431
500,50,191,0.0005,2.0,5.0,-1.5,46,-0.419,-0.41,6.0,2a0b607e0318a0ec8fc663857ccdc5f46ab43d5385127f2a38b36f8c6089c740
500,50,272,0.002,4.0,5.0,-0.5,22,-0.671,-0.2,5.0,afcb930297b7343b8945a302072f385537be9321555f4f186f06883623c7f8fb
500,50,74,0.002,3.0,6.0,-1.0,17,-0.914,-0.58,4.5,5336d765b764a93e2eb1d0758e1d55b61cf2de15952d7b4f9d34abd296c96afb
500,50,422,0.002,3.0,4.0,-1.0,18,0.033,0.85,6.5,fb42fbb3176c48cb2875b84cdae050548972e6bfc5c5c2e1fe04f2e151a175a4
500,50,123,0.002,4.0,2.0,1.5,4,0.03,0.17,7.0,b2aa7ce2e829b156b6b2a9da36e09488eda956e5a66a30f221742ee0aa8167f7
500,50,261,0.002,4.0,4.0,1.0,5,0.578,0.88,6.0,84d7db09a4a66ab80de8d84cf303232fb5d2699c1e35c5a38a7893393bdba5db
500,50,116,0.002,6.0,4.0,3.5,3,-0.354,0.0,6.5,a7e45ccfa44749f47009339807a5b3b6faa94591750df4893bbd649eb03548aa
500,50,67,0.002,4.0,4.0,0.5,29,0.2,0.69,5.5,3a360bea2f41e303724f014d0cc814dc18605110da671f5cf3213df428cae74f
500,50,116,0.002,1.0,4.0,6.0,4,0.8370000000000001,0.94,6.0,a7e45ccfa44749f47009339807a5b3b6faa94591750df4893bbd649eb03548aa
500,50,36,0.002,9.0,5.0,-2.0,3,-0.877,-1.02,4.5,ff40caff9436adbf9bd38cd8dd2a07eed72cc198918166d6ec73cd19617b2ff6
500,50,182,0.002,4.0,3.0,1.0,18,0.264,0.96,6.5,ef5ccd9e100038eaeca590bb86f90622b26afb602bebc9512c60f4a108b50adc
500,50,116,0.002,6.0,3.0,4.0,5,0.033,0.11,4.5,a7e45ccfa44749f47009339807a5b3b6faa94591750df4893bbd649eb03548aa
500,50,490,0.002,2.0,3.0,0.5,11,0.503,0.43,7.0,974847301356efb9a3ebc5a376507ea020f2aa2b7a8db231927848b0f6c7fa65
500,50,497,0.001,3.0,4.0,0.0,22,0.192,0.52,6.5,526db03663e3f68905e8ed37f0760b4ef31347fa4159ce8515af8811d6253ad1
500,50,420,0.002,4.0,2.0,5.0,36,0.69,1.53,6.5,8b99cc78d3cb5224793576097671ee3e7b24a24fb6d06417ba2121ba86390aaa
500,50,116,0.002,2.0,4.0,5.5,8,0.615,1.71,6.5,a7e45ccfa44749f47009339807a5b3b6faa94591750df4893bbd649eb03548aa
500,50,116,0.002,7.0,8.0,1.0,1,-0.21899999999999997,0.1,4.5,a7e45ccfa44749f47009339807a5b3b6faa94591750df4893bbd649eb03548aa
500,50,173,0.002,3.0,6.0,2.5,3,0.836,1.02,6.0,3b3c69bfe1ea7d3417e6f0cb7831cd1890ff9efc41485332a6269801eec79431
500,50,173,0.002,5.0,4.0,2.5,12,-0.36199999999999993,0.09,4.0,3b3c69bfe1ea7d3417e6f0cb7831cd1890ff9efc41485332a6269801eec79431
500,50,243,0.002,1.0,5.0,2.0,35,0.742,0.89,8.5,a3243ce7707a2a3682e9edb42f661751af7593e49dee8391462be0e0e7feca5b
500,50,173,0.002,4.0,5.0,2.5,30,-0.013000000000000001,0.27,6.5,3b3c69bfe1ea7d3417e6f0cb7831cd1890ff9efc41485332a6269801eec79431
500,50,182,0.002,7.0,4.0,-1.0,1,-0.389,0.27,4.0,ef5ccd9e100038eaeca590bb86f90622b26afb602bebc9512c60f4a108b50adc
500,50,123,0.002,2.0,7.0,0.0,44,-0.405,0.18,4.0,b2aa7ce2e829b156b6b2a9da36e09488eda956e5a66a30f221742ee0aa8167f7
500,50,116,0.002,1.0,5.0,5.5,1,0.349,0.71,6.5,a7e45ccfa44749f47009339807a5b3b6faa94591750df4893bbd649eb03548aa
500,50,116,0.002,3.0,5.0,4.5,33,0.239,0.3,6.0,a7e45ccfa44749f47009339807a5b3b6faa94591750df4893bbd649eb03548aa
500,50,116,0.002,6.0,5.0,3.0,4,-0.63,0.03,5.0,a7e45ccfa44749f47009339807a5b3b6faa94591750df4893bbd649eb03548aa
500,50,490,0.002,2.0,6.0,-1.0,44,-0.198,0.49,5.0,974847301356efb9a3ebc5a376507ea020f2aa2b7a8db231927848b0f6c7fa65
500,50,173,0.002,5.0,8.0,0.5,13,-0.527,-0.78,4.0,3b3c69bfe1ea7d3417e6f0cb7831cd1890ff9efc41485332a6269801eec79431
500,50,153,0.002,2.0,7.0,1.0,6,0.312,0.51,5.5,6b6f91ba62efae00f09fbbdb547009f73ef44ff90923e257225aa6c928379dbe
500,50,138,0.002,5.0,6.0,0.0,2,-0.57,-0.11,6.0,97b28df35b811f0a5dba92060bfa9d60f1cc23fb3123298c2b14a461bea2df00
500,50,497,0.001,4.0,4.0,-0.5,29,-0.574,0.12,6.0,526db03663e3f68905e8ed37f0760b4ef31347fa4159ce8515af8811d6253ad1
500,50,116,0.002,4.0,6.0,3.5,20,-0.732,-0.26,4.5,a7e45ccfa44749f47009339807a5b3b6faa94591750df4893bbd649eb03548aa
500,50,116,0.002,8.0,3.0,3.0,6,-0.804,-0.64,3.0,a7e45ccfa44749f47009339807a5b3b6faa94591750df4893bbd649eb03548aa
500,50,74,0.002,2.0,6.0,-0.5,43,-0.5,0.27,4.0,5336d765b764a93e2eb1d0758e1d55b61cf2de15952d7b4f9d34abd296c96afb
500,50,182,0.002,2.0,5.0,1.0,20,0.006,0.47,6.0,ef5ccd9e100038eaeca590bb86f90622b26afb602bebc9512c60f4a108b50adc
500,50,116,0.002,3.0,7.0,3.5,2,-0.877,-0.59,4.0,a7e45ccfa44749f47009339807a5b3b6faa94591750df4893bbd649eb03548aa
500,50,173,0.002,3.0,2.0,4.5,39,0.338,1.07,5.5,3b3c69bfe1ea7d3417e6f0cb7831cd1890ff9efc41485332a6269801eec79431
500,50,116,0.002,2.0,8.0,3.5,3,0.143,0.3,4.0,a7e45ccfa44749f47009339807a5b3b6faa94591750df4893bbd649eb03548aa
500,50,158,0.002,7.0,6.0,-2.5,24,-1.075,-1.29,3.5,344f34a1d32ba9c9a001e56e4d03ecfc7599d1fa3c5627b1ed5b429067fd6d72
500,50,153,0.002,6.0,3.0,1.0,4,0.493,1.33,6.5,6b6f91ba62efae00f09fbbdb547009f73ef44ff90923e257225aa6c928379dbe
500,50,138,0.002,2.0,5.0,2.0,16,0.708,1.07,5.5,97b28df35b811f0a5dba92060bfa9d60f1cc23fb3123298c2b14a461bea2df00
500,50,123,0.002,5.0,5.0,-0.5,8,-0.407,0.07,5.5,b2aa7ce2e829b156b6b2a9da36e09488eda956e5a66a30f221742ee0aa8167f7
500,50,116,0.002,4.0,7.0,3.0,3,-0.449,-0.13,4.0,a7e45ccfa44749f47009339807a5b3b6faa94591750df4893bbd649eb03548aa
500,50,116,0.002,2.0,3.0,6.0,26,0.306,1.16,6.0,a7e45ccfa44749f47009339807a5b3b6faa94591750df4893bbd649eb03548aa
500,50,95,0.002,3.0,10.0,-2.5,24,-0.524,-0.28,5.0,c25fc3efb39204b5d63cd28eb38ba90889f8e69e2579abfd84abaa122b7be87a
500,50,420,0.002,3.0,3.0,5.0,26,0.406,1.08,5.0,8b99cc78d3cb5224793576097671ee3e7b24a24fb6d06417ba2121ba86390aaa
500,50,123,0.002,3.0,3.0,1.5,35,-0.622,0.05,5.0,b2aa7ce2e829b156b6b2a9da36e09488eda956e5a66a30f221742ee0aa8167f7
500,50,116,0.002,3.0,7.0,3.5,11,-0.168,0.4,5.0,a7e45ccfa44749f47009339807a5b3b6faa94591750df4893bbd649eb03548aa
500,50,420,0.002,3.0,7.0,3.0,21,-0.616,0.15,4.5,8b99cc78d3cb5224793576097671ee3e7b24a24fb6d06417ba2121ba86390aaa
500,50,261,0.002,4.0,4.0,1.0,9,0.614,1.25,7.0,84d7db09a4a66ab80de8d84cf303232fb5d2699c1e35c5a38a7893393bdba5db
500,50,116,0.002,8.0,9.0,0.0,2,-1.579,-1.76,3.0,a7e45ccfa44749f47009339807a5b3b6faa94591750df4893bbd649eb03548aa
500,50,173,0.002,5.0,3.0,3.0,19,0.419,1.24,5.0,3b3c69bfe1ea7d3417e6f0cb7831cd1890ff9efc41485332a6269801eec79431
500,50,153,0.002,1.0,6.0,2.0,49,-0.144,0.56,6.0,6b6f91ba62efae00f09fbbdb547009f73ef44ff90923e257225aa6c928379dbe
500,50,116,0.002,1.0,6.0,5.0,5,0.745,1.01,6.0,a7e45ccfa44749f47009339807a5b3b6faa94591750df4893bbd649eb03548aa
500,50,173,0.002,4.0,8.0,1.0,16,-0.831,-0.8,5.0,3b3c69bfe1ea7d3417e6f0cb7831cd1890ff9efc41485332a6269801eec79431
500,50,261,0.002,1.0,5.0,2.0,33,0.625,0.62,7.5,84d7db09a4a66ab80de8d84cf303232fb5d2699c1e35c5a38a7893393bdba5db
500,50,420,0.002,2.0,6.0,4.0,37,-1.118,-0.99,5.5,8b99cc78d3cb5224793576097671ee3e7b24a24fb6d06417ba2121ba86390aaa
500,50,36,0.002,5.0,4.0,0.5,4,-0.05,0.36,6.5,ff40caff9436adbf9bd38cd8dd2a07eed72cc198918166d6ec73cd19617b2ff6
500,50,153,0.002,8.0,4.0,-0.5,11,0.081,0.67,4.5,6b6f91ba62efae00f09fbbdb547009f73ef44ff90923e257225aa6c928379dbe
500,50,280,0.002,4.0,5.0,1.0,19,-0.179,-0.07,5.5,3dbec4ed280111c6f70cf5b95bd8007d71fffb43262f818ee2b01da94e952ed1
500,50,420,0.002,6.0,6.0,2.0,1,0.163,0.41,6.5,8b99cc78d3cb5224793576097671ee3e7b24a24fb6d06417ba2121ba86390aaa
500,50,420,0.002,6.0,5.0,2.5,7,0.207,0.66,4.0,8b99cc78d3cb5224793576097671ee3e7b24a24fb6d06417ba2121ba86390aaa
500,50,116,0.002,5.0,4.0,4.0,1,0.285,0.64,5.5,a7e45ccfa44749f47009339807a5b3b6faa94591750df4893bbd649eb03548aa
500,50,116,0.002,4.0,4.0,4.5,5,0.36700000000000005,0.43,6.0,a7e45ccfa44749f47009339807a5b3b6faa94591750df4893bbd649eb03548aa
500,50,116,0.002,3.0,1.0,6.5,2,1.6840000000000002,2.15,8.5,a7e45ccfa44749f47009339807a5b3b6faa94591750df4893bbd649eb03548aa
500,50,406,0.002,3.0,5.0,-0.5,46,-0.4759999999999999,0.04,6.5,d8cbd0c6756e20701f1e3611fcfe1080ff6b93fafb65fb2800ad9a7bd0a04ea2
500,50,420,0.002,9.0,7.0,0.0,2,-0.927,-0.55,5.5,8b99cc78d3cb5224793576097671ee3e7b24a24fb6d06417ba2121ba86390aaa
500,50,420,0.002,3.0,8.0,2.5,44,-1.159,-0.78,4.5,8b99cc78d3cb5224793576097671ee3e7b24a24fb6d06417ba2121ba86390aaa
500,50,356,0.002,1.0,3.0,1.0,33,0.444,0.55,7.5,c1502d455473b0c952314917b0a1e263cde995d3c2f5b293b96dc02d8161eca8
500,50,173,0.002,1.0,7.0,3.0,36,0.292,1.16,5.0,3b3c69bfe1ea7d3417e6f0cb7831cd1890ff9efc41485332a6269801eec79431
500,50,123,0.002,2.0,0.0,3.5,9,1.62,2.35,7.5,b2aa7ce2e829b156b6b2a9da36e09488eda956e5a66a30f221742ee0aa8167f7
500,50,36,0.002,2.0,9.0,-0.5,34,-0.903,-0.69,3.5,ff40caff9436adbf9bd38cd8dd2a07eed72cc198918166d6ec73cd19617b2ff6
500,50,123,0.002,2.0,3.0,2.0,19,0.716,1.42,7.0,b2aa7ce2e829b156b6b2a9da36e09488eda956e5a66a30f221742ee0aa8167f7
500,50,36,0.002,2.0,9.0,-0.5,14,-0.355,-0.03,4.0,ff40caff9436adbf9bd38cd8dd2a07eed72cc198918166d6ec73cd19617b2ff6
500,50,173,0.002,8.0,4.0,1.0,1,0.137,0.64,4.5,3b3c69bfe1ea7d3417e6f0cb7831cd1890ff9efc41485332a6269801eec79431
500,50,280,0.002,2.0,10.0,-0.5,34,-0.309,0.04,4.0,3dbec4ed280111c6f70cf5b95bd8007d71fffb43262f818ee2b01da94e952ed1
500,50,116,0.002,9.0,7.0,0.5,2,-1.186,-1.62,3.5,a7e45ccfa44749f47009339807a5b3b6faa94591750df4893bbd649eb03548aa
500,50,153,0.002,4.0,3.0,2.0,11,-0.121,0.71,6.0,6b6f91ba62efae00f09fbbdb547009f73ef44ff90923e257225aa6c928379dbe
500,50,123,0.002,2.0,7.0,0.0,2,0.1,0.68,6.0,b2aa7ce2e829b156b6b2a9da36e09488eda956e5a66a30f221742ee0aa8167f7
500,50,36,0.002,5.0,3.0,1.0,30,-0.586,-0.13,4.5,ff40caff9436adbf9bd38cd8dd2a07eed72cc198918166d6ec73cd19617b2ff6
500,50,420,0.002,5.0,4.0,3.5,6,-0.38800000000000007,0.14,5.0,8b99cc78d3cb5224793576097671ee3e7b24a24fb6d06417ba2121ba86390aaa
500,50,116,0.002,8.0,4.0,2.5,1,-0.23200000000000004,-0.67,5.0,a7e45ccfa44749f47009339807a5b3b6faa94591750df4893bbd649eb03548aa
500,50,36,0.002,5.0,9.0,-2.0,14,-1.723,-1.72,3.0,ff40caff9436adbf9bd38cd8dd2a07eed72cc198918166d6ec73cd19617b2ff6
500,50,116,0.002,7.0,9.0,0.5,4,-1.6870000000000003,-1.69,2.5,a7e45ccfa44749f47009339807a5b3b6faa94591750df4893bbd649eb03548aa
500,50,272,0.002,1.0,5.0,1.0,42,-0.451,-0.39,5.5,afcb930297b7343b8945a302072f385537be9321555f4f186f06883623c7f8fb
500,50,137,0.002,4.0,5.0,-2.5,41,-0.441,0.14,5.5,69a1231af5fc3f55054f1c14b1a7313be0d0b67e0ff876b205be63a03e091d42
500,50,420,0.002,3.0,7.0,3.0,5,-0.161,0.56,4.0,8b99cc78d3cb5224793576097671ee3e7b24a24fb6d06417ba2121ba86390aaa
500,50,116,0.002,5.0,8.0,2.0,7,-0.484,-0.14,5.0,a7e45ccfa44749f47009339807a5b3b6faa94591750df4893bbd649eb03548aa
500,50,116,0.002,5.0,6.0,3.0,4,0.11899999999999998,0.5,4.5,a7e45ccfa44749f47009339807a5b3b6faa94591750df4893bbd649eb03548aa
500,50,243,0.002,3.0,9.0,-1.0,50,-0.839,-1.02,3.0,a3243ce7707a2a3682e9edb42f661751af7593e49dee8391462be0e0e7feca5b
500,50,36,0.002,3.0,6.0,0.5,23,-0.295,-0.63,5.0,ff40caff9436adbf9bd38cd8dd2a07eed72cc198918166d6ec73cd19617b2ff6
500,50,173,0.002,5.0,2.0,3.5,7,1.119,1.53,6.0,3b3c69bfe1ea7d3417e6f0cb7831cd1890ff9efc41485332a6269801eec79431
500,50,420,0.002,6.0,9.0,0.5,16,-0.6830000000000002,-0.26,3.0,8b99cc78d3cb5224793576097671ee3e7b24a24fb6d06417ba2121ba86390aaa
500,50,420,0.002,1.0,11.0,2.0,18,-0.758,-0.12,6.0,8b99cc78d3cb5224793576097671ee3e7b24a24fb6d06417ba2121ba86390aaa
500,50,116,0.002,6.0,4.0,3.5,15,-0.742,-0.27,5.0,a7e45ccfa44749f47009339807a5b3b6faa94591750df4893bbd649eb03548aa
500,50,116,0.002,3.0,7.0,3.5,7,0.727,1.22,6.5,a7e45ccfa44749f47009339807a5b3b6faa94591750df4893bbd649eb03548aa
500,50,36,0.002,10.0,4.0,-2.0,1,-0.387,-0.47,4.0,ff40caff9436adbf9bd38cd8dd2a07eed72cc198918166d6ec73cd19617b2ff6
500,50,420,0.002,3.0,7.0,3.0,9,0.048,0.52,4.5,8b99cc78d3cb5224793576097671ee3e7b24a24fb6d06417ba2121ba86390aaa
500,50,182,0.002,3.0,6.0,0.0,22,-1.4409999999999998,-1.03,5.0,ef5ccd9e100038eaeca590bb86f90622b26afb602bebc9512c60f4a108b50adc
500,50,116,0.002,6.0,8.0,1.5,1,0.147,0.61,5.0,a7e45ccfa44749f47009339807a5b3b6faa94591750df4893bbd649eb03548aa
500,50,173,0.002,2.0,6.0,3.0,7,0.491,1.02,5.0,3b3c69bfe1ea7d3417e6f0cb7831cd1890ff9efc41485332a6269801eec79431
500,50,280,0.002,3.0,7.0,0.5,24,-0.535,-0.1,6.0,3dbec4ed280111c6f70cf5b95bd8007d71fffb43262f818ee2b01da94e952ed1
500,50,173,0.002,1.0,5.0,4.0,34,0.785,1.0,8.0,3b3c69bfe1ea7d3417e6f0cb7831cd1890ff9efc41485332a6269801eec79431
500,50,116,0.002,3.0,10.0,2.0,36,-1.525,-1.22,3.5,a7e45ccfa44749f47009339807a5b3b6faa94591750df4893bbd649eb03548aa
500,50,116,0.002,5.0,3.0,4.5,7,-0.155,0.56,5.0,a7e45ccfa44749f47009339807a5b3b6faa94591750df4893bbd649eb03548aa
500,50,116,0.002,8.0,9.0,0.0,2,-1.006,-1.19,4.0,a7e45ccfa44749f47009339807a5b3b6faa94591750df4893bbd649eb03548aa
500,50,158,0.002,4.0,5.0,-0.5,8,-0.675,-0.31,4.5,344f34a1d32ba9c9a001e56e4d03ecfc7599d1fa3c5627b1ed5b429067fd6d72
500,50,243,0.002,5.0,5.0,0.0,4,0.149,0.55,6.0,a3243ce7707a2a3682e9edb42f661751af7593e49dee8391462be0e0e7feca5b
500,50,203,0.002,4.0,4.0,-2.0,7,-0.552,-0.11,6.0,482f9bb74e396230e41acb238caf3964559f8d6f6f94a105834a53b8cd581e55
500,50,116,0.002,2.0,7.0,4.0,5,0.461,0.77,6.0,a7e45ccfa44749f47009339807a5b3b6faa94591750df4893bbd649eb03548aa
500,50,116,0.002,3.0,10.0,2.0,13,-1.15,-1.3,3.5,a7e45ccfa44749f47009339807a5b3b6faa94591750df4893bbd649eb03548aa
500,50,36,0.002,7.0,8.0,-2.5,7,-1.382,-1.63,3.0,ff40caff9436adbf9bd38cd8dd2a07eed72cc198918166d6ec73cd19617b2ff6
500,50,116,0.002,7.0,7.0,1.5,4,-1.178,-1.03,3.5,a7e45ccfa44749f47009339807a5b3b6faa94591750df4893bbd649eb03548aa
500,50,173,0.002,3.0,7.0,2.0,22,-0.948,-0.53,3.5,3b3c69bfe1ea7d3417e6f0cb7831cd1890ff9efc41485332a6269801eec79431
500,50,173,0.002,5.0,4.0,2.5,22,-0.20800000000000002,0.43,4.5,3b3c69bfe1ea7d3417e6f0cb7831cd1890ff9efc41485332a6269801eec79431
500,50,67,0.002,5.0,8.0,-2.0,5,-0.704,-0.33,4.5,3a360bea2f41e303724f014d0cc814dc18605110da671f5cf3213df428cae74f
500,50,153,0.002,2.0,7.0,1.0,34,0.014000000000000002,-0.08,5.0,6b6f91ba62efae00f09fbbdb547009f73ef44ff90923e257225aa6c928379dbe
500,50,420,0.002,3.0,8.0,2.5,11,0.076,0.41,5.0,8b99cc78d3cb5224793576097671ee3e7b24a24fb6d06417ba2121ba86390aaa
500,50,67,0.002,6.0,6.0,-1.5,12,-0.444,-0.87,5.0,3a360bea2f41e303724f014d0cc814dc18605110da671f5cf3213df428cae74f
500,50,420,0.002,4.0,5.0,3.5,3,0.018,0.71,6.0,8b99cc78d3cb5224793576097671ee3e7b24a24fb6d06417ba2121ba86390aaa
500,50,116,0.002,2.0,4.0,5.5,32,0.21899999999999997,0.92,6.5,a7e45ccfa44749f47009339807a5b3b6faa94591750df4893bbd649eb03548aa
500,50,420,0.002,2.0,4.0,5.0,5,1.026,1.64,7.5,8b99cc78d3cb5224793576097671ee3e7b24a24fb6d06417ba2121ba86390aaa
500,50,73,0.001,4.0,7.0,-2.0,29,-0.937,-0.24,3.0,d47db6a3fa9151c10e2a42a4c31e38c922e8941f0814a51e6204fe23b2d82160
500,50,420,0.002,7.0,7.0,1.0,3,-0.389,0.1,3.5,8b99cc78d3cb5224793576097671ee3e7b24a24fb6d06417ba2121ba86390aaa
500,50,202,0.002,3.0,4.0,-2.5,23,0.297,-0.43,8.5,a8c1fea78f50413df31cc58cb403ecb9ddd20d1c514fcebfb0e8dd14979b048a
500,50,36,0.002,2.0,7.0,0.5,30,-0.405,0.23,4.0,ff40caff9436adbf9bd38cd8dd2a07eed72cc198918166d6ec73cd19617b2ff6
500,50,123,0.002,4.0,3.0,1.0,2,-0.226,-0.06,7.0,b2aa7ce2e829b156b6b2a9da36e09488eda956e5a66a30f221742ee0aa8167f7
500,50,486,0.002,1.0,8.0,-3.5,43,-0.05600000000000001,0.34,3.5,585f855bca4f2213c08d3732aec1af4117ae86a0883055ae9f6f3b8099486dde
500,50,272,0.002,4.0,8.0,-2.0,9,-0.92,-1.15,4.5,afcb930297b7343b8945a302072f385537be9321555f4f186f06883623c7f8fb
500,50,420,0.002,2.0,11.0,1.5,15,-0.612,-0.3,4.0,8b99cc78d3cb5224793576097671ee3e7b24a24fb6d06417ba2121ba86390aaa
500,50,420,0.002,7.0,5.0,2.0,3,-1.348,-0.53,3.5,8b99cc78d3cb5224793576097671ee3e7b24a24fb6d06417ba2121ba86390aaa
500,50,74,0.002,4.0,8.0,-2.5,16,-1.066,-0.97,2.5,5336d765b764a93e2eb1d0758e1d55b61cf2de15952d7b4f9d34abd296c96afb
500,50,420,0.002,9.0,6.0,0.5,5,-0.48699999999999993,-0.33,4.5,8b99cc78d3cb5224793576097671ee3e7b24a24fb6d06417ba2121ba86390aaa
500,50,420,0.002,3.0,4.0,4.5,27,0.268,0.88,6.5,8b99cc78d3cb5224793576097671ee3e7b24a24fb6d06417ba2121ba86390aaa
500,50,173,0.002,5.0,5.0,2.0,5,0.22400000000000003,0.83,6.5,3b3c69bfe1ea7d3417e6f0cb7831cd1890ff9efc41485332a6269801eec79431
500,50,36,0.002,4.0,8.0,-1.0,10,-0.7390000000000001,-0.4,5.0,ff40caff9436adbf9bd38cd8dd2a07eed72cc198918166d6ec73cd19617b2ff6
500,50,182,0.002,3.0,4.0,1.0,43,-0.542,-0.44,3.5,ef5ccd9e100038eaeca590bb86f90622b26afb602bebc9512c60f4a108b50adc
500,50,123,0.002,5.0,4.0,0.0,23,-0.248,0.51,4.5,b2aa7ce2e829b156b6b2a9da36e09488eda956e5a66a30f221742ee0aa8167f7
500,50,272,0.002,4.0,2.0,1.0,15,-0.22,0.33,6.5,afcb930297b7343b8945a302072f385537be9321555f4f186f06883623c7f8fb
500,50,173,0.002,3.0,6.0,2.5,11,-0.519,-0.24,6.0,3b3c69bfe1ea7d3417e6f0cb7831cd1890ff9efc41485332a6269801eec79431
500,50,423,0.0005,1.0,2.0,-1.0,8,0.307,0.19,7.5,3d2ebf107429ef13ace7750af79be48e330263a60bc5b76a4112f03245eaa320
500,50,153,0.002,3.0,6.0,1.0,48,-0.309,0.56,5.0,6b6f91ba62efae00f09fbbdb547009f73ef44ff90923e257225aa6c928379dbe
500,50,116,0.002,9.0,3.0,2.5,1,0.18899999999999997,0.6,5.5,a7e45ccfa44749f47009339807a5b3b6faa94591750df4893bbd649eb03548aa
500,50,123,0.002,2.0,5.0,1.0,35,0.166,1.0,7.5,b2aa7ce2e829b156b6b2a9da36e09488eda956e5a66a30f221742ee0aa8167f7
500,50,158,0.002,2.0,8.0,-1.0,32,-0.377,-0.36,5.5,344f34a1d32ba9c9a001e56e4d03ecfc7599d1fa3c5627b1ed5b429067fd6d72
500,50,420,0.002,5.0,8.0,1.5,3,-1.05,-0.79,3.5,8b99cc78d3cb5224793576097671ee3e7b24a24fb6d06417ba2121ba86390aaa
500,50,420,0.002,3.0,6.0,3.5,32,-0.736,-0.57,5.0,8b99cc78d3cb5224793576097671ee3e7b24a24fb6d06417ba2121ba86390aaa
500,50,173,0.002,4.0,6.0,2.0,17,-0.567,-0.01,4.5,3b3c69bfe1ea7d3417e6f0cb7831cd1890ff9efc41485332a6269801eec79431
500,50,116,0.002,5.0,7.0,2.5,14,-0.637,-1.14,3.0,a7e45ccfa44749f47009339807a5b3b6faa94591750df4893bbd649eb03548aa
500,50,116,0.002,5.0,9.0,1.5,1,-0.878,-0.51,4.5,a7e45ccfa44749f47009339807a5b3b6faa94591750df4893bbd649eb03548aa
500,50,116,0.002,3.0,6.0,4.0,7,-0.212,0.17,5.5,a7e45ccfa44749f47009339807a5b3b6faa94591750df4893bbd649eb03548aa
500,50,423,0.0005,2.0,4.0,-2.5,39,-0.174,-0.01,5.5,3d2ebf107429ef13ace7750af79be48e330263a60bc5b76a4112f03245eaa320
500,50,420,0.002,5.0,5.0,3.0,8,-0.051,0.66,4.5,8b99cc78d3cb5224793576097671ee3e7b24a24fb6d06417ba2121ba86390aaa
500,50,36,0.002,8.0,5.0,-1.5,2,-0.403,-0.19,3.5,ff40caff9436adbf9bd38cd8dd2a07eed72cc198918166d6ec73cd19617b2ff6
500,50,420,0.002,2.0,3.0,5.5,44,0.654,1.28,6.5,8b99cc78d3cb5224793576097671ee3e7b24a24fb6d06417ba2121ba86390aaa
500,50,173,0.002,3.0,9.0,1.0,12,0.037,0.43,5.5,3b3c69bfe1ea7d3417e6f0cb7831cd1890ff9efc41485332a6269801eec79431
500,50,116,0.002,5.0,8.0,2.0,1,-0.377,-0.64,5.0,a7e45ccfa44749f47009339807a5b3b6faa94591750df4893bbd649eb03548aa
500,50,103,0.0005,5.0,2.0,0.5,20,-0.301,0.27,6.5,f686a886b7f72c7d003d6a650ffd17acce3c4aa805af76248dd3d1e642265184
500,50,116,0.002,2.0,5.0,5.0,13,0.286,0.68,6.5,a7e45ccfa44749f47009339807a5b3b6faa94591750df4893bbd649eb03548aa
500,50,36,0.002,3.0,4.0,1.5,14,0.529,1.23,5.5,ff40caff9436adbf9bd38cd8dd2a07eed72cc198918166d6ec73cd19617b2ff6
500,50,116,0.002,5.0,5.0,3.5,3,-0.389,0.1,7.0,a7e45ccfa44749f47009339807a5b3b6faa94591750df4893bbd649eb03548aa
500,50,116,0.002,3.0,5.0,4.5,2,1.248,1.27,7.0,a7e45ccfa44749f47009339807a5b3b6faa94591750df4893bbd649eb03548aa
500,50,153,0.002,3.0,4.0,2.0,32,0.237,0.53,7.5,6b6f91ba62efae00f09fbbdb547009f73ef44ff90923e257225aa6c928379dbe
500,50,153,0.002,3.0,3.0,2.5,14,0.801,1.61,5.5,6b6f91ba62efae00f09fbbdb547009f73ef44ff90923e257225aa6c928379dbe
500,50,280,0.002,5.0,7.0,-0.5,14,-0.569,-0.4,5.0,3dbec4ed280111c6f70cf5b95bd8007d71fffb43262f818ee2b01da94e952ed1
500,50,417,0.001,4.0,3.0,0.0,48,-0.669,-0.17,5.0,576662496728038e224e71e11e336af0a6bb55625ba792b564b78dbc59d6551a
500,50,116,0.002,5.0,4.0,4.0,1,0.652,1.48,6.0,a7e45ccfa44749f47009339807a5b3b6faa94591750df4893bbd649eb03548aa
500,50,243,0.002,4.0,4.0,1.0,49,-0.307,0.29,4.5,a3243ce7707a2a3682e9edb42f661751af7593e49dee8391462be0e0e7feca5b
500,50,420,0.002,3.0,7.0,3.0,4,0.699,1.1,7.0,8b99cc78d3cb5224793576097671ee3e7b24a24fb6d06417ba2121ba86390aaa
500,50,116,0.002,1.0,7.0,4.5,42,-0.396,-0.39,6.0,a7e45ccfa44749f47009339807a5b3b6faa94591750df4893bbd649eb03548aa
500,50,116,0.002,4.0,5.0,4.0,3,0.22400000000000003,0.24,4.5,a7e45ccfa44749f47009339807a5b3b6faa94591750df4893bbd649eb03548aa
500,50,36,0.002,4.0,8.0,-1.0,17,-0.569,-0.9,4.0,ff40caff9436adbf9bd38cd8dd2a07eed72cc198918166d6ec73cd19617b2ff6
500,50,116,0.002,8.0,8.0,0.5,1,-1.381,-1.15,4.0,a7e45ccfa44749f47009339807a5b3b6faa94591750df4893bbd649eb03548aa
500,50,116,0.002,4.0,6.0,3.5,3,-0.38299999999999995,-0.07,5.0,a7e45ccfa44749f47009339807a5b3b6faa94591750df4893bbd649eb03548aa
500,50,420,0.002,6.0,5.0,2.5,3,-0.513,-0.23,5.0,8b99cc78d3cb5224793576097671ee3e7b24a24fb6d06417ba2121ba86390aaa
500,50,417,0.001,2.0,2.0,1.5,18,0.814,1.34,8.5,576662496728038e224e71e11e336af0a6bb55625ba792b564b78dbc59d6551a
500,50,36,0.002,5.0,4.0,0.5,10,0.303,0.47,5.0,ff40caff9436adbf9bd38cd8dd2a07eed72cc198918166d6ec73cd19617b2ff6
500,50,116,0.002,3.0,8.0,3.0,26,-1.652,-1.76,3.0,a7e45ccfa44749f47009339807a5b3b6faa94591750df4893bbd649eb03548aa
500,50,420,0.002,5.0,8.0,1.5,17,-0.9689999999999999,-1.0,4.5,8b99cc78d3cb5224793576097671ee3e7b24a24fb6d06417ba2121ba86390aaa
500,50,182,0.002,3.0,3.0,1.5,6,1.029,1.47,8.0,ef5ccd9e100038eaeca590bb86f90622b26afb602bebc9512c60f4a108b50adc
500,50,420,0.002,3.0,7.0,3.0,11,-0.347,0.05,5.0,8b99cc78d3cb5224793576097671ee3e7b24a24fb6d06417ba2121ba86390aaa
500,50,116,0.002,2.0,7.0,4.0,27,-0.392,-0.25,4.5,a7e45ccfa44749f47009339807a5b3b6faa94591750df4893bbd649eb03548aa
500,50,173,0.002,3.0,7.0,2.0,17,-0.517,-0.18,3.5,3b3c69bfe1ea7d3417e6f0cb7831cd1890ff9efc41485332a6269801eec79431
500,50,116,0.002,6.0,10.0,0.5,1,-1.6439999999999997,-1.46,2.0,a7e45ccfa44749f47009339807a5b3b6faa94591750df4893bbd649eb03548aa
500,50,173,0.002,9.0,3.0,1.0,1,0.153,0.7,6.5,3b3c69bfe1ea7d3417e6f0cb7831cd1890ff9efc41485332a6269801eec79431
500,50,116,0.002,2.0,5.0,5.0,11,0.142,0.46,5.5,a7e45ccfa44749f47009339807a5b3b6faa94591750df4893bbd649eb03548aa
500,50,173,0.002,3.0,6.0,2.5,46,-0.6,-0.34,5.0,3b3c69bfe1ea7d3417e6f0cb7831cd1890ff9efc41485332a6269801eec79431
500,50,173,0.002,2.0,7.0,2.5,18,0.079,0.6,5.5,3b3c69bfe1ea7d3417e6f0cb7831cd1890ff9efc41485332a6269801eec79431
500,50,116,0.002,1.0,8.0,4.0,5,0.65,0.82,5.0,a7e45ccfa44749f47009339807a5b3b6faa94591750df4893bbd649eb03548aa
500,50,182,0.002,1.0,8.0,0.0,30,-0.44,-0.1,7.0,ef5ccd9e100038eaeca590bb86f90622b26afb602bebc9512c60f4a108b50adc
500,50,173,0.002,4.0,5.0,2.5,4,0.24,0.82,5.0,3b3c69bfe1ea7d3417e6f0cb7831cd1890ff9efc41485332a6269801eec79431
500,50,36,0.002,4.0,6.0,0.0,12,0.135,0.41,4.5,ff40caff9436adbf9bd38cd8dd2a07eed72cc198918166d6ec73cd19617b2ff6
500,50,406,0.002,3.0,5.0,-0.5,33,-0.3,-0.06,6.0,d8cbd0c6756e20701f1e3611fcfe1080ff6b93fafb65fb2800ad9a7bd0a04ea2
500,50,116,0.002,6.0,2.0,4.5,5,0.151,1.16,6.0,a7e45ccfa44749f47009339807a5b3b6faa94591750df4893bbd649eb03548aa
500,50,272,0.002,3.0,5.0,0.0,5,0.243,0.32,5.0,afcb930297b7343b8945a302072f385537be9321555f4f186f06883623c7f8fb
500,50,116,0.002,3.0,4.0,5.0,4,0.029000000000000005,0.54,6.0,a7e45ccfa44749f47009339807a5b3b6faa94591750df4893bbd649eb03548aa
500,50,420,0.002,5.0,4.0,3.5,21,-0.273,0.02,4.0,8b99cc78d3cb5224793576097671ee3e7b24a24fb6d06417ba2121ba86390aaa
500,50,173,0.002,4.0,6.0,2.0,12,-0.376,-0.11,4.5,3b3c69bfe1ea7d3417e6f0cb7831cd1890ff9efc41485332a6269801eec79431
500,50,116,0.002,2.0,8.0,3.5,16,-0.269,0.02,5.5,a7e45ccfa44749f47009339807a5b3b6faa94591750df4893bbd649eb03548aa
500,50,420,0.002,4.0,4.0,4.0,5,0.349,1.23,5.0,8b99cc78d3cb5224793576097671ee3e7b24a24fb6d06417ba2121ba86390aaa
500,50,116,0.002,4.0,5.0,4.0,8,-0.16699999999999998,-0.14,6.5,a7e45ccfa44749f47009339807a5b3b6faa94591750df4893bbd649eb03548aa
500,50,153,0.002,3.0,5.0,1.5,44,-0.193,0.2,4.0,6b6f91ba62efae00f09fbbdb547009f73ef44ff90923e257225aa6c928379dbe
500,50,116,0.002,4.0,6.0,3.5,27,-0.482,-0.43,3.5,a7e45ccfa44749f47009339807a5b3b6faa94591750df4893bbd649eb03548aa
500,50,116,0.002,9.0,4.0,2.0,1,-0.611,-0.06,5.0,a7e45ccfa44749f47009339807a5b3b6faa94591750df4893bbd649eb03548aa
500,50,420,0.002,7.0,5.0,2.0,3,0.324,0.71,5.5,8b99cc78d3cb5224793576097671ee3e7b24a24fb6d06417ba2121ba86390aaa
500,50,116,0.002,1.0,6.0,5.0,7,0.985,1.35,6.0,a7e45ccfa44749f47009339807a5b3b6faa94591750df4893bbd649eb03548aa
500,50,417,0.001,2.0,2.0,1.5,40,0.193,0.98,5.0,576662496728038e224e71e11e336af0a6bb55625ba792b564b78dbc59d6551a
500,50,173,0.002,7.0,3.0,2.0,4,-0.348,0.24,6.5,3b3c69bfe1ea7d3417e6f0cb7831cd1890ff9efc41485332a6269801eec79431
500,50,306,0.002,1.0,6.0,0.0,47,-0.002,0.16,4.5,fab8f433d6f6bb610ff043434b54f18824bcad5c38069edd6b0404477ea4af7a
500,50,158,0.002,2.0,8.0,-1.0,24,-0.642,-0.2,4.0,344f34a1d32ba9c9a001e56e4d03ecfc7599d1fa3c5627b1ed5b429067fd6d72
500,50,153,0.002,3.0,4.0,2.0,44,0.09300000000000001,0.69,5.5,6b6f91ba62efae00f09fbbdb547009f73ef44ff90923e257225aa6c928379dbe
500,50,356,0.002,4.0,4.0,-1.0,11,-0.502,0.3,7.0,c1502d455473b0c952314917b0a1e263cde995d3c2f5b293b96dc02d8161eca8
500,50,420,0.002,5.0,6.0,2.5,8,-0.695,-0.19,4.5,8b99cc78d3cb5224793576097671ee3e7b24a24fb6d06417ba2121ba86390aaa
500,50,138,0.002,5.0,7.0,-0.5,3,-0.419,0.25,6.0,97b28df35b811f0a5dba92060bfa9d60f1cc23fb3123298c2b14a461bea2df00
500,50,123,0.002,0.0,4.0,2.5,15,0.1,0.34,6.0,b2aa7ce2e829b156b6b2a9da36e09488eda956e5a66a30f221742ee0aa8167f7
500,50,116,0.002,2.0,3.0,6.0,39,0.6510000000000001,1.32,7.0,a7e45ccfa44749f47009339807a5b3b6faa94591750df4893bbd649eb03548aa
500,50,173,0.002,2.0,6.0,3.0,49,-0.23200000000000004,0.35,4.5,3b3c69bfe1ea7d3417e6f0cb7831cd1890ff9efc41485332a6269801eec79431
500,50,116,0.002,4.0,5.0,4.0,3,0.413,0.95,6.0,a7e45ccfa44749f47009339807a5b3b6faa94591750df4893bbd649eb03548aa
500,50,420,0.002,6.0,5.0,2.5,4,-0.782,-0.11,4.5,8b99cc78d3cb5224793576097671ee3e7b24a24fb6d06417ba2121ba86390aaa
500,50,116,0.002,3.0,6.0,4.0,8,-0.495,-0.24,5.0,a7e45ccfa44749f47009339807a5b3b6faa94591750df4893bbd649eb03548aa
500,50,272,0.002,2.0,6.0,0.0,10,0.085,0.54,6.5,afcb930297b7343b8945a302072f385537be9321555f4f186f06883623c7f8fb
500,50,138,0.002,3.0,5.0,1.5,30,0.109,0.35,7.5,97b28df35b811f0a5dba92060bfa9d60f1cc23fb3123298c2b14a461bea2df00
500,50,36,0.002,6.0,6.0,-1.0,2,-0.571,-0.78,4.0,ff40caff9436adbf9bd38cd8dd2a07eed72cc198918166d6ec73cd19617b2ff6
500,50,420,0.002,2.0,11.0,1.5,30,-0.688,-0.26,4.5,8b99cc78d3cb5224793576097671ee3e7b24a24fb6d06417ba2121ba86390aaa
500,50,420,0.002,4.0,5.0,3.5,30,-0.534,0.3,4.5,8b99cc78d3cb5224793576097671ee3e7b24a24fb6d06417ba2121ba86390aaa
500,50,153,0.002,8.0,7.0,-2.0,7,-1.3120000000000003,-1.1,2.5,6b6f91ba62efae00f09fbbdb547009f73ef44ff90923e257225aa6c928379dbe
500,50,173,0.002,4.0,7.0,1.5,20,-0.105,0.31,6.5,3b3c69bfe1ea7d3417e6f0cb7831cd1890ff9efc41485332a6269801eec79431
500,50,116,0.002,3.0,4.0,5.0,17,-0.1,0.7,5.5,a7e45ccfa44749f47009339807a5b3b6faa94591750df4893bbd649eb03548aa
500,50,116,0.002,2.0,8.0,3.5,23,-0.401,-0.06,4.5,a7e45ccfa44749f47009339807a5b3b6faa94591750df4893bbd649eb03548aa
500,50,497,0.001,4.0,4.0,-0.5,31,-0.575,-0.15,5.0,526db03663e3f68905e8ed37f0760b4ef31347fa4159ce8515af8811d6253ad1
500,50,116,0.002,2.0,5.0,5.0,10,0.304,0.49,6.0,a7e45ccfa44749f47009339807a5b3b6faa94591750df4893bbd649eb03548aa
500,50,123,0.002,3.0,5.0,0.5,12,-0.87,-0.06,4.0,b2aa7ce2e829b156b6b2a9da36e09488eda956e5a66a30f221742ee0aa8167f7
500,50,420,0.002,3.0,5.0,4.0,27,0.204,0.64,5.5,8b99cc78d3cb5224793576097671ee3e7b24a24fb6d06417ba2121ba86390aaa
500,50,116,0.002,2.0,6.0,4.5,22,0.127,0.97,6.5,a7e45ccfa44749f47009339807a5b3b6faa94591750df4893bbd649eb03548aa
500,50,357,0.0005,2.0,2.0,0.5,47,0.857,1.53,6.5,c99f5297f235ea9284300ff5d1db9cdd539f9089dfd30f5074f49150bf2016cc
500,50,116,0.002,4.0,6.0,3.5,9,-0.496,0.2,3.5,a7e45ccfa44749f47009339807a5b3b6faa94591750df4893bbd649eb03548aa
500,50,38,0.002,5.0,3.0,-2.0,5,0.18600000000000003,0.66,6.0,745e093be5c132f8dd62ffe006291e2dbe17e030eef209884a7f1ef9e3699f87
500,50,357,0.0005,4.0,1.0,0.0,41,-0.069,0.91,5.0,c99f5297f235ea9284300ff5d1db9cdd539f9089dfd30f5074f49150bf2016cc
500,50,420,0.002,7.0,6.0,1.5,19,-1.209,-1.62,2.5,8b99cc78d3cb5224793576097671ee3e7b24a24fb6d06417ba2121ba86390aaa
500,50,116,0.002,3.0,5.0,4.5,20,-0.638,-0.25,4.5,a7e45ccfa44749f47009339807a5b3b6faa94591750df4893bbd649eb03548aa
500,50,123,0.002,0.0,8.0,0.5,24,-0.212,-0.4,5.0,b2aa7ce2e829b156b6b2a9da36e09488eda956e5a66a30f221742ee0aa8167f7
500,50,137,0.002,5.0,7.0,-4.0,2,-0.047,0.38,6.5,69a1231af5fc3f55054f1c14b1a7313be0d0b67e0ff876b205be63a03e091d42
500,50,123,0.002,1.0,5.0,1.5,43,0.579,0.9,6.0,b2aa7ce2e829b156b6b2a9da36e09488eda956e5a66a30f221742ee0aa8167f7
500,50,243,0.002,4.0,7.0,-0.5,48,-0.7440000000000001,-0.91,3.5,a3243ce7707a2a3682e9edb42f661751af7593e49dee8391462be0e0e7feca5b
500,50,116,0.002,4.0,5.0,4.0,13,-0.155,0.3,5.0,a7e45ccfa44749f47009339807a5b3b6faa94591750df4893bbd649eb03548aa
500,50,116,0.002,6.0,3.0,4.0,8,0.131,0.58,5.0,a7e45ccfa44749f47009339807a5b3b6faa94591750df4893bbd649eb03548aa
500,50,420,0.002,5.0,7.0,2.0,12,-0.925,-0.36,3.5,8b99cc78d3cb5224793576097671ee3e7b24a24fb6d06417ba2121ba86390aaa
500,50,123,0.002,3.0,6.0,0.0,4,-0.414,-0.05,6.0,b2aa7ce2e829b156b6b2a9da36e09488eda956e5a66a30f221742ee0aa8167f7
500,50,420,0.002,6.0,5.0,2.5,1,-0.057,0.56,5.5,8b99cc78d3cb5224793576097671ee3e7b24a24fb6d06417ba2121ba86390aaa
500,50,116,0.002,4.0,7.0,3.0,18,-0.887,-0.86,4.0,a7e45ccfa44749f47009339807a5b3b6faa94591750df4893bbd649eb03548aa
500,50,116,0.002,1.0,5.0,5.5,30,0.455,0.48,7.0,a7e45ccfa44749f47009339807a5b3b6faa94591750df4893bbd649eb03548aa
500,50,417,0.001,2.0,2.0,1.5,17,0.272,1.3,5.5,576662496728038e224e71e11e336af0a6bb55625ba792b564b78dbc59d6551a
500,50,420,0.002,3.0,7.0,3.0,17,-0.198,-0.09,5.5,8b99cc78d3cb5224793576097671ee3e7b24a24fb6d06417ba2121ba86390aaa
500,50,67,0.002,6.0,8.0,-2.5,4,-0.777,-0.43,4.5,3a360bea2f41e303724f014d0cc814dc18605110da671f5cf3213df428cae74f
500,50,420,0.002,1.0,6.0,4.5,43,-0.015,0.56,5.5,8b99cc78d3cb5224793576097671ee3e7b24a24fb6d06417ba2121ba86390aaa
500,50,153,0.002,6.0,8.0,-1.5,12,-1.308,-1.08,3.5,6b6f91ba62efae00f09fbbdb547009f73ef44ff90923e257225aa6c928379dbe
500,50,306,0.002,6.0,4.0,-1.5,14,-0.534,-0.02,3.5,fab8f433d6f6bb610ff043434b54f18824bcad5c38069edd6b0404477ea4af7a
500,50,36,0.002,3.0,10.0,-1.5,10,-1.143,-1.13,3.5,ff40caff9436adbf9bd38cd8dd2a07eed72cc198918166d6ec73cd19617b2ff6
500,50,420,0.002,2.0,11.0,1.5,25,-1.223,-0.71,4.5,8b99cc78d3cb5224793576097671ee3e7b24a24fb6d06417ba2121ba86390aaa
500,50,420,0.002,8.0,3.0,2.5,7,-0.45,0.01,5.0,8b99cc78d3cb5224793576097671ee3e7b24a24fb6d06417ba2121ba86390aaa
500,50,420,0.002,5.0,5.0,3.0,14,-0.276,-0.2,6.0,8b99cc78d3cb5224793576097671ee3e7b24a24fb6d06417ba2121ba86390aaa
500,50,314,0.001,3.0,4.0,-1.5,27,-0.236,0.3,4.5,ef6d19b7a07253e1b35bebfd8106441d2a41f96858e5753d63740edb7bc1e85b
500,50,42,0.0005,0.0,5.0,0.0,32,0.792,0.97,7.5,df920f57bc6ba405a11ee1965810cd6a9850bde5c5bcce769d07158e9fd5249e
500,50,173,0.002,10.0,6.0,-1.0,2,-0.892,-0.6,3.0,3b3c69bfe1ea7d3417e6f0cb7831cd1890ff9efc41485332a6269801eec79431
500,50,420,0.002,3.0,7.0,3.0,28,-0.475,-0.14,5.0,8b99cc78d3cb5224793576097671ee3e7b24a24fb6d06417ba2121ba86390aaa
500,50,116,0.002,5.0,6.0,3.0,6,-0.81,-0.5,3.0,a7e45ccfa44749f47009339807a5b3b6faa94591750df4893bbd649eb03548aa
500,50,420,0.002,3.0,5.0,4.0,2,0.185,0.8,7.5,8b99cc78d3cb5224793576097671ee3e7b24a24fb6d06417ba2121ba86390aaa
500,50,173,0.002,4.0,8.0,1.0,5,-0.304,0.22,4.5,3b3c69bfe1ea7d3417e6f0cb7831cd1890ff9efc41485332a6269801eec79431
500,50,116,0.002,7.0,8.0,1.0,2,-0.488,0.06,3.0,a7e45ccfa44749f47009339807a5b3b6faa94591750df4893bbd649eb03548aa
500,50,420,0.002,3.0,3.0,5.0,29,0.878,1.26,7.0,8b99cc78d3cb5224793576097671ee3e7b24a24fb6d06417ba2121ba86390aaa
500,50,116,0.002,6.0,7.0,2.0,4,-1.242,-0.6,5.0,a7e45ccfa44749f47009339807a5b3b6faa94591750df4893bbd649eb03548aa
500,50,420,0.002,5.0,4.0,3.5,6,0.256,0.75,5.5,8b99cc78d3cb5224793576097671ee3e7b24a24fb6d06417ba2121ba86390aaa
500,50,420,0.002,3.0,5.0,4.0,13,0.45300000000000007,1.16,5.0,8b99cc78d3cb5224793576097671ee3e7b24a24fb6d06417ba2121ba86390aaa
500,50,116,0.002,4.0,6.0,3.5,3,-0.509,0.08,4.5,a7e45ccfa44749f47009339807a5b3b6faa94591750df4893bbd649eb03548aa
500,50,158,0.002,5.0,3.0,0.0,24,-0.08,0.8,5.5,344f34a1d32ba9c9a001e56e4d03ecfc7599d1fa3c5627b1ed5b429067fd6d72
500,50,280,0.002,3.0,5.0,1.5,24,0.276,0.75,6.5,3dbec4ed280111c6f70cf5b95bd8007d71fffb43262f818ee2b01da94e952ed1
500,50,123,0.002,3.0,4.0,1.0,42,-0.298,0.45,5.0,b2aa7ce2e829b156b6b2a9da36e09488eda956e5a66a30f221742ee0aa8167f7
500,50,116,0.002,2.0,7.0,4.0,4,-0.085,0.65,5.5,a7e45ccfa44749f47009339807a5b3b6faa94591750df4893bbd649eb03548aa
500,50,116,0.002,0.0,9.0,4.0,15,0.017,0.26,5.0,a7e45ccfa44749f47009339807a5b3b6faa94591750df4893bbd649eb03548aa
500,50,209,0.001,3.0,5.0,-0.5,48,-0.8909999999999999,-0.14,4.5,886a14107d7fa93a41960fdb8744e8befb34c8a890a5c627d34c2259f4531f7d
500,50,490,0.002,6.0,5.0,-2.5,3,-0.549,0.17,6.5,974847301356efb9a3ebc5a376507ea020f2aa2b7a8db231927848b0f6c7fa65
500,50,280,0.002,3.0,4.0,2.0,18,-0.073,0.36,7.0,3dbec4ed280111c6f70cf5b95bd8007d71fffb43262f818ee2b01da94e952ed1
500,50,243,0.002,5.0,7.0,-1.0,50,-1.3939999999999997,-1.68,2.5,a3243ce7707a2a3682e9edb42f661751af7593e49dee8391462be0e0e7feca5b
500,50,100,0.001,2.0,4.0,0.0,29,-0.277,0.46,6.0,ab95892f6647819441065b172eef2de5f45c7f0ce9c31bba0e91bdd978f2b031
500,50,123,0.002,1.0,6.0,1.0,26,-0.415,0.11,5.0,b2aa7ce2e829b156b6b2a9da36e09488eda956e5a66a30f221742ee0aa8167f7
500,50,137,0.002,4.0,6.0,-3.0,38,-0.746,-0.28,3.5,69a1231af5fc3f55054f1c14b1a7313be0d0b67e0ff876b205be63a03e091d42
500,50,116,0.002,7.0,5.0,2.5,2,-0.353,0.27,5.0,a7e45ccfa44749f47009339807a5b3b6faa94591750df4893bbd649eb03548aa
500,50,116,0.002,3.0,8.0,3.0,3,-0.39,-0.34,5.0,a7e45ccfa44749f47009339807a5b3b6faa94591750df4893bbd649eb03548aa
500,50,116,0.002,9.0,9.0,-0.5,6,-2.047,-2.12,2.5,a7e45ccfa44749f47009339807a5b3b6faa94591750df4893bbd649eb03548aa
500,50,116,0.002,3.0,4.0,5.0,2,0.124,0.62,7.5,a7e45ccfa44749f47009339807a5b3b6faa94591750df4893bbd649eb03548aa
500,50,123,0.002,3.0,3.0,1.5,31,-0.501,0.59,5.5,b2aa7ce2e829b156b6b2a9da36e09488eda956e5a66a30f221742ee0aa8167f7
500,50,123,0.002,3.0,5.0,0.5,7,0.677,1.31,6.5,b2aa7ce2e829b156b6b2a9da36e09488eda956e5a66a30f221742ee0aa8167f7
500,50,7,0.001,3.0,3.0,-0.5,30,0.149,0.68,5.0,78e1a1c31725d39ca0145a6013ea594e842450851435ca249b230c0c95e2e93e
500,50,153,0.002,3.0,8.0,0.0,50,-0.777,-0.37,3.5,6b6f91ba62efae00f09fbbdb547009f73ef44ff90923e257225aa6c928379dbe
500,50,153,0.002,3.0,6.0,1.0,27,-0.134,0.29,5.5,6b6f91ba62efae00f09fbbdb547009f73ef44ff90923e257225aa6c928379dbe
500,50,67,0.002,5.0,5.0,-0.5,6,-0.312,0.13,5.0,3a360bea2f41e303724f014d0cc814dc18605110da671f5cf3213df428cae74f
500,50,116,0.002,5.0,4.0,4.0,8,0.074,1.12,5.0,a7e45ccfa44749f47009339807a5b3b6faa94591750df4893bbd649eb03548aa
500,50,406,0.002,0.0,6.0,0.5,43,0.714,1.12,7.0,d8cbd0c6756e20701f1e3611fcfe1080ff6b93fafb65fb2800ad9a7bd0a04ea2
500,50,116,0.002,5.0,12.0,0.0,4,-1.186,-1.44,2.0,a7e45ccfa44749f47009339807a5b3b6faa94591750df4893bbd649eb03548aa
500,50,116,0.002,1.0,4.0,6.0,15,0.596,0.8,7.5,a7e45ccfa44749f47009339807a5b3b6faa94591750df4893bbd649eb03548aa
500,50,420,0.002,5.0,6.0,2.5,31,-0.787,-0.84,4.0,8b99cc78d3cb5224793576097671ee3e7b24a24fb6d06417ba2121ba86390aaa
500,50,67,0.002,5.0,6.0,-1.0,15,-0.62,-0.01,5.5,3a360bea2f41e303724f014d0cc814dc18605110da671f5cf3213df428cae74f
500,50,173,0.002,6.0,3.0,2.5,1,0.541,1.14,6.0,3b3c69bfe1ea7d3417e6f0cb7831cd1890ff9efc41485332a6269801eec79431
500,50,173,0.002,3.0,4.0,3.5,5,1.241,1.34,6.5,3b3c69bfe1ea7d3417e6f0cb7831cd1890ff9efc41485332a6269801eec79431
500,50,103,0.0005,2.0,4.0,1.0,44,-0.028000000000000004,0.55,5.5,f686a886b7f72c7d003d6a650ffd17acce3c4aa805af76248dd3d1e642265184
500,50,420,0.002,3.0,9.0,2.0,32,-0.9689999999999999,-0.53,4.5,8b99cc78d3cb5224793576097671ee3e7b24a24fb6d06417ba2121ba86390aaa
500,50,123,0.002,2.0,5.0,1.0,26,0.2,0.78,5.5,b2aa7ce2e829b156b6b2a9da36e09488eda956e5a66a30f221742ee0aa8167f7
500,50,356,0.002,3.0,4.0,-0.5,7,0.518,1.14,6.5,c1502d455473b0c952314917b0a1e263cde995d3c2f5b293b96dc02d8161eca8
500,50,356,0.002,1.0,4.0,0.5,43,0.451,1.44,6.0,c1502d455473b0c952314917b0a1e263cde995d3c2f5b293b96dc02d8161eca8
500,50,153,0.002,3.0,8.0,0.0,5,-0.265,-0.01,6.0,6b6f91ba62efae00f09fbbdb547009f73ef44ff90923e257225aa6c928379dbe
500,50,261,0.002,4.0,7.0,-0.5,24,-0.51,-0.19,3.0,84d7db09a4a66ab80de8d84cf303232fb5d2699c1e35c5a38a7893393bdba5db
500,50,420,0.002,7.0,8.0,0.5,3,-1.431,-1.24,4.0,8b99cc78d3cb5224793576097671ee3e7b24a24fb6d06417ba2121ba86390aaa
500,50,116,0.002,3.0,5.0,4.5,6,-0.052000000000000005,0.38,6.0,a7e45ccfa44749f47009339807a5b3b6faa94591750df4893bbd649eb03548aa
500,50,497,0.001,1.0,7.0,-0.5,43,-0.549,0.04,5.0,526db03663e3f68905e8ed37f0760b4ef31347fa4159ce8515af8811d6253ad1
500,50,420,0.002,4.0,6.0,3.0,7,-0.718,0.01,4.5,8b99cc78d3cb5224793576097671ee3e7b24a24fb6d06417ba2121ba86390aaa
500,50,116,0.002,8.0,7.0,1.0,1,-0.689,-1.1,5.0,a7e45ccfa44749f47009339807a5b3b6faa94591750df4893bbd649eb03548aa
500,50,420,0.002,3.0,7.0,3.0,9,-0.301,0.06,3.5,8b99cc78d3cb5224793576097671ee3e7b24a24fb6d06417ba2121ba86390aaa
500,50,116,0.002,6.0,5.0,3.0,11,-1.276,-1.58,5.0,a7e45ccfa44749f47009339807a5b3b6faa94591750df4893bbd649eb03548aa
500,50,173,0.002,4.0,5.0,2.5,18,-0.42100000000000004,-0.02,4.0,3b3c69bfe1ea7d3417e6f0cb7831cd1890ff9efc41485332a6269801eec79431
500,50,116,0.002,1.0,4.0,6.0,40,-0.013000000000000001,0.13,6.0,a7e45ccfa44749f47009339807a5b3b6faa94591750df4893bbd649eb03548aa
500,50,123,0.002,2.0,3.0,2.0,16,0.4,0.71,7.5,b2aa7ce2e829b156b6b2a9da36e09488eda956e5a66a30f221742ee0aa8167f7
500,50,123,0.002,5.0,3.0,0.5,4,-0.2,0.71,6.0,b2aa7ce2e829b156b6b2a9da36e09488eda956e5a66a30f221742ee0aa8167f7
500,50,173,0.002,2.0,6.0,3.0,39,-0.439,0.21,5.5,3b3c69bfe1ea7d3417e6f0cb7831cd1890ff9efc41485332a6269801eec79431
500,50,420,0.002,4.0,5.0,3.5,19,-0.233,-0.1,4.5,8b99cc78d3cb5224793576097671ee3e7b24a24fb6d06417ba2121ba86390aaa
500,50,116,0.002,2.0,10.0,2.5,18,-0.926,-0.53,4.5,a7e45ccfa44749f47009339807a5b3b6faa94591750df4893bbd649eb03548aa
500,50,280,0.002,4.0,9.0,-1.0,14,-0.8439999999999999,-0.84,5.0,3dbec4ed280111c6f70cf5b95bd8007d71fffb43262f818ee2b01da94e952ed1
500,50,158,0.002,2.0,10.0,-2.0,34,-1.505,-1.01,3.5,344f34a1d32ba9c9a001e56e4d03ecfc7599d1fa3c5627b1ed5b429067fd6d72
500,50,116,0.002,4.0,9.0,2.0,7,-0.45899999999999996,-0.05,4.5,a7e45ccfa44749f47009339807a5b3b6faa94591750df4893bbd649eb03548aa
500,50,173,0.002,4.0,7.0,1.5,31,-0.777,-0.16,3.0,3b3c69bfe1ea7d3417e6f0cb7831cd1890ff9efc41485332a6269801eec79431
500,50,36,0.002,2.0,5.0,1.5,25,-0.324,0.64,5.0,ff40caff9436adbf9bd38cd8dd2a07eed72cc198918166d6ec73cd19617b2ff6
500,50,116,0.002,9.0,6.0,1.0,2,-1.686,-1.39,2.5,a7e45ccfa44749f47009339807a5b3b6faa94591750df4893bbd649eb03548aa
500,50,138,0.002,4.0,5.0,1.0,8,0.281,0.83,5.5,97b28df35b811f0a5dba92060bfa9d60f1cc23fb3123298c2b14a461bea2df00
500,50,116,0.002,8.0,5.0,2.0,1,-0.983,-0.7,3.0,a7e45ccfa44749f47009339807a5b3b6faa94591750df4893bbd649eb03548aa
500,50,272,0.002,4.0,4.0,0.0,37,-0.627,-0.49,4.0,afcb930297b7343b8945a302072f385537be9321555f4f186f06883623c7f8fb
500,50,420,0.002,4.0,4.0,4.0,12,0.296,0.99,4.5,8b99cc78d3cb5224793576097671ee3e7b24a24fb6d06417ba2121ba86390aaa
500,50,116,0.002,11.0,6.0,0.0,1,-1.52,-1.29,3.0,a7e45ccfa44749f47009339807a5b3b6faa94591750df4893bbd649eb03548aa
500,50,137,0.002,4.0,2.0,-1.0,27,-0.012,0.9,4.5,69a1231af5fc3f55054f1c14b1a7313be0d0b67e0ff876b205be63a03e091d42
500,50,182,0.002,6.0,8.0,-2.5,2,-0.589,-0.13,5.5,ef5ccd9e100038eaeca590bb86f90622b26afb602bebc9512c60f4a108b50adc
500,50,420,0.002,10.0,3.0,1.5,1,-0.97,-0.16,5.5,8b99cc78d3cb5224793576097671ee3e7b24a24fb6d06417ba2121ba86390aaa
500,50,420,0.002,5.0,7.0,2.0,8,-0.248,-0.33,5.0,8b99cc78d3cb5224793576097671ee3e7b24a24fb6d06417ba2121ba86390aaa
500,50,123,0.002,3.0,6.0,0.0,18,-0.193,-0.04,6.5,b2aa7ce2e829b156b6b2a9da36e09488eda956e5a66a30f221742ee0aa8167f7
500,50,116,0.002,5.0,5.0,3.5,2,0.18600000000000003,0.69,7.0,a7e45ccfa44749f47009339807a5b3b6faa94591750df4893bbd649eb03548aa
500,50,116,0.002,6.0,8.0,1.5,7,-1.469,-1.79,2.0,a7e45ccfa44749f47009339807a5b3b6faa94591750df4893bbd649eb03548aa
500,50,11,0.0005,4.0,4.0,-1.5,7,-0.292,0.04,6.5,8500b2f053a701b4ccbc7b6943415361122ca2c5b13bada8b1620345c74dc442
500,50,116,0.002,2.0,5.0,5.0,6,0.819,1.25,5.0,a7e45ccfa44749f47009339807a5b3b6faa94591750df4893bbd649eb03548aa
500,50,171,0.00025,0.0,3.0,1.0,48,1.08,1.54,7.5,1e8261c85301df5bc0c555c4084430b0e78ced42e7ac1ed2c48f280c75e3f974
500,50,173,0.002,3.0,9.0,1.0,10,-0.42,-0.08,4.5,3b3c69bfe1ea7d3417e6f0cb7831cd1890ff9efc41485332a6269801eec79431
500,50,116,0.002,1.0,3.0,6.5,15,0.907,1.63,8.5,a7e45ccfa44749f47009339807a5b3b6faa94591750df4893bbd649eb03548aa
500,50,497,0.001,3.0,5.0,-0.5,29,-0.987,-0.45,6.0,526db03663e3f68905e8ed37f0760b4ef31347fa4159ce8515af8811d6253ad1
500,50,420,0.002,4.0,5.0,3.5,7,0.039,0.44,5.5,8b99cc78d3cb5224793576097671ee3e7b24a24fb6d06417ba2121ba86390aaa
500,50,116,0.002,3.0,5.0,4.5,27,0.074,0.79,7.0,a7e45ccfa44749f47009339807a5b3b6faa94591750df4893bbd649eb03548aa
500,50,243,0.002,7.0,4.0,-0.5,11,-0.321,-0.75,4.5,a3243ce7707a2a3682e9edb42f661751af7593e49dee8391462be0e0e7feca5b
500,50,261,0.002,3.0,8.0,-0.5,2,0.509,0.89,5.0,84d7db09a4a66ab80de8d84cf303232fb5d2699c1e35c5a38a7893393bdba5db
500,50,116,0.002,3.0,8.0,3.0,4,0.242,0.63,5.5,a7e45ccfa44749f47009339807a5b3b6faa94591750df4893bbd649eb03548aa
500,50,153,0.002,2.0,2.0,3.5,32,0.553,1.61,7.0,6b6f91ba62efae00f09fbbdb547009f73ef44ff90923e257225aa6c928379dbe
500,50,420,0.002,2.0,5.0,4.5,16,0.309,0.41,6.0,8b99cc78d3cb5224793576097671ee3e7b24a24fb6d06417ba2121ba86390aaa
500,50,420,0.002,8.0,7.0,0.5,13,-1.543,-1.71,1.5,8b99cc78d3cb5224793576097671ee3e7b24a24fb6d06417ba2121ba86390aaa
500,50,357,0.0005,1.0,2.0,1.0,39,0.61,1.54,7.5,c99f5297f235ea9284300ff5d1db9cdd539f9089dfd30f5074f49150bf2016cc
500,50,420,0.002,3.0,9.0,2.0,18,-1.013,-0.68,3.0,8b99cc78d3cb5224793576097671ee3e7b24a24fb6d06417ba2121ba86390aaa
500,50,67,0.002,5.0,8.0,-2.0,28,-1.761,-1.7,3.0,3a360bea2f41e303724f014d0cc814dc18605110da671f5cf3213df428cae74f
500,50,67,0.002,8.0,11.0,-5.0,2,-1.527,-2.22,2.5,3a360bea2f41e303724f014d0cc814dc18605110da671f5cf3213df428cae74f
500,50,173,0.002,1.0,7.0,3.0,41,-0.15,0.47,4.0,3b3c69bfe1ea7d3417e6f0cb7831cd1890ff9efc41485332a6269801eec79431
500,50,153,0.002,2.0,3.0,3.0,40,0.335,0.66,6.5,6b6f91ba62efae00f09fbbdb547009f73ef44ff90923e257225aa6c928379dbe
500,50,286,0.002,4.0,3.0,-3.0,14,0.144,0.28,6.0,75e08ccdd9458e94f4d391e9b6cd14aa09c32fe0a127e3513f67eb83081fcce3
500,50,138,0.002,4.0,6.0,0.5,16,-0.071,0.43,4.5,97b28df35b811f0a5dba92060bfa9d60f1cc23fb3123298c2b14a461bea2df00
500,50,116,0.002,9.0,5.0,1.5,5,-1.64,-1.37,3.0,a7e45ccfa44749f47009339807a5b3b6faa94591750df4893bbd649eb03548aa
500,50,51,0.002,5.0,4.0,-1.5,7,-0.16,-0.31,5.5,0da469cd406ad5030b33efeb4176c7916b6520b504ade19e5900078c3b28d733
500,50,280,0.002,3.0,4.0,2.0,21,0.467,0.99,7.5,3dbec4ed280111c6f70cf5b95bd8007d71fffb43262f818ee2b01da94e952ed1
500,50,182,0.002,7.0,6.0,-2.0,2,-1.031,-1.15,4.0,ef5ccd9e100038eaeca590bb86f90622b26afb602bebc9512c60f4a108b50adc
500,50,36,0.002,2.0,7.0,0.5,36,-0.488,-0.1,4.5,ff40caff9436adbf9bd38cd8dd2a07eed72cc198918166d6ec73cd19617b2ff6
500,50,116,0.002,1.0,17.0,-0.5,15,-0.579,-0.18,3.0,a7e45ccfa44749f47009339807a5b3b6faa94591750df4893bbd649eb03548aa
500,50,173,0.002,2.0,7.0,2.5,34,0.131,0.39,4.5,3b3c69bfe1ea7d3417e6f0cb7831cd1890ff9efc41485332a6269801eec79431
500,50,36,0.002,1.0,10.0,-0.5,39,-1.188,-0.89,3.0,ff40caff9436adbf9bd38cd8dd2a07eed72cc198918166d6ec73cd19617b2ff6
500,50,7,0.001,3.0,2.0,0.0,20,0.204,0.92,6.5,78e1a1c31725d39ca0145a6013ea594e842450851435ca249b230c0c95e2e93e
500,50,116,0.002,5.0,5.0,3.5,3,-0.92,-0.52,5.0,a7e45ccfa44749f47009339807a5b3b6faa94591750df4893bbd649eb03548aa
500,50,423,0.0005,1.0,2.0,-1.0,42,0.537,1.23,8.0,3d2ebf107429ef13ace7750af79be48e330263a60bc5b76a4112f03245eaa320
500,50,116,0.002,2.0,5.0,5.0,34,-0.9469999999999998,-0.07,5.5,a7e45ccfa44749f47009339807a5b3b6faa94591750df4893bbd649eb03548aa
500,50,116,0.002,4.0,7.0,3.0,25,-1.262,-1.27,3.0,a7e45ccfa44749f47009339807a5b3b6faa94591750df4893bbd649eb03548aa
500,50,173,0.002,7.0,6.0,0.5,29,-1.264,-1.87,3.5,3b3c69bfe1ea7d3417e6f0cb7831cd1890ff9efc41485332a6269801eec79431
500,50,173,0.002,12.0,1.0,0.5,1,0.183,1.03,5.5,3b3c69bfe1ea7d3417e6f0cb7831cd1890ff9efc41485332a6269801eec79431
500,50,153,0.002,3.0,6.0,1.0,19,0.53,0.82,6.5,6b6f91ba62efae00f09fbbdb547009f73ef44ff90923e257225aa6c928379dbe
500,50,420,0.002,3.0,10.0,1.5,11,0.21099999999999997,0.55,5.5,8b99cc78d3cb5224793576097671ee3e7b24a24fb6d06417ba2121ba86390aaa
500,50,138,0.002,1.0,6.0,2.0,29,0.506,0.26,6.0,97b28df35b811f0a5dba92060bfa9d60f1cc23fb3123298c2b14a461bea2df00
500,50,95,0.002,6.0,7.0,-2.5,7,-0.938,-0.41,4.5,c25fc3efb39204b5d63cd28eb38ba90889f8e69e2579abfd84abaa122b7be87a
500,50,116,0.002,6.0,8.0,1.5,3,-0.11600000000000002,0.5,4.0,a7e45ccfa44749f47009339807a5b3b6faa94591750df4893bbd649eb03548aa
500,50,173,0.002,3.0,7.0,2.0,15,0.518,0.84,5.0,3b3c69bfe1ea7d3417e6f0cb7831cd1890ff9efc41485332a6269801eec79431
500,50,280,0.002,3.0,8.0,0.0,41,-0.7829999999999999,-0.54,4.0,3dbec4ed280111c6f70cf5b95bd8007d71fffb43262f818ee2b01da94e952ed1
500,50,261,0.002,3.0,2.0,2.5,12,1.118,1.94,6.5,84d7db09a4a66ab80de8d84cf303232fb5d2699c1e35c5a38a7893393bdba5db
500,50,95,0.002,6.0,3.0,-0.5,14,-0.369,0.43,5.0,c25fc3efb39204b5d63cd28eb38ba90889f8e69e2579abfd84abaa122b7be87a
500,50,173,0.002,3.0,7.0,2.0,21,-0.9010000000000001,-0.45,3.5,3b3c69bfe1ea7d3417e6f0cb7831cd1890ff9efc41485332a6269801eec79431
500,50,173,0.002,5.0,4.0,2.5,30,-0.4,0.19,5.0,3b3c69bfe1ea7d3417e6f0cb7831cd1890ff9efc41485332a6269801eec79431
500,50,116,0.002,1.0,4.0,6.0,40,0.519,0.8,6.0,a7e45ccfa44749f47009339807a5b3b6faa94591750df4893bbd649eb03548aa
500,50,153,0.002,3.0,8.0,0.0,23,-0.415,-0.06,6.5,6b6f91ba62efae00f09fbbdb547009f73ef44ff90923e257225aa6c928379dbe
500,50,116,0.002,5.0,8.0,2.0,5,-0.386,-0.21,4.0,a7e45ccfa44749f47009339807a5b3b6faa94591750df4893bbd649eb03548aa
500,50,420,0.002,2.0,10.0,2.0,37,-1.004,-1.69,2.5,8b99cc78d3cb5224793576097671ee3e7b24a24fb6d06417ba2121ba86390aaa
500,50,116,0.002,4.0,7.0,3.0,11,-0.53,-0.51,3.0,a7e45ccfa44749f47009339807a5b3b6faa94591750df4893bbd649eb03548aa
500,50,116,0.002,1.0,5.0,5.5,30,0.522,0.79,7.0,a7e45ccfa44749f47009339807a5b3b6faa94591750df4893bbd649eb03548aa
500,50,222,0.0005,2.0,2.0,-1.0,39,0.45300000000000007,1.36,8.0,19ad3b0feb534341f03e4fdd1aeba35e575e040c7da2ed75c8c670f730e1a5af
500,50,173,0.002,3.0,8.0,1.5,46,-0.583,-0.84,2.5,3b3c69bfe1ea7d3417e6f0cb7831cd1890ff9efc41485332a6269801eec79431
500,50,36,0.002,1.0,7.0,1.0,50,-0.501,-0.02,4.5,ff40caff9436adbf9bd38cd8dd2a07eed72cc198918166d6ec73cd19617b2ff6
500,50,116,0.002,3.0,4.0,5.0,1,0.711,0.67,7.0,a7e45ccfa44749f47009339807a5b3b6faa94591750df4893bbd649eb03548aa
500,50,357,0.0005,1.0,3.0,0.5,41,0.6679999999999999,0.65,6.5,c99f5297f235ea9284300ff5d1db9cdd539f9089dfd30f5074f49150bf2016cc
500,50,182,0.002,3.0,8.0,-1.0,13,-0.981,-0.52,4.0,ef5ccd9e100038eaeca590bb86f90622b26afb602bebc9512c60f4a108b50adc
500,50,116,0.002,4.0,7.0,3.0,2,-0.548,-0.03,7.0,a7e45ccfa44749f47009339807a5b3b6faa94591750df4893bbd649eb03548aa
500,50,420,0.002,4.0,7.0,2.5,9,-0.249,-0.55,3.5,8b99cc78d3cb5224793576097671ee3e7b24a24fb6d06417ba2121ba86390aaa
500,50,406,0.002,2.0,4.0,0.5,45,0.847,1.65,7.5,d8cbd0c6756e20701f1e3611fcfe1080ff6b93fafb65fb2800ad9a7bd0a04ea2
500,50,116,0.002,5.0,3.0,4.5,2,0.737,1.7,6.5,a7e45ccfa44749f47009339807a5b3b6faa94591750df4893bbd649eb03548aa
500,50,173,0.002,4.0,7.0,1.5,11,-0.337,0.29,4.0,3b3c69bfe1ea7d3417e6f0cb7831cd1890ff9efc41485332a6269801eec79431
500,50,182,0.002,4.0,7.0,-1.0,15,-1.064,-0.77,3.5,ef5ccd9e100038eaeca590bb86f90622b26afb602bebc9512c60f4a108b50adc
500,50,116,0.002,4.0,6.0,3.5,19,-0.955,-0.48,4.5,a7e45ccfa44749f47009339807a5b3b6faa94591750df4893bbd649eb03548aa
500,50,116,0.002,3.0,6.0,4.0,10,0.418,1.0,5.5,a7e45ccfa44749f47009339807a5b3b6faa94591750df4893bbd649eb03548aa
500,50,67,0.002,4.0,7.0,-1.0,12,0.127,0.52,5.5,3a360bea2f41e303724f014d0cc814dc18605110da671f5cf3213df428cae74f
500,50,420,0.002,7.0,7.0,1.0,2,-0.7120000000000001,-0.28,6.5,8b99cc78d3cb5224793576097671ee3e7b24a24fb6d06417ba2121ba86390aaa
500,50,116,0.002,2.0,5.0,5.0,1,0.8539999999999999,1.01,6.0,a7e45ccfa44749f47009339807a5b3b6faa94591750df4893bbd649eb03548aa
500,50,182,0.002,2.0,8.0,-0.5,38,-0.698,-0.28,5.0,ef5ccd9e100038eaeca590bb86f90622b26afb602bebc9512c60f4a108b50adc
500,50,272,0.002,2.0,6.0,0.0,28,-0.245,0.43,5.0,afcb930297b7343b8945a302072f385537be9321555f4f186f06883623c7f8fb
500,50,420,0.002,6.0,8.0,1.0,5,-0.577,-0.23,4.0,8b99cc78d3cb5224793576097671ee3e7b24a24fb6d06417ba2121ba86390aaa
500,50,116,0.002,5.0,6.0,3.0,3,-0.43,0.03,4.5,a7e45ccfa44749f47009339807a5b3b6faa94591750df4893bbd649eb03548aa
500,50,116,0.002,6.0,6.0,2.5,9,-0.8590000000000001,-0.83,3.0,a7e45ccfa44749f47009339807a5b3b6faa94591750df4893bbd649eb03548aa
500,50,182,0.002,2.0,4.0,1.5,48,-0.3509999999999999,0.7,6.0,ef5ccd9e100038eaeca590bb86f90622b26afb602bebc9512c60f4a108b50adc
500,50,36,0.002,4.0,4.0,1.0,12,-0.094,0.81,6.5,ff40caff9436adbf9bd38cd8dd2a07eed72cc198918166d6ec73cd19617b2ff6
500,50,36,0.002,1.0,9.0,0.0,44,-0.361,0.02,3.5,ff40caff9436adbf9bd38cd8dd2a07eed72cc198918166d6ec73cd19617b2ff6
500,50,123,0.002,4.0,4.0,0.5,13,-0.525,0.04,5.5,b2aa7ce2e829b156b6b2a9da36e09488eda956e5a66a30f221742ee0aa8167f7
500,50,116,0.002,10.0,6.0,0.5,3,-1.036,-1.87,4.0,a7e45ccfa44749f47009339807a5b3b6faa94591750df4893bbd649eb03548aa
500,50,36,0.002,2.0,7.0,0.5,17,-0.357,-0.21,4.0,ff40caff9436adbf9bd38cd8dd2a07eed72cc198918166d6ec73cd19617b2ff6
500,50,116,0.002,7.0,6.0,2.0,1,-0.753,-0.4,4.0,a7e45ccfa44749f47009339807a5b3b6faa94591750df4893bbd649eb03548aa
500,50,116,0.002,0.0,7.0,5.0,39,0.44,0.51,5.5,a7e45ccfa44749f47009339807a5b3b6faa94591750df4893bbd649eb03548aa
500,50,36,0.002,6.0,5.0,-0.5,5,-0.575,0.1,6.0,ff40caff9436adbf9bd38cd8dd2a07eed72cc198918166d6ec73cd19617b2ff6
500,50,173,0.002,2.0,8.0,2.0,13,-0.419,0.09,6.0,3b3c69bfe1ea7d3417e6f0cb7831cd1890ff9efc41485332a6269801eec79431
500,50,243,0.002,5.0,6.0,-0.5,12,-0.983,-0.38,4.0,a3243ce7707a2a3682e9edb42f661751af7593e49dee8391462be0e0e7feca5b
500,50,116,0.002,4.0,5.0,4.0,6,0.188,0.7,4.0,a7e45ccfa44749f47009339807a5b3b6faa94591750df4893bbd649eb03548aa
500,50,381,0.0005,2.0,2.0,-2.0,47,0.42199999999999993,0.71,6.0,8e29b9e9027dd68ac9aaab8a8a98fc766166b1868e64ae67eb138b4b8b63cdce
500,50,177,0.002,7.0,6.0,-6.0,6,-1.5960000000000003,-1.46,4.0,70279ead3bec9b7e96f06997217364ead88ddb28465de113f6c9d3d9a6accc8c
500,50,158,0.002,2.0,4.0,1.0,35,0.573,0.92,6.5,344f34a1d32ba9c9a001e56e4d03ecfc7599d1fa3c5627b1ed5b429067fd6d72
500,50,123,0.002,3.0,6.0,0.0,22,-0.531,-0.79,5.0,b2aa7ce2e829b156b6b2a9da36e09488eda956e5a66a30f221742ee0aa8167f7
500,50,420,0.002,6.0,9.0,0.5,3,-1.178,-1.3,4.0,8b99cc78d3cb5224793576097671ee3e7b24a24fb6d06417ba2121ba86390aaa
500,50,51,0.002,2.0,2.0,1.0,31,0.221,0.87,7.5,0da469cd406ad5030b33efeb4176c7916b6520b504ade19e5900078c3b28d733
500,50,123,0.002,1.0,3.0,2.5,42,0.514,1.39,6.0,b2aa7ce2e829b156b6b2a9da36e09488eda956e5a66a30f221742ee0aa8167f7
500,50,173,0.002,3.0,4.0,3.5,10,0.175,1.02,5.5,3b3c69bfe1ea7d3417e6f0cb7831cd1890ff9efc41485332a6269801eec79431
500,50,420,0.002,2.0,6.0,4.0,6,-0.078,0.27,6.5,8b99cc78d3cb5224793576097671ee3e7b24a24fb6d06417ba2121ba86390aaa
500,50,420,0.002,2.0,9.0,2.5,23,-0.271,0.2,5.5,8b99cc78d3cb5224793576097671ee3e7b24a24fb6d06417ba2121ba86390aaa
500,50,73,0.001,3.0,4.0,0.0,34,-0.31,0.29,6.0,d47db6a3fa9151c10e2a42a4c31e38c922e8941f0814a51e6204fe23b2d82160
500,50,123,0.002,3.0,5.0,0.5,27,-0.428,-0.03,4.0,b2aa7ce2e829b156b6b2a9da36e09488eda956e5a66a30f221742ee0aa8167f7
500,50,123,0.002,5.0,5.0,-0.5,7,-0.9060000000000001,-0.5,4.0,b2aa7ce2e829b156b6b2a9da36e09488eda956e5a66a30f221742ee0aa8167f7
500,50,116,0.002,1.0,3.0,6.5,49,1.01,1.2,7.5,a7e45ccfa44749f47009339807a5b3b6faa94591750df4893bbd649eb03548aa
500,50,123,0.002,3.0,6.0,0.0,4,0.319,0.88,6.0,b2aa7ce2e829b156b6b2a9da36e09488eda956e5a66a30f221742ee0aa8167f7
500,50,173,0.002,3.0,8.0,1.5,23,-0.485,-0.62,3.5,3b3c69bfe1ea7d3417e6f0cb7831cd1890ff9efc41485332a6269801eec79431
500,50,182,0.002,3.0,7.0,-0.5,13,-0.7,-0.42,4.5,ef5ccd9e100038eaeca590bb86f90622b26afb602bebc9512c60f4a108b50adc
500,50,182,0.002,3.0,4.0,1.0,4,0.335,0.8,6.5,ef5ccd9e100038eaeca590bb86f90622b26afb602bebc9512c60f4a108b50adc
500,50,67,0.002,6.0,5.0,-1.0,19,-0.544,-1.15,4.5,3a360bea2f41e303724f014d0cc814dc18605110da671f5cf3213df428cae74f
500,50,272,0.002,5.0,5.0,-1.0,8,-0.38299999999999995,0.32,5.0,afcb930297b7343b8945a302072f385537be9321555f4f186f06883623c7f8fb
500,50,116,0.002,3.0,7.0,3.5,4,0.765,1.1,6.0,a7e45ccfa44749f47009339807a5b3b6faa94591750df4893bbd649eb03548aa
500,50,420,0.002,5.0,6.0,2.5,7,-0.493,0.18,4.0,8b99cc78d3cb5224793576097671ee3e7b24a24fb6d06417ba2121ba86390aaa
500,50,123,0.002,5.0,5.0,-0.5,25,-1.329,-0.99,3.5,b2aa7ce2e829b156b6b2a9da36e09488eda956e5a66a30f221742ee0aa8167f7
500,50,36,0.002,2.0,6.0,1.0,19,0.371,1.13,6.0,ff40caff9436adbf9bd38cd8dd2a07eed72cc198918166d6ec73cd19617b2ff6
500,50,116,0.002,3.0,5.0,4.5,10,0.301,0.71,4.5,a7e45ccfa44749f47009339807a5b3b6faa94591750df4893bbd649eb03548aa
500,50,116,0.002,5.0,4.0,4.0,39,-0.762,-0.5,4.0,a7e45ccfa44749f47009339807a5b3b6faa94591750df4893bbd649eb03548aa
500,50,420,0.002,1.0,8.0,3.5,28,0.145,0.45,5.0,8b99cc78d3cb5224793576097671ee3e7b24a24fb6d06417ba2121ba86390aaa
500,50,173,0.002,3.0,7.0,2.0,9,-0.21,0.15,6.5,3b3c69bfe1ea7d3417e6f0cb7831cd1890ff9efc41485332a6269801eec79431
500,50,116,0.002,6.0,7.0,2.0,9,0.127,-0.16,4.0,a7e45ccfa44749f47009339807a5b3b6faa94591750df4893bbd649eb03548aa
500,50,420,0.002,2.0,4.0,5.0,30,0.364,0.92,5.0,8b99cc78d3cb5224793576097671ee3e7b24a24fb6d06417ba2121ba86390aaa
500,50,420,0.002,7.0,3.0,3.0,4,-0.09700000000000002,0.53,6.0,8b99cc78d3cb5224793576097671ee3e7b24a24fb6d06417ba2121ba86390aaa
500,50,243,0.002,5.0,8.0,-1.5,36,-0.6830000000000002,-1.21,3.0,a3243ce7707a2a3682e9edb42f661751af7593e49dee8391462be0e0e7feca5b
500,50,243,0.002,6.0,7.0,-1.5,16,-1.331,-1.26,3.0,a3243ce7707a2a3682e9edb42f661751af7593e49dee8391462be0e0e7feca5b
500,50,173,0.002,6.0,4.0,2.0,3,0.228,0.67,4.5,3b3c69bfe1ea7d3417e6f0cb7831cd1890ff9efc41485332a6269801eec79431
500,50,243,0.002,2.0,9.0,-0.5,48,-0.687,-0.48,3.5,a3243ce7707a2a3682e9edb42f661751af7593e49dee8391462be0e0e7feca5b
500,50,182,0.002,0.0,4.0,2.5,44,0.975,0.92,7.5,ef5ccd9e100038eaeca590bb86f90622b26afb602bebc9512c60f4a108b50adc
500,50,36,0.002,7.0,5.0,-1.0,3,-0.441,-0.66,4.0,ff40caff9436adbf9bd38cd8dd2a07eed72cc198918166d6ec73cd19617b2ff6
500,50,420,0.002,5.0,6.0,2.5,1,-0.176,0.32,5.5,8b99cc78d3cb5224793576097671ee3e7b24a24fb6d06417ba2121ba86390aaa
500,50,100,0.001,3.0,3.0,0.0,41,-0.126,0.65,5.0,ab95892f6647819441065b172eef2de5f45c7f0ce9c31bba0e91bdd978f2b031
500,50,420,0.002,4.0,6.0,3.0,8,0.105,0.82,6.0,8b99cc78d3cb5224793576097671ee3e7b24a24fb6d06417ba2121ba86390aaa
500,50,137,0.002,2.0,7.0,-2.5,43,-0.236,0.37,5.0,69a1231af5fc3f55054f1c14b1a7313be0d0b67e0ff876b205be63a03e091d42
500,50,182,0.002,2.0,4.0,1.5,13,0.375,0.96,5.5,ef5ccd9e100038eaeca590bb86f90622b26afb602bebc9512c60f4a108b50adc
500,50,73,0.001,2.0,4.0,0.5,42,0.163,0.5,6.0,d47db6a3fa9151c10e2a42a4c31e38c922e8941f0814a51e6204fe23b2d82160
500,50,36,0.002,5.0,4.0,0.5,7,-0.086,0.46,5.5,ff40caff9436adbf9bd38cd8dd2a07eed72cc198918166d6ec73cd19617b2ff6
500,50,420,0.002,4.0,4.0,4.0,2,0.16,0.64,6.0,8b99cc78d3cb5224793576097671ee3e7b24a24fb6d06417ba2121ba86390aaa
500,50,420,0.002,8.0,4.0,2.0,1,-0.486,-0.28,5.0,8b99cc78d3cb5224793576097671ee3e7b24a24fb6d06417ba2121ba86390aaa
500,50,485,0.002,3.0,5.0,-4.5,19,-0.32300000000000006,0.33,5.5,fb964d1a20a5612b66dd1d4c39c6fb746f02ae338f0f5d7f19f78989825824d4
500,50,116,0.002,0.0,2.0,7.5,45,0.821,0.97,7.5,a7e45ccfa44749f47009339807a5b3b6faa94591750df4893bbd649eb03548aa
500,50,36,0.002,1.0,7.0,1.0,43,0.47,1.11,6.5,ff40caff9436adbf9bd38cd8dd2a07eed72cc198918166d6ec73cd19617b2ff6
500,50,116,0.002,3.0,7.0,3.5,9,-0.384,0.03,4.5,a7e45ccfa44749f47009339807a5b3b6faa94591750df4893bbd649eb03548aa
500,50,116,0.002,4.0,6.0,3.5,10,-0.32,0.32,4.5,a7e45ccfa44749f47009339807a5b3b6faa94591750df4893bbd649eb03548aa
500,50,123,0.002,1.0,5.0,1.5,24,0.002,0.93,6.0,b2aa7ce2e829b156b6b2a9da36e09488eda956e5a66a30f221742ee0aa8167f7
500,50,36,0.002,2.0,6.0,1.0,43,-0.252,-0.07,7.0,ff40caff9436adbf9bd38cd8dd2a07eed72cc198918166d6ec73cd19617b2ff6
500,50,356,0.002,6.0,4.0,-2.0,16,-0.28,0.34,5.0,c1502d455473b0c952314917b0a1e263cde995d3c2f5b293b96dc02d8161eca8
500,50,261,0.002,3.0,8.0,-0.5,48,-0.248,-0.11,5.0,84d7db09a4a66ab80de8d84cf303232fb5d2699c1e35c5a38a7893393bdba5db
500,50,36,0.002,3.0,5.0,1.0,38,-0.508,0.05,6.0,ff40caff9436adbf9bd38cd8dd2a07eed72cc198918166d6ec73cd19617b2ff6
500,50,173,0.002,1.0,5.0,4.0,19,-0.316,0.4,5.0,3b3c69bfe1ea7d3417e6f0cb7831cd1890ff9efc41485332a6269801eec79431
500,50,116,0.002,7.0,4.0,3.0,3,-0.303,0.23,5.0,a7e45ccfa44749f47009339807a5b3b6faa94591750df4893bbd649eb03548aa
500,50,420,0.002,3.0,5.0,4.0,22,0.6730000000000002,1.13,6.5,8b99cc78d3cb5224793576097671ee3e7b24a24fb6d06417ba2121ba86390aaa
500,50,173,0.002,4.0,8.0,1.0,10,-0.971,-0.49,5.0,3b3c69bfe1ea7d3417e6f0cb7831cd1890ff9efc41485332a6269801eec79431
500,50,138,0.002,1.0,5.0,2.5,27,0.235,0.46,6.0,97b28df35b811f0a5dba92060bfa9d60f1cc23fb3123298c2b14a461bea2df00
500,50,103,0.0005,1.0,4.0,1.5,35,0.904,1.15,7.0,f686a886b7f72c7d003d6a650ffd17acce3c4aa805af76248dd3d1e642265184
500,50,243,0.002,5.0,10.0,-2.5,5,-0.898,-0.53,3.5,a3243ce7707a2a3682e9edb42f661751af7593e49dee8391462be0e0e7feca5b
500,50,178,0.002,3.0,9.0,-2.5,47,-1.5659999999999998,-1.73,2.0,2852b7ff8e5e77dbf55d6569bbb35253228fd4522b19f56bb25e9bbc298dc1d4
500,50,116,0.002,5.0,4.0,4.0,1,0.731,1.25,6.0,a7e45ccfa44749f47009339807a5b3b6faa94591750df4893bbd649eb03548aa
500,50,116,0.002,5.0,6.0,3.0,1,0.057,0.28,5.5,a7e45ccfa44749f47009339807a5b3b6faa94591750df4893bbd649eb03548aa
500,50,116,0.002,3.0,5.0,4.5,26,-0.709,-0.44,5.5,a7e45ccfa44749f47009339807a5b3b6faa94591750df4893bbd649eb03548aa
500,50,116,0.002,1.0,10.0,3.0,26,0.076,0.24,5.0,a7e45ccfa44749f47009339807a5b3b6faa94591750df4893bbd649eb03548aa
500,50,116,0.002,4.0,3.0,5.0,3,0.165,1.37,5.5,a7e45ccfa44749f47009339807a5b3b6faa94591750df4893bbd649eb03548aa
500,50,173,0.002,5.0,4.0,2.5,4,-0.207,-0.14,4.5,3b3c69bfe1ea7d3417e6f0cb7831cd1890ff9efc41485332a6269801eec79431
500,50,73,0.001,2.0,4.0,0.5,40,0.402,0.85,5.0,d47db6a3fa9151c10e2a42a4c31e38c922e8941f0814a51e6204fe23b2d82160
500,50,116,0.002,5.0,5.0,3.5,3,0.0,0.54,5.5,a7e45ccfa44749f47009339807a5b3b6faa94591750df4893bbd649eb03548aa
500,50,116,0.002,4.0,6.0,3.5,10,-0.577,-0.24,5.0,a7e45ccfa44749f47009339807a5b3b6faa94591750df4893bbd649eb03548aa
500,50,36,0.002,5.0,3.0,1.0,40,-0.572,0.03,5.0,ff40caff9436adbf9bd38cd8dd2a07eed72cc198918166d6ec73cd19617b2ff6
500,50,36,0.002,2.0,7.0,0.5,20,-0.261,0.24,4.0,ff40caff9436adbf9bd38cd8dd2a07eed72cc198918166d6ec73cd19617b2ff6
500,50,116,0.002,4.0,4.0,4.5,16,-0.149,0.54,4.5,a7e45ccfa44749f47009339807a5b3b6faa94591750df4893bbd649eb03548aa
500,50,116,0.002,6.0,3.0,4.0,9,-0.188,0.33,5.0,a7e45ccfa44749f47009339807a5b3b6faa94591750df4893bbd649eb03548aa
500,50,280,0.002,2.0,7.0,1.0,18,0.11200000000000002,0.66,4.5,3dbec4ed280111c6f70cf5b95bd8007d71fffb43262f818ee2b01da94e952ed1
500,50,116,0.002,2.0,6.0,4.5,29,-0.23200000000000004,0.23,4.5,a7e45ccfa44749f47009339807a5b3b6faa94591750df4893bbd649eb03548aa
500,50,153,0.002,2.0,8.0,0.5,33,0.099,0.31,6.5,6b6f91ba62efae00f09fbbdb547009f73ef44ff90923e257225aa6c928379dbe
500,50,116,0.002,5.0,5.0,3.5,5,-0.499,0.25,4.5,a7e45ccfa44749f47009339807a5b3b6faa94591750df4893bbd649eb03548aa
500,50,116,0.002,5.0,8.0,2.0,2,-0.768,-0.49,5.5,a7e45ccfa44749f47009339807a5b3b6faa94591750df4893bbd649eb03548aa
500,50,36,0.002,3.0,6.0,0.5,4,0.568,1.0,6.0,ff40caff9436adbf9bd38cd8dd2a07eed72cc198918166d6ec73cd19617b2ff6
500,50,123,0.002,3.0,9.0,-1.5,1,-0.596,-0.57,5.0,b2aa7ce2e829b156b6b2a9da36e09488eda956e5a66a30f221742ee0aa8167f7
500,50,116,0.002,6.0,11.0,0.0,5,-1.283,-1.42,2.0,a7e45ccfa44749f47009339807a5b3b6faa94591750df4893bbd649eb03548aa
500,50,116,0.002,6.0,4.0,3.5,3,-0.278,0.32,4.0,a7e45ccfa44749f47009339807a5b3b6faa94591750df4893bbd649eb03548aa
500,50,280,0.002,1.0,8.0,1.0,43,-0.107,0.06,4.0,3dbec4ed280111c6f70cf5b95bd8007d71fffb43262f818ee2b01da94e952ed1
500,50,116,0.002,2.0,4.0,5.5,12,0.39,0.87,5.5,a7e45ccfa44749f47009339807a5b3b6faa94591750df4893bbd649eb03548aa
500,50,420,0.002,6.0,9.0,0.5,11,-1.534,-1.52,3.5,8b99cc78d3cb5224793576097671ee3e7b24a24fb6d06417ba2121ba86390aaa
500,50,116,0.002,4.0,7.0,3.0,7,-0.705,-0.29,4.5,a7e45ccfa44749f47009339807a5b3b6faa94591750df4893bbd649eb03548aa
500,50,116,0.002,2.0,5.0,5.0,33,0.73,1.51,5.5,a7e45ccfa44749f47009339807a5b3b6faa94591750df4893bbd649eb03548aa
500,50,36,0.002,6.0,8.0,-2.0,14,-1.141,-1.3,3.0,ff40caff9436adbf9bd38cd8dd2a07eed72cc198918166d6ec73cd19617b2ff6
500,50,280,0.002,2.0,5.0,2.0,36,-0.131,0.78,4.5,3dbec4ed280111c6f70cf5b95bd8007d71fffb43262f818ee2b01da94e952ed1
500,50,95,0.002,4.0,3.0,0.5,21,0.226,1.53,7.0,c25fc3efb39204b5d63cd28eb38ba90889f8e69e2579abfd84abaa122b7be87a
500,50,203,0.002,4.0,7.0,-3.5,28,-1.565,-1.3,2.5,482f9bb74e396230e41acb238caf3964559f8d6f6f94a105834a53b8cd581e55
500,50,116,0.002,4.0,8.0,2.5,21,-1.283,-1.35,2.5,a7e45ccfa44749f47009339807a5b3b6faa94591750df4893bbd649eb03548aa
500,50,420,0.002,7.0,4.0,2.5,1,0.033,0.46,5.5,8b99cc78d3cb5224793576097671ee3e7b24a24fb6d06417ba2121ba86390aaa
500,50,36,0.002,4.0,8.0,-1.0,2,-0.873,-0.59,4.5,ff40caff9436adbf9bd38cd8dd2a07eed72cc198918166d6ec73cd19617b2ff6
500,50,306,0.002,2.0,5.0,0.0,43,0.18099999999999997,0.59,5.5,fab8f433d6f6bb610ff043434b54f18824bcad5c38069edd6b0404477ea4af7a
500,50,116,0.002,5.0,9.0,1.5,6,-1.186,-1.24,2.0,a7e45ccfa44749f47009339807a5b3b6faa94591750df4893bbd649eb03548aa
500,50,182,0.002,2.0,5.0,1.0,8,-0.185,0.52,6.0,ef5ccd9e100038eaeca590bb86f90622b26afb602bebc9512c60f4a108b50adc
500,50,116,0.002,4.0,6.0,3.5,8,-0.31,0.32,6.0,a7e45ccfa44749f47009339807a5b3b6faa94591750df4893bbd649eb03548aa
500,50,420,0.002,3.0,4.0,4.5,11,-0.152,0.59,7.0,8b99cc78d3cb5224793576097671ee3e7b24a24fb6d06417ba2121ba86390aaa
500,50,420,0.002,7.0,6.0,1.5,2,-0.7810000000000001,-0.3,4.0,8b99cc78d3cb5224793576097671ee3e7b24a24fb6d06417ba2121ba86390aaa
500,50,420,0.002,5.0,10.0,0.5,13,-1.766,-2.0,3.0,8b99cc78d3cb5224793576097671ee3e7b24a24fb6d06417ba2121ba86390aaa
500,50,116,0.002,7.0,8.0,1.0,2,-1.587,-1.32,3.5,a7e45ccfa44749f47009339807a5b3b6faa94591750df4893bbd649eb03548aa
500,50,272,0.002,2.0,6.0,0.0,26,-0.691,0.05,7.0,afcb930297b7343b8945a302072f385537be9321555f4f186f06883623c7f8fb
500,50,420,0.002,5.0,5.0,3.0,5,0.11200000000000002,0.8,4.0,8b99cc78d3cb5224793576097671ee3e7b24a24fb6d06417ba2121ba86390aaa
500,50,173,0.002,3.0,8.0,1.5,13,-0.7810000000000001,0.12,4.0,3b3c69bfe1ea7d3417e6f0cb7831cd1890ff9efc41485332a6269801eec79431
500,50,116,0.002,2.0,6.0,4.5,13,1.031,1.24,6.5,a7e45ccfa44749f47009339807a5b3b6faa94591750df4893bbd649eb03548aa
500,50,116,0.002,2.0,6.0,4.5,22,-0.213,0.39,4.5,a7e45ccfa44749f47009339807a5b3b6faa94591750df4893bbd649eb03548aa
500,50,156,0.00025,2.0,2.0,0.5,37,0.081,0.72,6.0,c0eabf7d5c642cd9077bfaa2a018dcfd8b98dc6f5570a2916e29fc8066add117
500,50,409,0.00025,0.0,2.0,1.0,40,1.685,2.16,8.0,d19357a5dbc4ba581ffba733b41fe697bb06305f120052064375b75d32f0db6e
500,50,116,0.002,4.0,4.0,4.5,5,0.949,1.66,6.5,a7e45ccfa44749f47009339807a5b3b6faa94591750df4893bbd649eb03548aa
500,50,116,0.002,5.0,5.0,3.5,1,0.031,0.93,5.5,a7e45ccfa44749f47009339807a5b3b6faa94591750df4893bbd649eb03548aa
500,50,116,0.002,3.0,9.0,2.5,5,-0.244,0.51,5.0,a7e45ccfa44749f47009339807a5b3b6faa94591750df4893bbd649eb03548aa
500,50,420,0.002,4.0,5.0,3.5,1,-0.083,0.44,5.5,8b99cc78d3cb5224793576097671ee3e7b24a24fb6d06417ba2121ba86390aaa
500,50,420,0.002,9.0,5.0,1.0,1,0.235,0.83,6.0,8b99cc78d3cb5224793576097671ee3e7b24a24fb6d06417ba2121ba86390aaa
500,50,116,0.002,5.0,4.0,4.0,11,-0.19400000000000003,-0.18,4.0,a7e45ccfa44749f47009339807a5b3b6faa94591750df4893bbd649eb03548aa
500,50,420,0.002,6.0,4.0,3.0,18,-1.271,-1.4,4.0,8b99cc78d3cb5224793576097671ee3e7b24a24fb6d06417ba2121ba86390aaa
500,50,116,0.002,3.0,5.0,4.5,12,0.828,1.61,5.0,a7e45ccfa44749f47009339807a5b3b6faa94591750df4893bbd649eb03548aa
500,50,173,0.002,2.0,7.0,2.5,1,0.214,0.39,5.5,3b3c69bfe1ea7d3417e6f0cb7831cd1890ff9efc41485332a6269801eec79431
500,50,153,0.002,3.0,6.0,1.0,36,-0.562,0.17,4.0,6b6f91ba62efae00f09fbbdb547009f73ef44ff90923e257225aa6c928379dbe
500,50,116,0.002,5.0,10.0,1.0,3,-1.059,-0.75,4.0,a7e45ccfa44749f47009339807a5b3b6faa94591750df4893bbd649eb03548aa
500,50,36,0.002,3.0,6.0,0.5,28,-0.912,-1.0,4.5,ff40caff9436adbf9bd38cd8dd2a07eed72cc198918166d6ec73cd19617b2ff6
500,50,116,0.002,0.0,9.0,4.0,30,-0.276,0.15,4.5,a7e45ccfa44749f47009339807a5b3b6faa94591750df4893bbd649eb03548aa
500,50,116,0.002,8.0,5.0,2.0,3,-0.291,-0.29,3.0,a7e45ccfa44749f47009339807a5b3b6faa94591750df4893bbd649eb03548aa
500,50,116,0.002,4.0,7.0,3.0,20,-1.262,-0.91,3.0,a7e45ccfa44749f47009339807a5b3b6faa94591750df4893bbd649eb03548aa
500,50,116,0.002,2.0,7.0,4.0,14,0.196,0.74,7.0,a7e45ccfa44749f47009339807a5b3b6faa94591750df4893bbd649eb03548aa
500,50,116,0.002,4.0,7.0,3.0,5,-0.425,0.05,4.5,a7e45ccfa44749f47009339807a5b3b6faa94591750df4893bbd649eb03548aa
500,50,420,0.002,3.0,8.0,2.5,30,-0.705,-0.37,4.0,8b99cc78d3cb5224793576097671ee3e7b24a24fb6d06417ba2121ba86390aaa
500,50,153,0.002,4.0,7.0,0.0,6,-0.241,-0.05,5.5,6b6f91ba62efae00f09fbbdb547009f73ef44ff90923e257225aa6c928379dbe
500,50,116,0.002,5.0,7.0,2.5,1,0.41,0.72,6.0,a7e45ccfa44749f47009339807a5b3b6faa94591750df4893bbd649eb03548aa
500,50,420,0.002,3.0,8.0,2.5,14,-0.738,-0.22,3.5,8b99cc78d3cb5224793576097671ee3e7b24a24fb6d06417ba2121ba86390aaa
500,50,116,0.002,7.0,6.0,2.0,11,-1.219,-1.51,2.5,a7e45ccfa44749f47009339807a5b3b6faa94591750df4893bbd649eb03548aa
500,50,74,0.002,0.0,6.0,0.5,24,0.958,1.46,6.5,5336d765b764a93e2eb1d0758e1d55b61cf2de15952d7b4f9d34abd296c96afb
500,50,116,0.002,3.0,7.0,3.5,3,-0.391,0.06,4.5,a7e45ccfa44749f47009339807a5b3b6faa94591750df4893bbd649eb03548aa
500,50,420,0.002,3.0,5.0,4.0,7,0.414,0.95,5.5,8b99cc78d3cb5224793576097671ee3e7b24a24fb6d06417ba2121ba86390aaa
500,50,261,0.002,4.0,5.0,0.5,9,-0.4040000000000001,0.44,4.0,84d7db09a4a66ab80de8d84cf303232fb5d2699c1e35c5a38a7893393bdba5db
500,50,173,0.002,8.0,8.0,-1.0,1,-1.081,-0.86,3.0,3b3c69bfe1ea7d3417e6f0cb7831cd1890ff9efc41485332a6269801eec79431
500,50,490,0.002,5.0,6.0,-2.5,13,-0.807,-0.5,4.0,974847301356efb9a3ebc5a376507ea020f2aa2b7a8db231927848b0f6c7fa65
500,50,420,0.002,4.0,2.0,5.0,10,0.773,1.26,7.5,8b99cc78d3cb5224793576097671ee3e7b24a24fb6d06417ba2121ba86390aaa
500,50,173,0.002,5.0,1.0,4.0,9,0.578,1.47,5.5,3b3c69bfe1ea7d3417e6f0cb7831cd1890ff9efc41485332a6269801eec79431
500,50,123,0.002,3.0,4.0,1.0,34,-0.35,0.04,6.5,b2aa7ce2e829b156b6b2a9da36e09488eda956e5a66a30f221742ee0aa8167f7
500,50,116,0.002,1.0,5.0,5.5,29,0.79,0.96,7.5,a7e45ccfa44749f47009339807a5b3b6faa94591750df4893bbd649eb03548aa
500,50,182,0.002,5.0,4.0,0.0,15,-0.6969999999999998,-0.31,4.5,ef5ccd9e100038eaeca590bb86f90622b26afb602bebc9512c60f4a108b50adc
500,50,261,0.002,6.0,3.0,0.5,37,-0.8809999999999999,0.01,5.0,84d7db09a4a66ab80de8d84cf303232fb5d2699c1e35c5a38a7893393bdba5db
500,50,153,0.002,4.0,8.0,-0.5,44,-1.67,-1.49,5.0,6b6f91ba62efae00f09fbbdb547009f73ef44ff90923e257225aa6c928379dbe
500,50,95,0.002,4.0,7.0,-1.5,49,-1.44,-1.39,3.5,c25fc3efb39204b5d63cd28eb38ba90889f8e69e2579abfd84abaa122b7be87a
500,50,116,0.002,4.0,8.0,2.5,8,-0.555,-0.23,3.5,a7e45ccfa44749f47009339807a5b3b6faa94591750df4893bbd649eb03548aa
500,50,153,0.002,1.0,3.0,3.5,43,0.9890000000000001,0.75,7.5,6b6f91ba62efae00f09fbbdb547009f73ef44ff90923e257225aa6c928379dbe
500,50,116,0.002,3.0,2.0,6.0,10,0.06,0.53,6.0,a7e45ccfa44749f47009339807a5b3b6faa94591750df4893bbd649eb03548aa
500,50,36,0.002,2.0,4.0,2.0,48,-0.254,0.55,5.0,ff40caff9436adbf9bd38cd8dd2a07eed72cc198918166d6ec73cd19617b2ff6
500,50,116,0.002,3.0,9.0,2.5,8,-0.37,0.31,5.0,a7e45ccfa44749f47009339807a5b3b6faa94591750df4893bbd649eb03548aa
500,50,153,0.002,5.0,4.0,1.0,9,0.001,0.76,6.0,6b6f91ba62efae00f09fbbdb547009f73ef44ff90923e257225aa6c928379dbe
500,50,116,0.002,3.0,4.0,5.0,7,0.732,1.48,7.0,a7e45ccfa44749f47009339807a5b3b6faa94591750df4893bbd649eb03548aa
500,50,116,0.002,2.0,8.0,3.5,19,0.3390000000000001,0.2,5.0,a7e45ccfa44749f47009339807a5b3b6faa94591750df4893bbd649eb03548aa
500,50,306,0.002,3.0,8.0,-2.0,6,-0.944,-0.61,3.5,fab8f433d6f6bb610ff043434b54f18824bcad5c38069edd6b0404477ea4af7a
500,50,173,0.002,4.0,6.0,2.0,35,-0.535,-0.16,5.0,3b3c69bfe1ea7d3417e6f0cb7831cd1890ff9efc41485332a6269801eec79431
500,50,420,0.002,5.0,5.0,3.0,1,-0.585,-0.13,5.0,8b99cc78d3cb5224793576097671ee3e7b24a24fb6d06417ba2121ba86390aaa
500,50,420,0.002,4.0,10.0,1.0,27,-1.236,-1.11,4.0,8b99cc78d3cb5224793576097671ee3e7b24a24fb6d06417ba2121ba86390aaa
500,50,116,0.002,6.0,5.0,3.0,1,-0.015,0.42,4.5,a7e45ccfa44749f47009339807a5b3b6faa94591750df4893bbd649eb03548aa
500,50,116,0.002,1.0,7.0,4.5,45,0.187,0.87,6.0,a7e45ccfa44749f47009339807a5b3b6faa94591750df4893bbd649eb03548aa
500,50,116,0.002,3.0,5.0,4.5,4,0.689,1.21,6.5,a7e45ccfa44749f47009339807a5b3b6faa94591750df4893bbd649eb03548aa
500,50,123,0.002,3.0,5.0,0.5,22,-0.417,0.58,5.5,b2aa7ce2e829b156b6b2a9da36e09488eda956e5a66a30f221742ee0aa8167f7
500,50,182,0.002,2.0,0.0,3.5,16,1.379,2.13,8.0,ef5ccd9e100038eaeca590bb86f90622b26afb602bebc9512c60f4a108b50adc
500,50,261,0.002,5.0,4.0,0.5,5,0.16400000000000003,1.26,6.5,84d7db09a4a66ab80de8d84cf303232fb5d2699c1e35c5a38a7893393bdba5db
500,50,173,0.002,4.0,8.0,1.0,20,-1.034,-0.71,3.0,3b3c69bfe1ea7d3417e6f0cb7831cd1890ff9efc41485332a6269801eec79431
500,50,423,0.0005,1.0,2.0,-1.0,40,-0.179,-0.11,7.0,3d2ebf107429ef13ace7750af79be48e330263a60bc5b76a4112f03245eaa320
500,50,116,0.002,9.0,3.0,2.5,1,-0.314,0.13,4.5,a7e45ccfa44749f47009339807a5b3b6faa94591750df4893bbd649eb03548aa
500,50,116,0.002,4.0,8.0,2.5,6,0.289,0.73,5.5,a7e45ccfa44749f47009339807a5b3b6faa94591750df4893bbd649eb03548aa
500,50,116,0.002,3.0,5.0,4.5,1,0.214,0.3,5.5,a7e45ccfa44749f47009339807a5b3b6faa94591750df4893bbd649eb03548aa
500,50,116,0.002,6.0,7.0,2.0,9,-1.112,-0.61,3.5,a7e45ccfa44749f47009339807a5b3b6faa94591750df4893bbd649eb03548aa
500,50,420,0.002,7.0,6.0,1.5,5,-0.775,-0.41,5.0,8b99cc78d3cb5224793576097671ee3e7b24a24fb6d06417ba2121ba86390aaa
500,50,116,0.002,4.0,5.0,4.0,29,-0.81,-0.11,5.0,a7e45ccfa44749f47009339807a5b3b6faa94591750df4893bbd649eb03548aa
500,50,36,0.002,4.0,7.0,-0.5,13,-0.27,0.02,4.0,ff40caff9436adbf9bd38cd8dd2a07eed72cc198918166d6ec73cd19617b2ff6
500,50,116,0.002,4.0,5.0,4.0,1,0.313,1.01,6.5,a7e45ccfa44749f47009339807a5b3b6faa94591750df4893bbd649eb03548aa
500,50,116,0.002,3.0,6.0,4.0,2,-0.545,-0.29,5.0,a7e45ccfa44749f47009339807a5b3b6faa94591750df4893bbd649eb03548aa
500,50,123,0.002,5.0,2.0,1.0,46,-0.84,-0.45,3.5,b2aa7ce2e829b156b6b2a9da36e09488eda956e5a66a30f221742ee0aa8167f7
500,50,116,0.002,6.0,5.0,3.0,1,-0.075,0.41,4.5,a7e45ccfa44749f47009339807a5b3b6faa94591750df4893bbd649eb03548aa
500,50,138,0.002,5.0,5.0,0.5,11,-0.6579999999999999,-0.21,5.5,97b28df35b811f0a5dba92060bfa9d60f1cc23fb3123298c2b14a461bea2df00
500,50,116,0.002,4.0,11.0,1.0,7,-1.8129999999999997,-1.57,2.0,a7e45ccfa44749f47009339807a5b3b6faa94591750df4893bbd649eb03548aa
500,50,182,0.002,3.0,5.0,0.5,19,0.10400000000000001,0.3,4.5,ef5ccd9e100038eaeca590bb86f90622b26afb602bebc9512c60f4a108b50adc
500,50,417,0.001,1.0,3.0,1.5,27,0.251,-0.07,7.0,576662496728038e224e71e11e336af0a6bb55625ba792b564b78dbc59d6551a
500,50,116,0.002,4.0,7.0,3.0,2,-0.46,0.11,4.0,a7e45ccfa44749f47009339807a5b3b6faa94591750df4893bbd649eb03548aa
500,50,116,0.002,1.0,6.0,5.0,12,0.846,1.49,7.5,a7e45ccfa44749f47009339807a5b3b6faa94591750df4893bbd649eb03548aa
500,50,420,0.002,6.0,5.0,2.5,1,0.36,0.75,5.5,8b99cc78d3cb5224793576097671ee3e7b24a24fb6d06417ba2121ba86390aaa
500,50,420,0.002,2.0,8.0,3.0,4,0.065,-0.14,7.5,8b99cc78d3cb5224793576097671ee3e7b24a24fb6d06417ba2121ba86390aaa
500,50,158,0.002,4.0,5.0,-0.5,23,-0.182,-0.13,5.0,344f34a1d32ba9c9a001e56e4d03ecfc7599d1fa3c5627b1ed5b429067fd6d72
500,50,116,0.002,1.0,7.0,4.5,16,0.501,1.01,5.5,a7e45ccfa44749f47009339807a5b3b6faa94591750df4893bbd649eb03548aa
500,50,420,0.002,5.0,4.0,3.5,3,0.285,0.87,5.0,8b99cc78d3cb5224793576097671ee3e7b24a24fb6d06417ba2121ba86390aaa
500,50,243,0.002,4.0,8.0,-1.0,20,-0.37,0.07,5.0,a3243ce7707a2a3682e9edb42f661751af7593e49dee8391462be0e0e7feca5b
500,50,116,0.002,0.0,10.0,3.5,37,-1.044,-0.83,3.5,a7e45ccfa44749f47009339807a5b3b6faa94591750df4893bbd649eb03548aa
500,50,312,0.002,2.0,8.0,-2.5,16,-0.754,-0.65,4.5,f0b22d6302b496221564e305bf70d3a28f43bc9c4a391a97069317868c917daa
500,50,123,0.002,4.0,6.0,-0.5,4,-0.811,-0.77,5.0,b2aa7ce2e829b156b6b2a9da36e09488eda956e5a66a30f221742ee0aa8167f7
500,50,280,0.002,4.0,7.0,0.0,5,-0.401,-0.13,6.5,3dbec4ed280111c6f70cf5b95bd8007d71fffb43262f818ee2b01da94e952ed1
500,50,182,0.002,3.0,4.0,1.0,5,0.475,1.26,6.0,ef5ccd9e100038eaeca590bb86f90622b26afb602bebc9512c60f4a108b50adc
500,50,116,0.002,1.0,9.0,3.5,38,0.03,0.64,4.5,a7e45ccfa44749f47009339807a5b3b6faa94591750df4893bbd649eb03548aa
500,50,243,0.002,5.0,7.0,-1.0,17,-0.7239999999999999,-0.24,4.0,a3243ce7707a2a3682e9edb42f661751af7593e49dee8391462be0e0e7feca5b
500,50,153,0.002,5.0,6.0,0.0,22,-0.49,-0.48,5.5,6b6f91ba62efae00f09fbbdb547009f73ef44ff90923e257225aa6c928379dbe
500,50,272,0.002,6.0,5.0,-1.5,5,-0.9129999999999999,-0.54,6.5,afcb930297b7343b8945a302072f385537be9321555f4f186f06883623c7f8fb
500,50,420,0.002,5.0,10.0,0.5,11,-1.531,-1.17,4.0,8b99cc78d3cb5224793576097671ee3e7b24a24fb6d06417ba2121ba86390aaa
500,50,116,0.002,1.0,9.0,3.5,3,0.273,0.72,5.5,a7e45ccfa44749f47009339807a5b3b6faa94591750df4893bbd649eb03548aa
500,50,116,0.002,5.0,5.0,3.5,2,0.033,0.72,6.0,a7e45ccfa44749f47009339807a5b3b6faa94591750df4893bbd649eb03548aa
500,50,67,0.002,5.0,5.0,-0.5,18,-0.109,0.23,4.0,3a360bea2f41e303724f014d0cc814dc18605110da671f5cf3213df428cae74f
500,50,420,0.002,3.0,3.0,5.0,45,-0.222,0.3,5.5,8b99cc78d3cb5224793576097671ee3e7b24a24fb6d06417ba2121ba86390aaa
500,50,173,0.002,6.0,9.0,-0.5,8,-1.405,-1.14,4.0,3b3c69bfe1ea7d3417e6f0cb7831cd1890ff9efc41485332a6269801eec79431
500,50,116,0.002,3.0,6.0,4.0,9,0.561,0.97,6.0,a7e45ccfa44749f47009339807a5b3b6faa94591750df4893bbd649eb03548aa
500,50,116,0.002,2.0,7.0,4.0,6,-0.207,0.29,4.0,a7e45ccfa44749f47009339807a5b3b6faa94591750df4893bbd649eb03548aa
500,50,420,0.002,3.0,3.0,5.0,7,0.234,0.64,7.0,8b99cc78d3cb5224793576097671ee3e7b24a24fb6d06417ba2121ba86390aaa
500,50,420,0.002,2.0,5.0,4.5,25,0.577,0.79,6.5,8b99cc78d3cb5224793576097671ee3e7b24a24fb6d06417ba2121ba86390aaa
500,50,116,0.002,1.0,11.0,2.5,29,-0.229,-0.15,5.0,a7e45ccfa44749f47009339807a5b3b6faa94591750df4893bbd649eb03548aa
500,50,138,0.002,3.0,6.0,1.0,17,-0.09700000000000002,0.37,6.0,97b28df35b811f0a5dba92060bfa9d60f1cc23fb3123298c2b14a461bea2df00
500,50,153,0.002,3.0,6.0,1.0,6,-0.581,-0.46,5.5,6b6f91ba62efae00f09fbbdb547009f73ef44ff90923e257225aa6c928379dbe
500,50,36,0.002,5.0,5.0,0.0,13,-0.365,0.01,3.0,ff40caff9436adbf9bd38cd8dd2a07eed72cc198918166d6ec73cd19617b2ff6
500,50,123,0.002,2.0,2.0,2.5,15,0.18099999999999997,1.19,6.5,b2aa7ce2e829b156b6b2a9da36e09488eda956e5a66a30f221742ee0aa8167f7
500,50,262,0.001,4.0,1.0,1.0,21,0.428,1.03,6.0,c80bd42dd2007dcd4ce2f14198ecc4247341eb77b27e1de5cc3fb045162a23de
500,50,497,0.001,5.0,7.0,-2.5,22,-0.898,-1.09,4.0,526db03663e3f68905e8ed37f0760b4ef31347fa4159ce8515af8811d6253ad1
500,50,116,0.002,1.0,8.0,4.0,42,-0.228,0.05,4.5,a7e45ccfa44749f47009339807a5b3b6faa94591750df4893bbd649eb03548aa
500,50,420,0.002,3.0,6.0,3.5,4,0.028000000000000004,-0.07,6.0,8b99cc78d3cb5224793576097671ee3e7b24a24fb6d06417ba2121ba86390aaa
500,50,420,0.002,3.0,5.0,4.0,21,0.262,0.88,5.0,8b99cc78d3cb5224793576097671ee3e7b24a24fb6d06417ba2121ba86390aaa
500,50,116,0.002,4.0,5.0,4.0,11,-0.44,0.25,4.0,a7e45ccfa44749f47009339807a5b3b6faa94591750df4893bbd649eb03548aa
500,50,116,0.002,5.0,6.0,3.0,7,-0.168,0.74,5.5,a7e45ccfa44749f47009339807a5b3b6faa94591750df4893bbd649eb03548aa
500,50,11,0.0005,2.0,4.0,-0.5,4,0.286,0.35,6.5,8500b2f053a701b4ccbc7b6943415361122ca2c5b13bada8b1620345c74dc442
500,50,261,0.002,4.0,6.0,0.0,3,-0.267,-0.09,6.0,84d7db09a4a66ab80de8d84cf303232fb5d2699c1e35c5a38a7893393bdba5db
500,50,116,0.002,2.0,8.0,3.5,5,0.125,0.69,4.5,a7e45ccfa44749f47009339807a5b3b6faa94591750df4893bbd649eb03548aa
500,50,182,0.002,3.0,4.0,1.0,31,-0.659,-0.03,5.5,ef5ccd9e100038eaeca590bb86f90622b26afb602bebc9512c60f4a108b50adc
500,50,173,0.002,6.0,8.0,0.0,13,-0.728,-0.51,3.0,3b3c69bfe1ea7d3417e6f0cb7831cd1890ff9efc41485332a6269801eec79431
500,50,280,0.002,2.0,4.0,2.5,32,0.32300000000000006,0.99,6.5,3dbec4ed280111c6f70cf5b95bd8007d71fffb43262f818ee2b01da94e952ed1
500,50,116,0.002,2.0,6.0,4.5,34,-0.155,-0.01,6.0,a7e45ccfa44749f47009339807a5b3b6faa94591750df4893bbd649eb03548aa
500,50,116,0.002,6.0,4.0,3.5,3,0.4759999999999999,0.57,5.5,a7e45ccfa44749f47009339807a5b3b6faa94591750df4893bbd649eb03548aa
500,50,420,0.002,3.0,7.0,3.0,29,-0.137,0.29,4.5,8b99cc78d3cb5224793576097671ee3e7b24a24fb6d06417ba2121ba86390aaa
500,50,262,0.001,3.0,4.0,0.0,32,-0.559,-0.25,6.0,c80bd42dd2007dcd4ce2f14198ecc4247341eb77b27e1de5cc3fb045162a23de
500,50,173,0.002,5.0,5.0,2.0,2,-0.005,0.49,5.0,3b3c69bfe1ea7d3417e6f0cb7831cd1890ff9efc41485332a6269801eec79431
500,50,280,0.002,2.0,9.0,0.0,25,-0.485,-0.06,5.5,3dbec4ed280111c6f70cf5b95bd8007d71fffb43262f818ee2b01da94e952ed1
500,50,420,0.002,4.0,7.0,2.5,10,-1.161,-0.63,2.5,8b99cc78d3cb5224793576097671ee3e7b24a24fb6d06417ba2121ba86390aaa
500,50,123,0.002,3.0,5.0,0.5,31,0.467,1.06,5.5,b2aa7ce2e829b156b6b2a9da36e09488eda956e5a66a30f221742ee0aa8167f7
500,50,36,0.002,4.0,9.0,-1.5,5,-0.341,-0.03,5.5,ff40caff9436adbf9bd38cd8dd2a07eed72cc198918166d6ec73cd19617b2ff6
500,50,116,0.002,5.0,11.0,0.5,12,-1.722,-1.81,1.5,a7e45ccfa44749f47009339807a5b3b6faa94591750df4893bbd649eb03548aa
500,50,116,0.002,4.0,3.0,5.0,7,-0.44,0.27,7.0,a7e45ccfa44749f47009339807a5b3b6faa94591750df4893bbd649eb03548aa
500,50,74,0.002,2.0,5.0,0.0,38,-0.517,-0.04,4.0,5336d765b764a93e2eb1d0758e1d55b61cf2de15952d7b4f9d34abd296c96afb
500,50,420,0.002,2.0,7.0,3.5,45,-0.083,0.36,4.5,8b99cc78d3cb5224793576097671ee3e7b24a24fb6d06417ba2121ba86390aaa
500,50,420,0.002,5.0,5.0,3.0,41,-0.703,0.0,5.0,8b99cc78d3cb5224793576097671ee3e7b24a24fb6d06417ba2121ba86390aaa
500,50,272,0.002,1.0,6.0,0.5,32,-0.703,-0.74,5.5,afcb930297b7343b8945a302072f385537be9321555f4f186f06883623c7f8fb
500,50,36,0.002,3.0,7.0,0.0,17,-0.603,-0.23,4.0,ff40caff9436adbf9bd38cd8dd2a07eed72cc198918166d6ec73cd19617b2ff6
500,50,116,0.002,2.0,8.0,3.5,26,-0.545,-0.4,4.0,a7e45ccfa44749f47009339807a5b3b6faa94591750df4893bbd649eb03548aa
500,50,3,0.002,1.0,5.0,-3.5,20,0.359,1.03,6.5,d9a424cd3a5dfebfc9a80fcf8938248504189e671ebcba703e704d4eeb7deead
500,50,123,0.002,7.0,3.0,-0.5,1,0.606,1.11,6.0,b2aa7ce2e829b156b6b2a9da36e09488eda956e5a66a30f221742ee0aa8167f7
500,50,420,0.002,4.0,8.0,2.0,11,0.277,0.95,5.0,8b99cc78d3cb5224793576097671ee3e7b24a24fb6d06417ba2121ba86390aaa
500,50,420,0.002,6.0,4.0,3.0,6,-0.779,-0.71,5.0,8b99cc78d3cb5224793576097671ee3e7b24a24fb6d06417ba2121ba86390aaa
500,50,420,0.002,10.0,4.0,1.0,1,-1.134,-0.6,5.0,8b99cc78d3cb5224793576097671ee3e7b24a24fb6d06417ba2121ba86390aaa
500,50,420,0.002,3.0,8.0,2.5,14,-0.638,-0.47,5.0,8b99cc78d3cb5224793576097671ee3e7b24a24fb6d06417ba2121ba86390aaa
500,50,123,0.002,2.0,3.0,2.0,50,-0.47,0.71,4.5,b2aa7ce2e829b156b6b2a9da36e09488eda956e5a66a30f221742ee0aa8167f7
500,50,173,0.002,5.0,3.0,3.0,12,-0.414,-0.03,4.5,3b3c69bfe1ea7d3417e6f0cb7831cd1890ff9efc41485332a6269801eec79431
500,50,272,0.002,7.0,5.0,-2.0,1,-0.43700000000000006,0.21,6.0,afcb930297b7343b8945a302072f385537be9321555f4f186f06883623c7f8fb
500,50,36,0.002,5.0,6.0,-0.5,14,-0.56,-0.89,3.5,ff40caff9436adbf9bd38cd8dd2a07eed72cc198918166d6ec73cd19617b2ff6
500,50,420,0.002,2.0,4.0,5.0,23,0.794,1.72,7.0,8b99cc78d3cb5224793576097671ee3e7b24a24fb6d06417ba2121ba86390aaa
500,50,280,0.002,3.0,3.0,2.5,26,0.6460000000000001,1.0,6.5,3dbec4ed280111c6f70cf5b95bd8007d71fffb43262f818ee2b01da94e952ed1
500,50,123,0.002,2.0,6.0,0.5,12,0.33,0.84,7.0,b2aa7ce2e829b156b6b2a9da36e09488eda956e5a66a30f221742ee0aa8167f7
500,50,116,0.002,2.0,8.0,3.5,28,-1.014,-0.65,3.5,a7e45ccfa44749f47009339807a5b3b6faa94591750df4893bbd649eb03548aa
500,50,116,0.002,4.0,10.0,1.5,2,-1.405,-1.16,3.5,a7e45ccfa44749f47009339807a5b3b6faa94591750df4893bbd649eb03548aa
500,50,420,0.002,3.0,8.0,2.5,5,-0.17299999999999996,0.54,5.0,8b99cc78d3cb5224793576097671ee3e7b24a24fb6d06417ba2121ba86390aaa
500,50,272,0.002,1.0,6.0,0.5,40,0.153,0.58,6.0,afcb930297b7343b8945a302072f385537be9321555f4f186f06883623c7f8fb
500,50,356,0.002,4.0,6.0,-2.0,17,-0.074,0.5,5.0,c1502d455473b0c952314917b0a1e263cde995d3c2f5b293b96dc02d8161eca8
500,50,116,0.002,5.0,4.0,4.0,1,0.311,0.84,5.5,a7e45ccfa44749f47009339807a5b3b6faa94591750df4893bbd649eb03548aa
500,50,73,0.001,6.0,4.0,-1.5,31,-0.4709999999999999,-0.36,3.5,d47db6a3fa9151c10e2a42a4c31e38c922e8941f0814a51e6204fe23b2d82160
500,50,116,0.002,7.0,5.0,2.5,6,-1.081,-0.79,3.5,a7e45ccfa44749f47009339807a5b3b6faa94591750df4893bbd649eb03548aa
500,50,413,0.0005,3.0,1.0,-0.5,44,0.016,1.5,5.5,e55d38bd8bed310bd65d9e14249c15f89ef24ddca8328b186ccc55c37c171562
500,50,173,0.002,6.0,7.0,0.5,3,-0.106,0.3,4.5,3b3c69bfe1ea7d3417e6f0cb7831cd1890ff9efc41485332a6269801eec79431
500,50,116,0.002,6.0,11.0,0.0,2,-0.494,0.11,3.5,a7e45ccfa44749f47009339807a5b3b6faa94591750df4893bbd649eb03548aa
500,50,36,0.002,2.0,6.0,1.0,12,0.44800000000000006,0.75,5.0,ff40caff9436adbf9bd38cd8dd2a07eed72cc198918166d6ec73cd19617b2ff6
500,50,116,0.002,9.0,4.0,2.0,2,-0.674,-0.51,3.5,a7e45ccfa44749f47009339807a5b3b6faa94591750df4893bbd649eb03548aa
500,50,420,0.002,5.0,8.0,1.5,4,-0.009,0.88,7.0,8b99cc78d3cb5224793576097671ee3e7b24a24fb6d06417ba2121ba86390aaa
500,50,116,0.002,4.0,6.0,3.5,5,-0.271,0.29,4.5,a7e45ccfa44749f47009339807a5b3b6faa94591750df4893bbd649eb03548aa
500,50,116,0.002,7.0,3.0,3.5,3,0.137,0.91,5.0,a7e45ccfa44749f47009339807a5b3b6faa94591750df4893bbd649eb03548aa
500,50,203,0.002,3.0,3.0,-1.0,21,0.247,0.51,7.0,482f9bb74e396230e41acb238caf3964559f8d6f6f94a105834a53b8cd581e55
500,50,280,0.002,5.0,8.0,-1.0,4,-0.755,-0.6,4.5,3dbec4ed280111c6f70cf5b95bd8007d71fffb43262f818ee2b01da94e952ed1
500,50,36,0.002,2.0,10.0,-1.0,32,-1.279,-1.07,3.0,ff40caff9436adbf9bd38cd8dd2a07eed72cc198918166d6ec73cd19617b2ff6
500,50,280,0.002,1.0,6.0,2.0,23,0.682,0.89,7.0,3dbec4ed280111c6f70cf5b95bd8007d71fffb43262f818ee2b01da94e952ed1
500,50,116,0.002,3.0,7.0,3.5,9,-0.619,-0.38,4.0,a7e45ccfa44749f47009339807a5b3b6faa94591750df4893bbd649eb03548aa
500,50,243,0.002,3.0,7.0,0.0,43,-0.538,-0.27,3.0,a3243ce7707a2a3682e9edb42f661751af7593e49dee8391462be0e0e7feca5b
500,50,173,0.002,2.0,7.0,2.5,25,-0.102,0.49,5.0,3b3c69bfe1ea7d3417e6f0cb7831cd1890ff9efc41485332a6269801eec79431
500,50,123,0.002,1.0,6.0,1.0,13,0.102,0.6,6.0,b2aa7ce2e829b156b6b2a9da36e09488eda956e5a66a30f221742ee0aa8167f7
500,50,123,0.002,6.0,5.0,-1.0,32,-1.322,-1.4,2.5,b2aa7ce2e829b156b6b2a9da36e09488eda956e5a66a30f221742ee0aa8167f7
500,50,153,0.002,2.0,5.0,2.0,40,-0.043,0.2,5.5,6b6f91ba62efae00f09fbbdb547009f73ef44ff90923e257225aa6c928379dbe
500,50,116,0.002,5.0,5.0,3.5,4,0.217,1.2,5.5,a7e45ccfa44749f47009339807a5b3b6faa94591750df4893bbd649eb03548aa
500,50,158,0.002,4.0,5.0,-0.5,28,-0.545,-0.49,4.5,344f34a1d32ba9c9a001e56e4d03ecfc7599d1fa3c5627b1ed5b429067fd6d72
500,50,116,0.002,4.0,7.0,3.0,2,-0.43799999999999994,0.13,4.0,a7e45ccfa44749f47009339807a5b3b6faa94591750df4893bbd649eb03548aa
500,50,116,0.002,7.0,7.0,1.5,8,-1.192,-1.74,2.5,a7e45ccfa44749f47009339807a5b3b6faa94591750df4893bbd649eb03548aa
500,50,420,0.002,2.0,10.0,2.0,35,-0.11,0.13,5.0,8b99cc78d3cb5224793576097671ee3e7b24a24fb6d06417ba2121ba86390aaa
500,50,280,0.002,1.0,9.0,0.5,42,-0.33399999999999996,0.13,5.0,3dbec4ed280111c6f70cf5b95bd8007d71fffb43262f818ee2b01da94e952ed1
500,50,182,0.002,4.0,4.0,0.5,24,-0.32800000000000007,0.24,4.5,ef5ccd9e100038eaeca590bb86f90622b26afb602bebc9512c60f4a108b50adc
500,50,243,0.002,5.0,6.0,-0.5,43,-0.76,-0.88,3.0,a3243ce7707a2a3682e9edb42f661751af7593e49dee8391462be0e0e7feca5b
500,50,116,0.002,5.0,4.0,4.0,3,0.066,0.53,6.0,a7e45ccfa44749f47009339807a5b3b6faa94591750df4893bbd649eb03548aa
500,50,116,0.002,7.0,4.0,3.0,3,-1.158,-0.84,4.5,a7e45ccfa44749f47009339807a5b3b6faa94591750df4893bbd649eb03548aa
500,50,173,0.002,3.0,8.0,1.5,41,-1.166,-1.09,4.0,3b3c69bfe1ea7d3417e6f0cb7831cd1890ff9efc41485332a6269801eec79431
500,50,272,0.002,3.0,6.0,-0.5,13,-0.271,-0.24,5.0,afcb930297b7343b8945a302072f385537be9321555f4f186f06883623c7f8fb
500,50,116,0.002,3.0,4.0,5.0,3,0.809,0.81,7.5,a7e45ccfa44749f47009339807a5b3b6faa94591750df4893bbd649eb03548aa
500,50,173,0.002,4.0,5.0,2.5,35,-0.537,0.19,4.5,3b3c69bfe1ea7d3417e6f0cb7831cd1890ff9efc41485332a6269801eec79431
500,50,420,0.002,7.0,4.0,2.5,2,-0.325,0.21,5.0,8b99cc78d3cb5224793576097671ee3e7b24a24fb6d06417ba2121ba86390aaa
500,50,116,0.002,2.0,7.0,4.0,19,-0.305,-0.16,6.5,a7e45ccfa44749f47009339807a5b3b6faa94591750df4893bbd649eb03548aa
500,50,272,0.002,6.0,4.0,-1.0,17,-0.463,-0.79,4.0,afcb930297b7343b8945a302072f385537be9321555f4f186f06883623c7f8fb
500,50,116,0.002,5.0,7.0,2.5,2,0.579,0.89,4.5,a7e45ccfa44749f47009339807a5b3b6faa94591750df4893bbd649eb03548aa
500,50,116,0.002,5.0,0.0,6.0,1,0.752,1.06,6.5,a7e45ccfa44749f47009339807a5b3b6faa94591750df4893bbd649eb03548aa
500,50,420,0.002,7.0,7.0,1.0,6,-1.164,-0.92,5.0,8b99cc78d3cb5224793576097671ee3e7b24a24fb6d06417ba2121ba86390aaa
500,50,116,0.002,4.0,7.0,3.0,1,-0.389,-0.04,5.0,a7e45ccfa44749f47009339807a5b3b6faa94591750df4893bbd649eb03548aa
500,50,123,0.002,3.0,4.0,1.0,12,0.559,1.18,4.5,b2aa7ce2e829b156b6b2a9da36e09488eda956e5a66a30f221742ee0aa8167f7
500,50,420,0.002,1.0,8.0,3.5,20,-0.036,0.6,4.0,8b99cc78d3cb5224793576097671ee3e7b24a24fb6d06417ba2121ba86390aaa
500,50,173,0.002,3.0,5.0,3.0,23,0.664,0.96,6.5,3b3c69bfe1ea7d3417e6f0cb7831cd1890ff9efc41485332a6269801eec79431
500,50,116,0.002,3.0,3.0,5.5,41,0.6510000000000001,1.51,6.5,a7e45ccfa44749f47009339807a5b3b6faa94591750df4893bbd649eb03548aa
500,50,116,0.002,5.0,6.0,3.0,6,-0.402,0.09,6.5,a7e45ccfa44749f47009339807a5b3b6faa94591750df4893bbd649eb03548aa
500,50,36,0.002,3.0,6.0,0.5,10,-0.642,-0.43,4.5,ff40caff9436adbf9bd38cd8dd2a07eed72cc198918166d6ec73cd19617b2ff6
500,50,116,0.002,3.0,4.0,5.0,18,0.088,1.0,5.5,a7e45ccfa44749f47009339807a5b3b6faa94591750df4893bbd649eb03548aa
500,50,116,0.002,4.0,8.0,2.5,6,-0.772,-0.64,4.0,a7e45ccfa44749f47009339807a5b3b6faa94591750df4893bbd649eb03548aa
500,50,116,0.002,7.0,4.0,3.0,2,0.11600000000000002,1.05,4.5,a7e45ccfa44749f47009339807a5b3b6faa94591750df4893bbd649eb03548aa
500,50,74,0.002,7.0,4.0,-2.0,35,-2.173,-2.11,2.5,5336d765b764a93e2eb1d0758e1d55b61cf2de15952d7b4f9d34abd296c96afb
500,50,116,0.002,3.0,6.0,4.0,30,-0.687,-0.77,4.0,a7e45ccfa44749f47009339807a5b3b6faa94591750df4893bbd649eb03548aa
500,50,116,0.002,1.0,6.0,5.0,43,-0.073,0.77,5.0,a7e45ccfa44749f47009339807a5b3b6faa94591750df4893bbd649eb03548aa
500,50,356,0.002,3.0,8.0,-2.5,48,-0.914,-0.48,4.5,c1502d455473b0c952314917b0a1e263cde995d3c2f5b293b96dc02d8161eca8
500,50,272,0.002,3.0,4.0,0.5,43,-0.963,-0.37,4.5,afcb930297b7343b8945a302072f385537be9321555f4f186f06883623c7f8fb
500,50,116,0.002,2.0,4.0,5.5,8,0.58,0.99,6.0,a7e45ccfa44749f47009339807a5b3b6faa94591750df4893bbd649eb03548aa
500,50,116,0.002,1.0,7.0,4.5,47,0.386,0.69,4.5,a7e45ccfa44749f47009339807a5b3b6faa94591750df4893bbd649eb03548aa
500,50,173,0.002,5.0,6.0,1.5,7,-0.18,0.7,5.5,3b3c69bfe1ea7d3417e6f0cb7831cd1890ff9efc41485332a6269801eec79431
500,50,116,0.002,2.0,4.0,5.5,9,0.45399999999999996,0.98,7.0,a7e45ccfa44749f47009339807a5b3b6faa94591750df4893bbd649eb03548aa
500,50,116,0.002,3.0,8.0,3.0,4,0.004,0.12,5.0,a7e45ccfa44749f47009339807a5b3b6faa94591750df4893bbd649eb03548aa
500,50,280,0.002,4.0,7.0,0.0,24,-0.402,-0.13,4.5,3dbec4ed280111c6f70cf5b95bd8007d71fffb43262f818ee2b01da94e952ed1
500,50,417,0.001,2.0,6.0,-0.5,43,-0.3459999999999999,0.09,4.0,576662496728038e224e71e11e336af0a6bb55625ba792b564b78dbc59d6551a
500,50,123,0.002,3.0,5.0,0.5,3,0.823,0.84,6.0,b2aa7ce2e829b156b6b2a9da36e09488eda956e5a66a30f221742ee0aa8167f7
500,50,357,0.0005,1.0,3.0,0.5,49,0.889,0.74,7.0,c99f5297f235ea9284300ff5d1db9cdd539f9089dfd30f5074f49150bf2016cc
500,50,116,0.002,4.0,7.0,3.0,4,-0.099,0.29,5.5,a7e45ccfa44749f47009339807a5b3b6faa94591750df4893bbd649eb03548aa
500,50,306,0.002,2.0,4.0,0.5,43,0.733,1.41,5.5,fab8f433d6f6bb610ff043434b54f18824bcad5c38069edd6b0404477ea4af7a
500,50,123,0.002,1.0,4.0,2.0,32,0.16400000000000003,1.01,5.0,b2aa7ce2e829b156b6b2a9da36e09488eda956e5a66a30f221742ee0aa8167f7
500,50,420,0.002,3.0,7.0,3.0,1,0.326,0.12,6.0,8b99cc78d3cb5224793576097671ee3e7b24a24fb6d06417ba2121ba86390aaa
500,50,116,0.002,1.0,3.0,6.5,47,0.483,0.69,6.5,a7e45ccfa44749f47009339807a5b3b6faa94591750df4893bbd649eb03548aa
500,50,420,0.002,4.0,2.0,5.0,34,0.214,1.2,7.0,8b99cc78d3cb5224793576097671ee3e7b24a24fb6d06417ba2121ba86390aaa
500,50,138,0.002,3.0,5.0,1.5,30,-0.24,-0.35,5.5,97b28df35b811f0a5dba92060bfa9d60f1cc23fb3123298c2b14a461bea2df00
500,50,182,0.002,3.0,4.0,1.0,14,0.08200000000000002,0.62,6.5,ef5ccd9e100038eaeca590bb86f90622b26afb602bebc9512c60f4a108b50adc
500,50,173,0.002,5.0,4.0,2.5,9,-0.16400000000000003,0.23,4.5,3b3c69bfe1ea7d3417e6f0cb7831cd1890ff9efc41485332a6269801eec79431
500,50,173,0.002,5.0,5.0,2.0,4,0.14,0.72,4.5,3b3c69bfe1ea7d3417e6f0cb7831cd1890ff9efc41485332a6269801eec79431
500,50,116,0.002,9.0,5.0,1.5,9,-1.621,-1.69,2.0,a7e45ccfa44749f47009339807a5b3b6faa94591750df4893bbd649eb03548aa
500,50,116,0.002,1.0,4.0,6.0,13,0.7340000000000001,0.74,7.0,a7e45ccfa44749f47009339807a5b3b6faa94591750df4893bbd649eb03548aa
500,50,116,0.002,6.0,6.0,2.5,1,-0.073,0.26,3.5,a7e45ccfa44749f47009339807a5b3b6faa94591750df4893bbd649eb03548aa
500,50,272,0.002,0.0,7.0,0.5,28,0.31,0.78,6.5,afcb930297b7343b8945a302072f385537be9321555f4f186f06883623c7f8fb
500,50,420,0.002,2.0,10.0,2.0,18,-0.343,-0.28,5.5,8b99cc78d3cb5224793576097671ee3e7b24a24fb6d06417ba2121ba86390aaa
500,50,173,0.002,4.0,9.0,0.5,7,-0.37,-0.21,5.0,3b3c69bfe1ea7d3417e6f0cb7831cd1890ff9efc41485332a6269801eec79431
500,50,116,0.002,2.0,7.0,4.0,34,-0.79,-0.83,5.0,a7e45ccfa44749f47009339807a5b3b6faa94591750df4893bbd649eb03548aa
500,50,116,0.002,9.0,7.0,0.5,1,-0.814,-1.03,4.0,a7e45ccfa44749f47009339807a5b3b6faa94591750df4893bbd649eb03548aa
500,50,51,0.002,1.0,7.0,-1.0,25,-0.463,-0.19,5.0,0da469cd406ad5030b33efeb4176c7916b6520b504ade19e5900078c3b28d733
500,50,173,0.002,7.0,6.0,0.5,5,-1.269,-1.33,4.0,3b3c69bfe1ea7d3417e6f0cb7831cd1890ff9efc41485332a6269801eec79431
500,50,123,0.002,1.0,2.0,3.0,7,1.4409999999999998,2.35,8.5,b2aa7ce2e829b156b6b2a9da36e09488eda956e5a66a30f221742ee0aa8167f7
500,50,173,0.002,7.0,4.0,1.5,3,-0.217,0.25,6.5,3b3c69bfe1ea7d3417e6f0cb7831cd1890ff9efc41485332a6269801eec79431
500,50,116,0.002,2.0,5.0,5.0,14,0.27,0.68,5.0,a7e45ccfa44749f47009339807a5b3b6faa94591750df4893bbd649eb03548aa
500,50,116,0.002,7.0,7.0,1.5,7,-1.181,-0.99,2.0,a7e45ccfa44749f47009339807a5b3b6faa94591750df4893bbd649eb03548aa
500,50,182,0.002,2.0,8.0,-0.5,46,-1.118,-0.52,5.0,ef5ccd9e100038eaeca590bb86f90622b26afb602bebc9512c60f4a108b50adc
500,50,420,0.002,4.0,4.0,4.0,3,0.73,1.49,7.0,8b99cc78d3cb5224793576097671ee3e7b24a24fb6d06417ba2121ba86390aaa
500,50,173,0.002,3.0,5.0,3.0,38,-0.619,-0.12,5.5,3b3c69bfe1ea7d3417e6f0cb7831cd1890ff9efc41485332a6269801eec79431
500,50,420,0.002,5.0,6.0,2.5,12,-0.521,0.21,5.0,8b99cc78d3cb5224793576097671ee3e7b24a24fb6d06417ba2121ba86390aaa
500,50,420,0.002,6.0,6.0,2.0,2,-0.738,-0.21,4.5,8b99cc78d3cb5224793576097671ee3e7b24a24fb6d06417ba2121ba86390aaa
500,50,420,0.002,3.0,6.0,3.5,11,0.19,0.55,7.5,8b99cc78d3cb5224793576097671ee3e7b24a24fb6d06417ba2121ba86390aaa
500,50,36,0.002,6.0,5.0,-0.5,3,-0.747,-0.53,5.0,ff40caff9436adbf9bd38cd8dd2a07eed72cc198918166d6ec73cd19617b2ff6
500,50,36,0.002,2.0,7.0,0.5,32,-0.348,-0.31,4.0,ff40caff9436adbf9bd38cd8dd2a07eed72cc198918166d6ec73cd19617b2ff6
500,50,36,0.002,2.0,4.0,2.0,46,-0.228,0.71,7.0,ff40caff9436adbf9bd38cd8dd2a07eed72cc198918166d6ec73cd19617b2ff6
500,50,123,0.002,7.0,5.0,-1.5,1,0.168,0.54,5.0,b2aa7ce2e829b156b6b2a9da36e09488eda956e5a66a30f221742ee0aa8167f7
500,50,116,0.002,6.0,9.0,1.0,1,-0.16400000000000003,0.31,4.0,a7e45ccfa44749f47009339807a5b3b6faa94591750df4893bbd649eb03548aa
500,50,306,0.002,4.0,4.0,-0.5,16,-0.105,0.11,5.0,fab8f433d6f6bb610ff043434b54f18824bcad5c38069edd6b0404477ea4af7a
500,50,420,0.002,0.0,4.0,6.0,42,0.611,1.23,8.0,8b99cc78d3cb5224793576097671ee3e7b24a24fb6d06417ba2121ba86390aaa
500,50,420,0.002,4.0,9.0,1.5,1,-0.342,-0.04,4.5,8b99cc78d3cb5224793576097671ee3e7b24a24fb6d06417ba2121ba86390aaa
500,50,138,0.002,3.0,4.0,2.0,17,0.205,0.83,7.0,97b28df35b811f0a5dba92060bfa9d60f1cc23fb3123298c2b14a461bea2df00
500,50,182,0.002,5.0,5.0,-0.5,14,-0.548,-0.51,5.5,ef5ccd9e100038eaeca590bb86f90622b26afb602bebc9512c60f4a108b50adc
500,50,420,0.002,7.0,2.0,3.5,6,0.382,0.91,5.5,8b99cc78d3cb5224793576097671ee3e7b24a24fb6d06417ba2121ba86390aaa
500,50,173,0.002,3.0,7.0,2.0,19,-0.463,-0.36,4.5,3b3c69bfe1ea7d3417e6f0cb7831cd1890ff9efc41485332a6269801eec79431
500,50,178,0.002,3.0,7.0,-1.5,46,-0.236,-0.68,4.5,2852b7ff8e5e77dbf55d6569bbb35253228fd4522b19f56bb25e9bbc298dc1d4
500,50,173,0.002,4.0,8.0,1.0,8,-0.862,-0.74,4.5,3b3c69bfe1ea7d3417e6f0cb7831cd1890ff9efc41485332a6269801eec79431
500,50,116,0.002,1.0,4.0,6.0,8,1.071,0.98,7.0,a7e45ccfa44749f47009339807a5b3b6faa94591750df4893bbd649eb03548aa
500,50,173,0.002,3.0,6.0,2.5,12,-0.363,-0.15,5.0,3b3c69bfe1ea7d3417e6f0cb7831cd1890ff9efc41485332a6269801eec79431
500,50,413,0.0005,3.0,3.0,-1.5,17,0.128,0.6,6.0,e55d38bd8bed310bd65d9e14249c15f89ef24ddca8328b186ccc55c37c171562
500,50,116,0.002,9.0,5.0,1.5,1,-0.618,-0.32,3.5,a7e45ccfa44749f47009339807a5b3b6faa94591750df4893bbd649eb03548aa
500,50,36,0.002,4.0,8.0,-1.0,4,-0.78,-0.76,3.5,ff40caff9436adbf9bd38cd8dd2a07eed72cc198918166d6ec73cd19617b2ff6
500,50,116,0.002,7.0,7.0,1.5,2,-1.108,-1.35,2.5,a7e45ccfa44749f47009339807a5b3b6faa94591750df4893bbd649eb03548aa
500,50,420,0.002,8.0,6.0,1.0,3,-1.153,-0.99,2.5,8b99cc78d3cb5224793576097671ee3e7b24a24fb6d06417ba2121ba86390aaa
500,50,116,0.002,6.0,5.0,3.0,7,-0.763,-0.6,3.0,a7e45ccfa44749f47009339807a5b3b6faa94591750df4893bbd649eb03548aa
500,50,173,0.002,4.0,7.0,1.5,17,0.002,0.3,6.0,3b3c69bfe1ea7d3417e6f0cb7831cd1890ff9efc41485332a6269801eec79431
500,50,116,0.002,4.0,6.0,3.5,29,-0.801,-0.1,4.0,a7e45ccfa44749f47009339807a5b3b6faa94591750df4893bbd649eb03548aa
500,50,171,0.00025,4.0,1.0,0.0,21,0.626,1.6,6.5,1e8261c85301df5bc0c555c4084430b0e78ced42e7ac1ed2c48f280c75e3f974
500,50,116,0.002,5.0,11.0,0.5,2,-1.25,-0.98,2.0,a7e45ccfa44749f47009339807a5b3b6faa94591750df4893bbd649eb03548aa
500,50,116,0.002,3.0,8.0,3.0,4,-0.903,-0.69,4.0,a7e45ccfa44749f47009339807a5b3b6faa94591750df4893bbd649eb03548aa
500,50,116,0.002,2.0,6.0,4.5,16,0.593,1.06,6.0,a7e45ccfa44749f47009339807a5b3b6faa94591750df4893bbd649eb03548aa
500,50,173,0.002,6.0,4.0,2.0,8,-0.559,-0.02,4.5,3b3c69bfe1ea7d3417e6f0cb7831cd1890ff9efc41485332a6269801eec79431
500,50,116,0.002,4.0,6.0,3.5,3,-0.6,-0.07,4.5,a7e45ccfa44749f47009339807a5b3b6faa94591750df4893bbd649eb03548aa
500,50,116,0.002,0.0,5.0,6.0,41,0.385,0.69,6.0,a7e45ccfa44749f47009339807a5b3b6faa94591750df4893bbd649eb03548aa
500,50,116,0.002,4.0,4.0,4.5,16,-0.469,0.46,5.0,a7e45ccfa44749f47009339807a5b3b6faa94591750df4893bbd649eb03548aa
500,50,420,0.002,1.0,9.0,3.0,25,-0.162,0.15,5.5,8b99cc78d3cb5224793576097671ee3e7b24a24fb6d06417ba2121ba86390aaa
500,50,171,0.00025,3.0,1.0,0.5,31,0.532,1.44,8.0,1e8261c85301df5bc0c555c4084430b0e78ced42e7ac1ed2c48f280c75e3f974
500,50,420,0.002,2.0,7.0,3.5,14,0.177,0.74,5.0,8b99cc78d3cb5224793576097671ee3e7b24a24fb6d06417ba2121ba86390aaa
500,50,116,0.002,1.0,4.0,6.0,9,0.441,0.92,7.5,a7e45ccfa44749f47009339807a5b3b6faa94591750df4893bbd649eb03548aa
500,50,173,0.002,5.0,11.0,-1.0,2,-0.485,-0.34,4.0,3b3c69bfe1ea7d3417e6f0cb7831cd1890ff9efc41485332a6269801eec79431
500,50,420,0.002,4.0,5.0,3.5,21,-0.465,-0.04,5.0,8b99cc78d3cb5224793576097671ee3e7b24a24fb6d06417ba2121ba86390aaa
500,50,173,0.002,1.0,4.0,4.5,33,0.478,1.04,6.5,3b3c69bfe1ea7d3417e6f0cb7831cd1890ff9efc41485332a6269801eec79431
500,50,280,0.002,2.0,6.0,1.5,19,-0.13,0.18,6.0,3dbec4ed280111c6f70cf5b95bd8007d71fffb43262f818ee2b01da94e952ed1
500,50,74,0.002,4.0,3.0,0.0,12,0.057,0.99,6.5,5336d765b764a93e2eb1d0758e1d55b61cf2de15952d7b4f9d34abd296c96afb
500,50,420,0.002,2.0,7.0,3.5,20,-0.445,0.02,5.5,8b99cc78d3cb5224793576097671ee3e7b24a24fb6d06417ba2121ba86390aaa
500,50,116,0.002,6.0,5.0,3.0,6,-0.251,0.02,5.0,a7e45ccfa44749f47009339807a5b3b6faa94591750df4893bbd649eb03548aa
500,50,95,0.002,7.0,7.0,-3.0,6,-1.062,-0.47,4.0,c25fc3efb39204b5d63cd28eb38ba90889f8e69e2579abfd84abaa122b7be87a
500,50,116,0.002,4.0,8.0,2.5,6,-1.016,-0.92,4.5,a7e45ccfa44749f47009339807a5b3b6faa94591750df4893bbd649eb03548aa
500,50,116,0.002,1.0,7.0,4.5,30,0.676,1.12,5.0,a7e45ccfa44749f47009339807a5b3b6faa94591750df4893bbd649eb03548aa
500,50,182,0.002,2.0,3.0,2.0,20,0.491,1.11,6.0,ef5ccd9e100038eaeca590bb86f90622b26afb602bebc9512c60f4a108b50adc
500,50,173,0.002,5.0,4.0,2.5,38,-0.695,-1.03,3.5,3b3c69bfe1ea7d3417e6f0cb7831cd1890ff9efc41485332a6269801eec79431
500,50,420,0.002,3.0,4.0,4.5,4,0.265,0.37,6.5,8b99cc78d3cb5224793576097671ee3e7b24a24fb6d06417ba2121ba86390aaa
500,50,74,0.002,2.0,7.0,-1.0,20,-0.316,-0.09,4.0,5336d765b764a93e2eb1d0758e1d55b61cf2de15952d7b4f9d34abd296c96afb
500,50,116,0.002,4.0,7.0,3.0,1,-0.22699999999999998,0.25,4.5,a7e45ccfa44749f47009339807a5b3b6faa94591750df4893bbd649eb03548aa
500,50,280,0.002,6.0,5.0,0.0,14,-1.148,-0.62,4.0,3dbec4ed280111c6f70cf5b95bd8007d71fffb43262f818ee2b01da94e952ed1
500,50,7,0.001,3.0,2.0,0.0,47,-0.043,0.59,4.5,78e1a1c31725d39ca0145a6013ea594e842450851435ca249b230c0c95e2e93e
500,50,153,0.002,2.0,4.0,2.5,26,0.297,1.25,8.0,6b6f91ba62efae00f09fbbdb547009f73ef44ff90923e257225aa6c928379dbe
500,50,116,0.002,7.0,7.0,1.5,1,-1.43,-1.52,3.5,a7e45ccfa44749f47009339807a5b3b6faa94591750df4893bbd649eb03548aa
500,50,116,0.002,8.0,8.0,0.5,1,-0.7929999999999999,-0.92,4.0,a7e45ccfa44749f47009339807a5b3b6faa94591750df4893bbd649eb03548aa
500,50,116,0.002,9.0,5.0,1.5,1,-0.483,0.09,4.0,a7e45ccfa44749f47009339807a5b3b6faa94591750df4893bbd649eb03548aa
500,50,182,0.002,2.0,4.0,1.5,17,0.628,1.07,6.0,ef5ccd9e100038eaeca590bb86f90622b26afb602bebc9512c60f4a108b50adc
500,50,420,0.002,2.0,9.0,2.5,18,-0.48,0.07,4.5,8b99cc78d3cb5224793576097671ee3e7b24a24fb6d06417ba2121ba86390aaa
500,50,182,0.002,1.0,6.0,1.0,38,-0.019,0.54,6.0,ef5ccd9e100038eaeca590bb86f90622b26afb602bebc9512c60f4a108b50adc
500,50,313,0.0005,3.0,3.0,0.0,14,0.062,0.34,6.5,dabee2aec04710fcaf92fdbd555da095eb58ace2a43c0f2726a6a477f1bac4f5
500,50,312,0.002,4.0,8.0,-3.5,18,-1.076,-0.39,3.5,f0b22d6302b496221564e305bf70d3a28f43bc9c4a391a97069317868c917daa
500,50,36,0.002,4.0,5.0,0.5,36,-0.206,-0.03,4.0,ff40caff9436adbf9bd38cd8dd2a07eed72cc198918166d6ec73cd19617b2ff6
500,50,420,0.002,3.0,2.0,5.5,35,0.643,1.18,5.5,8b99cc78d3cb5224793576097671ee3e7b24a24fb6d06417ba2121ba86390aaa
500,50,420,0.002,6.0,7.0,1.5,11,-1.3159999999999998,-0.9,2.5,8b99cc78d3cb5224793576097671ee3e7b24a24fb6d06417ba2121ba86390aaa
500,50,116,0.002,4.0,6.0,3.5,43,-0.759,-0.08,5.5,a7e45ccfa44749f47009339807a5b3b6faa94591750df4893bbd649eb03548aa
500,50,420,0.002,2.0,9.0,2.5,10,0.11899999999999998,0.43,7.0,8b99cc78d3cb5224793576097671ee3e7b24a24fb6d06417ba2121ba86390aaa
500,50,116,0.002,3.0,7.0,3.5,11,-0.337,-0.22,4.5,a7e45ccfa44749f47009339807a5b3b6faa94591750df4893bbd649eb03548aa
500,50,36,0.002,1.0,9.0,0.0,26,-0.023,0.35,5.0,ff40caff9436adbf9bd38cd8dd2a07eed72cc198918166d6ec73cd19617b2ff6
500,50,116,0.002,7.0,6.0,2.0,2,-0.7189999999999999,-0.7,5.5,a7e45ccfa44749f47009339807a5b3b6faa94591750df4893bbd649eb03548aa
500,50,417,0.001,1.0,4.0,1.0,21,1.001,1.31,9.5,576662496728038e224e71e11e336af0a6bb55625ba792b564b78dbc59d6551a
500,50,420,0.002,5.0,5.0,3.0,1,-0.015,0.31,7.5,8b99cc78d3cb5224793576097671ee3e7b24a24fb6d06417ba2121ba86390aaa
500,50,420,0.002,3.0,5.0,4.0,7,0.046,0.64,5.0,8b99cc78d3cb5224793576097671ee3e7b24a24fb6d06417ba2121ba86390aaa
500,50,182,0.002,4.0,8.0,-1.5,8,-1.083,-0.59,3.5,ef5ccd9e100038eaeca590bb86f90622b26afb602bebc9512c60f4a108b50adc
500,50,73,0.001,4.0,2.0,0.5,22,0.695,1.62,7.5,d47db6a3fa9151c10e2a42a4c31e38c922e8941f0814a51e6204fe23b2d82160
500,50,356,0.002,4.0,5.0,-1.5,46,-1.296,-0.45,4.0,c1502d455473b0c952314917b0a1e263cde995d3c2f5b293b96dc02d8161eca8
500,50,182,0.002,3.0,3.0,1.5,9,0.501,1.22,6.5,ef5ccd9e100038eaeca590bb86f90622b26afb602bebc9512c60f4a108b50adc
500,50,280,0.002,2.0,2.0,3.5,19,1.7719999999999998,2.85,8.5,3dbec4ed280111c6f70cf5b95bd8007d71fffb43262f818ee2b01da94e952ed1
500,50,116,0.002,4.0,8.0,2.5,1,-0.626,-0.05,4.5,a7e45ccfa44749f47009339807a5b3b6faa94591750df4893bbd649eb03548aa
500,50,420,0.002,5.0,4.0,3.5,3,-0.047,0.56,6.0,8b99cc78d3cb5224793576097671ee3e7b24a24fb6d06417ba2121ba86390aaa
500,50,173,0.002,4.0,7.0,1.5,8,0.165,0.79,5.5,3b3c69bfe1ea7d3417e6f0cb7831cd1890ff9efc41485332a6269801eec79431
500,50,182,0.002,2.0,5.0,1.0,39,0.236,0.77,5.5,ef5ccd9e100038eaeca590bb86f90622b26afb602bebc9512c60f4a108b50adc
500,50,116,0.002,7.0,9.0,0.5,2,-1.144,-1.66,4.0,a7e45ccfa44749f47009339807a5b3b6faa94591750df4893bbd649eb03548aa
500,50,116,0.002,3.0,5.0,4.5,20,0.285,1.1,5.5,a7e45ccfa44749f47009339807a5b3b6faa94591750df4893bbd649eb03548aa
500,50,420,0.002,3.0,7.0,3.0,9,0.147,0.8,5.5,8b99cc78d3cb5224793576097671ee3e7b24a24fb6d06417ba2121ba86390aaa
500,50,182,0.002,5.0,3.0,0.5,14,-0.83,-0.17,5.0,ef5ccd9e100038eaeca590bb86f90622b26afb602bebc9512c60f4a108b50adc
500,50,116,0.002,4.0,4.0,4.5,10,-0.566,-0.04,7.0,a7e45ccfa44749f47009339807a5b3b6faa94591750df4893bbd649eb03548aa
500,50,116,0.002,8.0,6.0,1.5,1,-0.787,-0.57,4.0,a7e45ccfa44749f47009339807a5b3b6faa94591750df4893bbd649eb03548aa
500,50,173,0.002,6.0,4.0,2.0,3,0.142,0.61,4.5,3b3c69bfe1ea7d3417e6f0cb7831cd1890ff9efc41485332a6269801eec79431
500,50,420,0.002,2.0,5.0,4.5,17,0.612,1.03,5.0,8b99cc78d3cb5224793576097671ee3e7b24a24fb6d06417ba2121ba86390aaa
500,50,116,0.002,7.0,6.0,2.0,4,-0.983,-0.89,3.0,a7e45ccfa44749f47009339807a5b3b6faa94591750df4893bbd649eb03548aa
500,50,116,0.002,9.0,3.0,2.5,4,-0.21600000000000003,0.34,5.0,a7e45ccfa44749f47009339807a5b3b6faa94591750df4893bbd649eb03548aa
500,50,173,0.002,5.0,4.0,2.5,38,-1.124,-0.36,5.0,3b3c69bfe1ea7d3417e6f0cb7831cd1890ff9efc41485332a6269801eec79431
500,50,116,0.002,8.0,3.0,3.0,1,0.74,1.57,6.5,a7e45ccfa44749f47009339807a5b3b6faa94591750df4893bbd649eb03548aa
500,50,420,0.002,4.0,8.0,2.0,6,0.179,0.59,4.5,8b99cc78d3cb5224793576097671ee3e7b24a24fb6d06417ba2121ba86390aaa
500,50,116,0.002,4.0,5.0,4.0,11,0.413,1.52,7.0,a7e45ccfa44749f47009339807a5b3b6faa94591750df4893bbd649eb03548aa
500,50,123,0.002,3.0,6.0,0.0,3,0.102,0.29,5.0,b2aa7ce2e829b156b6b2a9da36e09488eda956e5a66a30f221742ee0aa8167f7
500,50,272,0.002,2.0,7.0,-0.5,37,-0.45300000000000007,0.17,5.0,afcb930297b7343b8945a302072f385537be9321555f4f186f06883623c7f8fb
500,50,420,0.002,5.0,3.0,4.0,4,0.883,1.41,7.5,8b99cc78d3cb5224793576097671ee3e7b24a24fb6d06417ba2121ba86390aaa
500,50,137,0.002,3.0,10.0,-4.5,37,-2.158,-1.63,1.5,69a1231af5fc3f55054f1c14b1a7313be0d0b67e0ff876b205be63a03e091d42
500,50,116,0.002,6.0,5.0,3.0,2,-0.911,-0.34,4.0,a7e45ccfa44749f47009339807a5b3b6faa94591750df4893bbd649eb03548aa
500,50,306,0.002,1.0,7.0,-0.5,32,-0.147,0.25,4.5,fab8f433d6f6bb610ff043434b54f18824bcad5c38069edd6b0404477ea4af7a
500,50,116,0.002,3.0,9.0,2.5,3,-0.431,-0.07,4.0,a7e45ccfa44749f47009339807a5b3b6faa94591750df4893bbd649eb03548aa
500,50,173,0.002,6.0,2.0,3.0,9,0.095,0.91,5.5,3b3c69bfe1ea7d3417e6f0cb7831cd1890ff9efc41485332a6269801eec79431
500,50,280,0.002,6.0,5.0,0.0,6,-0.029000000000000005,0.82,5.5,3dbec4ed280111c6f70cf5b95bd8007d71fffb43262f818ee2b01da94e952ed1
500,50,261,0.002,5.0,4.0,0.5,31,0.12,0.94,5.0,84d7db09a4a66ab80de8d84cf303232fb5d2699c1e35c5a38a7893393bdba5db
500,50,138,0.002,2.0,4.0,2.5,48,-0.215,0.25,6.5,97b28df35b811f0a5dba92060bfa9d60f1cc23fb3123298c2b14a461bea2df00
500,50,280,0.002,3.0,8.0,0.0,17,-0.436,-0.27,4.5,3dbec4ed280111c6f70cf5b95bd8007d71fffb43262f818ee2b01da94e952ed1
500,50,67,0.002,3.0,9.0,-1.5,22,-0.461,-0.27,4.0,3a360bea2f41e303724f014d0cc814dc18605110da671f5cf3213df428cae74f
500,50,116,0.002,3.0,7.0,3.5,18,-0.491,-0.33,4.0,a7e45ccfa44749f47009339807a5b3b6faa94591750df4893bbd649eb03548aa
500,50,116,0.002,4.0,8.0,2.5,15,-0.93,-0.88,4.0,a7e45ccfa44749f47009339807a5b3b6faa94591750df4893bbd649eb03548aa
500,50,182,0.002,3.0,6.0,0.0,33,-0.16699999999999998,0.59,4.5,ef5ccd9e100038eaeca590bb86f90622b26afb602bebc9512c60f4a108b50adc
500,50,74,0.002,2.0,7.0,-1.0,28,-0.73,-0.62,4.0,5336d765b764a93e2eb1d0758e1d55b61cf2de15952d7b4f9d34abd296c96afb
500,50,73,0.001,2.0,8.0,-1.5,35,-0.504,0.02,4.5,d47db6a3fa9151c10e2a42a4c31e38c922e8941f0814a51e6204fe23b2d82160
500,50,123,0.002,2.0,4.0,1.5,28,0.39399999999999996,1.04,6.0,b2aa7ce2e829b156b6b2a9da36e09488eda956e5a66a30f221742ee0aa8167f7
500,50,116,0.002,7.0,6.0,2.0,1,-1.279,-0.86,3.5,a7e45ccfa44749f47009339807a5b3b6faa94591750df4893bbd649eb03548aa
500,50,420,0.002,5.0,7.0,2.0,16,-0.469,-0.74,3.0,8b99cc78d3cb5224793576097671ee3e7b24a24fb6d06417ba2121ba86390aaa
500,50,173,0.002,10.0,4.0,0.0,1,0.36199999999999993,0.88,5.0,3b3c69bfe1ea7d3417e6f0cb7831cd1890ff9efc41485332a6269801eec79431
500,50,138,0.002,5.0,5.0,0.5,16,-0.524,0.08,5.0,97b28df35b811f0a5dba92060bfa9d60f1cc23fb3123298c2b14a461bea2df00
500,50,116,0.002,7.0,10.0,0.0,1,-1.167,-0.81,4.0,a7e45ccfa44749f47009339807a5b3b6faa94591750df4893bbd649eb03548aa
500,50,123,0.002,5.0,3.0,0.5,6,-0.144,0.04,6.0,b2aa7ce2e829b156b6b2a9da36e09488eda956e5a66a30f221742ee0aa8167f7
500,50,138,0.002,4.0,6.0,0.5,39,-0.696,-0.3,3.5,97b28df35b811f0a5dba92060bfa9d60f1cc23fb3123298c2b14a461bea2df00
500,50,420,0.002,5.0,4.0,3.5,1,-0.066,0.17,5.0,8b99cc78d3cb5224793576097671ee3e7b24a24fb6d06417ba2121ba86390aaa
500,50,313,0.0005,2.0,2.0,1.0,15,0.7810000000000001,0.57,8.5,dabee2aec04710fcaf92fdbd555da095eb58ace2a43c0f2726a6a477f1bac4f5
500,50,417,0.001,1.0,3.0,1.5,32,0.955,1.24,9.0,576662496728038e224e71e11e336af0a6bb55625ba792b564b78dbc59d6551a
500,50,280,0.002,6.0,4.0,0.5,20,-0.35,0.19,5.0,3dbec4ed280111c6f70cf5b95bd8007d71fffb43262f818ee2b01da94e952ed1
500,50,182,0.002,3.0,6.0,0.0,21,-0.477,-0.39,5.0,ef5ccd9e100038eaeca590bb86f90622b26afb602bebc9512c60f4a108b50adc
500,50,51,0.002,2.0,6.0,-1.0,34,-0.10400000000000001,0.46,4.5,0da469cd406ad5030b33efeb4176c7916b6520b504ade19e5900078c3b28d733
500,50,123,0.002,2.0,6.0,0.5,35,-0.272,0.17,6.0,b2aa7ce2e829b156b6b2a9da36e09488eda956e5a66a30f221742ee0aa8167f7
500,50,173,0.002,9.0,5.0,0.0,6,-0.533,-0.38,3.5,3b3c69bfe1ea7d3417e6f0cb7831cd1890ff9efc41485332a6269801eec79431
500,50,182,0.002,1.0,3.0,2.5,40,0.243,0.3,7.0,ef5ccd9e100038eaeca590bb86f90622b26afb602bebc9512c60f4a108b50adc
500,50,243,0.002,3.0,8.0,-0.5,24,-1.093,-0.76,3.5,a3243ce7707a2a3682e9edb42f661751af7593e49dee8391462be0e0e7feca5b
500,50,173,0.002,3.0,7.0,2.0,33,-0.37799999999999995,0.2,5.5,3b3c69bfe1ea7d3417e6f0cb7831cd1890ff9efc41485332a6269801eec79431
500,50,67,0.002,4.0,5.0,0.0,30,-0.074,0.92,5.5,3a360bea2f41e303724f014d0cc814dc18605110da671f5cf3213df428cae74f
500,50,182,0.002,1.0,3.0,2.5,29,1.304,1.15,7.5,ef5ccd9e100038eaeca590bb86f90622b26afb602bebc9512c60f4a108b50adc
500,50,420,0.002,3.0,7.0,3.0,4,0.18,0.12,6.0,8b99cc78d3cb5224793576097671ee3e7b24a24fb6d06417ba2121ba86390aaa
500,50,36,0.002,4.0,7.0,-0.5,11,-0.7390000000000001,-0.57,5.5,ff40caff9436adbf9bd38cd8dd2a07eed72cc198918166d6ec73cd19617b2ff6
500,50,116,0.002,3.0,7.0,3.5,25,-1.22,-1.04,3.5,a7e45ccfa44749f47009339807a5b3b6faa94591750df4893bbd649eb03548aa
500,50,203,0.002,4.0,5.0,-2.5,6,-0.626,-0.59,7.0,482f9bb74e396230e41acb238caf3964559f8d6f6f94a105834a53b8cd581e55
500,50,36,0.002,4.0,9.0,-1.5,4,-0.09,0.66,6.0,ff40caff9436adbf9bd38cd8dd2a07eed72cc198918166d6ec73cd19617b2ff6
500,50,173,0.002,8.0,7.0,-0.5,6,-0.774,-0.93,3.0,3b3c69bfe1ea7d3417e6f0cb7831cd1890ff9efc41485332a6269801eec79431
500,50,173,0.002,2.0,6.0,3.0,12,0.633,1.18,6.0,3b3c69bfe1ea7d3417e6f0cb7831cd1890ff9efc41485332a6269801eec79431
500,50,116,0.002,5.0,7.0,2.5,8,0.004,-0.1,4.0,a7e45ccfa44749f47009339807a5b3b6faa94591750df4893bbd649eb03548aa
500,50,173,0.002,1.0,5.0,4.0,11,0.7440000000000001,1.34,5.5,3b3c69bfe1ea7d3417e6f0cb7831cd1890ff9efc41485332a6269801eec79431
500,50,103,0.0005,4.0,2.0,1.0,8,0.45,0.9,6.0,f686a886b7f72c7d003d6a650ffd17acce3c4aa805af76248dd3d1e642265184
500,50,116,0.002,7.0,5.0,2.5,2,-0.508,-0.15,4.0,a7e45ccfa44749f47009339807a5b3b6faa94591750df4893bbd649eb03548aa
500,50,138,0.002,3.0,5.0,1.5,50,-0.23,0.18,4.5,97b28df35b811f0a5dba92060bfa9d60f1cc23fb3123298c2b14a461bea2df00
500,50,151,0.002,4.0,2.0,-1.0,2,0.385,1.17,7.0,4862fa101ab06efd13bb2a8dc37275b1a4d264e8dc87ef61d0892b1ec48bad14
500,50,116,0.002,4.0,8.0,2.5,16,-1.352,-1.18,3.0,a7e45ccfa44749f47009339807a5b3b6faa94591750df4893bbd649eb03548aa
500,50,209,0.001,6.0,1.0,0.0,16,-0.193,-0.16,6.0,886a14107d7fa93a41960fdb8744e8befb34c8a890a5c627d34c2259f4531f7d
500,50,116,0.002,5.0,5.0,3.5,3,-0.733,-0.08,5.0,a7e45ccfa44749f47009339807a5b3b6faa94591750df4893bbd649eb03548aa
500,50,123,0.002,3.0,3.0,1.5,18,0.387,1.45,7.0,b2aa7ce2e829b156b6b2a9da36e09488eda956e5a66a30f221742ee0aa8167f7
500,50,173,0.002,1.0,8.0,2.5,49,0.025,-0.14,5.0,3b3c69bfe1ea7d3417e6f0cb7831cd1890ff9efc41485332a6269801eec79431
500,50,116,0.002,7.0,5.0,2.5,1,-0.633,-0.57,4.5,a7e45ccfa44749f47009339807a5b3b6faa94591750df4893bbd649eb03548aa
500,50,116,0.002,2.0,6.0,4.5,23,-0.704,-0.01,6.0,a7e45ccfa44749f47009339807a5b3b6faa94591750df4893bbd649eb03548aa
500,50,7,0.001,1.0,4.0,0.0,43,0.242,0.82,6.0,78e1a1c31725d39ca0145a6013ea594e842450851435ca249b230c0c95e2e93e
500,50,420,0.002,2.0,8.0,3.0,8,0.124,0.68,5.5,8b99cc78d3cb5224793576097671ee3e7b24a24fb6d06417ba2121ba86390aaa
500,50,116,0.002,5.0,7.0,2.5,1,-0.032,0.06,6.0,a7e45ccfa44749f47009339807a5b3b6faa94591750df4893bbd649eb03548aa
500,50,173,0.002,3.0,5.0,3.0,36,-0.072,0.67,6.0,3b3c69bfe1ea7d3417e6f0cb7831cd1890ff9efc41485332a6269801eec79431
500,50,420,0.002,4.0,6.0,3.0,1,-0.084,-0.02,5.0,8b99cc78d3cb5224793576097671ee3e7b24a24fb6d06417ba2121ba86390aaa
500,50,116,0.002,4.0,4.0,4.5,6,-0.048,0.83,6.0,a7e45ccfa44749f47009339807a5b3b6faa94591750df4893bbd649eb03548aa
500,50,116,0.002,8.0,6.0,1.5,1,-0.562,-0.02,5.5,a7e45ccfa44749f47009339807a5b3b6faa94591750df4893bbd649eb03548aa
500,50,116,0.002,3.0,3.0,5.5,3,0.826,0.77,7.0,a7e45ccfa44749f47009339807a5b3b6faa94591750df4893bbd649eb03548aa
500,50,116,0.002,4.0,5.0,4.0,4,-0.839,-0.18,4.5,a7e45ccfa44749f47009339807a5b3b6faa94591750df4893bbd649eb03548aa
500,50,36,0.002,3.0,7.0,0.0,24,-0.494,-0.59,5.0,ff40caff9436adbf9bd38cd8dd2a07eed72cc198918166d6ec73cd19617b2ff6
500,50,261,0.002,5.0,3.0,1.0,4,0.084,0.84,4.5,84d7db09a4a66ab80de8d84cf303232fb5d2699c1e35c5a38a7893393bdba5db
500,50,116,0.002,5.0,9.0,1.5,7,-0.91,-0.89,2.5,a7e45ccfa44749f47009339807a5b3b6faa94591750df4893bbd649eb03548aa
500,50,420,0.002,4.0,2.0,5.0,7,0.602,0.91,6.0,8b99cc78d3cb5224793576097671ee3e7b24a24fb6d06417ba2121ba86390aaa
500,50,420,0.002,2.0,4.0,5.0,10,0.294,0.24,7.0,8b99cc78d3cb5224793576097671ee3e7b24a24fb6d06417ba2121ba86390aaa
500,50,158,0.002,4.0,8.0,-2.0,44,-0.986,-0.48,5.0,344f34a1d32ba9c9a001e56e4d03ecfc7599d1fa3c5627b1ed5b429067fd6d72
500,50,153,0.002,4.0,4.0,1.5,17,0.064,0.87,4.5,6b6f91ba62efae00f09fbbdb547009f73ef44ff90923e257225aa6c928379dbe
500,50,116,0.002,2.0,10.0,2.5,45,-0.93,-1.05,3.5,a7e45ccfa44749f47009339807a5b3b6faa94591750df4893bbd649eb03548aa
500,50,334,0.001,2.0,4.0,-0.5,48,-0.4709999999999999,-0.19,7.0,c66ee0614c7f77da14c6d825e1a8c3267adb80c739f9eb57aeea55e663bb3e40
500,50,73,0.001,3.0,2.0,1.0,46,0.257,0.78,6.0,d47db6a3fa9151c10e2a42a4c31e38c922e8941f0814a51e6204fe23b2d82160
500,50,357,0.0005,2.0,2.0,0.5,22,0.727,0.71,6.5,c99f5297f235ea9284300ff5d1db9cdd539f9089dfd30f5074f49150bf2016cc
500,50,116,0.002,7.0,8.0,1.0,2,-1.198,-1.35,2.0,a7e45ccfa44749f47009339807a5b3b6faa94591750df4893bbd649eb03548aa
500,50,420,0.002,3.0,7.0,3.0,12,-0.254,-0.01,5.5,8b99cc78d3cb5224793576097671ee3e7b24a24fb6d06417ba2121ba86390aaa
500,50,116,0.002,3.0,4.0,5.0,3,0.463,0.67,6.0,a7e45ccfa44749f47009339807a5b3b6faa94591750df4893bbd649eb03548aa
500,50,51,0.002,3.0,3.0,0.0,27,-0.142,0.47,5.5,0da469cd406ad5030b33efeb4176c7916b6520b504ade19e5900078c3b28d733
500,50,182,0.002,5.0,3.0,0.5,14,-0.4109999999999999,0.46,4.5,ef5ccd9e100038eaeca590bb86f90622b26afb602bebc9512c60f4a108b50adc
500,50,116,0.002,7.0,4.0,3.0,7,-0.565,-0.16,4.5,a7e45ccfa44749f47009339807a5b3b6faa94591750df4893bbd649eb03548aa
500,50,116,0.002,5.0,5.0,3.5,3,0.477,1.09,6.0,a7e45ccfa44749f47009339807a5b3b6faa94591750df4893bbd649eb03548aa
500,50,184,0.001,0.0,5.0,-2.0,16,0.7120000000000001,1.22,6.5,aa11da04abef01ee9abc8383c6ced3165a0ae874dbf767ca268550045c2a9f8f
500,50,227,0.002,5.0,2.0,-5.5,12,0.225,0.73,6.5,0348a37fb91831d402f88fc6962260ac5a0a54e613d0e26cc388c7ac3de55767
500,50,173,0.002,4.0,6.0,2.0,33,-0.935,-0.64,5.0,3b3c69bfe1ea7d3417e6f0cb7831cd1890ff9efc41485332a6269801eec79431
500,50,202,0.002,3.0,3.0,-2.0,35,0.477,1.24,5.5,a8c1fea78f50413df31cc58cb403ecb9ddd20d1c514fcebfb0e8dd14979b048a
500,50,153,0.002,1.0,6.0,2.0,25,0.548,0.65,7.0,6b6f91ba62efae00f09fbbdb547009f73ef44ff90923e257225aa6c928379dbe
500,50,153,0.002,6.0,5.0,0.0,2,-0.384,-0.24,7.5,6b6f91ba62efae00f09fbbdb547009f73ef44ff90923e257225aa6c928379dbe
500,50,116,0.002,6.0,5.0,3.0,17,-0.958,-0.51,3.0,a7e45ccfa44749f47009339807a5b3b6faa94591750df4893bbd649eb03548aa
500,50,116,0.002,0.0,7.0,5.0,48,0.017,0.51,6.0,a7e45ccfa44749f47009339807a5b3b6faa94591750df4893bbd649eb03548aa
500,50,420,0.002,6.0,8.0,1.0,3,-0.435,-0.11,4.0,8b99cc78d3cb5224793576097671ee3e7b24a24fb6d06417ba2121ba86390aaa
500,50,420,0.002,2.0,8.0,3.0,3,0.317,1.05,6.5,8b99cc78d3cb5224793576097671ee3e7b24a24fb6d06417ba2121ba86390aaa
500,50,280,0.002,1.0,6.0,2.0,32,0.19,0.41,7.5,3dbec4ed280111c6f70cf5b95bd8007d71fffb43262f818ee2b01da94e952ed1
500,50,385,0.0005,2.0,2.0,0.0,28,0.723,1.38,8.0,d693a5ed639e3fb4dec2667cd7f666e40d01615b42b8a4ccad96f6604744072f
500,50,261,0.002,3.0,7.0,0.0,11,-0.16400000000000003,0.36,4.5,84d7db09a4a66ab80de8d84cf303232fb5d2699c1e35c5a38a7893393bdba5db
500,50,116,0.002,4.0,5.0,4.0,3,0.259,0.58,5.0,a7e45ccfa44749f47009339807a5b3b6faa94591750df4893bbd649eb03548aa
500,50,103,0.0005,3.0,4.0,0.5,13,-0.127,0.45,6.0,f686a886b7f72c7d003d6a650ffd17acce3c4aa805af76248dd3d1e642265184
500,50,138,0.002,3.0,6.0,1.0,23,-0.352,-0.07,5.0,97b28df35b811f0a5dba92060bfa9d60f1cc23fb3123298c2b14a461bea2df00
500,50,272,0.002,3.0,7.0,-1.0,7,-0.033,0.61,4.5,afcb930297b7343b8945a302072f385537be9321555f4f186f06883623c7f8fb
500,50,243,0.002,6.0,4.0,0.0,8,-0.732,-0.06,5.0,a3243ce7707a2a3682e9edb42f661751af7593e49dee8391462be0e0e7feca5b
500,50,116,0.002,2.0,6.0,4.5,14,0.16699999999999998,0.5,6.5,a7e45ccfa44749f47009339807a5b3b6faa94591750df4893bbd649eb03548aa
500,50,36,0.002,3.0,7.0,0.0,10,-0.21899999999999997,0.14,4.0,ff40caff9436adbf9bd38cd8dd2a07eed72cc198918166d6ec73cd19617b2ff6
500,50,173,0.002,3.0,6.0,2.5,19,0.117,0.47,4.5,3b3c69bfe1ea7d3417e6f0cb7831cd1890ff9efc41485332a6269801eec79431
500,50,123,0.002,0.0,6.0,1.5,32,0.258,0.82,6.0,b2aa7ce2e829b156b6b2a9da36e09488eda956e5a66a30f221742ee0aa8167f7
500,50,420,0.002,6.0,4.0,3.0,7,-0.08900000000000001,0.49,5.0,8b99cc78d3cb5224793576097671ee3e7b24a24fb6d06417ba2121ba86390aaa
500,50,203,0.002,4.0,6.0,-3.0,22,-0.686,-0.42,5.0,482f9bb74e396230e41acb238caf3964559f8d6f6f94a105834a53b8cd581e55
500,50,116,0.002,3.0,9.0,2.5,5,-1.094,-0.46,4.0,a7e45ccfa44749f47009339807a5b3b6faa94591750df4893bbd649eb03548aa
500,50,173,0.002,3.0,9.0,1.0,18,-0.46,0.13,5.0,3b3c69bfe1ea7d3417e6f0cb7831cd1890ff9efc41485332a6269801eec79431
500,50,173,0.002,1.0,6.0,3.5,18,0.381,0.25,7.0,3b3c69bfe1ea7d3417e6f0cb7831cd1890ff9efc41485332a6269801eec79431
500,50,173,0.002,3.0,6.0,2.5,7,0.86,0.85,7.5,3b3c69bfe1ea7d3417e6f0cb7831cd1890ff9efc41485332a6269801eec79431
500,50,173,0.002,3.0,4.0,3.5,34,-0.501,0.37,5.0,3b3c69bfe1ea7d3417e6f0cb7831cd1890ff9efc41485332a6269801eec79431
500,50,36,0.002,3.0,4.0,1.5,24,-0.095,0.23,5.5,ff40caff9436adbf9bd38cd8dd2a07eed72cc198918166d6ec73cd19617b2ff6
500,50,116,0.002,6.0,7.0,2.0,7,-0.395,-0.26,3.0,a7e45ccfa44749f47009339807a5b3b6faa94591750df4893bbd649eb03548aa
500,50,173,0.002,2.0,5.0,3.5,21,-0.034,0.42,6.5,3b3c69bfe1ea7d3417e6f0cb7831cd1890ff9efc41485332a6269801eec79431
500,50,173,0.002,2.0,4.0,4.0,7,0.965,1.25,7.0,3b3c69bfe1ea7d3417e6f0cb7831cd1890ff9efc41485332a6269801eec79431
500,50,36,0.002,6.0,4.0,0.0,3,0.39399999999999996,0.79,5.0,ff40caff9436adbf9bd38cd8dd2a07eed72cc198918166d6ec73cd19617b2ff6
500,50,280,0.002,3.0,6.0,1.0,6,-0.029000000000000005,0.38,6.0,3dbec4ed280111c6f70cf5b95bd8007d71fffb43262f818ee2b01da94e952ed1
500,50,116,0.002,3.0,5.0,4.5,2,0.072,0.6,5.5,a7e45ccfa44749f47009339807a5b3b6faa94591750df4893bbd649eb03548aa
500,50,173,0.002,3.0,7.0,2.0,10,-0.796,-0.43,5.5,3b3c69bfe1ea7d3417e6f0cb7831cd1890ff9efc41485332a6269801eec79431
500,50,158,0.002,7.0,6.0,-2.5,14,-1.039,-1.26,3.0,344f34a1d32ba9c9a001e56e4d03ecfc7599d1fa3c5627b1ed5b429067fd6d72
500,50,420,0.002,6.0,4.0,3.0,7,0.15,0.48,7.0,8b99cc78d3cb5224793576097671ee3e7b24a24fb6d06417ba2121ba86390aaa
500,50,153,0.002,4.0,6.0,0.5,6,-0.08,0.54,6.0,6b6f91ba62efae00f09fbbdb547009f73ef44ff90923e257225aa6c928379dbe
500,50,116,0.002,4.0,5.0,4.0,17,-0.67,-0.06,4.0,a7e45ccfa44749f47009339807a5b3b6faa94591750df4893bbd649eb03548aa
500,50,420,0.002,6.0,4.0,3.0,4,0.17800000000000002,0.88,7.0,8b99cc78d3cb5224793576097671ee3e7b24a24fb6d06417ba2121ba86390aaa
500,50,116,0.002,2.0,8.0,3.5,5,0.11899999999999998,0.45,4.0,a7e45ccfa44749f47009339807a5b3b6faa94591750df4893bbd649eb03548aa
500,50,261,0.002,1.0,6.0,1.5,31,0.529,0.97,6.5,84d7db09a4a66ab80de8d84cf303232fb5d2699c1e35c5a38a7893393bdba5db
500,50,420,0.002,4.0,8.0,2.0,13,0.037,0.69,6.0,8b99cc78d3cb5224793576097671ee3e7b24a24fb6d06417ba2121ba86390aaa
500,50,182,0.002,4.0,5.0,0.0,2,0.35,0.76,7.0,ef5ccd9e100038eaeca590bb86f90622b26afb602bebc9512c60f4a108b50adc
500,50,116,0.002,2.0,6.0,4.5,2,-0.18,0.27,5.5,a7e45ccfa44749f47009339807a5b3b6faa94591750df4893bbd649eb03548aa
500,50,36,0.002,2.0,8.0,0.0,5,-0.252,-0.09,4.0,ff40caff9436adbf9bd38cd8dd2a07eed72cc198918166d6ec73cd19617b2ff6
500,50,116,0.002,3.0,10.0,2.0,33,-1.505,-1.85,3.0,a7e45ccfa44749f47009339807a5b3b6faa94591750df4893bbd649eb03548aa
500,50,280,0.002,4.0,3.0,2.0,14,0.921,2.01,8.0,3dbec4ed280111c6f70cf5b95bd8007d71fffb43262f818ee2b01da94e952ed1
500,50,138,0.002,7.0,5.0,-0.5,13,0.11600000000000002,0.43,5.5,97b28df35b811f0a5dba92060bfa9d60f1cc23fb3123298c2b14a461bea2df00
500,50,361,0.001,2.0,2.0,1.0,45,0.949,1.48,7.5,b3b29cc417591441cf91bccb62378e246ba397718ccb51e81dab8b328cf75393
500,50,116,0.002,6.0,2.0,4.5,7,0.022,0.94,5.0,a7e45ccfa44749f47009339807a5b3b6faa94591750df4893bbd649eb03548aa
500,50,116,0.002,7.0,8.0,1.0,13,-1.371,-2.29,2.0,a7e45ccfa44749f47009339807a5b3b6faa94591750df4893bbd649eb03548aa
500,50,116,0.002,6.0,5.0,3.0,2,-0.43700000000000006,-0.04,5.5,a7e45ccfa44749f47009339807a5b3b6faa94591750df4893bbd649eb03548aa
500,50,173,0.002,5.0,6.0,1.5,29,-1.013,-1.08,3.0,3b3c69bfe1ea7d3417e6f0cb7831cd1890ff9efc41485332a6269801eec79431
500,50,36,0.002,4.0,9.0,-1.5,12,-0.424,-1.0,4.0,ff40caff9436adbf9bd38cd8dd2a07eed72cc198918166d6ec73cd19617b2ff6
500,50,420,0.002,3.0,5.0,4.0,21,-0.509,-0.4,5.0,8b99cc78d3cb5224793576097671ee3e7b24a24fb6d06417ba2121ba86390aaa
500,50,116,0.002,6.0,5.0,3.0,10,-0.687,-0.06,5.5,a7e45ccfa44749f47009339807a5b3b6faa94591750df4893bbd649eb03548aa
500,50,420,0.002,1.0,5.0,5.0,30,0.932,0.96,7.5,8b99cc78d3cb5224793576097671ee3e7b24a24fb6d06417ba2121ba86390aaa
500,50,173,0.002,6.0,3.0,2.5,10,-0.067,0.21,4.5,3b3c69bfe1ea7d3417e6f0cb7831cd1890ff9efc41485332a6269801eec79431
500,50,36,0.002,5.0,5.0,0.0,15,-0.48100000000000004,-0.34,5.0,ff40caff9436adbf9bd38cd8dd2a07eed72cc198918166d6ec73cd19617b2ff6
500,50,272,0.002,2.0,8.0,-1.0,11,-0.6,-0.22,6.5,afcb930297b7343b8945a302072f385537be9321555f4f186f06883623c7f8fb
500,50,182,0.002,3.0,8.0,-1.0,13,-0.711,-0.14,5.0,ef5ccd9e100038eaeca590bb86f90622b26afb602bebc9512c60f4a108b50adc
500,50,272,0.002,3.0,3.0,1.0,3,0.313,0.33,6.5,afcb930297b7343b8945a302072f385537be9321555f4f186f06883623c7f8fb
500,50,116,0.002,7.0,4.0,3.0,1,0.154,0.84,5.0,a7e45ccfa44749f47009339807a5b3b6faa94591750df4893bbd649eb03548aa
500,50,436,0.001,3.0,2.0,-1.5,45,-0.121,0.58,6.0,6c687f9ecbec273de28afb906c013c8e14b19f01cd7e866ca4b298d6ccae6b39
500,50,123,0.002,2.0,5.0,1.0,22,-0.076,0.53,4.0,b2aa7ce2e829b156b6b2a9da36e09488eda956e5a66a30f221742ee0aa8167f7
500,50,280,0.002,6.0,6.0,-0.5,8,-1.054,-1.16,4.5,3dbec4ed280111c6f70cf5b95bd8007d71fffb43262f818ee2b01da94e952ed1
500,50,67,0.002,6.0,7.0,-2.0,20,-1.67,-1.59,3.0,3a360bea2f41e303724f014d0cc814dc18605110da671f5cf3213df428cae74f
500,50,420,0.002,2.0,7.0,3.5,20,-0.247,0.04,4.0,8b99cc78d3cb5224793576097671ee3e7b24a24fb6d06417ba2121ba86390aaa
500,50,173,0.002,3.0,8.0,1.5,40,-0.458,-0.07,4.0,3b3c69bfe1ea7d3417e6f0cb7831cd1890ff9efc41485332a6269801eec79431
500,50,173,0.002,3.0,5.0,3.0,27,-0.071,0.43,5.5,3b3c69bfe1ea7d3417e6f0cb7831cd1890ff9efc41485332a6269801eec79431
500,50,116,0.002,7.0,9.0,0.5,1,-1.151,-1.44,1.5,a7e45ccfa44749f47009339807a5b3b6faa94591750df4893bbd649eb03548aa
500,50,116,0.002,6.0,3.0,4.0,1,0.3390000000000001,1.45,6.0,a7e45ccfa44749f47009339807a5b3b6faa94591750df4893bbd649eb03548aa
500,50,36,0.002,7.0,9.0,-3.0,4,-0.578,-0.82,3.5,ff40caff9436adbf9bd38cd8dd2a07eed72cc198918166d6ec73cd19617b2ff6
500,50,123,0.002,2.0,10.0,-1.5,24,-0.277,0.37,5.5,b2aa7ce2e829b156b6b2a9da36e09488eda956e5a66a30f221742ee0aa8167f7
500,50,138,0.002,4.0,10.0,-1.5,5,-0.46,-0.27,6.0,97b28df35b811f0a5dba92060bfa9d60f1cc23fb3123298c2b14a461bea2df00
500,50,116,0.002,6.0,6.0,2.5,6,0.229,0.92,5.5,a7e45ccfa44749f47009339807a5b3b6faa94591750df4893bbd649eb03548aa
500,50,123,0.002,4.0,6.0,-0.5,11,-0.787,-0.31,4.0,b2aa7ce2e829b156b6b2a9da36e09488eda956e5a66a30f221742ee0aa8167f7
500,50,202,0.002,3.0,5.0,-3.0,15,0.143,0.47,6.5,a8c1fea78f50413df31cc58cb403ecb9ddd20d1c514fcebfb0e8dd14979b048a
500,50,116,0.002,4.0,3.0,5.0,5,0.482,1.47,6.5,a7e45ccfa44749f47009339807a5b3b6faa94591750df4893bbd649eb03548aa
500,50,203,0.002,3.0,5.0,-2.0,24,-0.209,0.21,4.5,482f9bb74e396230e41acb238caf3964559f8d6f6f94a105834a53b8cd581e55
500,50,173,0.002,2.0,7.0,2.5,37,-0.59,0.0,4.0,3b3c69bfe1ea7d3417e6f0cb7831cd1890ff9efc41485332a6269801eec79431
500,50,420,0.002,4.0,5.0,3.5,14,0.086,0.52,5.0,8b99cc78d3cb5224793576097671ee3e7b24a24fb6d06417ba2121ba86390aaa
500,50,420,0.002,3.0,4.0,4.5,35,0.2,1.04,5.0,8b99cc78d3cb5224793576097671ee3e7b24a24fb6d06417ba2121ba86390aaa
500,50,173,0.002,7.0,6.0,0.5,7,-0.341,-0.08,3.5,3b3c69bfe1ea7d3417e6f0cb7831cd1890ff9efc41485332a6269801eec79431
500,50,74,0.002,4.0,6.0,-1.5,15,-0.48100000000000004,-0.1,5.0,5336d765b764a93e2eb1d0758e1d55b61cf2de15952d7b4f9d34abd296c96afb
500,50,173,0.002,6.0,2.0,3.0,15,0.626,1.23,7.5,3b3c69bfe1ea7d3417e6f0cb7831cd1890ff9efc41485332a6269801eec79431
500,50,173,0.002,2.0,8.0,2.0,10,0.102,0.28,6.0,3b3c69bfe1ea7d3417e6f0cb7831cd1890ff9efc41485332a6269801eec79431
500,50,158,0.002,2.0,12.0,-3.0,33,-1.776,-1.25,3.0,344f34a1d32ba9c9a001e56e4d03ecfc7599d1fa3c5627b1ed5b429067fd6d72
500,50,116,0.002,3.0,5.0,4.5,29,-0.61,-0.11,4.5,a7e45ccfa44749f47009339807a5b3b6faa94591750df4893bbd649eb03548aa
500,50,116,0.002,6.0,5.0,3.0,3,-0.226,0.49,5.0,a7e45ccfa44749f47009339807a5b3b6faa94591750df4893bbd649eb03548aa
500,50,116,0.002,4.0,7.0,3.0,4,-0.068,0.49,7.0,a7e45ccfa44749f47009339807a5b3b6faa94591750df4893bbd649eb03548aa
500,50,261,0.002,3.0,7.0,0.0,38,0.447,0.81,5.0,84d7db09a4a66ab80de8d84cf303232fb5d2699c1e35c5a38a7893393bdba5db
500,50,243,0.002,3.0,10.0,-1.5,18,-0.521,-0.21,3.5,a3243ce7707a2a3682e9edb42f661751af7593e49dee8391462be0e0e7feca5b
500,50,182,0.002,3.0,5.0,0.5,13,-0.518,-0.41,5.0,ef5ccd9e100038eaeca590bb86f90622b26afb602bebc9512c60f4a108b50adc
500,50,420,0.002,4.0,5.0,3.5,13,0.163,1.07,6.5,8b99cc78d3cb5224793576097671ee3e7b24a24fb6d06417ba2121ba86390aaa
500,50,116,0.002,3.0,3.0,5.5,5,0.872,1.85,9.0,a7e45ccfa44749f47009339807a5b3b6faa94591750df4893bbd649eb03548aa
500,50,420,0.002,2.0,5.0,4.5,11,0.091,0.34,6.0,8b99cc78d3cb5224793576097671ee3e7b24a24fb6d06417ba2121ba86390aaa
500,50,173,0.002,7.0,5.0,1.0,4,-0.677,-0.45,4.5,3b3c69bfe1ea7d3417e6f0cb7831cd1890ff9efc41485332a6269801eec79431
500,50,36,0.002,4.0,10.0,-2.0,6,-1.026,-1.12,5.5,ff40caff9436adbf9bd38cd8dd2a07eed72cc198918166d6ec73cd19617b2ff6
500,50,116,0.002,4.0,7.0,3.0,8,-0.594,-0.09,4.5,a7e45ccfa44749f47009339807a5b3b6faa94591750df4893bbd649eb03548aa
500,50,173,0.002,5.0,8.0,0.5,15,-0.288,-0.01,5.5,3b3c69bfe1ea7d3417e6f0cb7831cd1890ff9efc41485332a6269801eec79431
500,50,272,0.002,3.0,3.0,1.0,21,0.027000000000000003,0.79,8.5,afcb930297b7343b8945a302072f385537be9321555f4f186f06883623c7f8fb
500,50,173,0.002,4.0,2.0,4.0,14,0.7760000000000001,1.64,6.5,3b3c69bfe1ea7d3417e6f0cb7831cd1890ff9efc41485332a6269801eec79431
500,50,116,0.002,5.0,5.0,3.5,24,-0.21899999999999997,0.02,4.5,a7e45ccfa44749f47009339807a5b3b6faa94591750df4893bbd649eb03548aa
500,50,173,0.002,1.0,6.0,3.5,30,0.5,0.93,6.5,3b3c69bfe1ea7d3417e6f0cb7831cd1890ff9efc41485332a6269801eec79431
500,50,261,0.002,1.0,5.0,2.0,36,0.49700000000000005,1.13,7.0,84d7db09a4a66ab80de8d84cf303232fb5d2699c1e35c5a38a7893393bdba5db
500,50,272,0.002,0.0,5.0,1.5,30,-0.063,-0.3,5.5,afcb930297b7343b8945a302072f385537be9321555f4f186f06883623c7f8fb
500,50,123,0.002,2.0,8.0,-0.5,28,-1.475,-0.83,3.5,b2aa7ce2e829b156b6b2a9da36e09488eda956e5a66a30f221742ee0aa8167f7
500,50,116,0.002,5.0,9.0,1.5,1,-0.8590000000000001,-0.3,3.5,a7e45ccfa44749f47009339807a5b3b6faa94591750df4893bbd649eb03548aa
500,50,116,0.002,3.0,4.0,5.0,17,0.15,0.65,6.0,a7e45ccfa44749f47009339807a5b3b6faa94591750df4893bbd649eb03548aa
500,50,173,0.002,2.0,11.0,0.5,20,0.001,0.2,4.0,3b3c69bfe1ea7d3417e6f0cb7831cd1890ff9efc41485332a6269801eec79431
500,50,116,0.002,2.0,8.0,3.5,16,-0.143,0.73,4.5,a7e45ccfa44749f47009339807a5b3b6faa94591750df4893bbd649eb03548aa
500,50,151,0.002,1.0,7.0,-2.0,34,-0.326,-0.37,5.0,4862fa101ab06efd13bb2a8dc37275b1a4d264e8dc87ef61d0892b1ec48bad14
500,50,116,0.002,5.0,4.0,4.0,14,-1.4370000000000003,-0.92,5.0,a7e45ccfa44749f47009339807a5b3b6faa94591750df4893bbd649eb03548aa
500,50,216,0.00025,2.0,1.0,-0.5,23,0.473,0.93,7.0,c035a072512832161a9c19e3a318412f2d5a6fa84d9226221a046c265dd900cb
500,50,116,0.002,2.0,11.0,2.0,25,-0.833,-0.5,4.0,a7e45ccfa44749f47009339807a5b3b6faa94591750df4893bbd649eb03548aa
500,50,173,0.002,9.0,7.0,-1.0,2,-1.453,-2.09,3.0,3b3c69bfe1ea7d3417e6f0cb7831cd1890ff9efc41485332a6269801eec79431
500,50,420,0.002,5.0,9.0,1.0,3,-1.09,-0.98,4.5,8b99cc78d3cb5224793576097671ee3e7b24a24fb6d06417ba2121ba86390aaa
500,50,116,0.002,1.0,3.0,6.5,38,0.7879999999999999,0.88,7.5,a7e45ccfa44749f47009339807a5b3b6faa94591750df4893bbd649eb03548aa
500,50,173,0.002,5.0,5.0,2.0,4,0.226,0.48,4.5,3b3c69bfe1ea7d3417e6f0cb7831cd1890ff9efc41485332a6269801eec79431
500,50,202,0.002,2.0,4.0,-2.0,35,-0.161,0.28,5.5,a8c1fea78f50413df31cc58cb403ecb9ddd20d1c514fcebfb0e8dd14979b048a
500,50,420,0.002,5.0,8.0,1.5,12,-0.684,-0.85,2.5,8b99cc78d3cb5224793576097671ee3e7b24a24fb6d06417ba2121ba86390aaa
500,50,116,0.002,3.0,10.0,2.0,16,-0.762,-0.63,2.5,a7e45ccfa44749f47009339807a5b3b6faa94591750df4893bbd649eb03548aa
500,50,314,0.001,3.0,6.0,-2.5,6,-0.379,0.16,7.0,ef6d19b7a07253e1b35bebfd8106441d2a41f96858e5753d63740edb7bc1e85b
500,50,272,0.002,3.0,3.0,1.0,40,-0.156,0.59,5.5,afcb930297b7343b8945a302072f385537be9321555f4f186f06883623c7f8fb
500,50,420,0.002,6.0,8.0,1.0,3,-0.063,0.5,5.0,8b99cc78d3cb5224793576097671ee3e7b24a24fb6d06417ba2121ba86390aaa
500,50,420,0.002,4.0,6.0,3.0,39,-1.137,-0.75,5.0,8b99cc78d3cb5224793576097671ee3e7b24a24fb6d06417ba2121ba86390aaa
500,50,420,0.002,2.0,7.0,3.5,35,-0.618,0.03,6.0,8b99cc78d3cb5224793576097671ee3e7b24a24fb6d06417ba2121ba86390aaa
500,50,116,0.002,4.0,4.0,4.5,8,0.36,0.76,4.5,a7e45ccfa44749f47009339807a5b3b6faa94591750df4893bbd649eb03548aa
500,50,116,0.002,5.0,8.0,2.0,3,-0.49700000000000005,0.01,4.5,a7e45ccfa44749f47009339807a5b3b6faa94591750df4893bbd649eb03548aa
500,50,116,0.002,2.0,5.0,5.0,19,0.075,-0.01,5.0,a7e45ccfa44749f47009339807a5b3b6faa94591750df4893bbd649eb03548aa
500,50,113,0.00025,2.0,0.0,0.0,21,0.81,1.33,7.0,888bd5c1604c92221ae52401b4509fc5dd42b671191736ca09b7d0655c53356e
500,50,116,0.002,6.0,4.0,3.5,3,-0.526,-0.08,5.5,a7e45ccfa44749f47009339807a5b3b6faa94591750df4893bbd649eb03548aa
500,50,67,0.002,1.0,6.0,1.0,42,-0.107,0.11,5.5,3a360bea2f41e303724f014d0cc814dc18605110da671f5cf3213df428cae74f
500,50,116,0.002,2.0,8.0,3.5,16,-0.142,-0.15,5.0,a7e45ccfa44749f47009339807a5b3b6faa94591750df4893bbd649eb03548aa
500,50,497,0.001,1.0,5.0,0.5,25,0.304,0.36,5.5,526db03663e3f68905e8ed37f0760b4ef31347fa4159ce8515af8811d6253ad1
500,50,272,0.002,5.0,5.0,-1.0,5,0.278,0.81,6.5,afcb930297b7343b8945a302072f385537be9321555f4f186f06883623c7f8fb
500,50,116,0.002,5.0,5.0,3.5,1,0.067,0.51,4.5,a7e45ccfa44749f47009339807a5b3b6faa94591750df4893bbd649eb03548aa
500,50,243,0.002,6.0,6.0,-1.0,2,0.015,0.66,5.0,a3243ce7707a2a3682e9edb42f661751af7593e49dee8391462be0e0e7feca5b
500,50,116,0.002,2.0,8.0,3.5,23,-0.277,0.43,5.5,a7e45ccfa44749f47009339807a5b3b6faa94591750df4893bbd649eb03548aa
500,50,116,0.002,6.0,5.0,3.0,7,-0.451,-0.12,4.5,a7e45ccfa44749f47009339807a5b3b6faa94591750df4893bbd649eb03548aa
500,50,51,0.002,6.0,9.0,-4.5,33,-1.25,-1.71,2.0,0da469cd406ad5030b33efeb4176c7916b6520b504ade19e5900078c3b28d733
500,50,123,0.002,5.0,5.0,-0.5,9,-0.137,0.42,5.5,b2aa7ce2e829b156b6b2a9da36e09488eda956e5a66a30f221742ee0aa8167f7
500,50,173,0.002,2.0,6.0,3.0,44,-0.028000000000000004,0.47,3.5,3b3c69bfe1ea7d3417e6f0cb7831cd1890ff9efc41485332a6269801eec79431
500,50,420,0.002,1.0,6.0,4.5,21,0.145,0.28,6.0,8b99cc78d3cb5224793576097671ee3e7b24a24fb6d06417ba2121ba86390aaa
500,50,420,0.002,3.0,7.0,3.0,9,-0.247,-0.05,4.0,8b99cc78d3cb5224793576097671ee3e7b24a24fb6d06417ba2121ba86390aaa
500,50,313,0.0005,3.0,4.0,-0.5,49,0.032,1.36,7.0,dabee2aec04710fcaf92fdbd555da095eb58ace2a43c0f2726a6a477f1bac4f5
500,50,280,0.002,4.0,6.0,0.5,13,-0.22400000000000003,0.44,5.0,3dbec4ed280111c6f70cf5b95bd8007d71fffb43262f818ee2b01da94e952ed1
500,50,116,0.002,2.0,11.0,2.0,30,-0.848,-0.43,3.0,a7e45ccfa44749f47009339807a5b3b6faa94591750df4893bbd649eb03548aa
500,50,420,0.002,6.0,11.0,-0.5,10,-1.531,-1.45,2.5,8b99cc78d3cb5224793576097671ee3e7b24a24fb6d06417ba2121ba86390aaa
500,50,36,0.002,6.0,7.0,-1.5,3,-1.238,-0.96,4.0,ff40caff9436adbf9bd38cd8dd2a07eed72cc198918166d6ec73cd19617b2ff6
500,50,182,0.002,4.0,2.0,1.5,5,0.911,1.45,7.0,ef5ccd9e100038eaeca590bb86f90622b26afb602bebc9512c60f4a108b50adc
500,50,116,0.002,4.0,9.0,2.0,1,-0.165,-0.22,5.5,a7e45ccfa44749f47009339807a5b3b6faa94591750df4893bbd649eb03548aa
500,50,116,0.002,6.0,10.0,0.5,1,-1.078,-0.68,4.5,a7e45ccfa44749f47009339807a5b3b6faa94591750df4893bbd649eb03548aa
500,50,420,0.002,4.0,9.0,1.5,6,-0.687,-0.33,3.0,8b99cc78d3cb5224793576097671ee3e7b24a24fb6d06417ba2121ba86390aaa
500,50,123,0.002,2.0,3.0,2.0,30,-0.04,0.73,6.0,b2aa7ce2e829b156b6b2a9da36e09488eda956e5a66a30f221742ee0aa8167f7
500,50,116,0.002,4.0,8.0,2.5,3,-0.762,-0.34,4.0,a7e45ccfa44749f47009339807a5b3b6faa94591750df4893bbd649eb03548aa
500,50,116,0.002,2.0,9.0,3.0,44,-0.321,0.07,3.5,a7e45ccfa44749f47009339807a5b3b6faa94591750df4893bbd649eb03548aa
500,50,420,0.002,6.0,5.0,2.5,13,-1.035,-0.97,5.0,8b99cc78d3cb5224793576097671ee3e7b24a24fb6d06417ba2121ba86390aaa
500,50,202,0.002,4.0,6.0,-4.0,20,-0.521,-0.49,4.0,a8c1fea78f50413df31cc58cb403ecb9ddd20d1c514fcebfb0e8dd14979b048a
500,50,257,0.002,5.0,4.0,-1.0,27,-0.591,-0.11,6.0,4946ca683e3b87304f8eb7b91da450d6fd9743c7b4f713232c6f82c1e821388b
500,50,420,0.002,1.0,8.0,3.5,45,0.12300000000000001,0.8,5.5,8b99cc78d3cb5224793576097671ee3e7b24a24fb6d06417ba2121ba86390aaa
500,50,420,0.002,6.0,3.0,3.5,3,0.341,0.76,6.0,8b99cc78d3cb5224793576097671ee3e7b24a24fb6d06417ba2121ba86390aaa
500,50,420,0.002,6.0,6.0,2.0,20,-1.179,-1.59,3.5,8b99cc78d3cb5224793576097671ee3e7b24a24fb6d06417ba2121ba86390aaa
500,50,67,0.002,3.0,5.0,0.5,18,0.428,0.59,6.5,3a360bea2f41e303724f014d0cc814dc18605110da671f5cf3213df428cae74f
500,50,116,0.002,6.0,7.0,2.0,3,0.084,0.3,5.5,a7e45ccfa44749f47009339807a5b3b6faa94591750df4893bbd649eb03548aa
500,50,173,0.002,3.0,7.0,2.0,31,-0.753,-0.38,4.5,3b3c69bfe1ea7d3417e6f0cb7831cd1890ff9efc41485332a6269801eec79431
500,50,116,0.002,5.0,7.0,2.5,2,-0.096,0.33,6.0,a7e45ccfa44749f47009339807a5b3b6faa94591750df4893bbd649eb03548aa
500,50,116,0.002,4.0,5.0,4.0,28,-0.816,-0.49,6.0,a7e45ccfa44749f47009339807a5b3b6faa94591750df4893bbd649eb03548aa
500,50,280,0.002,4.0,5.0,1.0,17,0.36,1.01,4.5,3dbec4ed280111c6f70cf5b95bd8007d71fffb43262f818ee2b01da94e952ed1
500,50,138,0.002,8.0,5.0,-1.0,2,-0.42199999999999993,0.18,3.5,97b28df35b811f0a5dba92060bfa9d60f1cc23fb3123298c2b14a461bea2df00
500,50,312,0.002,5.0,4.0,-2.0,32,-0.08200000000000002,-0.32,3.5,f0b22d6302b496221564e305bf70d3a28f43bc9c4a391a97069317868c917daa
500,50,116,0.002,1.0,8.0,4.0,9,0.23,0.61,4.5,a7e45ccfa44749f47009339807a5b3b6faa94591750df4893bbd649eb03548aa
500,50,67,0.002,4.0,3.0,1.0,13,0.43,1.27,6.0,3a360bea2f41e303724f014d0cc814dc18605110da671f5cf3213df428cae74f
500,50,420,0.002,5.0,4.0,3.5,25,0.192,0.55,6.5,8b99cc78d3cb5224793576097671ee3e7b24a24fb6d06417ba2121ba86390aaa
500,50,116,0.002,5.0,6.0,3.0,3,-0.247,0.18,4.5,a7e45ccfa44749f47009339807a5b3b6faa94591750df4893bbd649eb03548aa
500,50,116,0.002,2.0,11.0,2.0,37,-1.229,-1.63,3.0,a7e45ccfa44749f47009339807a5b3b6faa94591750df4893bbd649eb03548aa
500,50,153,0.002,3.0,7.0,0.5,13,-0.33,0.31,6.0,6b6f91ba62efae00f09fbbdb547009f73ef44ff90923e257225aa6c928379dbe
500,50,173,0.002,5.0,7.0,1.0,5,-0.599,-0.51,4.0,3b3c69bfe1ea7d3417e6f0cb7831cd1890ff9efc41485332a6269801eec79431
500,50,420,0.002,1.0,5.0,5.0,30,0.934,1.74,6.5,8b99cc78d3cb5224793576097671ee3e7b24a24fb6d06417ba2121ba86390aaa
500,50,420,0.002,4.0,5.0,3.5,22,-0.48100000000000004,0.23,5.0,8b99cc78d3cb5224793576097671ee3e7b24a24fb6d06417ba2121ba86390aaa
500,50,420,0.002,2.0,5.0,4.5,30,0.049,-0.27,5.5,8b99cc78d3cb5224793576097671ee3e7b24a24fb6d06417ba2121ba86390aaa
500,50,74,0.002,2.0,7.0,-1.0,10,-0.244,-0.1,5.0,5336d765b764a93e2eb1d0758e1d55b61cf2de15952d7b4f9d34abd296c96afb
500,50,389,0.00025,2.0,5.0,-1.5,29,-0.657,-0.38,5.5,b8ecda40503b38c3679a7466a79effaeea0518049e7e8838dda104388fe3f8b5
500,50,420,0.002,2.0,6.0,4.0,3,0.063,0.47,6.0,8b99cc78d3cb5224793576097671ee3e7b24a24fb6d06417ba2121ba86390aaa
500,50,116,0.002,5.0,5.0,3.5,17,-1.064,-0.74,4.0,a7e45ccfa44749f47009339807a5b3b6faa94591750df4893bbd649eb03548aa
500,50,420,0.002,8.0,6.0,1.0,4,-1.656,-1.03,3.0,8b99cc78d3cb5224793576097671ee3e7b24a24fb6d06417ba2121ba86390aaa
500,50,138,0.002,4.0,3.0,2.0,7,0.495,1.2,6.5,97b28df35b811f0a5dba92060bfa9d60f1cc23fb3123298c2b14a461bea2df00
500,50,272,0.002,4.0,3.0,0.5,24,0.43799999999999994,1.2,6.0,afcb930297b7343b8945a302072f385537be9321555f4f186f06883623c7f8fb
500,50,184,0.001,1.0,3.0,-1.5,38,0.16,-0.25,6.5,aa11da04abef01ee9abc8383c6ced3165a0ae874dbf767ca268550045c2a9f8f
500,50,420,0.002,5.0,8.0,1.5,5,-0.37799999999999995,-0.34,4.0,8b99cc78d3cb5224793576097671ee3e7b24a24fb6d06417ba2121ba86390aaa
500,50,173,0.002,6.0,9.0,-0.5,10,-1.339,-1.59,1.5,3b3c69bfe1ea7d3417e6f0cb7831cd1890ff9efc41485332a6269801eec79431
500,50,153,0.002,1.0,7.0,1.5,42,0.228,0.51,5.5,6b6f91ba62efae00f09fbbdb547009f73ef44ff90923e257225aa6c928379dbe
500,50,116,0.002,2.0,6.0,4.5,15,-0.02,0.64,4.5,a7e45ccfa44749f47009339807a5b3b6faa94591750df4893bbd649eb03548aa
500,50,116,0.002,3.0,6.0,4.0,3,0.604,0.94,5.5,a7e45ccfa44749f47009339807a5b3b6faa94591750df4893bbd649eb03548aa
500,50,123,0.002,1.0,8.0,0.0,50,-0.571,0.06,4.5,b2aa7ce2e829b156b6b2a9da36e09488eda956e5a66a30f221742ee0aa8167f7
500,50,116,0.002,3.0,4.0,5.0,34,-0.283,0.3,5.0,a7e45ccfa44749f47009339807a5b3b6faa94591750df4893bbd649eb03548aa
500,50,417,0.001,2.0,2.0,1.5,43,0.395,1.02,5.5,576662496728038e224e71e11e336af0a6bb55625ba792b564b78dbc59d6551a
500,50,116,0.002,5.0,4.0,4.0,13,-0.373,0.23,4.0,a7e45ccfa44749f47009339807a5b3b6faa94591750df4893bbd649eb03548aa
500,50,182,0.002,3.0,5.0,0.5,12,-0.469,-0.09,5.0,ef5ccd9e100038eaeca590bb86f90622b26afb602bebc9512c60f4a108b50adc
500,50,272,0.002,1.0,4.0,1.5,19,0.613,0.8,7.0,afcb930297b7343b8945a302072f385537be9321555f4f186f06883623c7f8fb
500,50,420,0.002,3.0,6.0,3.5,50,-0.145,0.07,4.0,8b99cc78d3cb5224793576097671ee3e7b24a24fb6d06417ba2121ba86390aaa
500,50,116,0.002,8.0,10.0,-0.5,1,-0.157,0.13,4.0,a7e45ccfa44749f47009339807a5b3b6faa94591750df4893bbd649eb03548aa
500,50,173,0.002,5.0,3.0,3.0,15,0.091,1.03,5.5,3b3c69bfe1ea7d3417e6f0cb7831cd1890ff9efc41485332a6269801eec79431
500,50,280,0.002,3.0,9.0,-0.5,5,-0.675,-0.15,4.5,3dbec4ed280111c6f70cf5b95bd8007d71fffb43262f818ee2b01da94e952ed1
500,50,116,0.002,2.0,3.0,6.0,25,0.458,0.85,6.0,a7e45ccfa44749f47009339807a5b3b6faa94591750df4893bbd649eb03548aa
500,50,182,0.002,1.0,5.0,1.5,37,-0.209,0.27,5.5,ef5ccd9e100038eaeca590bb86f90622b26afb602bebc9512c60f4a108b50adc
500,50,209,0.001,4.0,2.0,0.5,11,0.87,1.69,9.0,886a14107d7fa93a41960fdb8744e8befb34c8a890a5c627d34c2259f4531f7d
500,50,272,0.002,4.0,4.0,0.0,43,-0.8320000000000001,-0.5,5.5,afcb930297b7343b8945a302072f385537be9321555f4f186f06883623c7f8fb
500,50,420,0.002,9.0,4.0,1.5,1,-0.57,0.1,4.5,8b99cc78d3cb5224793576097671ee3e7b24a24fb6d06417ba2121ba86390aaa
500,50,334,0.001,3.0,5.0,-1.5,46,-0.47,0.03,4.5,c66ee0614c7f77da14c6d825e1a8c3267adb80c739f9eb57aeea55e663bb3e40
500,50,173,0.002,8.0,5.0,0.5,3,-1.696,-1.62,2.5,3b3c69bfe1ea7d3417e6f0cb7831cd1890ff9efc41485332a6269801eec79431
500,50,138,0.002,3.0,7.0,0.5,42,-0.539,-0.39,4.0,97b28df35b811f0a5dba92060bfa9d60f1cc23fb3123298c2b14a461bea2df00
500,50,173,0.002,5.0,6.0,1.5,5,-0.19699999999999998,0.59,5.5,3b3c69bfe1ea7d3417e6f0cb7831cd1890ff9efc41485332a6269801eec79431
500,50,123,0.002,3.0,3.0,1.5,29,0.165,0.86,5.0,b2aa7ce2e829b156b6b2a9da36e09488eda956e5a66a30f221742ee0aa8167f7
500,50,51,0.002,2.0,7.0,-1.5,29,-0.19,-0.26,5.5,0da469cd406ad5030b33efeb4176c7916b6520b504ade19e5900078c3b28d733
500,50,197,0.002,2.0,5.0,-1.5,48,-0.61,-0.96,5.5,974d9211be6247450a6f495fb68d07d87a9447054c0e477af8b7ae30a4f4e56e
500,50,243,0.002,5.0,5.0,0.0,15,-0.402,0.45,5.0,a3243ce7707a2a3682e9edb42f661751af7593e49dee8391462be0e0e7feca5b
500,50,116,0.002,3.0,5.0,4.5,18,-0.6780000000000002,-0.3,4.5,a7e45ccfa44749f47009339807a5b3b6faa94591750df4893bbd649eb03548aa
500,50,173,0.002,1.0,8.0,2.5,45,0.062,0.02,5.0,3b3c69bfe1ea7d3417e6f0cb7831cd1890ff9efc41485332a6269801eec79431
500,50,116,0.002,3.0,4.0,5.0,13,-0.129,0.58,5.0,a7e45ccfa44749f47009339807a5b3b6faa94591750df4893bbd649eb03548aa
500,50,116,0.002,6.0,5.0,3.0,13,-0.709,-0.71,3.5,a7e45ccfa44749f47009339807a5b3b6faa94591750df4893bbd649eb03548aa
500,50,280,0.002,2.0,5.0,2.0,42,0.127,0.5,5.0,3dbec4ed280111c6f70cf5b95bd8007d71fffb43262f818ee2b01da94e952ed1
500,50,173,0.002,3.0,8.0,1.5,6,-0.274,-0.14,4.0,3b3c69bfe1ea7d3417e6f0cb7831cd1890ff9efc41485332a6269801eec79431
500,50,116,0.002,4.0,2.0,5.5,13,0.74,1.86,6.0,a7e45ccfa44749f47009339807a5b3b6faa94591750df4893bbd649eb03548aa
500,50,67,0.002,3.0,4.0,1.0,4,0.652,0.83,7.0,3a360bea2f41e303724f014d0cc814dc18605110da671f5cf3213df428cae74f
500,50,261,0.002,5.0,5.0,0.0,10,-0.25,0.32,4.0,84d7db09a4a66ab80de8d84cf303232fb5d2699c1e35c5a38a7893393bdba5db
500,50,116,0.002,7.0,8.0,1.0,6,-0.951,-1.0,2.5,a7e45ccfa44749f47009339807a5b3b6faa94591750df4893bbd649eb03548aa
500,50,42,0.0005,2.0,3.0,0.0,23,0.161,0.59,5.5,df920f57bc6ba405a11ee1965810cd6a9850bde5c5bcce769d07158e9fd5249e
500,50,420,0.002,7.0,7.0,1.0,6,-0.828,-0.82,4.0,8b99cc78d3cb5224793576097671ee3e7b24a24fb6d06417ba2121ba86390aaa
500,50,420,0.002,2.0,7.0,3.5,32,-0.143,0.45,5.0,8b99cc78d3cb5224793576097671ee3e7b24a24fb6d06417ba2121ba86390aaa
500,50,158,0.002,4.0,5.0,-0.5,24,-0.493,-0.1,5.0,344f34a1d32ba9c9a001e56e4d03ecfc7599d1fa3c5627b1ed5b429067fd6d72
500,50,262,0.001,3.0,4.0,0.0,32,-0.22699999999999998,0.53,4.5,c80bd42dd2007dcd4ce2f14198ecc4247341eb77b27e1de5cc3fb045162a23de
500,50,173,0.002,2.0,7.0,2.5,11,-0.146,-0.07,6.0,3b3c69bfe1ea7d3417e6f0cb7831cd1890ff9efc41485332a6269801eec79431
500,50,116,0.002,5.0,10.0,1.0,12,-1.693,-2.09,3.0,a7e45ccfa44749f47009339807a5b3b6faa94591750df4893bbd649eb03548aa
500,50,138,0.002,3.0,7.0,0.5,37,-0.127,0.06,4.0,97b28df35b811f0a5dba92060bfa9d60f1cc23fb3123298c2b14a461bea2df00
500,50,123,0.002,2.0,8.0,-0.5,12,-0.384,0.0,5.0,b2aa7ce2e829b156b6b2a9da36e09488eda956e5a66a30f221742ee0aa8167f7
500,50,151,0.002,1.0,4.0,-0.5,43,-0.23200000000000004,0.16,6.5,4862fa101ab06efd13bb2a8dc37275b1a4d264e8dc87ef61d0892b1ec48bad14
500,50,272,0.002,5.0,3.0,0.0,19,-0.26,0.15,4.5,afcb930297b7343b8945a302072f385537be9321555f4f186f06883623c7f8fb
500,50,173,0.002,2.0,8.0,2.0,38,-0.053,0.35,6.0,3b3c69bfe1ea7d3417e6f0cb7831cd1890ff9efc41485332a6269801eec79431
500,50,490,0.002,2.0,8.0,-2.0,39,0.225,0.4,5.0,974847301356efb9a3ebc5a376507ea020f2aa2b7a8db231927848b0f6c7fa65
500,50,420,0.002,8.0,5.0,1.5,1,-0.875,-0.74,3.5,8b99cc78d3cb5224793576097671ee3e7b24a24fb6d06417ba2121ba86390aaa
500,50,261,0.002,3.0,5.0,1.0,3,0.174,0.95,6.5,84d7db09a4a66ab80de8d84cf303232fb5d2699c1e35c5a38a7893393bdba5db
500,50,73,0.001,1.0,5.0,0.5,14,0.75,0.67,7.0,d47db6a3fa9151c10e2a42a4c31e38c922e8941f0814a51e6204fe23b2d82160
500,50,406,0.002,2.0,2.0,1.5,48,0.926,1.43,8.0,d8cbd0c6756e20701f1e3611fcfe1080ff6b93fafb65fb2800ad9a7bd0a04ea2
500,50,280,0.002,2.0,9.0,0.0,28,-0.45899999999999996,-0.25,3.0,3dbec4ed280111c6f70cf5b95bd8007d71fffb43262f818ee2b01da94e952ed1
500,50,173,0.002,5.0,7.0,1.0,5,-0.192,0.62,5.5,3b3c69bfe1ea7d3417e6f0cb7831cd1890ff9efc41485332a6269801eec79431
500,50,116,0.002,10.0,3.0,2.0,5,-1.018,-1.47,3.5,a7e45ccfa44749f47009339807a5b3b6faa94591750df4893bbd649eb03548aa
500,50,420,0.002,5.0,10.0,0.5,3,-0.548,-0.48,4.0,8b99cc78d3cb5224793576097671ee3e7b24a24fb6d06417ba2121ba86390aaa
500,50,95,0.002,2.0,5.0,0.5,32,0.703,1.63,7.5,c25fc3efb39204b5d63cd28eb38ba90889f8e69e2579abfd84abaa122b7be87a
500,50,278,0.001,2.0,3.0,0.0,37,0.225,0.67,8.0,441354188db7ce174ad0c4c83e1ae8a56f8f51ee963c8e54456350c49f077fcb
500,50,116,0.002,5.0,4.0,4.0,5,0.456,0.95,5.0,a7e45ccfa44749f47009339807a5b3b6faa94591750df4893bbd649eb03548aa
500,50,116,0.002,3.0,10.0,2.0,21,-1.086,-0.7,2.5,a7e45ccfa44749f47009339807a5b3b6faa94591750df4893bbd649eb03548aa
500,50,420,0.002,5.0,4.0,3.5,32,-0.073,1.02,5.0,8b99cc78d3cb5224793576097671ee3e7b24a24fb6d06417ba2121ba86390aaa
500,50,420,0.002,5.0,8.0,1.5,3,-1.215,-1.2,3.5,8b99cc78d3cb5224793576097671ee3e7b24a24fb6d06417ba2121ba86390aaa
500,50,116,0.002,6.0,4.0,3.5,3,-0.32800000000000007,0.42,4.0,a7e45ccfa44749f47009339807a5b3b6faa94591750df4893bbd649eb03548aa
500,50,137,0.002,5.0,4.0,-2.5,19,-0.414,0.26,4.5,69a1231af5fc3f55054f1c14b1a7313be0d0b67e0ff876b205be63a03e091d42
500,50,116,0.002,5.0,6.0,3.0,1,-0.322,0.04,4.0,a7e45ccfa44749f47009339807a5b3b6faa94591750df4893bbd649eb03548aa
500,50,243,0.002,5.0,8.0,-1.5,17,-1.009,-1.57,3.5,a3243ce7707a2a3682e9edb42f661751af7593e49dee8391462be0e0e7feca5b
500,50,116,0.002,10.0,5.0,1.0,1,-0.526,-0.45,4.0,a7e45ccfa44749f47009339807a5b3b6faa94591750df4893bbd649eb03548aa
500,50,420,0.002,5.0,5.0,3.0,4,0.322,0.99,5.5,8b99cc78d3cb5224793576097671ee3e7b24a24fb6d06417ba2121ba86390aaa
500,50,36,0.002,6.0,6.0,-1.0,8,-0.593,-0.43,3.0,ff40caff9436adbf9bd38cd8dd2a07eed72cc198918166d6ec73cd19617b2ff6
500,50,36,0.002,6.0,10.0,-3.0,4,-0.468,-0.96,4.0,ff40caff9436adbf9bd38cd8dd2a07eed72cc198918166d6ec73cd19617b2ff6
500,50,138,0.002,6.0,1.0,2.0,9,0.714,2.02,6.5,97b28df35b811f0a5dba92060bfa9d60f1cc23fb3123298c2b14a461bea2df00
500,50,116,0.002,3.0,8.0,3.0,25,-1.493,-1.75,3.0,a7e45ccfa44749f47009339807a5b3b6faa94591750df4893bbd649eb03548aa
500,50,116,0.002,9.0,3.0,2.5,2,-0.295,0.13,4.5,a7e45ccfa44749f47009339807a5b3b6faa94591750df4893bbd649eb03548aa
500,50,173,0.002,2.0,5.0,3.5,48,0.12300000000000001,0.46,6.0,3b3c69bfe1ea7d3417e6f0cb7831cd1890ff9efc41485332a6269801eec79431
500,50,182,0.002,4.0,4.0,0.5,11,-0.086,0.26,5.5,ef5ccd9e100038eaeca590bb86f90622b26afb602bebc9512c60f4a108b50adc
500,50,116,0.002,6.0,4.0,3.5,2,-0.494,0.09,6.5,a7e45ccfa44749f47009339807a5b3b6faa94591750df4893bbd649eb03548aa
500,50,116,0.002,2.0,5.0,5.0,41,-0.875,-0.6,5.0,a7e45ccfa44749f47009339807a5b3b6faa94591750df4893bbd649eb03548aa
500,50,417,0.001,2.0,5.0,0.0,37,-0.644,0.01,5.0,576662496728038e224e71e11e336af0a6bb55625ba792b564b78dbc59d6551a
500,50,486,0.002,2.0,5.0,-2.5,45,0.193,0.48,5.0,585f855bca4f2213c08d3732aec1af4117ae86a0883055ae9f6f3b8099486dde
500,50,116,0.002,2.0,12.0,1.5,29,-0.978,-0.95,3.0,a7e45ccfa44749f47009339807a5b3b6faa94591750df4893bbd649eb03548aa
500,50,173,0.002,3.0,8.0,1.5,12,0.05,-0.12,4.0,3b3c69bfe1ea7d3417e6f0cb7831cd1890ff9efc41485332a6269801eec79431
500,50,116,0.002,6.0,3.0,4.0,2,0.992,1.61,6.0,a7e45ccfa44749f47009339807a5b3b6faa94591750df4893bbd649eb03548aa
500,50,116,0.002,4.0,5.0,4.0,7,-0.44800000000000006,0.26,4.5,a7e45ccfa44749f47009339807a5b3b6faa94591750df4893bbd649eb03548aa
500,50,209,0.001,4.0,3.0,0.0,17,0.6409999999999999,1.68,7.0,886a14107d7fa93a41960fdb8744e8befb34c8a890a5c627d34c2259f4531f7d
500,50,36,0.002,4.0,7.0,-0.5,4,-0.37200000000000005,-0.23,4.0,ff40caff9436adbf9bd38cd8dd2a07eed72cc198918166d6ec73cd19617b2ff6
500,50,182,0.002,1.0,5.0,1.5,47,0.243,0.82,5.5,ef5ccd9e100038eaeca590bb86f90622b26afb602bebc9512c60f4a108b50adc
500,50,67,0.002,5.0,8.0,-2.0,10,-0.953,-0.6,2.5,3a360bea2f41e303724f014d0cc814dc18605110da671f5cf3213df428cae74f
500,50,173,0.002,1.0,3.0,5.0,42,1.875,2.15,8.5,3b3c69bfe1ea7d3417e6f0cb7831cd1890ff9efc41485332a6269801eec79431
500,50,243,0.002,2.0,9.0,-0.5,49,-1.175,-0.51,5.0,a3243ce7707a2a3682e9edb42f661751af7593e49dee8391462be0e0e7feca5b
500,50,420,0.002,5.0,7.0,2.0,2,-0.593,-0.19,4.0,8b99cc78d3cb5224793576097671ee3e7b24a24fb6d06417ba2121ba86390aaa
500,50,417,0.001,3.0,5.0,-0.5,15,-0.288,-0.04,5.0,576662496728038e224e71e11e336af0a6bb55625ba792b564b78dbc59d6551a
500,50,74,0.002,5.0,2.0,0.0,16,-0.276,0.7,5.0,5336d765b764a93e2eb1d0758e1d55b61cf2de15952d7b4f9d34abd296c96afb
500,50,116,0.002,7.0,6.0,2.0,2,-0.47,0.0,4.5,a7e45ccfa44749f47009339807a5b3b6faa94591750df4893bbd649eb03548aa
500,50,257,0.002,3.0,9.0,-2.5,12,-0.645,-0.34,3.5,4946ca683e3b87304f8eb7b91da450d6fd9743c7b4f713232c6f82c1e821388b
500,50,116,0.002,2.0,4.0,5.5,1,0.36,0.71,6.5,a7e45ccfa44749f47009339807a5b3b6faa94591750df4893bbd649eb03548aa
500,50,420,0.002,2.0,6.0,4.0,44,-0.16699999999999998,0.13,5.0,8b99cc78d3cb5224793576097671ee3e7b24a24fb6d06417ba2121ba86390aaa
500,50,116,0.002,2.0,5.0,5.0,5,0.312,1.02,5.5,a7e45ccfa44749f47009339807a5b3b6faa94591750df4893bbd649eb03548aa
500,50,243,0.002,4.0,8.0,-1.0,20,-0.954,-0.83,5.0,a3243ce7707a2a3682e9edb42f661751af7593e49dee8391462be0e0e7feca5b
500,50,7,0.001,1.0,4.0,0.0,42,0.495,1.22,6.0,78e1a1c31725d39ca0145a6013ea594e842450851435ca249b230c0c95e2e93e
500,50,420,0.002,2.0,3.0,5.5,24,0.79,1.73,6.5,8b99cc78d3cb5224793576097671ee3e7b24a24fb6d06417ba2121ba86390aaa
500,50,173,0.002,2.0,10.0,1.0,34,-0.45,0.2,3.5,3b3c69bfe1ea7d3417e6f0cb7831cd1890ff9efc41485332a6269801eec79431
500,50,74,0.002,3.0,8.0,-2.0,44,-1.137,-0.91,3.0,5336d765b764a93e2eb1d0758e1d55b61cf2de15952d7b4f9d34abd296c96afb
500,50,116,0.002,2.0,12.0,1.5,18,-0.594,-0.49,4.0,a7e45ccfa44749f47009339807a5b3b6faa94591750df4893bbd649eb03548aa
500,50,116,0.002,4.0,7.0,3.0,4,-0.054000000000000006,0.59,5.0,a7e45ccfa44749f47009339807a5b3b6faa94591750df4893bbd649eb03548aa
500,50,182,0.002,4.0,6.0,-0.5,10,-0.234,0.81,5.0,ef5ccd9e100038eaeca590bb86f90622b26afb602bebc9512c60f4a108b50adc
500,50,116,0.002,3.0,7.0,3.5,18,-1.114,-0.66,4.5,a7e45ccfa44749f47009339807a5b3b6faa94591750df4893bbd649eb03548aa
500,50,306,0.002,6.0,3.0,-1.0,23,-0.616,0.07,4.5,fab8f433d6f6bb610ff043434b54f18824bcad5c38069edd6b0404477ea4af7a
500,50,178,0.002,4.0,7.0,-2.0,48,-0.511,-0.53,4.5,2852b7ff8e5e77dbf55d6569bbb35253228fd4522b19f56bb25e9bbc298dc1d4
500,50,116,0.002,8.0,8.0,0.5,1,-0.617,-1.28,4.5,a7e45ccfa44749f47009339807a5b3b6faa94591750df4893bbd649eb03548aa
500,50,280,0.002,4.0,5.0,1.0,9,-0.117,0.5,6.0,3dbec4ed280111c6f70cf5b95bd8007d71fffb43262f818ee2b01da94e952ed1
500,50,420,0.002,3.0,7.0,3.0,19,-0.01,0.45,5.5,8b99cc78d3cb5224793576097671ee3e7b24a24fb6d06417ba2121ba86390aaa
500,50,173,0.002,4.0,7.0,1.5,11,-1.279,-0.47,4.5,3b3c69bfe1ea7d3417e6f0cb7831cd1890ff9efc41485332a6269801eec79431
500,50,51,0.002,1.0,8.0,-1.5,39,-0.273,-0.31,4.5,0da469cd406ad5030b33efeb4176c7916b6520b504ade19e5900078c3b28d733
500,50,420,0.002,10.0,5.0,0.5,3,-1.405,-1.29,3.5,8b99cc78d3cb5224793576097671ee3e7b24a24fb6d06417ba2121ba86390aaa
500,50,36,0.002,4.0,8.0,-1.0,14,-0.959,-0.65,4.0,ff40caff9436adbf9bd38cd8dd2a07eed72cc198918166d6ec73cd19617b2ff6
500,50,116,0.002,3.0,4.0,5.0,8,0.183,0.55,6.5,a7e45ccfa44749f47009339807a5b3b6faa94591750df4893bbd649eb03548aa
500,50,116,0.002,7.0,5.0,2.5,3,-0.413,0.11,5.0,a7e45ccfa44749f47009339807a5b3b6faa94591750df4893bbd649eb03548aa
500,50,261,0.002,5.0,4.0,0.5,43,-0.441,-0.09,4.0,84d7db09a4a66ab80de8d84cf303232fb5d2699c1e35c5a38a7893393bdba5db
500,50,272,0.002,3.0,4.0,0.5,33,-0.222,-0.17,5.5,afcb930297b7343b8945a302072f385537be9321555f4f186f06883623c7f8fb
500,50,116,0.002,2.0,9.0,3.0,9,-0.313,0.12,4.0,a7e45ccfa44749f47009339807a5b3b6faa94591750df4893bbd649eb03548aa
500,50,36,0.002,5.0,4.0,0.5,9,-0.176,0.71,5.0,ff40caff9436adbf9bd38cd8dd2a07eed72cc198918166d6ec73cd19617b2ff6
500,50,116,0.002,3.0,4.0,5.0,5,1.11,1.27,7.0,a7e45ccfa44749f47009339807a5b3b6faa94591750df4893bbd649eb03548aa
500,50,116,0.002,4.0,10.0,1.5,2,0.212,0.42,5.0,a7e45ccfa44749f47009339807a5b3b6faa94591750df4893bbd649eb03548aa
500,50,116,0.002,6.0,7.0,2.0,2,-0.472,-0.37,5.0,a7e45ccfa44749f47009339807a5b3b6faa94591750df4893bbd649eb03548aa
500,50,116,0.002,4.0,5.0,4.0,12,0.154,0.47,5.5,a7e45ccfa44749f47009339807a5b3b6faa94591750df4893bbd649eb03548aa
500,50,116,0.002,2.0,8.0,3.5,18,-0.429,0.32,3.5,a7e45ccfa44749f47009339807a5b3b6faa94591750df4893bbd649eb03548aa
500,50,116,0.002,6.0,3.0,4.0,1,0.47,0.87,6.5,a7e45ccfa44749f47009339807a5b3b6faa94591750df4893bbd649eb03548aa
500,50,123,0.002,4.0,5.0,0.0,21,-0.7659999999999999,-0.35,4.0,b2aa7ce2e829b156b6b2a9da36e09488eda956e5a66a30f221742ee0aa8167f7
500,50,420,0.002,4.0,5.0,3.5,27,-1.142,-0.56,4.0,8b99cc78d3cb5224793576097671ee3e7b24a24fb6d06417ba2121ba86390aaa
500,50,153,0.002,1.0,10.0,0.0,44,-0.61,-0.8,3.0,6b6f91ba62efae00f09fbbdb547009f73ef44ff90923e257225aa6c928379dbe
500,50,420,0.002,4.0,5.0,3.5,18,-0.7810000000000001,-0.24,5.5,8b99cc78d3cb5224793576097671ee3e7b24a24fb6d06417ba2121ba86390aaa
500,50,116,0.002,0.0,8.0,4.5,33,0.686,0.96,5.0,a7e45ccfa44749f47009339807a5b3b6faa94591750df4893bbd649eb03548aa
500,50,116,0.002,10.0,5.0,1.0,5,-1.01,-0.81,3.0,a7e45ccfa44749f47009339807a5b3b6faa94591750df4893bbd649eb03548aa
500,50,116,0.002,4.0,9.0,2.0,7,-0.563,-0.35,3.5,a7e45ccfa44749f47009339807a5b3b6faa94591750df4893bbd649eb03548aa
500,50,420,0.002,2.0,8.0,3.0,14,0.04100000000000001,0.65,5.5,8b99cc78d3cb5224793576097671ee3e7b24a24fb6d06417ba2121ba86390aaa
500,50,123,0.002,9.0,4.0,-2.0,10,-0.723,-1.47,5.5,b2aa7ce2e829b156b6b2a9da36e09488eda956e5a66a30f221742ee0aa8167f7
500,50,116,0.002,2.0,5.0,5.0,8,0.46,0.85,5.0,a7e45ccfa44749f47009339807a5b3b6faa94591750df4893bbd649eb03548aa
500,50,123,0.002,4.0,7.0,-1.0,6,-0.6579999999999999,-0.06,5.5,b2aa7ce2e829b156b6b2a9da36e09488eda956e5a66a30f221742ee0aa8167f7
500,50,261,0.002,3.0,9.0,-1.0,22,-0.764,-0.78,4.0,84d7db09a4a66ab80de8d84cf303232fb5d2699c1e35c5a38a7893393bdba5db
500,50,173,0.002,5.0,6.0,1.5,1,0.435,0.93,5.0,3b3c69bfe1ea7d3417e6f0cb7831cd1890ff9efc41485332a6269801eec79431
500,50,420,0.002,2.0,7.0,3.5,23,-0.145,0.43,5.5,8b99cc78d3cb5224793576097671ee3e7b24a24fb6d06417ba2121ba86390aaa
500,50,138,0.002,2.0,7.0,1.0,47,-0.944,-0.95,6.0,97b28df35b811f0a5dba92060bfa9d60f1cc23fb3123298c2b14a461bea2df00
500,50,173,0.002,4.0,10.0,0.0,3,-0.62,-0.18,3.0,3b3c69bfe1ea7d3417e6f0cb7831cd1890ff9efc41485332a6269801eec79431
500,50,173,0.002,8.0,6.0,0.0,2,-1.018,-0.98,5.0,3b3c69bfe1ea7d3417e6f0cb7831cd1890ff9efc41485332a6269801eec79431
500,50,95,0.002,4.0,5.0,-0.5,14,-0.711,-0.22,5.0,c25fc3efb39204b5d63cd28eb38ba90889f8e69e2579abfd84abaa122b7be87a
500,50,51,0.002,2.0,4.0,0.0,30,0.514,0.98,7.0,0da469cd406ad5030b33efeb4176c7916b6520b504ade19e5900078c3b28d733
500,50,261,0.002,2.0,9.0,-0.5,33,-0.705,-0.88,5.0,84d7db09a4a66ab80de8d84cf303232fb5d2699c1e35c5a38a7893393bdba5db
500,50,272,0.002,2.0,4.0,1.0,43,0.132,0.41,5.0,afcb930297b7343b8945a302072f385537be9321555f4f186f06883623c7f8fb
500,50,173,0.002,3.0,9.0,1.0,33,-0.187,-0.13,3.5,3b3c69bfe1ea7d3417e6f0cb7831cd1890ff9efc41485332a6269801eec79431
500,50,153,0.002,5.0,5.0,0.5,17,-0.192,-0.1,5.0,6b6f91ba62efae00f09fbbdb547009f73ef44ff90923e257225aa6c928379dbe
500,50,51,0.002,3.0,3.0,0.0,5,0.672,0.78,7.0,0da469cd406ad5030b33efeb4176c7916b6520b504ade19e5900078c3b28d733
500,50,420,0.002,2.0,3.0,5.5,10,1.174,1.28,6.5,8b99cc78d3cb5224793576097671ee3e7b24a24fb6d06417ba2121ba86390aaa
500,50,417,0.001,2.0,2.0,1.5,27,0.806,1.29,7.0,576662496728038e224e71e11e336af0a6bb55625ba792b564b78dbc59d6551a
500,50,420,0.002,8.0,6.0,1.0,6,-0.75,-0.59,3.0,8b99cc78d3cb5224793576097671ee3e7b24a24fb6d06417ba2121ba86390aaa
500,50,420,0.002,3.0,5.0,4.0,21,0.205,0.84,5.5,8b99cc78d3cb5224793576097671ee3e7b24a24fb6d06417ba2121ba86390aaa
500,50,280,0.002,3.0,8.0,0.0,14,-0.472,0.21,4.5,3dbec4ed280111c6f70cf5b95bd8007d71fffb43262f818ee2b01da94e952ed1
500,50,116,0.002,2.0,4.0,5.5,9,0.3,1.24,6.0,a7e45ccfa44749f47009339807a5b3b6faa94591750df4893bbd649eb03548aa
500,50,173,0.002,2.0,5.0,3.5,21,0.366,0.93,5.5,3b3c69bfe1ea7d3417e6f0cb7831cd1890ff9efc41485332a6269801eec79431
500,50,420,0.002,5.0,5.0,3.0,18,0.48100000000000004,0.99,5.0,8b99cc78d3cb5224793576097671ee3e7b24a24fb6d06417ba2121ba86390aaa
500,50,203,0.002,4.0,5.0,-2.5,31,-1.034,-0.64,6.5,482f9bb74e396230e41acb238caf3964559f8d6f6f94a105834a53b8cd581e55
500,50,262,0.001,2.0,5.0,0.0,30,-0.215,0.12,6.0,c80bd42dd2007dcd4ce2f14198ecc4247341eb77b27e1de5cc3fb045162a23de
500,50,417,0.001,3.0,5.0,-0.5,25,-0.44299999999999995,0.06,5.5,576662496728038e224e71e11e336af0a6bb55625ba792b564b78dbc59d6551a
500,50,153,0.002,4.0,7.0,0.0,8,-0.096,0.45,6.0,6b6f91ba62efae00f09fbbdb547009f73ef44ff90923e257225aa6c928379dbe
500,50,420,0.002,6.0,2.0,4.0,9,-0.299,0.29,5.0,8b99cc78d3cb5224793576097671ee3e7b24a24fb6d06417ba2121ba86390aaa
500,50,153,0.002,2.0,9.0,0.0,31,-0.214,0.16,4.0,6b6f91ba62efae00f09fbbdb547009f73ef44ff90923e257225aa6c928379dbe
500,50,182,0.002,2.0,7.0,0.0,26,-0.204,0.28,4.5,ef5ccd9e100038eaeca590bb86f90622b26afb602bebc9512c60f4a108b50adc
500,50,243,0.002,4.0,6.0,0.0,15,-0.506,0.13,5.0,a3243ce7707a2a3682e9edb42f661751af7593e49dee8391462be0e0e7feca5b
500,50,116,0.002,1.0,10.0,3.0,19,-0.345,0.45,5.5,a7e45ccfa44749f47009339807a5b3b6faa94591750df4893bbd649eb03548aa
500,50,497,0.001,2.0,4.0,0.5,35,-0.215,0.05,6.5,526db03663e3f68905e8ed37f0760b4ef31347fa4159ce8515af8811d6253ad1
500,50,116,0.002,5.0,10.0,1.0,5,-1.47,-1.23,3.5,a7e45ccfa44749f47009339807a5b3b6faa94591750df4893bbd649eb03548aa
500,50,137,0.002,3.0,8.0,-3.5,3,0.401,0.66,6.0,69a1231af5fc3f55054f1c14b1a7313be0d0b67e0ff876b205be63a03e091d42
500,50,261,0.002,0.0,6.0,2.0,50,0.7810000000000001,1.1,7.0,84d7db09a4a66ab80de8d84cf303232fb5d2699c1e35c5a38a7893393bdba5db
500,50,116,0.002,3.0,7.0,3.5,1,0.071,0.1,6.0,a7e45ccfa44749f47009339807a5b3b6faa94591750df4893bbd649eb03548aa
500,50,116,0.002,5.0,8.0,2.0,2,-0.885,-0.29,3.5,a7e45ccfa44749f47009339807a5b3b6faa94591750df4893bbd649eb03548aa
500,50,261,0.002,5.0,5.0,0.0,10,-0.305,0.13,4.0,84d7db09a4a66ab80de8d84cf303232fb5d2699c1e35c5a38a7893393bdba5db
500,50,116,0.002,9.0,2.0,3.0,2,-0.791,-0.64,3.0,a7e45ccfa44749f47009339807a5b3b6faa94591750df4893bbd649eb03548aa
500,50,116,0.002,2.0,6.0,4.5,30,-0.266,0.4,4.5,a7e45ccfa44749f47009339807a5b3b6faa94591750df4893bbd649eb03548aa
500,50,272,0.002,6.0,6.0,-2.0,1,-0.035,0.44,6.5,afcb930297b7343b8945a302072f385537be9321555f4f186f06883623c7f8fb
500,50,420,0.002,8.0,2.0,3.0,8,-0.199,1.01,6.0,8b99cc78d3cb5224793576097671ee3e7b24a24fb6d06417ba2121ba86390aaa
500,50,420,0.002,3.0,10.0,1.5,1,-0.091,0.43,5.0,8b99cc78d3cb5224793576097671ee3e7b24a24fb6d06417ba2121ba86390aaa
500,50,280,0.002,9.0,4.0,-1.0,2,-0.4759999999999999,-0.06,4.0,3dbec4ed280111c6f70cf5b95bd8007d71fffb43262f818ee2b01da94e952ed1
500,50,173,0.002,1.0,7.0,3.0,24,0.588,1.21,5.5,3b3c69bfe1ea7d3417e6f0cb7831cd1890ff9efc41485332a6269801eec79431
500,50,36,0.002,1.0,4.0,2.5,35,-0.132,0.51,5.5,ff40caff9436adbf9bd38cd8dd2a07eed72cc198918166d6ec73cd19617b2ff6
500,50,420,0.002,5.0,6.0,2.5,14,-0.541,0.16,5.5,8b99cc78d3cb5224793576097671ee3e7b24a24fb6d06417ba2121ba86390aaa
500,50,256,0.001,2.0,2.0,0.0,47,0.024,0.97,6.0,865dfc41997782f9b872d008bde2b17a68a63a0349e741cbad0729730e976bbf
500,50,497,0.001,2.0,5.0,0.0,38,-0.184,-0.17,8.0,526db03663e3f68905e8ed37f0760b4ef31347fa4159ce8515af8811d6253ad1
500,50,173,0.002,6.0,9.0,-0.5,3,-0.6560000000000001,-0.39,3.5,3b3c69bfe1ea7d3417e6f0cb7831cd1890ff9efc41485332a6269801eec79431
500,50,420,0.002,2.0,8.0,3.0,10,0.22699999999999998,0.52,4.5,8b99cc78d3cb5224793576097671ee3e7b24a24fb6d06417ba2121ba86390aaa
500,50,256,0.001,3.0,1.0,0.0,43,0.572,1.68,8.5,865dfc41997782f9b872d008bde2b17a68a63a0349e741cbad0729730e976bbf
500,50,116,0.002,12.0,0.0,2.5,1,0.17299999999999996,0.74,5.0,a7e45ccfa44749f47009339807a5b3b6faa94591750df4893bbd649eb03548aa
500,50,182,0.002,1.0,10.0,-1.0,44,-1.6439999999999997,-2.05,2.0,ef5ccd9e100038eaeca590bb86f90622b26afb602bebc9512c60f4a108b50adc
500,50,272,0.002,4.0,5.0,-0.5,18,-0.764,-0.24,4.5,afcb930297b7343b8945a302072f385537be9321555f4f186f06883623c7f8fb
500,50,116,0.002,7.0,5.0,2.5,5,-0.752,-0.5,3.5,a7e45ccfa44749f47009339807a5b3b6faa94591750df4893bbd649eb03548aa
500,50,202,0.002,3.0,2.0,-1.5,49,0.347,1.03,5.5,a8c1fea78f50413df31cc58cb403ecb9ddd20d1c514fcebfb0e8dd14979b048a
500,50,116,0.002,3.0,10.0,2.0,34,-1.033,-0.92,3.0,a7e45ccfa44749f47009339807a5b3b6faa94591750df4893bbd649eb03548aa
500,50,116,0.002,3.0,7.0,3.5,10,-0.088,0.67,5.5,a7e45ccfa44749f47009339807a5b3b6faa94591750df4893bbd649eb03548aa
500,50,420,0.002,9.0,6.0,0.5,3,-0.938,-0.44,4.0,8b99cc78d3cb5224793576097671ee3e7b24a24fb6d06417ba2121ba86390aaa
500,50,173,0.002,4.0,7.0,1.5,25,-0.465,0.11,4.5,3b3c69bfe1ea7d3417e6f0cb7831cd1890ff9efc41485332a6269801eec79431
500,50,116,0.002,0.0,7.0,5.0,49,0.081,0.68,6.5,a7e45ccfa44749f47009339807a5b3b6faa94591750df4893bbd649eb03548aa
500,50,116,0.002,3.0,6.0,4.0,6,-0.10100000000000002,0.2,4.5,a7e45ccfa44749f47009339807a5b3b6faa94591750df4893bbd649eb03548aa
500,50,116,0.002,5.0,4.0,4.0,3,0.265,1.01,5.5,a7e45ccfa44749f47009339807a5b3b6faa94591750df4893bbd649eb03548aa
500,50,420,0.002,6.0,3.0,3.5,9,0.423,1.06,6.0,8b99cc78d3cb5224793576097671ee3e7b24a24fb6d06417ba2121ba86390aaa
500,50,123,0.002,5.0,4.0,0.0,20,-0.259,-0.1,4.0,b2aa7ce2e829b156b6b2a9da36e09488eda956e5a66a30f221742ee0aa8167f7
500,50,420,0.002,7.0,6.0,1.5,2,-0.37,-0.04,5.5,8b99cc78d3cb5224793576097671ee3e7b24a24fb6d06417ba2121ba86390aaa
500,50,95,0.002,2.0,6.0,0.0,46,0.501,0.53,7.5,c25fc3efb39204b5d63cd28eb38ba90889f8e69e2579abfd84abaa122b7be87a
500,50,420,0.002,5.0,8.0,1.5,6,-0.45399999999999996,0.2,4.5,8b99cc78d3cb5224793576097671ee3e7b24a24fb6d06417ba2121ba86390aaa
500,50,36,0.002,5.0,5.0,0.0,7,-0.949,-0.69,5.0,ff40caff9436adbf9bd38cd8dd2a07eed72cc198918166d6ec73cd19617b2ff6
500,50,173,0.002,1.0,3.0,5.0,50,0.745,1.49,7.5,3b3c69bfe1ea7d3417e6f0cb7831cd1890ff9efc41485332a6269801eec79431
500,50,116,0.002,7.0,6.0,2.0,1,-0.628,-0.38,4.0,a7e45ccfa44749f47009339807a5b3b6faa94591750df4893bbd649eb03548aa
500,50,417,0.001,0.0,5.0,1.0,44,0.28,1.08,6.5,576662496728038e224e71e11e336af0a6bb55625ba792b564b78dbc59d6551a
500,50,153,0.002,2.0,8.0,0.5,23,0.068,0.26,5.0,6b6f91ba62efae00f09fbbdb547009f73ef44ff90923e257225aa6c928379dbe
500,50,420,0.002,7.0,10.0,-0.5,4,-0.747,-0.69,4.0,8b99cc78d3cb5224793576097671ee3e7b24a24fb6d06417ba2121ba86390aaa
500,50,67,0.002,3.0,5.0,0.5,38,0.22,0.77,6.0,3a360bea2f41e303724f014d0cc814dc18605110da671f5cf3213df428cae74f
500,50,136,0.0005,4.0,2.0,-2.5,35,-0.245,0.33,6.0,0e9567f86dfc2366fda3ff1348354dc067d4b61f5e346033ee1746657c0e93e6
500,50,116,0.002,4.0,2.0,5.5,14,-0.018,0.63,5.5,a7e45ccfa44749f47009339807a5b3b6faa94591750df4893bbd649eb03548aa
500,50,116,0.002,3.0,10.0,2.0,24,-0.419,0.07,3.0,a7e45ccfa44749f47009339807a5b3b6faa94591750df4893bbd649eb03548aa
500,50,306,0.002,2.0,6.0,-0.5,27,0.474,0.97,5.0,fab8f433d6f6bb610ff043434b54f18824bcad5c38069edd6b0404477ea4af7a
500,50,497,0.001,4.0,5.0,-1.0,24,-0.6830000000000002,0.26,4.5,526db03663e3f68905e8ed37f0760b4ef31347fa4159ce8515af8811d6253ad1
500,50,36,0.002,8.0,5.0,-1.5,1,0.168,0.66,6.5,ff40caff9436adbf9bd38cd8dd2a07eed72cc198918166d6ec73cd19617b2ff6
500,50,173,0.002,5.0,6.0,1.5,1,0.141,0.42,5.5,3b3c69bfe1ea7d3417e6f0cb7831cd1890ff9efc41485332a6269801eec79431
500,50,420,0.002,3.0,6.0,3.5,20,-0.296,-0.07,5.0,8b99cc78d3cb5224793576097671ee3e7b24a24fb6d06417ba2121ba86390aaa
500,50,116,0.002,4.0,6.0,3.5,1,0.156,0.3,5.0,a7e45ccfa44749f47009339807a5b3b6faa94591750df4893bbd649eb03548aa
500,50,182,0.002,4.0,3.0,1.0,46,-1.028,-0.73,4.0,ef5ccd9e100038eaeca590bb86f90622b26afb602bebc9512c60f4a108b50adc
500,50,420,0.002,5.0,8.0,1.5,1,-0.136,0.44,5.5,8b99cc78d3cb5224793576097671ee3e7b24a24fb6d06417ba2121ba86390aaa
500,50,422,0.002,2.0,2.0,0.5,19,1.174,1.79,7.5,fb42fbb3176c48cb2875b84cdae050548972e6bfc5c5c2e1fe04f2e151a175a4
500,50,116,0.002,0.0,3.0,7.0,44,1.2920000000000003,1.89,7.0,a7e45ccfa44749f47009339807a5b3b6faa94591750df4893bbd649eb03548aa
500,50,67,0.002,8.0,5.0,-2.0,5,-0.447,0.2,5.0,3a360bea2f41e303724f014d0cc814dc18605110da671f5cf3213df428cae74f
500,50,420,0.002,4.0,8.0,2.0,12,-0.573,0.28,4.5,8b99cc78d3cb5224793576097671ee3e7b24a24fb6d06417ba2121ba86390aaa
500,50,116,0.002,4.0,6.0,3.5,7,-0.6679999999999999,-0.36,5.0,a7e45ccfa44749f47009339807a5b3b6faa94591750df4893bbd649eb03548aa
500,50,123,0.002,1.0,7.0,0.5,19,-0.067,0.07,6.0,b2aa7ce2e829b156b6b2a9da36e09488eda956e5a66a30f221742ee0aa8167f7
500,50,116,0.002,3.0,7.0,3.5,9,-0.001,0.5,4.0,a7e45ccfa44749f47009339807a5b3b6faa94591750df4893bbd649eb03548aa
500,50,116,0.002,5.0,6.0,3.0,4,-0.183,-0.65,4.0,a7e45ccfa44749f47009339807a5b3b6faa94591750df4893bbd649eb03548aa
500,50,173,0.002,4.0,8.0,1.0,8,-1.544,-1.51,3.5,3b3c69bfe1ea7d3417e6f0cb7831cd1890ff9efc41485332a6269801eec79431
500,50,420,0.002,1.0,7.0,4.0,39,0.248,0.65,6.5,8b99cc78d3cb5224793576097671ee3e7b24a24fb6d06417ba2121ba86390aaa
500,50,420,0.002,2.0,7.0,3.5,18,0.35,0.92,5.0,8b99cc78d3cb5224793576097671ee3e7b24a24fb6d06417ba2121ba86390aaa
500,50,116,0.002,3.0,4.0,5.0,15,-0.569,0.09,5.0,a7e45ccfa44749f47009339807a5b3b6faa94591750df4893bbd649eb03548aa
500,50,116,0.002,3.0,8.0,3.0,21,-1.335,-1.24,4.5,a7e45ccfa44749f47009339807a5b3b6faa94591750df4893bbd649eb03548aa
500,50,116,0.002,4.0,9.0,2.0,2,-0.769,-0.37,4.5,a7e45ccfa44749f47009339807a5b3b6faa94591750df4893bbd649eb03548aa
500,50,182,0.002,3.0,1.0,2.5,8,0.92,1.05,7.0,ef5ccd9e100038eaeca590bb86f90622b26afb602bebc9512c60f4a108b50adc
500,50,182,0.002,1.0,5.0,1.5,39,0.111,1.02,6.5,ef5ccd9e100038eaeca590bb86f90622b26afb602bebc9512c60f4a108b50adc
500,50,116,0.002,2.0,2.0,6.5,23,0.554,1.05,6.5,a7e45ccfa44749f47009339807a5b3b6faa94591750df4893bbd649eb03548aa
500,50,116,0.002,5.0,9.0,1.5,3,-0.38800000000000007,-0.3,4.5,a7e45ccfa44749f47009339807a5b3b6faa94591750df4893bbd649eb03548aa
500,50,280,0.002,1.0,6.0,2.0,46,-0.177,0.47,6.0,3dbec4ed280111c6f70cf5b95bd8007d71fffb43262f818ee2b01da94e952ed1
500,50,173,0.002,4.0,3.0,3.5,11,-0.08900000000000001,0.63,6.0,3b3c69bfe1ea7d3417e6f0cb7831cd1890ff9efc41485332a6269801eec79431
500,50,116,0.002,6.0,7.0,2.0,20,-1.151,-1.96,4.0,a7e45ccfa44749f47009339807a5b3b6faa94591750df4893bbd649eb03548aa
500,50,261,0.002,4.0,5.0,0.5,10,-0.188,0.58,6.5,84d7db09a4a66ab80de8d84cf303232fb5d2699c1e35c5a38a7893393bdba5db
500,50,116,0.002,1.0,4.0,6.0,19,0.479,1.19,6.0,a7e45ccfa44749f47009339807a5b3b6faa94591750df4893bbd649eb03548aa
500,50,116,0.002,3.0,12.0,1.0,12,-0.6969999999999998,-0.64,3.0,a7e45ccfa44749f47009339807a5b3b6faa94591750df4893bbd649eb03548aa
500,50,420,0.002,3.0,5.0,4.0,2,-0.308,-0.02,5.0,8b99cc78d3cb5224793576097671ee3e7b24a24fb6d06417ba2121ba86390aaa
500,50,100,0.001,3.0,7.0,-2.0,19,-0.409,0.02,4.5,ab95892f6647819441065b172eef2de5f45c7f0ce9c31bba0e91bdd978f2b031
500,50,116,0.002,4.0,4.0,4.5,13,0.047,0.28,4.5,a7e45ccfa44749f47009339807a5b3b6faa94591750df4893bbd649eb03548aa
500,50,313,0.0005,3.0,5.0,-1.0,19,-0.665,-0.49,6.0,dabee2aec04710fcaf92fdbd555da095eb58ace2a43c0f2726a6a477f1bac4f5
500,50,203,0.002,5.0,5.0,-3.0,2,-0.833,-0.44,4.5,482f9bb74e396230e41acb238caf3964559f8d6f6f94a105834a53b8cd581e55
500,50,420,0.002,6.0,7.0,1.5,7,-0.884,-0.6,3.5,8b99cc78d3cb5224793576097671ee3e7b24a24fb6d06417ba2121ba86390aaa
500,50,123,0.002,5.0,6.0,-1.0,9,-1.132,-0.42,5.0,b2aa7ce2e829b156b6b2a9da36e09488eda956e5a66a30f221742ee0aa8167f7
500,50,158,0.002,2.0,8.0,-1.0,27,-0.377,0.06,5.0,344f34a1d32ba9c9a001e56e4d03ecfc7599d1fa3c5627b1ed5b429067fd6d72
500,50,280,0.002,5.0,4.0,1.0,27,-0.126,0.35,5.0,3dbec4ed280111c6f70cf5b95bd8007d71fffb43262f818ee2b01da94e952ed1
500,50,173,0.002,5.0,8.0,0.5,21,-0.694,-0.11,3.5,3b3c69bfe1ea7d3417e6f0cb7831cd1890ff9efc41485332a6269801eec79431
500,50,173,0.002,8.0,2.0,2.0,6,0.005,0.76,6.5,3b3c69bfe1ea7d3417e6f0cb7831cd1890ff9efc41485332a6269801eec79431
500,50,116,0.002,7.0,6.0,2.0,2,-0.324,-0.52,3.5,a7e45ccfa44749f47009339807a5b3b6faa94591750df4893bbd649eb03548aa
500,50,417,0.001,2.0,1.0,2.0,46,1.003,1.77,7.5,576662496728038e224e71e11e336af0a6bb55625ba792b564b78dbc59d6551a
500,50,116,0.002,4.0,8.0,2.5,2,-0.307,0.09,5.5,a7e45ccfa44749f47009339807a5b3b6faa94591750df4893bbd649eb03548aa
500,50,178,0.002,2.0,6.0,-0.5,16,-0.158,0.1,6.5,2852b7ff8e5e77dbf55d6569bbb35253228fd4522b19f56bb25e9bbc298dc1d4
500,50,182,0.002,1.0,5.0,1.5,47,0.357,0.81,5.0,ef5ccd9e100038eaeca590bb86f90622b26afb602bebc9512c60f4a108b50adc
500,50,153,0.002,2.0,5.0,2.0,22,0.308,0.36,5.5,6b6f91ba62efae00f09fbbdb547009f73ef44ff90923e257225aa6c928379dbe
500,50,116,0.002,8.0,5.0,2.0,1,-0.21600000000000003,0.4,5.0,a7e45ccfa44749f47009339807a5b3b6faa94591750df4893bbd649eb03548aa
500,50,116,0.002,4.0,6.0,3.5,34,-0.16,-0.2,4.0,a7e45ccfa44749f47009339807a5b3b6faa94591750df4893bbd649eb03548aa
500,50,420,0.002,4.0,5.0,3.5,1,0.087,0.11,6.5,8b99cc78d3cb5224793576097671ee3e7b24a24fb6d06417ba2121ba86390aaa
500,50,116,0.002,3.0,7.0,3.5,1,1.2,1.89,6.0,a7e45ccfa44749f47009339807a5b3b6faa94591750df4893bbd649eb03548aa
500,50,178,0.002,4.0,9.0,-3.0,29,-1.284,-1.19,3.5,2852b7ff8e5e77dbf55d6569bbb35253228fd4522b19f56bb25e9bbc298dc1d4
500,50,103,0.0005,1.0,3.0,2.0,31,0.498,0.95,7.5,f686a886b7f72c7d003d6a650ffd17acce3c4aa805af76248dd3d1e642265184
500,50,173,0.002,3.0,8.0,1.5,18,-0.433,-0.53,5.0,3b3c69bfe1ea7d3417e6f0cb7831cd1890ff9efc41485332a6269801eec79431
500,50,74,0.002,3.0,8.0,-2.0,34,-1.663,-1.36,3.5,5336d765b764a93e2eb1d0758e1d55b61cf2de15952d7b4f9d34abd296c96afb
500,50,280,0.002,4.0,4.0,1.5,1,0.6560000000000001,1.48,8.0,3dbec4ed280111c6f70cf5b95bd8007d71fffb43262f818ee2b01da94e952ed1
500,50,173,0.002,4.0,8.0,1.0,18,-0.823,-1.11,3.0,3b3c69bfe1ea7d3417e6f0cb7831cd1890ff9efc41485332a6269801eec79431
500,50,361,0.001,1.0,7.0,-1.0,41,0.132,0.05,7.0,b3b29cc417591441cf91bccb62378e246ba397718ccb51e81dab8b328cf75393
500,50,116,0.002,3.0,6.0,4.0,3,0.48699999999999993,0.98,5.5,a7e45ccfa44749f47009339807a5b3b6faa94591750df4893bbd649eb03548aa
500,50,153,0.002,4.0,4.0,1.5,11,0.347,0.74,6.0,6b6f91ba62efae00f09fbbdb547009f73ef44ff90923e257225aa6c928379dbe
500,50,490,0.002,1.0,4.0,0.5,50,-0.021,0.24,6.5,974847301356efb9a3ebc5a376507ea020f2aa2b7a8db231927848b0f6c7fa65
500,50,173,0.002,2.0,11.0,0.5,18,-0.43,-0.04,5.5,3b3c69bfe1ea7d3417e6f0cb7831cd1890ff9efc41485332a6269801eec79431
500,50,173,0.002,1.0,5.0,4.0,31,0.626,0.92,8.5,3b3c69bfe1ea7d3417e6f0cb7831cd1890ff9efc41485332a6269801eec79431
500,50,116,0.002,2.0,6.0,4.5,3,-0.011,0.22,5.5,a7e45ccfa44749f47009339807a5b3b6faa94591750df4893bbd649eb03548aa
500,50,153,0.002,5.0,2.0,2.0,8,0.321,0.71,6.5,6b6f91ba62efae00f09fbbdb547009f73ef44ff90923e257225aa6c928379dbe
500,50,116,0.002,4.0,4.0,4.5,35,-0.236,0.19,5.5,a7e45ccfa44749f47009339807a5b3b6faa94591750df4893bbd649eb03548aa
500,50,116,0.002,3.0,8.0,3.0,35,-0.377,-0.14,6.5,a7e45ccfa44749f47009339807a5b3b6faa94591750df4893bbd649eb03548aa
500,50,116,0.002,3.0,4.0,5.0,4,0.161,0.49,5.5,a7e45ccfa44749f47009339807a5b3b6faa94591750df4893bbd649eb03548aa
500,50,67,0.002,7.0,10.0,-4.0,2,-0.552,-0.71,4.0,3a360bea2f41e303724f014d0cc814dc18605110da671f5cf3213df428cae74f
500,50,420,0.002,2.0,4.0,5.0,27,0.512,0.38,7.0,8b99cc78d3cb5224793576097671ee3e7b24a24fb6d06417ba2121ba86390aaa
500,50,272,0.002,5.0,7.0,-2.0,19,-1.295,-1.22,5.0,afcb930297b7343b8945a302072f385537be9321555f4f186f06883623c7f8fb
500,50,138,0.002,5.0,8.0,-1.0,5,-0.249,0.63,6.5,97b28df35b811f0a5dba92060bfa9d60f1cc23fb3123298c2b14a461bea2df00
500,50,153,0.002,2.0,6.0,1.5,27,0.595,1.34,7.0,6b6f91ba62efae00f09fbbdb547009f73ef44ff90923e257225aa6c928379dbe
500,50,116,0.002,3.0,8.0,3.0,18,-0.804,-0.4,3.5,a7e45ccfa44749f47009339807a5b3b6faa94591750df4893bbd649eb03548aa
500,50,153,0.002,5.0,5.0,0.5,3,0.36700000000000005,0.51,6.5,6b6f91ba62efae00f09fbbdb547009f73ef44ff90923e257225aa6c928379dbe
500,50,116,0.002,9.0,5.0,1.5,2,-0.574,-0.72,5.0,a7e45ccfa44749f47009339807a5b3b6faa94591750df4893bbd649eb03548aa
500,50,420,0.002,6.0,7.0,1.5,10,-1.534,-1.94,2.5,8b99cc78d3cb5224793576097671ee3e7b24a24fb6d06417ba2121ba86390aaa
500,50,116,0.002,8.0,5.0,2.0,2,-0.449,0.19,3.5,a7e45ccfa44749f47009339807a5b3b6faa94591750df4893bbd649eb03548aa
500,50,230,0.002,1.0,7.0,-2.5,50,-0.17800000000000002,-0.37,3.0,779e4f62e2d0d94896dc3cd8ab5624b28d4e9a560d88030c65ac4175e5b7f8b8
500,50,67,0.002,5.0,6.0,-1.0,8,-0.472,-0.07,5.5,3a360bea2f41e303724f014d0cc814dc18605110da671f5cf3213df428cae74f
500,50,36,0.002,4.0,6.0,0.0,28,-0.094,0.11,5.0,ff40caff9436adbf9bd38cd8dd2a07eed72cc198918166d6ec73cd19617b2ff6
500,50,173,0.002,5.0,3.0,3.0,5,0.047,0.62,5.0,3b3c69bfe1ea7d3417e6f0cb7831cd1890ff9efc41485332a6269801eec79431
500,50,420,0.002,7.0,4.0,2.5,2,0.285,1.32,6.5,8b99cc78d3cb5224793576097671ee3e7b24a24fb6d06417ba2121ba86390aaa
500,50,153,0.002,3.0,7.0,0.5,47,0.095,0.66,7.0,6b6f91ba62efae00f09fbbdb547009f73ef44ff90923e257225aa6c928379dbe
500,50,173,0.002,3.0,6.0,2.5,2,0.151,0.32,5.5,3b3c69bfe1ea7d3417e6f0cb7831cd1890ff9efc41485332a6269801eec79431
500,50,116,0.002,3.0,6.0,4.0,15,-0.088,0.01,6.0,a7e45ccfa44749f47009339807a5b3b6faa94591750df4893bbd649eb03548aa
500,50,51,0.002,4.0,7.0,-2.5,11,-0.7,-0.47,5.5,0da469cd406ad5030b33efeb4176c7916b6520b504ade19e5900078c3b28d733
500,50,156,0.00025,1.0,3.0,0.5,19,1.025,1.32,7.5,c0eabf7d5c642cd9077bfaa2a018dcfd8b98dc6f5570a2916e29fc8066add117
500,50,243,0.002,3.0,6.0,0.5,14,0.106,0.8,5.5,a3243ce7707a2a3682e9edb42f661751af7593e49dee8391462be0e0e7feca5b
500,50,67,0.002,4.0,4.0,0.5,31,-0.838,-0.25,4.5,3a360bea2f41e303724f014d0cc814dc18605110da671f5cf3213df428cae74f
500,50,153,0.002,2.0,5.0,2.0,29,0.412,0.65,5.5,6b6f91ba62efae00f09fbbdb547009f73ef44ff90923e257225aa6c928379dbe
500,50,182,0.002,5.0,6.0,-1.0,12,-1.47,-1.32,4.5,ef5ccd9e100038eaeca590bb86f90622b26afb602bebc9512c60f4a108b50adc
500,50,420,0.002,4.0,3.0,4.5,8,0.231,0.72,5.5,8b99cc78d3cb5224793576097671ee3e7b24a24fb6d06417ba2121ba86390aaa
500,50,116,0.002,6.0,5.0,3.0,1,0.407,0.71,6.5,a7e45ccfa44749f47009339807a5b3b6faa94591750df4893bbd649eb03548aa
500,50,420,0.002,3.0,4.0,4.5,47,-0.042,0.94,6.5,8b99cc78d3cb5224793576097671ee3e7b24a24fb6d06417ba2121ba86390aaa
500,50,74,0.002,1.0,10.0,-2.0,34,-0.477,-0.8,4.0,5336d765b764a93e2eb1d0758e1d55b61cf2de15952d7b4f9d34abd296c96afb
500,50,138,0.002,5.0,4.0,1.0,22,-0.01,0.75,5.0,97b28df35b811f0a5dba92060bfa9d60f1cc23fb3123298c2b14a461bea2df00
500,50,158,0.002,1.0,7.0,0.0,34,-0.064,0.62,5.5,344f34a1d32ba9c9a001e56e4d03ecfc7599d1fa3c5627b1ed5b429067fd6d72
500,50,95,0.002,2.0,9.0,-1.5,19,-0.789,-0.24,5.0,c25fc3efb39204b5d63cd28eb38ba90889f8e69e2579abfd84abaa122b7be87a
500,50,73,0.001,2.0,7.0,-1.0,43,-0.802,-1.13,6.0,d47db6a3fa9151c10e2a42a4c31e38c922e8941f0814a51e6204fe23b2d82160
500,50,116,0.002,4.0,12.0,0.5,14,-1.217,-1.59,3.0,a7e45ccfa44749f47009339807a5b3b6faa94591750df4893bbd649eb03548aa
500,50,182,0.002,3.0,5.0,0.5,21,-0.359,-0.22,6.0,ef5ccd9e100038eaeca590bb86f90622b26afb602bebc9512c60f4a108b50adc
500,50,116,0.002,6.0,7.0,2.0,3,-0.615,-0.65,4.5,a7e45ccfa44749f47009339807a5b3b6faa94591750df4893bbd649eb03548aa
500,50,116,0.002,3.0,6.0,4.0,30,-0.993,-0.19,5.5,a7e45ccfa44749f47009339807a5b3b6faa94591750df4893bbd649eb03548aa
500,50,173,0.002,5.0,11.0,-1.0,8,-0.634,-0.33,4.0,3b3c69bfe1ea7d3417e6f0cb7831cd1890ff9efc41485332a6269801eec79431
500,50,420,0.002,6.0,7.0,1.5,1,-0.42100000000000004,0.02,4.5,8b99cc78d3cb5224793576097671ee3e7b24a24fb6d06417ba2121ba86390aaa
500,50,116,0.002,4.0,8.0,2.5,1,-0.158,0.32,4.5,a7e45ccfa44749f47009339807a5b3b6faa94591750df4893bbd649eb03548aa
500,50,116,0.002,0.0,6.0,5.5,46,0.9620000000000001,1.58,5.5,a7e45ccfa44749f47009339807a5b3b6faa94591750df4893bbd649eb03548aa
500,50,116,0.002,3.0,5.0,4.5,1,0.461,0.84,5.5,a7e45ccfa44749f47009339807a5b3b6faa94591750df4893bbd649eb03548aa
500,50,280,0.002,4.0,5.0,1.0,37,-0.9010000000000001,-0.58,4.0,3dbec4ed280111c6f70cf5b95bd8007d71fffb43262f818ee2b01da94e952ed1
500,50,116,0.002,3.0,9.0,2.5,12,-1.004,-0.49,4.0,a7e45ccfa44749f47009339807a5b3b6faa94591750df4893bbd649eb03548aa
500,50,138,0.002,2.0,6.0,1.5,18,0.555,1.23,5.5,97b28df35b811f0a5dba92060bfa9d60f1cc23fb3123298c2b14a461bea2df00
500,50,261,0.002,5.0,4.0,0.5,6,0.105,0.98,6.0,84d7db09a4a66ab80de8d84cf303232fb5d2699c1e35c5a38a7893393bdba5db
500,50,116,0.002,3.0,5.0,4.5,3,0.357,0.72,7.0,a7e45ccfa44749f47009339807a5b3b6faa94591750df4893bbd649eb03548aa
500,50,116,0.002,3.0,9.0,2.5,18,-0.6,-0.67,4.5,a7e45ccfa44749f47009339807a5b3b6faa94591750df4893bbd649eb03548aa
500,50,138,0.002,8.0,6.0,-1.5,9,-1.193,-0.71,4.5,97b28df35b811f0a5dba92060bfa9d60f1cc23fb3123298c2b14a461bea2df00
500,50,173,0.002,1.0,8.0,2.5,24,0.31,0.81,5.5,3b3c69bfe1ea7d3417e6f0cb7831cd1890ff9efc41485332a6269801eec79431
500,50,116,0.002,4.0,8.0,2.5,3,-0.483,-0.29,5.0,a7e45ccfa44749f47009339807a5b3b6faa94591750df4893bbd649eb03548aa
500,50,95,0.002,3.0,9.0,-2.0,35,-1.008,-0.37,5.0,c25fc3efb39204b5d63cd28eb38ba90889f8e69e2579abfd84abaa122b7be87a
500,50,182,0.002,2.0,6.0,0.5,50,-0.611,-0.12,3.5,ef5ccd9e100038eaeca590bb86f90622b26afb602bebc9512c60f4a108b50adc
500,50,173,0.002,3.0,6.0,2.5,43,-0.414,-0.24,5.5,3b3c69bfe1ea7d3417e6f0cb7831cd1890ff9efc41485332a6269801eec79431
500,50,116,0.002,5.0,4.0,4.0,13,-0.358,0.17,4.0,a7e45ccfa44749f47009339807a5b3b6faa94591750df4893bbd649eb03548aa
500,50,280,0.002,3.0,6.0,1.0,32,-0.241,-0.02,6.5,3dbec4ed280111c6f70cf5b95bd8007d71fffb43262f818ee2b01da94e952ed1
500,50,36,0.002,1.0,7.0,1.0,50,0.345,0.28,5.0,ff40caff9436adbf9bd38cd8dd2a07eed72cc198918166d6ec73cd19617b2ff6
500,50,420,0.002,2.0,8.0,3.0,25,-0.008,0.46,6.0,8b99cc78d3cb5224793576097671ee3e7b24a24fb6d06417ba2121ba86390aaa
500,50,116,0.002,4.0,6.0,3.5,1,-0.52,0.24,5.5,a7e45ccfa44749f47009339807a5b3b6faa94591750df4893bbd649eb03548aa
500,50,173,0.002,5.0,4.0,2.5,1,0.37799999999999995,1.29,6.5,3b3c69bfe1ea7d3417e6f0cb7831cd1890ff9efc41485332a6269801eec79431
500,50,236,0.0005,1.0,3.0,0.5,18,1.381,1.57,7.5,3c9d6a658bb1aa96c8d4bce932d76dc071210dbfb62e0b5fa7e7925ecc2a085a
500,50,420,0.002,6.0,6.0,2.0,3,-0.475,-0.15,4.0,8b99cc78d3cb5224793576097671ee3e7b24a24fb6d06417ba2121ba86390aaa
500,50,243,0.002,2.0,9.0,-0.5,49,-0.507,-0.51,4.0,a3243ce7707a2a3682e9edb42f661751af7593e49dee8391462be0e0e7feca5b
500,50,116,0.002,5.0,5.0,3.5,25,-0.972,-0.84,3.5,a7e45ccfa44749f47009339807a5b3b6faa94591750df4893bbd649eb03548aa
500,50,272,0.002,6.0,7.0,-2.5,5,-1.198,-1.22,2.5,afcb930297b7343b8945a302072f385537be9321555f4f186f06883623c7f8fb
500,50,116,0.002,8.0,5.0,2.0,2,-1.008,-0.44,4.0,a7e45ccfa44749f47009339807a5b3b6faa94591750df4893bbd649eb03548aa
500,50,116,0.002,6.0,7.0,2.0,9,-1.023,-0.93,3.0,a7e45ccfa44749f47009339807a5b3b6faa94591750df4893bbd649eb03548aa
500,50,490,0.002,4.0,7.0,-2.5,45,-0.8489999999999999,-1.07,3.5,974847301356efb9a3ebc5a376507ea020f2aa2b7a8db231927848b0f6c7fa65
500,50,420,0.002,6.0,6.0,2.0,8,-0.602,-0.28,4.5,8b99cc78d3cb5224793576097671ee3e7b24a24fb6d06417ba2121ba86390aaa
500,50,36,0.002,1.0,9.0,0.0,39,-1.088,-0.77,4.5,ff40caff9436adbf9bd38cd8dd2a07eed72cc198918166d6ec73cd19617b2ff6
500,50,116,0.002,6.0,4.0,3.5,2,-0.54,-0.09,6.0,a7e45ccfa44749f47009339807a5b3b6faa94591750df4893bbd649eb03548aa
500,50,173,0.002,4.0,1.0,4.5,2,1.23,1.91,9.0,3b3c69bfe1ea7d3417e6f0cb7831cd1890ff9efc41485332a6269801eec79431
500,50,420,0.002,4.0,7.0,2.5,15,-0.666,-0.02,3.5,8b99cc78d3cb5224793576097671ee3e7b24a24fb6d06417ba2121ba86390aaa
500,50,272,0.002,2.0,7.0,-0.5,21,0.276,0.88,5.5,afcb930297b7343b8945a302072f385537be9321555f4f186f06883623c7f8fb
500,50,116,0.002,0.0,7.0,5.0,37,0.856,0.89,5.5,a7e45ccfa44749f47009339807a5b3b6faa94591750df4893bbd649eb03548aa
500,50,116,0.002,2.0,3.0,6.0,23,0.071,0.63,6.0,a7e45ccfa44749f47009339807a5b3b6faa94591750df4893bbd649eb03548aa
500,50,67,0.002,2.0,3.0,2.0,7,0.337,0.79,6.0,3a360bea2f41e303724f014d0cc814dc18605110da671f5cf3213df428cae74f
500,50,452,0.001,3.0,3.0,-1.5,22,0.336,0.89,7.5,a1388865dc2b0bebc42c09e925323dda098b8ddae59f1818a86d3394a8a109ac
500,50,420,0.002,6.0,11.0,-0.5,4,-1.487,-1.54,1.5,8b99cc78d3cb5224793576097671ee3e7b24a24fb6d06417ba2121ba86390aaa
500,50,116,0.002,1.0,8.0,4.0,11,-0.21099999999999997,0.05,5.5,a7e45ccfa44749f47009339807a5b3b6faa94591750df4893bbd649eb03548aa
500,50,116,0.002,2.0,8.0,3.5,39,-1.523,-0.87,3.5,a7e45ccfa44749f47009339807a5b3b6faa94591750df4893bbd649eb03548aa
500,50,116,0.002,5.0,8.0,2.0,6,-0.419,-0.22,5.0,a7e45ccfa44749f47009339807a5b3b6faa94591750df4893bbd649eb03548aa
500,50,36,0.002,4.0,6.0,0.0,5,0.049,0.19,6.0,ff40caff9436adbf9bd38cd8dd2a07eed72cc198918166d6ec73cd19617b2ff6
500,50,138,0.002,4.0,6.0,0.5,11,-0.254,0.45,5.5,97b28df35b811f0a5dba92060bfa9d60f1cc23fb3123298c2b14a461bea2df00
500,50,280,0.002,2.0,6.0,1.5,43,0.415,0.85,5.5,3dbec4ed280111c6f70cf5b95bd8007d71fffb43262f818ee2b01da94e952ed1
500,50,280,0.002,2.0,10.0,-0.5,25,-1.009,-0.68,4.0,3dbec4ed280111c6f70cf5b95bd8007d71fffb43262f818ee2b01da94e952ed1
500,50,138,0.002,3.0,5.0,1.5,23,0.18899999999999997,0.63,5.5,97b28df35b811f0a5dba92060bfa9d60f1cc23fb3123298c2b14a461bea2df00
500,50,272,0.002,7.0,6.0,-2.5,3,-0.575,-0.9,5.5,afcb930297b7343b8945a302072f385537be9321555f4f186f06883623c7f8fb
500,50,116,0.002,5.0,7.0,2.5,8,-1.134,-0.99,3.5,a7e45ccfa44749f47009339807a5b3b6faa94591750df4893bbd649eb03548aa
500,50,243,0.002,5.0,4.0,0.5,28,-0.852,-0.27,4.0,a3243ce7707a2a3682e9edb42f661751af7593e49dee8391462be0e0e7feca5b
500,50,116,0.002,2.0,5.0,5.0,10,0.16,0.29,5.0,a7e45ccfa44749f47009339807a5b3b6faa94591750df4893bbd649eb03548aa
500,50,116,0.002,7.0,6.0,2.0,1,0.41,1.19,5.0,a7e45ccfa44749f47009339807a5b3b6faa94591750df4893bbd649eb03548aa
500,50,116,0.002,3.0,7.0,3.5,9,-0.865,-0.93,5.0,a7e45ccfa44749f47009339807a5b3b6faa94591750df4893bbd649eb03548aa
500,50,420,0.002,3.0,8.0,2.5,29,-0.926,-0.56,3.0,8b99cc78d3cb5224793576097671ee3e7b24a24fb6d06417ba2121ba86390aaa
500,50,420,0.002,3.0,5.0,4.0,10,0.716,1.22,6.0,8b99cc78d3cb5224793576097671ee3e7b24a24fb6d06417ba2121ba86390aaa
500,50,173,0.002,3.0,7.0,2.0,17,-1.259,-0.79,4.0,3b3c69bfe1ea7d3417e6f0cb7831cd1890ff9efc41485332a6269801eec79431
500,50,116,0.002,6.0,6.0,2.5,1,-0.377,-0.09,6.0,a7e45ccfa44749f47009339807a5b3b6faa94591750df4893bbd649eb03548aa
500,50,153,0.002,8.0,5.0,-1.0,4,-0.953,-0.3,4.0,6b6f91ba62efae00f09fbbdb547009f73ef44ff90923e257225aa6c928379dbe
500,50,36,0.002,9.0,5.0,-2.0,1,-1.231,-1.01,5.0,ff40caff9436adbf9bd38cd8dd2a07eed72cc198918166d6ec73cd19617b2ff6
500,50,158,0.002,2.0,4.0,1.0,29,0.741,1.35,5.5,344f34a1d32ba9c9a001e56e4d03ecfc7599d1fa3c5627b1ed5b429067fd6d72
500,50,173,0.002,5.0,11.0,-1.0,3,-1.043,-0.68,3.0,3b3c69bfe1ea7d3417e6f0cb7831cd1890ff9efc41485332a6269801eec79431
500,50,116,0.002,2.0,12.0,1.5,25,-1.0,-0.59,4.0,a7e45ccfa44749f47009339807a5b3b6faa94591750df4893bbd649eb03548aa
500,50,182,0.002,2.0,5.0,1.0,13,0.036,0.34,5.5,ef5ccd9e100038eaeca590bb86f90622b26afb602bebc9512c60f4a108b50adc
500,50,261,0.002,3.0,2.0,2.5,8,0.429,0.35,8.0,84d7db09a4a66ab80de8d84cf303232fb5d2699c1e35c5a38a7893393bdba5db
500,50,51,0.002,3.0,4.0,-0.5,45,-0.488,0.07,5.0,0da469cd406ad5030b33efeb4176c7916b6520b504ade19e5900078c3b28d733
500,50,173,0.002,5.0,4.0,2.5,4,0.162,0.8,7.0,3b3c69bfe1ea7d3417e6f0cb7831cd1890ff9efc41485332a6269801eec79431
500,50,116,0.002,4.0,8.0,2.5,7,-1.159,-1.36,3.0,a7e45ccfa44749f47009339807a5b3b6faa94591750df4893bbd649eb03548aa
500,50,182,0.002,3.0,11.0,-2.5,24,-1.803,-1.61,2.5,ef5ccd9e100038eaeca590bb86f90622b26afb602bebc9512c60f4a108b50adc
500,50,280,0.002,7.0,6.0,-1.0,2,-1.273,-0.77,3.5,3dbec4ed280111c6f70cf5b95bd8007d71fffb43262f818ee2b01da94e952ed1
500,50,116,0.002,2.0,6.0,4.5,23,-0.147,0.65,5.0,a7e45ccfa44749f47009339807a5b3b6faa94591750df4893bbd649eb03548aa
500,50,261,0.002,3.0,7.0,0.0,25,-0.506,-0.46,5.0,84d7db09a4a66ab80de8d84cf303232fb5d2699c1e35c5a38a7893393bdba5db
500,50,357,0.0005,3.0,0.0,1.0,42,0.91,2.1,8.5,c99f5297f235ea9284300ff5d1db9cdd539f9089dfd30f5074f49150bf2016cc
500,50,36,0.002,5.0,5.0,0.0,17,-0.538,-0.19,4.0,ff40caff9436adbf9bd38cd8dd2a07eed72cc198918166d6ec73cd19617b2ff6
500,50,116,0.002,4.0,5.0,4.0,5,0.315,0.71,5.0,a7e45ccfa44749f47009339807a5b3b6faa94591750df4893bbd649eb03548aa
500,50,116,0.002,1.0,12.0,2.0,5,-0.406,-0.16,5.0,a7e45ccfa44749f47009339807a5b3b6faa94591750df4893bbd649eb03548aa
500,50,406,0.002,6.0,8.0,-3.5,4,-0.9990000000000001,-0.64,5.0,d8cbd0c6756e20701f1e3611fcfe1080ff6b93fafb65fb2800ad9a7bd0a04ea2
500,50,116,0.002,5.0,3.0,4.5,5,0.214,0.56,5.5,a7e45ccfa44749f47009339807a5b3b6faa94591750df4893bbd649eb03548aa
500,50,116,0.002,0.0,7.0,5.0,42,1.276,1.1,7.5,a7e45ccfa44749f47009339807a5b3b6faa94591750df4893bbd649eb03548aa
500,50,123,0.002,1.0,6.0,1.0,22,-0.554,-0.21,6.0,b2aa7ce2e829b156b6b2a9da36e09488eda956e5a66a30f221742ee0aa8167f7
500,50,280,0.002,3.0,4.0,2.0,23,0.292,0.7,4.5,3dbec4ed280111c6f70cf5b95bd8007d71fffb43262f818ee2b01da94e952ed1
500,50,420,0.002,12.0,4.0,0.0,3,-1.041,-0.75,4.5,8b99cc78d3cb5224793576097671ee3e7b24a24fb6d06417ba2121ba86390aaa
500,50,116,0.002,7.0,8.0,1.0,2,-0.672,-1.02,2.5,a7e45ccfa44749f47009339807a5b3b6faa94591750df4893bbd649eb03548aa
500,50,123,0.002,3.0,4.0,1.0,47,0.043,0.08,5.0,b2aa7ce2e829b156b6b2a9da36e09488eda956e5a66a30f221742ee0aa8167f7
500,50,116,0.002,3.0,6.0,4.0,19,-0.819,-0.1,4.0,a7e45ccfa44749f47009339807a5b3b6faa94591750df4893bbd649eb03548aa
500,50,173,0.002,4.0,7.0,1.5,5,-0.429,0.06,5.5,3b3c69bfe1ea7d3417e6f0cb7831cd1890ff9efc41485332a6269801eec79431
500,50,173,0.002,2.0,8.0,2.0,11,-0.05800000000000001,0.45,5.5,3b3c69bfe1ea7d3417e6f0cb7831cd1890ff9efc41485332a6269801eec79431
500,50,178,0.002,3.0,5.0,-0.5,50,0.07,0.6,5.0,2852b7ff8e5e77dbf55d6569bbb35253228fd4522b19f56bb25e9bbc298dc1d4
500,50,497,0.001,2.0,5.0,0.0,46,-0.532,-0.15,4.5,526db03663e3f68905e8ed37f0760b4ef31347fa4159ce8515af8811d6253ad1
500,50,420,0.002,6.0,4.0,3.0,2,-0.308,0.03,6.0,8b99cc78d3cb5224793576097671ee3e7b24a24fb6d06417ba2121ba86390aaa
500,50,420,0.002,6.0,4.0,3.0,1,0.414,0.98,6.5,8b99cc78d3cb5224793576097671ee3e7b24a24fb6d06417ba2121ba86390aaa
500,50,137,0.002,1.0,7.0,-2.0,48,-0.271,-0.08,4.0,69a1231af5fc3f55054f1c14b1a7313be0d0b67e0ff876b205be63a03e091d42
500,50,173,0.002,2.0,4.0,4.0,43,0.745,1.35,6.5,3b3c69bfe1ea7d3417e6f0cb7831cd1890ff9efc41485332a6269801eec79431
500,50,116,0.002,6.0,3.0,4.0,2,1.487,2.02,7.5,a7e45ccfa44749f47009339807a5b3b6faa94591750df4893bbd649eb03548aa
500,50,261,0.002,3.0,3.0,2.0,5,0.713,0.81,7.0,84d7db09a4a66ab80de8d84cf303232fb5d2699c1e35c5a38a7893393bdba5db
500,50,173,0.002,4.0,6.0,2.0,13,-0.165,0.04,5.0,3b3c69bfe1ea7d3417e6f0cb7831cd1890ff9efc41485332a6269801eec79431
500,50,420,0.002,3.0,9.0,2.0,21,-0.909,-0.75,4.0,8b99cc78d3cb5224793576097671ee3e7b24a24fb6d06417ba2121ba86390aaa
500,50,116,0.002,2.0,5.0,5.0,31,0.601,1.2,7.0,a7e45ccfa44749f47009339807a5b3b6faa94591750df4893bbd649eb03548aa
500,50,116,0.002,3.0,7.0,3.5,42,-0.574,0.28,3.5,a7e45ccfa44749f47009339807a5b3b6faa94591750df4893bbd649eb03548aa
500,50,116,0.002,4.0,9.0,2.0,1,-0.226,0.15,5.5,a7e45ccfa44749f47009339807a5b3b6faa94591750df4893bbd649eb03548aa
500,50,116,0.002,5.0,6.0,3.0,2,-0.39399999999999996,0.13,5.0,a7e45ccfa44749f47009339807a5b3b6faa94591750df4893bbd649eb03548aa
500,50,182,0.002,5.0,4.0,0.0,11,-0.069,0.09,5.0,ef5ccd9e100038eaeca590bb86f90622b26afb602bebc9512c60f4a108b50adc
500,50,173,0.002,2.0,5.0,3.5,49,-0.076,0.16,6.0,3b3c69bfe1ea7d3417e6f0cb7831cd1890ff9efc41485332a6269801eec79431
500,50,173,0.002,4.0,8.0,1.0,9,0.172,0.9,6.0,3b3c69bfe1ea7d3417e6f0cb7831cd1890ff9efc41485332a6269801eec79431
500,50,173,0.002,5.0,5.0,2.0,21,0.395,0.88,4.5,3b3c69bfe1ea7d3417e6f0cb7831cd1890ff9efc41485332a6269801eec79431
500,50,173,0.002,4.0,6.0,2.0,24,-0.486,0.19,5.5,3b3c69bfe1ea7d3417e6f0cb7831cd1890ff9efc41485332a6269801eec79431
500,50,116,0.002,6.0,6.0,2.5,1,-0.857,-0.4,4.5,a7e45ccfa44749f47009339807a5b3b6faa94591750df4893bbd649eb03548aa
500,50,103,0.0005,2.0,3.0,1.5,9,0.38,0.32,7.0,f686a886b7f72c7d003d6a650ffd17acce3c4aa805af76248dd3d1e642265184
500,50,182,0.002,3.0,3.0,1.5,4,1.152,2.08,8.0,ef5ccd9e100038eaeca590bb86f90622b26afb602bebc9512c60f4a108b50adc
500,50,123,0.002,3.0,3.0,1.5,20,-0.179,0.53,5.0,b2aa7ce2e829b156b6b2a9da36e09488eda956e5a66a30f221742ee0aa8167f7
500,50,138,0.002,1.0,2.0,4.0,50,1.4409999999999998,2.5,8.0,97b28df35b811f0a5dba92060bfa9d60f1cc23fb3123298c2b14a461bea2df00
500,50,36,0.002,3.0,7.0,0.0,22,-1.658,-1.73,4.0,ff40caff9436adbf9bd38cd8dd2a07eed72cc198918166d6ec73cd19617b2ff6
500,50,116,0.002,2.0,5.0,5.0,44,0.096,0.74,5.5,a7e45ccfa44749f47009339807a5b3b6faa94591750df4893bbd649eb03548aa
500,50,173,0.002,6.0,5.0,1.5,22,-0.035,0.6,5.0,3b3c69bfe1ea7d3417e6f0cb7831cd1890ff9efc41485332a6269801eec79431
500,50,36,0.002,3.0,7.0,0.0,15,-0.643,-0.39,5.5,ff40caff9436adbf9bd38cd8dd2a07eed72cc198918166d6ec73cd19617b2ff6
500,50,153,0.002,5.0,5.0,0.5,13,-0.263,0.39,7.5,6b6f91ba62efae00f09fbbdb547009f73ef44ff90923e257225aa6c928379dbe
500,50,36,0.002,3.0,3.0,2.0,11,0.629,1.32,7.5,ff40caff9436adbf9bd38cd8dd2a07eed72cc198918166d6ec73cd19617b2ff6
500,50,116,0.002,6.0,6.0,2.5,1,0.366,0.87,4.5,a7e45ccfa44749f47009339807a5b3b6faa94591750df4893bbd649eb03548aa
500,50,123,0.002,1.0,5.0,1.5,40,0.77,1.3,5.5,b2aa7ce2e829b156b6b2a9da36e09488eda956e5a66a30f221742ee0aa8167f7
500,50,420,0.002,1.0,8.0,3.5,9,0.587,0.72,5.5,8b99cc78d3cb5224793576097671ee3e7b24a24fb6d06417ba2121ba86390aaa
500,50,272,0.002,7.0,7.0,-3.0,7,-1.4910000000000003,-2.16,4.5,afcb930297b7343b8945a302072f385537be9321555f4f186f06883623c7f8fb
500,50,116,0.002,2.0,7.0,4.0,6,0.446,0.84,8.0,a7e45ccfa44749f47009339807a5b3b6faa94591750df4893bbd649eb03548aa
500,50,173,0.002,4.0,2.0,4.0,4,0.895,1.69,6.5,3b3c69bfe1ea7d3417e6f0cb7831cd1890ff9efc41485332a6269801eec79431
500,50,497,0.001,1.0,3.0,1.5,41,0.579,1.26,8.0,526db03663e3f68905e8ed37f0760b4ef31347fa4159ce8515af8811d6253ad1
500,50,138,0.002,4.0,6.0,0.5,45,-1.175,-0.52,4.5,97b28df35b811f0a5dba92060bfa9d60f1cc23fb3123298c2b14a461bea2df00
500,50,116,0.002,0.0,9.0,4.0,25,-0.10800000000000001,0.27,6.0,a7e45ccfa44749f47009339807a5b3b6faa94591750df4893bbd649eb03548aa
500,50,116,0.002,5.0,4.0,4.0,5,-0.006,0.49,5.0,a7e45ccfa44749f47009339807a5b3b6faa94591750df4893bbd649eb03548aa
500,50,420,0.002,4.0,3.0,4.5,23,0.34,1.21,6.5,8b99cc78d3cb5224793576097671ee3e7b24a24fb6d06417ba2121ba86390aaa
500,50,173,0.002,6.0,3.0,2.5,15,-0.556,-0.25,4.5,3b3c69bfe1ea7d3417e6f0cb7831cd1890ff9efc41485332a6269801eec79431
500,50,173,0.002,5.0,8.0,0.5,5,-0.371,0.16,4.5,3b3c69bfe1ea7d3417e6f0cb7831cd1890ff9efc41485332a6269801eec79431
500,50,116,0.002,2.0,6.0,4.5,4,0.505,0.71,5.5,a7e45ccfa44749f47009339807a5b3b6faa94591750df4893bbd649eb03548aa
500,50,173,0.002,5.0,6.0,1.5,18,-0.809,0.13,4.5,3b3c69bfe1ea7d3417e6f0cb7831cd1890ff9efc41485332a6269801eec79431
500,50,420,0.002,3.0,5.0,4.0,40,-0.446,0.05,4.0,8b99cc78d3cb5224793576097671ee3e7b24a24fb6d06417ba2121ba86390aaa
500,50,123,0.002,2.0,5.0,1.0,23,0.403,0.66,6.5,b2aa7ce2e829b156b6b2a9da36e09488eda956e5a66a30f221742ee0aa8167f7
500,50,116,0.002,2.0,4.0,5.5,20,1.2920000000000003,2.45,6.5,a7e45ccfa44749f47009339807a5b3b6faa94591750df4893bbd649eb03548aa
500,50,116,0.002,1.0,6.0,5.0,42,-0.102,-0.21,5.5,a7e45ccfa44749f47009339807a5b3b6faa94591750df4893bbd649eb03548aa
500,50,203,0.002,4.0,4.0,-2.0,29,-0.835,0.0,4.5,482f9bb74e396230e41acb238caf3964559f8d6f6f94a105834a53b8cd581e55
500,50,420,0.002,2.0,9.0,2.5,20,-0.821,-0.47,7.0,8b99cc78d3cb5224793576097671ee3e7b24a24fb6d06417ba2121ba86390aaa
500,50,116,0.002,6.0,4.0,3.5,3,-0.091,0.7,5.0,a7e45ccfa44749f47009339807a5b3b6faa94591750df4893bbd649eb03548aa
500,50,173,0.002,6.0,7.0,0.5,1,-0.08900000000000001,0.45,5.0,3b3c69bfe1ea7d3417e6f0cb7831cd1890ff9efc41485332a6269801eec79431
500,50,257,0.002,2.0,6.0,-0.5,34,0.045,0.35,5.5,4946ca683e3b87304f8eb7b91da450d6fd9743c7b4f713232c6f82c1e821388b
500,50,420,0.002,6.0,7.0,1.5,1,-0.946,-0.89,5.0,8b99cc78d3cb5224793576097671ee3e7b24a24fb6d06417ba2121ba86390aaa
500,50,116,0.002,1.0,9.0,3.5,28,-0.099,0.78,6.0,a7e45ccfa44749f47009339807a5b3b6faa94591750df4893bbd649eb03548aa
500,50,182,0.002,6.0,7.0,-2.0,2,-0.953,-0.47,3.5,ef5ccd9e100038eaeca590bb86f90622b26afb602bebc9512c60f4a108b50adc
500,50,173,0.002,3.0,6.0,2.5,20,-0.045,0.66,5.0,3b3c69bfe1ea7d3417e6f0cb7831cd1890ff9efc41485332a6269801eec79431
500,50,261,0.002,3.0,6.0,0.5,27,-0.318,0.25,4.0,84d7db09a4a66ab80de8d84cf303232fb5d2699c1e35c5a38a7893393bdba5db
500,50,173,0.002,5.0,8.0,0.5,1,-0.465,-0.19,5.5,3b3c69bfe1ea7d3417e6f0cb7831cd1890ff9efc41485332a6269801eec79431
500,50,123,0.002,2.0,3.0,2.0,32,0.42199999999999993,1.56,6.0,b2aa7ce2e829b156b6b2a9da36e09488eda956e5a66a30f221742ee0aa8167f7
500,50,116,0.002,5.0,5.0,3.5,19,-0.594,-0.47,4.0,a7e45ccfa44749f47009339807a5b3b6faa94591750df4893bbd649eb03548aa
500,50,280,0.002,5.0,4.0,1.0,4,-0.004,0.33,6.0,3dbec4ed280111c6f70cf5b95bd8007d71fffb43262f818ee2b01da94e952ed1
500,50,406,0.002,2.0,7.0,-1.0,29,0.41600000000000004,0.98,6.0,d8cbd0c6756e20701f1e3611fcfe1080ff6b93fafb65fb2800ad9a7bd0a04ea2
500,50,116,0.002,6.0,4.0,3.5,21,-0.6969999999999998,-0.28,4.0,a7e45ccfa44749f47009339807a5b3b6faa94591750df4893bbd649eb03548aa
500,50,116,0.002,4.0,5.0,4.0,21,0.142,0.32,4.0,a7e45ccfa44749f47009339807a5b3b6faa94591750df4893bbd649eb03548aa
500,50,420,0.002,5.0,4.0,3.5,2,0.522,1.13,6.0,8b99cc78d3cb5224793576097671ee3e7b24a24fb6d06417ba2121ba86390aaa
500,50,173,0.002,6.0,7.0,0.5,2,0.474,1.22,5.0,3b3c69bfe1ea7d3417e6f0cb7831cd1890ff9efc41485332a6269801eec79431
500,50,334,0.001,3.0,4.0,-1.0,35,-0.4759999999999999,-0.11,5.5,c66ee0614c7f77da14c6d825e1a8c3267adb80c739f9eb57aeea55e663bb3e40
500,50,116,0.002,4.0,7.0,3.0,25,-0.902,-0.52,5.0,a7e45ccfa44749f47009339807a5b3b6faa94591750df4893bbd649eb03548aa
500,50,173,0.002,3.0,6.0,2.5,1,1.3839999999999997,1.59,6.5,3b3c69bfe1ea7d3417e6f0cb7831cd1890ff9efc41485332a6269801eec79431
500,50,420,0.002,4.0,8.0,2.0,4,-0.105,0.23,4.5,8b99cc78d3cb5224793576097671ee3e7b24a24fb6d06417ba2121ba86390aaa
500,50,173,0.002,3.0,5.0,3.0,28,-0.357,0.33,6.0,3b3c69bfe1ea7d3417e6f0cb7831cd1890ff9efc41485332a6269801eec79431
500,50,67,0.002,5.0,7.0,-1.5,28,-1.275,-1.54,2.5,3a360bea2f41e303724f014d0cc814dc18605110da671f5cf3213df428cae74f
500,50,138,0.002,2.0,7.0,1.0,19,0.364,0.6,7.5,97b28df35b811f0a5dba92060bfa9d60f1cc23fb3123298c2b14a461bea2df00
500,50,153,0.002,2.0,4.0,2.5,13,0.925,1.27,6.5,6b6f91ba62efae00f09fbbdb547009f73ef44ff90923e257225aa6c928379dbe
500,50,182,0.002,1.0,5.0,1.5,31,0.41,0.78,7.0,ef5ccd9e100038eaeca590bb86f90622b26afb602bebc9512c60f4a108b50adc
500,50,173,0.002,8.0,7.0,-0.5,2,-1.227,-0.82,3.0,3b3c69bfe1ea7d3417e6f0cb7831cd1890ff9efc41485332a6269801eec79431
500,50,123,0.002,8.0,1.0,0.0,1,-0.183,1.06,4.5,b2aa7ce2e829b156b6b2a9da36e09488eda956e5a66a30f221742ee0aa8167f7
500,50,138,0.002,4.0,3.0,2.0,18,0.701,1.44,6.0,97b28df35b811f0a5dba92060bfa9d60f1cc23fb3123298c2b14a461bea2df00
500,50,417,0.001,3.0,3.0,0.5,27,-0.292,0.49,6.5,576662496728038e224e71e11e336af0a6bb55625ba792b564b78dbc59d6551a
500,50,173,0.002,4.0,4.0,3.0,24,-0.57,0.61,5.0,3b3c69bfe1ea7d3417e6f0cb7831cd1890ff9efc41485332a6269801eec79431
500,50,420,0.002,3.0,9.0,2.0,20,-0.285,0.28,5.0,8b99cc78d3cb5224793576097671ee3e7b24a24fb6d06417ba2121ba86390aaa
500,50,417,0.001,2.0,7.0,-1.0,35,-0.921,-0.43,5.0,576662496728038e224e71e11e336af0a6bb55625ba792b564b78dbc59d6551a
500,50,153,0.002,2.0,2.0,3.5,11,0.745,1.07,6.5,6b6f91ba62efae00f09fbbdb547009f73ef44ff90923e257225aa6c928379dbe
500,50,116,0.002,4.0,5.0,4.0,11,-0.39,0.03,4.5,a7e45ccfa44749f47009339807a5b3b6faa94591750df4893bbd649eb03548aa
500,50,173,0.002,2.0,7.0,2.5,21,-0.307,-0.18,4.0,3b3c69bfe1ea7d3417e6f0cb7831cd1890ff9efc41485332a6269801eec79431
500,50,173,0.002,3.0,4.0,3.5,35,0.632,1.67,8.5,3b3c69bfe1ea7d3417e6f0cb7831cd1890ff9efc41485332a6269801eec79431
500,50,116,0.002,7.0,8.0,1.0,1,-1.229,-1.54,3.0,a7e45ccfa44749f47009339807a5b3b6faa94591750df4893bbd649eb03548aa
500,50,67,0.002,5.0,6.0,-1.0,8,-0.085,0.57,6.0,3a360bea2f41e303724f014d0cc814dc18605110da671f5cf3213df428cae74f
500,50,116,0.002,5.0,7.0,2.5,11,-0.608,-0.62,3.0,a7e45ccfa44749f47009339807a5b3b6faa94591750df4893bbd649eb03548aa
500,50,123,0.002,4.0,5.0,0.0,3,0.10400000000000001,0.5,5.0,b2aa7ce2e829b156b6b2a9da36e09488eda956e5a66a30f221742ee0aa8167f7
500,50,420,0.002,3.0,5.0,4.0,5,0.141,0.39,5.5,8b99cc78d3cb5224793576097671ee3e7b24a24fb6d06417ba2121ba86390aaa
500,50,420,0.002,7.0,5.0,2.0,3,-0.79,-0.17,5.0,8b99cc78d3cb5224793576097671ee3e7b24a24fb6d06417ba2121ba86390aaa
500,50,116,0.002,6.0,5.0,3.0,5,-0.552,-0.08,4.5,a7e45ccfa44749f47009339807a5b3b6faa94591750df4893bbd649eb03548aa
500,50,173,0.002,8.0,2.0,2.0,4,-0.551,-0.03,4.5,3b3c69bfe1ea7d3417e6f0cb7831cd1890ff9efc41485332a6269801eec79431
500,50,116,0.002,5.0,5.0,3.5,14,-0.559,-0.1,4.5,a7e45ccfa44749f47009339807a5b3b6faa94591750df4893bbd649eb03548aa
500,50,173,0.002,1.0,7.0,3.0,43,0.091,0.74,4.5,3b3c69bfe1ea7d3417e6f0cb7831cd1890ff9efc41485332a6269801eec79431
500,50,272,0.002,4.0,6.0,-1.0,10,-0.08900000000000001,0.41,5.0,afcb930297b7343b8945a302072f385537be9321555f4f186f06883623c7f8fb
500,50,51,0.002,3.0,7.0,-2.0,19,-0.615,-0.45,4.0,0da469cd406ad5030b33efeb4176c7916b6520b504ade19e5900078c3b28d733
500,50,116,0.002,9.0,3.0,2.5,1,-0.034,0.48,6.0,a7e45ccfa44749f47009339807a5b3b6faa94591750df4893bbd649eb03548aa
500,50,420,0.002,2.0,8.0,3.0,42,-0.857,-0.52,4.5,8b99cc78d3cb5224793576097671ee3e7b24a24fb6d06417ba2121ba86390aaa
500,50,173,0.002,2.0,5.0,3.5,49,0.474,1.26,6.5,3b3c69bfe1ea7d3417e6f0cb7831cd1890ff9efc41485332a6269801eec79431
500,50,116,0.002,2.0,10.0,2.5,47,-1.158,-0.59,4.0,a7e45ccfa44749f47009339807a5b3b6faa94591750df4893bbd649eb03548aa
500,50,182,0.002,3.0,3.0,1.5,11,0.015,0.46,5.5,ef5ccd9e100038eaeca590bb86f90622b26afb602bebc9512c60f4a108b50adc
500,50,173,0.002,3.0,4.0,3.5,11,1.001,1.27,7.0,3b3c69bfe1ea7d3417e6f0cb7831cd1890ff9efc41485332a6269801eec79431
500,50,116,0.002,2.0,4.0,5.5,30,-0.48699999999999993,0.46,5.5,a7e45ccfa44749f47009339807a5b3b6faa94591750df4893bbd649eb03548aa
500,50,36,0.002,1.0,4.0,2.5,26,0.23799999999999996,0.78,5.0,ff40caff9436adbf9bd38cd8dd2a07eed72cc198918166d6ec73cd19617b2ff6
500,50,116,0.002,5.0,4.0,4.0,5,0.21099999999999997,0.89,5.5,a7e45ccfa44749f47009339807a5b3b6faa94591750df4893bbd649eb03548aa
500,50,420,0.002,5.0,8.0,1.5,18,-1.474,-1.69,3.0,8b99cc78d3cb5224793576097671ee3e7b24a24fb6d06417ba2121ba86390aaa
500,50,182,0.002,3.0,8.0,-1.0,15,-1.3769999999999998,-0.97,4.5,ef5ccd9e100038eaeca590bb86f90622b26afb602bebc9512c60f4a108b50adc
500,50,116,0.002,7.0,6.0,2.0,1,0.614,1.42,7.0,a7e45ccfa44749f47009339807a5b3b6faa94591750df4893bbd649eb03548aa
500,50,67,0.002,2.0,7.0,0.0,29,-0.185,0.04,6.0,3a360bea2f41e303724f014d0cc814dc18605110da671f5cf3213df428cae74f
500,50,116,0.002,6.0,6.0,2.5,4,0.228,0.26,4.0,a7e45ccfa44749f47009339807a5b3b6faa94591750df4893bbd649eb03548aa
500,50,123,0.002,4.0,3.0,1.0,2,0.004,0.94,7.0,b2aa7ce2e829b156b6b2a9da36e09488eda956e5a66a30f221742ee0aa8167f7
500,50,173,0.002,6.0,5.0,1.5,3,-0.283,0.09,5.0,3b3c69bfe1ea7d3417e6f0cb7831cd1890ff9efc41485332a6269801eec79431
500,50,420,0.002,4.0,4.0,4.0,48,0.094,0.45,4.5,8b99cc78d3cb5224793576097671ee3e7b24a24fb6d06417ba2121ba86390aaa
500,50,123,0.002,4.0,7.0,-1.0,3,-0.564,-0.41,4.5,b2aa7ce2e829b156b6b2a9da36e09488eda956e5a66a30f221742ee0aa8167f7
500,50,116,0.002,2.0,6.0,4.5,50,-0.05800000000000001,0.08,4.5,a7e45ccfa44749f47009339807a5b3b6faa94591750df4893bbd649eb03548aa
500,50,272,0.002,4.0,8.0,-2.0,22,-0.937,-0.81,5.5,afcb930297b7343b8945a302072f385537be9321555f4f186f06883623c7f8fb
500,50,116,0.002,2.0,9.0,3.0,20,-0.142,0.33,4.0,a7e45ccfa44749f47009339807a5b3b6faa94591750df4893bbd649eb03548aa
500,50,116,0.002,5.0,7.0,2.5,22,-1.281,-1.34,3.0,a7e45ccfa44749f47009339807a5b3b6faa94591750df4893bbd649eb03548aa
500,50,173,0.002,6.0,9.0,-0.5,16,-1.8129999999999997,-1.5,2.0,3b3c69bfe1ea7d3417e6f0cb7831cd1890ff9efc41485332a6269801eec79431
500,50,280,0.002,2.0,4.0,2.5,42,0.221,0.92,6.5,3dbec4ed280111c6f70cf5b95bd8007d71fffb43262f818ee2b01da94e952ed1
500,50,153,0.002,5.0,2.0,2.0,23,0.21899999999999997,1.38,5.5,6b6f91ba62efae00f09fbbdb547009f73ef44ff90923e257225aa6c928379dbe
500,50,153,0.002,2.0,5.0,2.0,34,0.48100000000000004,1.28,6.0,6b6f91ba62efae00f09fbbdb547009f73ef44ff90923e257225aa6c928379dbe
500,50,280,0.002,4.0,7.0,0.0,1,0.262,0.92,6.5,3dbec4ed280111c6f70cf5b95bd8007d71fffb43262f818ee2b01da94e952ed1
500,50,280,0.002,3.0,6.0,1.0,16,-0.054000000000000006,0.35,6.5,3dbec4ed280111c6f70cf5b95bd8007d71fffb43262f818ee2b01da94e952ed1
500,50,177,0.002,2.0,3.0,-2.0,32,0.036,0.87,7.0,70279ead3bec9b7e96f06997217364ead88ddb28465de113f6c9d3d9a6accc8c
500,50,173,0.002,3.0,6.0,2.5,6,0.177,0.76,5.5,3b3c69bfe1ea7d3417e6f0cb7831cd1890ff9efc41485332a6269801eec79431
500,50,306,0.002,3.0,6.0,-1.0,27,-0.872,-1.06,5.0,fab8f433d6f6bb610ff043434b54f18824bcad5c38069edd6b0404477ea4af7a
500,50,417,0.001,2.0,5.0,0.0,23,-0.931,-0.83,4.5,576662496728038e224e71e11e336af0a6bb55625ba792b564b78dbc59d6551a
500,50,123,0.002,2.0,4.0,1.5,8,0.17800000000000002,1.04,7.0,b2aa7ce2e829b156b6b2a9da36e09488eda956e5a66a30f221742ee0aa8167f7
500,50,420,0.002,5.0,5.0,3.0,9,-0.42199999999999993,-0.15,4.5,8b99cc78d3cb5224793576097671ee3e7b24a24fb6d06417ba2121ba86390aaa
500,50,420,0.002,5.0,5.0,3.0,11,-0.31,0.11,5.0,8b99cc78d3cb5224793576097671ee3e7b24a24fb6d06417ba2121ba86390aaa
500,50,11,0.0005,3.0,1.0,0.5,28,0.403,1.2,7.0,8500b2f053a701b4ccbc7b6943415361122ca2c5b13bada8b1620345c74dc442
500,50,116,0.002,5.0,6.0,3.0,6,-0.632,-0.39,4.5,a7e45ccfa44749f47009339807a5b3b6faa94591750df4893bbd649eb03548aa
500,50,243,0.002,5.0,6.0,-0.5,15,-0.861,-0.22,3.5,a3243ce7707a2a3682e9edb42f661751af7593e49dee8391462be0e0e7feca5b
500,50,36,0.002,3.0,9.0,-1.0,19,-0.502,-0.28,4.0,ff40caff9436adbf9bd38cd8dd2a07eed72cc198918166d6ec73cd19617b2ff6
500,50,116,0.002,5.0,7.0,2.5,2,0.033,0.87,4.0,a7e45ccfa44749f47009339807a5b3b6faa94591750df4893bbd649eb03548aa
500,50,116,0.002,7.0,8.0,1.0,1,-0.8320000000000001,-0.5,4.0,a7e45ccfa44749f47009339807a5b3b6faa94591750df4893bbd649eb03548aa
500,50,116,0.002,3.0,10.0,2.0,7,-1.002,-0.67,3.5,a7e45ccfa44749f47009339807a5b3b6faa94591750df4893bbd649eb03548aa
500,50,243,0.002,3.0,4.0,1.5,46,-0.4040000000000001,0.31,5.5,a3243ce7707a2a3682e9edb42f661751af7593e49dee8391462be0e0e7feca5b
500,50,116,0.002,0.0,9.0,4.0,16,0.451,0.86,5.5,a7e45ccfa44749f47009339807a5b3b6faa94591750df4893bbd649eb03548aa
500,50,116,0.002,6.0,5.0,3.0,1,0.057,0.48,5.5,a7e45ccfa44749f47009339807a5b3b6faa94591750df4893bbd649eb03548aa
500,50,116,0.002,6.0,5.0,3.0,1,-0.426,0.26,6.0,a7e45ccfa44749f47009339807a5b3b6faa94591750df4893bbd649eb03548aa
500,50,38,0.002,3.0,4.0,-1.5,49,-0.873,-0.42,5.0,745e093be5c132f8dd62ffe006291e2dbe17e030eef209884a7f1ef9e3699f87
500,50,420,0.002,2.0,9.0,2.5,16,-0.774,-0.47,3.5,8b99cc78d3cb5224793576097671ee3e7b24a24fb6d06417ba2121ba86390aaa
500,50,173,0.002,9.0,5.0,0.0,2,-0.331,-0.01,3.5,3b3c69bfe1ea7d3417e6f0cb7831cd1890ff9efc41485332a6269801eec79431
500,50,116,0.002,6.0,4.0,3.5,10,-0.961,-0.29,3.5,a7e45ccfa44749f47009339807a5b3b6faa94591750df4893bbd649eb03548aa
500,50,182,0.002,5.0,5.0,-0.5,19,-0.939,-0.63,5.0,ef5ccd9e100038eaeca590bb86f90622b26afb602bebc9512c60f4a108b50adc
500,50,230,0.002,3.0,4.0,-2.0,50,-0.184,-0.22,6.5,779e4f62e2d0d94896dc3cd8ab5624b28d4e9a560d88030c65ac4175e5b7f8b8
500,50,420,0.002,8.0,3.0,2.5,2,-0.381,0.36,5.0,8b99cc78d3cb5224793576097671ee3e7b24a24fb6d06417ba2121ba86390aaa
500,50,420,0.002,4.0,8.0,2.0,1,-0.047,0.47,4.5,8b99cc78d3cb5224793576097671ee3e7b24a24fb6d06417ba2121ba86390aaa
500,50,116,0.002,3.0,7.0,3.5,3,-0.18600000000000003,0.57,7.0,a7e45ccfa44749f47009339807a5b3b6faa94591750df4893bbd649eb03548aa
500,50,116,0.002,6.0,7.0,2.0,1,0.343,0.6,5.5,a7e45ccfa44749f47009339807a5b3b6faa94591750df4893bbd649eb03548aa
500,50,173,0.002,3.0,8.0,1.5,21,-0.168,0.01,4.0,3b3c69bfe1ea7d3417e6f0cb7831cd1890ff9efc41485332a6269801eec79431
500,50,51,0.002,5.0,2.0,-0.5,33,-0.541,0.22,5.0,0da469cd406ad5030b33efeb4176c7916b6520b504ade19e5900078c3b28d733
500,50,116,0.002,5.0,6.0,3.0,4,-0.05600000000000001,0.08,6.5,a7e45ccfa44749f47009339807a5b3b6faa94591750df4893bbd649eb03548aa
500,50,123,0.002,5.0,4.0,0.0,14,-0.907,-0.55,4.0,b2aa7ce2e829b156b6b2a9da36e09488eda956e5a66a30f221742ee0aa8167f7
500,50,280,0.002,1.0,9.0,0.5,30,0.4040000000000001,0.52,6.5,3dbec4ed280111c6f70cf5b95bd8007d71fffb43262f818ee2b01da94e952ed1
500,50,261,0.002,2.0,4.0,2.0,1,1.4,1.63,8.0,84d7db09a4a66ab80de8d84cf303232fb5d2699c1e35c5a38a7893393bdba5db
500,50,116,0.002,4.0,5.0,4.0,13,-0.068,-0.41,5.0,a7e45ccfa44749f47009339807a5b3b6faa94591750df4893bbd649eb03548aa
500,50,116,0.002,3.0,7.0,3.5,24,-0.402,0.19,4.0,a7e45ccfa44749f47009339807a5b3b6faa94591750df4893bbd649eb03548aa
500,50,36,0.002,4.0,5.0,0.5,2,-0.179,0.64,6.0,ff40caff9436adbf9bd38cd8dd2a07eed72cc198918166d6ec73cd19617b2ff6
500,50,123,0.002,4.0,5.0,0.0,5,-0.524,-0.05,6.0,b2aa7ce2e829b156b6b2a9da36e09488eda956e5a66a30f221742ee0aa8167f7
500,50,116,0.002,5.0,8.0,2.0,7,-0.988,-0.99,4.0,a7e45ccfa44749f47009339807a5b3b6faa94591750df4893bbd649eb03548aa
500,50,36,0.002,2.0,1.0,3.5,35,0.711,1.17,7.5,ff40caff9436adbf9bd38cd8dd2a07eed72cc198918166d6ec73cd19617b2ff6
500,50,116,0.002,6.0,8.0,1.5,6,-0.589,-0.36,6.5,a7e45ccfa44749f47009339807a5b3b6faa94591750df4893bbd649eb03548aa
500,50,420,0.002,5.0,5.0,3.0,17,-0.533,-0.23,5.5,8b99cc78d3cb5224793576097671ee3e7b24a24fb6d06417ba2121ba86390aaa
500,50,156,0.00025,2.0,2.0,0.5,10,1.035,1.45,8.0,c0eabf7d5c642cd9077bfaa2a018dcfd8b98dc6f5570a2916e29fc8066add117
500,50,116,0.002,6.0,6.0,2.5,8,-0.714,-0.92,3.5,a7e45ccfa44749f47009339807a5b3b6faa94591750df4893bbd649eb03548aa
500,50,420,0.002,4.0,4.0,4.0,4,0.895,0.72,7.0,8b99cc78d3cb5224793576097671ee3e7b24a24fb6d06417ba2121ba86390aaa
500,50,116,0.002,8.0,7.0,1.0,3,-1.561,-1.36,4.5,a7e45ccfa44749f47009339807a5b3b6faa94591750df4893bbd649eb03548aa
500,50,123,0.002,2.0,8.0,-0.5,9,-0.429,-0.02,5.5,b2aa7ce2e829b156b6b2a9da36e09488eda956e5a66a30f221742ee0aa8167f7
500,50,51,0.002,2.0,6.0,-1.0,32,-0.4759999999999999,0.14,5.0,0da469cd406ad5030b33efeb4176c7916b6520b504ade19e5900078c3b28d733
500,50,116,0.002,3.0,5.0,4.5,8,0.562,1.42,6.0,a7e45ccfa44749f47009339807a5b3b6faa94591750df4893bbd649eb03548aa
500,50,420,0.002,4.0,5.0,3.5,10,-0.284,0.07,4.5,8b99cc78d3cb5224793576097671ee3e7b24a24fb6d06417ba2121ba86390aaa
500,50,158,0.002,4.0,8.0,-2.0,34,-1.695,-1.72,2.0,344f34a1d32ba9c9a001e56e4d03ecfc7599d1fa3c5627b1ed5b429067fd6d72
500,50,123,0.002,1.0,3.0,2.5,47,0.811,1.5,7.0,b2aa7ce2e829b156b6b2a9da36e09488eda956e5a66a30f221742ee0aa8167f7
500,50,116,0.002,6.0,5.0,3.0,2,-0.514,0.19,4.5,a7e45ccfa44749f47009339807a5b3b6faa94591750df4893bbd649eb03548aa
500,50,116,0.002,4.0,3.0,5.0,3,0.684,0.98,6.0,a7e45ccfa44749f47009339807a5b3b6faa94591750df4893bbd649eb03548aa
500,50,173,0.002,1.0,7.0,3.0,26,0.191,0.65,6.5,3b3c69bfe1ea7d3417e6f0cb7831cd1890ff9efc41485332a6269801eec79431
500,50,173,0.002,3.0,8.0,1.5,6,0.18899999999999997,0.81,5.0,3b3c69bfe1ea7d3417e6f0cb7831cd1890ff9efc41485332a6269801eec79431
500,50,243,0.002,2.0,4.0,2.0,48,-0.142,-0.12,6.0,a3243ce7707a2a3682e9edb42f661751af7593e49dee8391462be0e0e7feca5b
500,50,420,0.002,2.0,8.0,3.0,46,-0.431,-0.16,7.5,8b99cc78d3cb5224793576097671ee3e7b24a24fb6d06417ba2121ba86390aaa
500,50,123,0.002,4.0,2.0,1.5,18,0.586,1.61,6.5,b2aa7ce2e829b156b6b2a9da36e09488eda956e5a66a30f221742ee0aa8167f7
500,50,123,0.002,4.0,4.0,0.5,37,-0.37200000000000005,-0.22,5.0,b2aa7ce2e829b156b6b2a9da36e09488eda956e5a66a30f221742ee0aa8167f7
500,50,182,0.002,3.0,7.0,-0.5,9,-0.698,-0.51,4.5,ef5ccd9e100038eaeca590bb86f90622b26afb602bebc9512c60f4a108b50adc
500,50,116,0.002,4.0,7.0,3.0,5,-0.572,-0.53,5.0,a7e45ccfa44749f47009339807a5b3b6faa94591750df4893bbd649eb03548aa
500,50,116,0.002,3.0,3.0,5.5,4,0.561,1.65,6.0,a7e45ccfa44749f47009339807a5b3b6faa94591750df4893bbd649eb03548aa
500,50,280,0.002,2.0,6.0,1.5,25,-0.192,0.12,5.5,3dbec4ed280111c6f70cf5b95bd8007d71fffb43262f818ee2b01da94e952ed1
500,50,116,0.002,8.0,5.0,2.0,2,-0.6409999999999999,-0.29,3.5,a7e45ccfa44749f47009339807a5b3b6faa94591750df4893bbd649eb03548aa
500,50,236,0.0005,2.0,4.0,-0.5,41,0.106,1.14,7.5,3c9d6a658bb1aa96c8d4bce932d76dc071210dbfb62e0b5fa7e7925ecc2a085a
500,50,420,0.002,6.0,7.0,1.5,2,-0.463,-0.45,6.5,8b99cc78d3cb5224793576097671ee3e7b24a24fb6d06417ba2121ba86390aaa
500,50,67,0.002,2.0,10.0,-1.5,39,-0.526,-0.19,5.0,3a360bea2f41e303724f014d0cc814dc18605110da671f5cf3213df428cae74f
500,50,74,0.002,2.0,6.0,-0.5,31,-0.566,0.42,4.5,5336d765b764a93e2eb1d0758e1d55b61cf2de15952d7b4f9d34abd296c96afb
500,50,116,0.002,3.0,6.0,4.0,9,0.165,0.71,4.5,a7e45ccfa44749f47009339807a5b3b6faa94591750df4893bbd649eb03548aa
500,50,209,0.001,2.0,4.0,0.5,12,0.059,0.68,6.0,886a14107d7fa93a41960fdb8744e8befb34c8a890a5c627d34c2259f4531f7d
500,50,182,0.002,2.0,5.0,1.0,36,-0.281,0.55,5.0,ef5ccd9e100038eaeca590bb86f90622b26afb602bebc9512c60f4a108b50adc
500,50,420,0.002,11.0,5.0,0.0,1,-0.789,-1.11,3.5,8b99cc78d3cb5224793576097671ee3e7b24a24fb6d06417ba2121ba86390aaa
500,50,173,0.002,7.0,5.0,1.0,4,-0.735,-0.33,3.5,3b3c69bfe1ea7d3417e6f0cb7831cd1890ff9efc41485332a6269801eec79431
500,50,257,0.002,3.0,7.0,-1.5,2,0.326,0.33,4.5,4946ca683e3b87304f8eb7b91da450d6fd9743c7b4f713232c6f82c1e821388b
500,50,123,0.002,2.0,5.0,1.0,31,-0.217,0.06,4.5,b2aa7ce2e829b156b6b2a9da36e09488eda956e5a66a30f221742ee0aa8167f7
500,50,116,0.002,6.0,8.0,1.5,1,-0.938,-0.39,4.0,a7e45ccfa44749f47009339807a5b3b6faa94591750df4893bbd649eb03548aa
500,50,173,0.002,4.0,7.0,1.5,6,-0.24,0.16,5.0,3b3c69bfe1ea7d3417e6f0cb7831cd1890ff9efc41485332a6269801eec79431
500,50,116,0.002,2.0,7.0,4.0,20,-0.091,0.15,5.0,a7e45ccfa44749f47009339807a5b3b6faa94591750df4893bbd649eb03548aa
500,50,116,0.002,4.0,5.0,4.0,2,0.377,1.07,7.0,a7e45ccfa44749f47009339807a5b3b6faa94591750df4893bbd649eb03548aa
500,50,420,0.002,6.0,6.0,2.0,5,-0.946,-0.43,4.0,8b99cc78d3cb5224793576097671ee3e7b24a24fb6d06417ba2121ba86390aaa
500,50,261,0.002,4.0,6.0,0.0,12,-0.331,0.41,5.0,84d7db09a4a66ab80de8d84cf303232fb5d2699c1e35c5a38a7893393bdba5db
500,50,173,0.002,7.0,7.0,0.0,3,-0.868,-0.47,5.0,3b3c69bfe1ea7d3417e6f0cb7831cd1890ff9efc41485332a6269801eec79431
500,50,51,0.002,4.0,6.0,-2.0,43,-0.914,-0.64,5.0,0da469cd406ad5030b33efeb4176c7916b6520b504ade19e5900078c3b28d733
500,50,306,0.002,7.0,7.0,-3.5,11,-1.584,-2.0,2.0,fab8f433d6f6bb610ff043434b54f18824bcad5c38069edd6b0404477ea4af7a
500,50,420,0.002,4.0,6.0,3.0,34,-0.609,-0.62,4.0,8b99cc78d3cb5224793576097671ee3e7b24a24fb6d06417ba2121ba86390aaa
500,50,74,0.002,3.0,7.0,-1.5,10,-0.305,-0.05,5.0,5336d765b764a93e2eb1d0758e1d55b61cf2de15952d7b4f9d34abd296c96afb
500,50,103,0.0005,2.0,6.0,0.0,44,-0.3459999999999999,-0.24,5.5,f686a886b7f72c7d003d6a650ffd17acce3c4aa805af76248dd3d1e642265184
500,50,261,0.002,2.0,4.0,2.0,47,0.534,0.96,7.0,84d7db09a4a66ab80de8d84cf303232fb5d2699c1e35c5a38a7893393bdba5db
500,50,116,0.002,1.0,10.0,3.0,29,0.138,0.56,3.5,a7e45ccfa44749f47009339807a5b3b6faa94591750df4893bbd649eb03548aa
500,50,420,0.002,4.0,7.0,2.5,13,-0.03,0.52,6.0,8b99cc78d3cb5224793576097671ee3e7b24a24fb6d06417ba2121ba86390aaa
500,50,116,0.002,1.0,5.0,5.5,5,0.89,0.93,8.0,a7e45ccfa44749f47009339807a5b3b6faa94591750df4893bbd649eb03548aa
500,50,153,0.002,3.0,2.0,3.0,44,0.6629999999999999,1.34,7.0,6b6f91ba62efae00f09fbbdb547009f73ef44ff90923e257225aa6c928379dbe
500,50,417,0.001,2.0,4.0,0.5,3,0.19,0.39,5.5,576662496728038e224e71e11e336af0a6bb55625ba792b564b78dbc59d6551a
500,50,36,0.002,6.0,6.0,-1.0,7,-0.353,-0.11,4.0,ff40caff9436adbf9bd38cd8dd2a07eed72cc198918166d6ec73cd19617b2ff6
500,50,420,0.002,5.0,9.0,1.0,17,-1.32,-1.15,2.5,8b99cc78d3cb5224793576097671ee3e7b24a24fb6d06417ba2121ba86390aaa
500,50,116,0.002,4.0,10.0,1.5,14,-0.6579999999999999,-0.64,4.5,a7e45ccfa44749f47009339807a5b3b6faa94591750df4893bbd649eb03548aa
500,50,123,0.002,0.0,4.0,2.5,28,0.588,0.88,7.0,b2aa7ce2e829b156b6b2a9da36e09488eda956e5a66a30f221742ee0aa8167f7
500,50,306,0.002,2.0,5.0,0.0,13,0.286,1.06,6.5,fab8f433d6f6bb610ff043434b54f18824bcad5c38069edd6b0404477ea4af7a
500,50,261,0.002,5.0,7.0,-1.0,18,-0.676,-0.79,4.5,84d7db09a4a66ab80de8d84cf303232fb5d2699c1e35c5a38a7893393bdba5db
500,50,272,0.002,1.0,6.0,0.5,48,0.07,0.47,6.5,afcb930297b7343b8945a302072f385537be9321555f4f186f06883623c7f8fb
500,50,36,0.002,2.0,8.0,0.0,19,-0.233,0.12,6.0,ff40caff9436adbf9bd38cd8dd2a07eed72cc198918166d6ec73cd19617b2ff6
500,50,153,0.002,4.0,5.0,1.0,12,-0.011,0.32,5.5,6b6f91ba62efae00f09fbbdb547009f73ef44ff90923e257225aa6c928379dbe
500,50,173,0.002,3.0,8.0,1.5,10,0.43799999999999994,1.05,5.5,3b3c69bfe1ea7d3417e6f0cb7831cd1890ff9efc41485332a6269801eec79431
500,50,116,0.002,5.0,9.0,1.5,7,-0.45899999999999996,-0.43,4.0,a7e45ccfa44749f47009339807a5b3b6faa94591750df4893bbd649eb03548aa
500,50,116,0.002,6.0,5.0,3.0,2,-0.777,-0.52,4.5,a7e45ccfa44749f47009339807a5b3b6faa94591750df4893bbd649eb03548aa
500,50,116,0.002,2.0,6.0,4.5,2,0.7829999999999999,0.7,6.5,a7e45ccfa44749f47009339807a5b3b6faa94591750df4893bbd649eb03548aa
500,50,420,0.002,6.0,7.0,1.5,3,-1.607,-1.43,4.5,8b99cc78d3cb5224793576097671ee3e7b24a24fb6d06417ba2121ba86390aaa
500,50,74,0.002,1.0,2.0,2.0,42,0.66,1.35,7.5,5336d765b764a93e2eb1d0758e1d55b61cf2de15952d7b4f9d34abd296c96afb
500,50,116,0.002,0.0,3.0,7.0,48,1.258,1.38,7.5,a7e45ccfa44749f47009339807a5b3b6faa94591750df4893bbd649eb03548aa
500,50,420,0.002,4.0,9.0,1.5,11,-0.45399999999999996,-0.09,4.0,8b99cc78d3cb5224793576097671ee3e7b24a24fb6d06417ba2121ba86390aaa
500,50,116,0.002,1.0,5.0,5.5,28,0.38299999999999995,0.77,6.5,a7e45ccfa44749f47009339807a5b3b6faa94591750df4893bbd649eb03548aa
500,50,153,0.002,2.0,6.0,1.5,28,0.322,0.56,5.0,6b6f91ba62efae00f09fbbdb547009f73ef44ff90923e257225aa6c928379dbe
500,50,182,0.002,2.0,3.0,2.0,49,-0.312,0.0,6.0,ef5ccd9e100038eaeca590bb86f90622b26afb602bebc9512c60f4a108b50adc
500,50,420,0.002,5.0,6.0,2.5,5,-0.124,0.34,5.5,8b99cc78d3cb5224793576097671ee3e7b24a24fb6d06417ba2121ba86390aaa
500,50,7,0.001,1.0,5.0,-0.5,45,0.009,0.1,8.0,78e1a1c31725d39ca0145a6013ea594e842450851435ca249b230c0c95e2e93e
500,50,67,0.002,3.0,6.0,0.0,21,0.542,0.24,5.0,3a360bea2f41e303724f014d0cc814dc18605110da671f5cf3213df428cae74f
500,50,420,0.002,5.0,5.0,3.0,39,-0.898,-1.23,3.0,8b99cc78d3cb5224793576097671ee3e7b24a24fb6d06417ba2121ba86390aaa
500,50,116,0.002,6.0,7.0,2.0,1,0.135,0.55,5.5,a7e45ccfa44749f47009339807a5b3b6faa94591750df4893bbd649eb03548aa
500,50,420,0.002,6.0,9.0,0.5,7,-0.602,-0.52,4.0,8b99cc78d3cb5224793576097671ee3e7b24a24fb6d06417ba2121ba86390aaa
500,50,173,0.002,4.0,7.0,1.5,21,-0.833,-0.76,4.0,3b3c69bfe1ea7d3417e6f0cb7831cd1890ff9efc41485332a6269801eec79431
500,50,173,0.002,7.0,7.0,0.0,6,-1.315,-1.3,3.5,3b3c69bfe1ea7d3417e6f0cb7831cd1890ff9efc41485332a6269801eec79431
500,50,420,0.002,7.0,8.0,0.5,7,-1.248,-0.96,2.0,8b99cc78d3cb5224793576097671ee3e7b24a24fb6d06417ba2121ba86390aaa
500,50,123,0.002,5.0,3.0,0.5,24,-0.755,-0.27,5.0,b2aa7ce2e829b156b6b2a9da36e09488eda956e5a66a30f221742ee0aa8167f7
500,50,261,0.002,4.0,6.0,0.0,3,0.075,0.68,5.5,84d7db09a4a66ab80de8d84cf303232fb5d2699c1e35c5a38a7893393bdba5db
500,50,116,0.002,1.0,6.0,5.0,14,0.199,0.06,6.5,a7e45ccfa44749f47009339807a5b3b6faa94591750df4893bbd649eb03548aa
500,50,272,0.002,2.0,3.0,1.5,26,0.248,1.12,6.5,afcb930297b7343b8945a302072f385537be9321555f4f186f06883623c7f8fb
500,50,116,0.002,7.0,4.0,3.0,1,0.008,0.34,4.5,a7e45ccfa44749f47009339807a5b3b6faa94591750df4893bbd649eb03548aa
500,50,153,0.002,6.0,3.0,1.0,10,0.003,0.67,6.0,6b6f91ba62efae00f09fbbdb547009f73ef44ff90923e257225aa6c928379dbe
500,50,116,0.002,1.0,5.0,5.5,14,0.174,0.69,5.5,a7e45ccfa44749f47009339807a5b3b6faa94591750df4893bbd649eb03548aa
500,50,272,0.002,4.0,7.0,-1.5,4,-0.597,-0.8,4.0,afcb930297b7343b8945a302072f385537be9321555f4f186f06883623c7f8fb
500,50,74,0.002,2.0,5.0,0.0,47,-0.12300000000000001,0.42,5.5,5336d765b764a93e2eb1d0758e1d55b61cf2de15952d7b4f9d34abd296c96afb
500,50,116,0.002,6.0,4.0,3.5,3,-0.561,0.07,6.0,a7e45ccfa44749f47009339807a5b3b6faa94591750df4893bbd649eb03548aa
500,50,153,0.002,3.0,7.0,0.5,6,-0.205,-0.55,6.0,6b6f91ba62efae00f09fbbdb547009f73ef44ff90923e257225aa6c928379dbe
500,50,116,0.002,9.0,9.0,-0.5,1,-1.3769999999999998,-1.56,3.0,a7e45ccfa44749f47009339807a5b3b6faa94591750df4893bbd649eb03548aa
500,50,138,0.002,2.0,6.0,1.5,30,0.36199999999999993,1.16,6.5,97b28df35b811f0a5dba92060bfa9d60f1cc23fb3123298c2b14a461bea2df00
500,50,420,0.002,5.0,7.0,2.0,1,-0.199,0.37,5.0,8b99cc78d3cb5224793576097671ee3e7b24a24fb6d06417ba2121ba86390aaa
500,50,116,0.002,3.0,6.0,4.0,4,0.241,0.36,4.5,a7e45ccfa44749f47009339807a5b3b6faa94591750df4893bbd649eb03548aa
500,50,153,0.002,2.0,6.0,1.5,19,0.071,0.35,7.5,6b6f91ba62efae00f09fbbdb547009f73ef44ff90923e257225aa6c928379dbe
500,50,67,0.002,2.0,6.0,0.5,12,0.333,0.67,5.5,3a360bea2f41e303724f014d0cc814dc18605110da671f5cf3213df428cae74f
500,50,116,0.002,7.0,9.0,0.5,2,-0.843,-0.2,4.0,a7e45ccfa44749f47009339807a5b3b6faa94591750df4893bbd649eb03548aa
500,50,261,0.002,4.0,7.0,-0.5,10,-0.564,-0.6,4.0,84d7db09a4a66ab80de8d84cf303232fb5d2699c1e35c5a38a7893393bdba5db
500,50,116,0.002,2.0,4.0,5.5,28,0.955,1.44,6.5,a7e45ccfa44749f47009339807a5b3b6faa94591750df4893bbd649eb03548aa
500,50,420,0.002,1.0,9.0,3.0,46,-0.611,-0.47,3.0,8b99cc78d3cb5224793576097671ee3e7b24a24fb6d06417ba2121ba86390aaa
500,50,116,0.002,5.0,6.0,3.0,32,-1.222,-1.68,4.5,a7e45ccfa44749f47009339807a5b3b6faa94591750df4893bbd649eb03548aa
500,50,51,0.002,4.0,6.0,-2.0,35,-0.7710000000000001,-0.77,4.5,0da469cd406ad5030b33efeb4176c7916b6520b504ade19e5900078c3b28d733
500,50,173,0.002,2.0,5.0,3.5,41,-0.05800000000000001,0.77,6.0,3b3c69bfe1ea7d3417e6f0cb7831cd1890ff9efc41485332a6269801eec79431
500,50,116,0.002,1.0,10.0,3.0,35,-0.549,-0.25,4.0,a7e45ccfa44749f47009339807a5b3b6faa94591750df4893bbd649eb03548aa
500,50,261,0.002,2.0,2.0,3.0,23,0.647,1.15,8.5,84d7db09a4a66ab80de8d84cf303232fb5d2699c1e35c5a38a7893393bdba5db
500,50,123,0.002,1.0,5.0,1.5,14,-0.006,0.36,7.0,b2aa7ce2e829b156b6b2a9da36e09488eda956e5a66a30f221742ee0aa8167f7
500,50,158,0.002,2.0,9.0,-1.5,30,-0.612,-0.44,5.0,344f34a1d32ba9c9a001e56e4d03ecfc7599d1fa3c5627b1ed5b429067fd6d72
500,50,116,0.002,7.0,4.0,3.0,8,-0.154,0.42,6.0,a7e45ccfa44749f47009339807a5b3b6faa94591750df4893bbd649eb03548aa
500,50,116,0.002,5.0,9.0,1.5,6,-0.7559999999999999,-0.97,4.0,a7e45ccfa44749f47009339807a5b3b6faa94591750df4893bbd649eb03548aa
500,50,158,0.002,3.0,8.0,-1.5,13,-0.659,0.1,3.5,344f34a1d32ba9c9a001e56e4d03ecfc7599d1fa3c5627b1ed5b429067fd6d72
500,50,420,0.002,7.0,5.0,2.0,1,-0.286,0.63,5.5,8b99cc78d3cb5224793576097671ee3e7b24a24fb6d06417ba2121ba86390aaa
500,50,51,0.002,3.0,5.0,-1.0,20,-0.312,0.28,6.0,0da469cd406ad5030b33efeb4176c7916b6520b504ade19e5900078c3b28d733
500,50,138,0.002,4.0,5.0,1.0,9,0.332,1.05,7.5,97b28df35b811f0a5dba92060bfa9d60f1cc23fb3123298c2b14a461bea2df00
500,50,116,0.002,1.0,8.0,4.0,11,0.472,0.56,4.0,a7e45ccfa44749f47009339807a5b3b6faa94591750df4893bbd649eb03548aa
500,50,116,0.002,1.0,9.0,3.5,17,0.183,0.13,6.0,a7e45ccfa44749f47009339807a5b3b6faa94591750df4893bbd649eb03548aa
500,50,420,0.002,6.0,6.0,2.0,13,-1.348,-0.9,3.0,8b99cc78d3cb5224793576097671ee3e7b24a24fb6d06417ba2121ba86390aaa
500,50,116,0.002,5.0,8.0,2.0,9,-0.9230000000000002,-0.63,3.0,a7e45ccfa44749f47009339807a5b3b6faa94591750df4893bbd649eb03548aa
500,50,261,0.002,2.0,6.0,1.0,8,-0.207,0.28,6.0,84d7db09a4a66ab80de8d84cf303232fb5d2699c1e35c5a38a7893393bdba5db
500,50,406,0.002,4.0,2.0,0.5,5,0.84,1.38,7.0,d8cbd0c6756e20701f1e3611fcfe1080ff6b93fafb65fb2800ad9a7bd0a04ea2
500,50,116,0.002,3.0,4.0,5.0,4,1.185,1.64,6.0,a7e45ccfa44749f47009339807a5b3b6faa94591750df4893bbd649eb03548aa
500,50,420,0.002,4.0,8.0,2.0,14,-0.572,-0.48,4.5,8b99cc78d3cb5224793576097671ee3e7b24a24fb6d06417ba2121ba86390aaa
500,50,420,0.002,1.0,8.0,3.5,49,-0.044,0.07,5.5,8b99cc78d3cb5224793576097671ee3e7b24a24fb6d06417ba2121ba86390aaa
500,50,420,0.002,1.0,3.0,6.0,30,0.574,1.4,7.0,8b99cc78d3cb5224793576097671ee3e7b24a24fb6d06417ba2121ba86390aaa
500,50,156,0.00025,1.0,3.0,0.5,23,0.6969999999999998,1.02,8.0,c0eabf7d5c642cd9077bfaa2a018dcfd8b98dc6f5570a2916e29fc8066add117
500,50,173,0.002,3.0,9.0,1.0,5,0.073,0.71,8.0,3b3c69bfe1ea7d3417e6f0cb7831cd1890ff9efc41485332a6269801eec79431
500,50,36,0.002,8.0,6.0,-2.0,3,-0.483,-0.57,4.0,ff40caff9436adbf9bd38cd8dd2a07eed72cc198918166d6ec73cd19617b2ff6
500,50,116,0.002,5.0,2.0,5.0,8,-0.051,0.71,5.5,a7e45ccfa44749f47009339807a5b3b6faa94591750df4893bbd649eb03548aa
500,50,173,0.002,6.0,9.0,-0.5,7,-0.032,0.23,4.5,3b3c69bfe1ea7d3417e6f0cb7831cd1890ff9efc41485332a6269801eec79431
500,50,173,0.002,3.0,7.0,2.0,8,0.149,0.36,4.5,3b3c69bfe1ea7d3417e6f0cb7831cd1890ff9efc41485332a6269801eec79431
500,50,116,0.002,6.0,5.0,3.0,3,-0.073,0.41,5.0,a7e45ccfa44749f47009339807a5b3b6faa94591750df4893bbd649eb03548aa
500,50,116,0.002,8.0,3.0,3.0,5,0.023,0.42,5.0,a7e45ccfa44749f47009339807a5b3b6faa94591750df4893bbd649eb03548aa
500,50,420,0.002,5.0,5.0,3.0,1,0.17299999999999996,0.21,6.0,8b99cc78d3cb5224793576097671ee3e7b24a24fb6d06417ba2121ba86390aaa
500,50,116,0.002,4.0,7.0,3.0,29,-0.391,0.3,4.5,a7e45ccfa44749f47009339807a5b3b6faa94591750df4893bbd649eb03548aa
500,50,103,0.0005,3.0,4.0,0.5,17,-0.165,0.39,8.0,f686a886b7f72c7d003d6a650ffd17acce3c4aa805af76248dd3d1e642265184
500,50,420,0.002,8.0,2.0,3.0,4,0.114,0.9,6.0,8b99cc78d3cb5224793576097671ee3e7b24a24fb6d06417ba2121ba86390aaa
500,50,116,0.002,5.0,5.0,3.5,8,-0.198,0.01,4.0,a7e45ccfa44749f47009339807a5b3b6faa94591750df4893bbd649eb03548aa
500,50,420,0.002,3.0,4.0,4.5,32,-0.449,-0.04,4.5,8b99cc78d3cb5224793576097671ee3e7b24a24fb6d06417ba2121ba86390aaa
500,50,153,0.002,4.0,6.0,0.5,30,-0.475,-1.12,6.0,6b6f91ba62efae00f09fbbdb547009f73ef44ff90923e257225aa6c928379dbe
500,50,138,0.002,4.0,3.0,2.0,43,-0.182,0.38,6.0,97b28df35b811f0a5dba92060bfa9d60f1cc23fb3123298c2b14a461bea2df00
500,50,116,0.002,1.0,9.0,3.5,4,0.1,0.07,7.0,a7e45ccfa44749f47009339807a5b3b6faa94591750df4893bbd649eb03548aa
500,50,215,0.001,2.0,3.0,-2.0,23,-0.287,-0.48,6.5,2c762a8ce9fb15b1e70eb606085a177210df3f41b4f3fed4c40e5958a0a08f4f
500,50,406,0.002,2.0,8.0,-1.5,40,-0.873,-0.14,3.5,d8cbd0c6756e20701f1e3611fcfe1080ff6b93fafb65fb2800ad9a7bd0a04ea2
500,50,116,0.002,2.0,12.0,1.5,4,-0.479,0.01,4.0,a7e45ccfa44749f47009339807a5b3b6faa94591750df4893bbd649eb03548aa
500,50,182,0.002,1.0,7.0,0.5,35,0.21600000000000003,0.7,5.5,ef5ccd9e100038eaeca590bb86f90622b26afb602bebc9512c60f4a108b50adc
500,50,182,0.002,3.0,5.0,0.5,33,-0.582,-0.71,5.5,ef5ccd9e100038eaeca590bb86f90622b26afb602bebc9512c60f4a108b50adc
500,50,420,0.002,5.0,6.0,2.5,5,-0.08,0.61,5.5,8b99cc78d3cb5224793576097671ee3e7b24a24fb6d06417ba2121ba86390aaa
500,50,116,0.002,3.0,4.0,5.0,3,0.806,1.08,6.5,a7e45ccfa44749f47009339807a5b3b6faa94591750df4893bbd649eb03548aa
500,50,36,0.002,3.0,7.0,0.0,22,-0.72,-0.51,4.5,ff40caff9436adbf9bd38cd8dd2a07eed72cc198918166d6ec73cd19617b2ff6
500,50,420,0.002,5.0,6.0,2.5,2,0.27,0.52,5.0,8b99cc78d3cb5224793576097671ee3e7b24a24fb6d06417ba2121ba86390aaa
500,50,36,0.002,1.0,8.0,0.5,24,-1.075,-1.09,5.0,ff40caff9436adbf9bd38cd8dd2a07eed72cc198918166d6ec73cd19617b2ff6
500,50,116,0.002,7.0,6.0,2.0,1,-0.684,-0.15,4.5,a7e45ccfa44749f47009339807a5b3b6faa94591750df4893bbd649eb03548aa
500,50,116,0.002,6.0,5.0,3.0,2,-0.045,0.46,4.5,a7e45ccfa44749f47009339807a5b3b6faa94591750df4893bbd649eb03548aa
500,50,116,0.002,4.0,7.0,3.0,9,-0.048,0.53,5.0,a7e45ccfa44749f47009339807a5b3b6faa94591750df4893bbd649eb03548aa
500,50,116,0.002,1.0,8.0,4.0,20,0.934,1.02,6.0,a7e45ccfa44749f47009339807a5b3b6faa94591750df4893bbd649eb03548aa
500,50,36,0.002,3.0,9.0,-1.0,50,-1.045,-1.65,3.0,ff40caff9436adbf9bd38cd8dd2a07eed72cc198918166d6ec73cd19617b2ff6
500,50,173,0.002,6.0,5.0,1.5,11,-0.987,-0.63,3.5,3b3c69bfe1ea7d3417e6f0cb7831cd1890ff9efc41485332a6269801eec79431
500,50,153,0.002,3.0,5.0,1.5,44,0.065,0.71,6.0,6b6f91ba62efae00f09fbbdb547009f73ef44ff90923e257225aa6c928379dbe
500,50,272,0.002,4.0,7.0,-1.5,10,-0.786,-0.14,5.5,afcb930297b7343b8945a302072f385537be9321555f4f186f06883623c7f8fb
500,50,116,0.002,6.0,5.0,3.0,11,-0.699,-0.38,4.5,a7e45ccfa44749f47009339807a5b3b6faa94591750df4893bbd649eb03548aa
500,50,173,0.002,2.0,9.0,1.5,21,0.076,0.29,4.5,3b3c69bfe1ea7d3417e6f0cb7831cd1890ff9efc41485332a6269801eec79431
500,50,116,0.002,4.0,6.0,3.5,10,-0.207,0.19,4.0,a7e45ccfa44749f47009339807a5b3b6faa94591750df4893bbd649eb03548aa
500,50,116,0.002,6.0,5.0,3.0,1,-0.332,0.19,4.5,a7e45ccfa44749f47009339807a5b3b6faa94591750df4893bbd649eb03548aa
500,50,173,0.002,7.0,10.0,-1.5,1,-0.964,-0.44,3.5,3b3c69bfe1ea7d3417e6f0cb7831cd1890ff9efc41485332a6269801eec79431
500,50,261,0.002,7.0,5.0,-1.0,12,-1.184,-0.8,4.5,84d7db09a4a66ab80de8d84cf303232fb5d2699c1e35c5a38a7893393bdba5db
500,50,173,0.002,2.0,5.0,3.5,19,0.496,1.26,5.5,3b3c69bfe1ea7d3417e6f0cb7831cd1890ff9efc41485332a6269801eec79431
500,50,138,0.002,3.0,11.0,-1.5,16,-0.632,-0.19,5.0,97b28df35b811f0a5dba92060bfa9d60f1cc23fb3123298c2b14a461bea2df00
500,50,420,0.002,3.0,4.0,4.5,13,0.581,1.02,5.5,8b99cc78d3cb5224793576097671ee3e7b24a24fb6d06417ba2121ba86390aaa
500,50,116,0.002,2.0,10.0,2.5,25,-0.7189999999999999,-0.8,6.5,a7e45ccfa44749f47009339807a5b3b6faa94591750df4893bbd649eb03548aa
500,50,203,0.002,2.0,4.0,-1.0,25,0.06,0.73,6.0,482f9bb74e396230e41acb238caf3964559f8d6f6f94a105834a53b8cd581e55
500,50,420,0.002,4.0,5.0,3.5,34,-0.512,0.66,5.5,8b99cc78d3cb5224793576097671ee3e7b24a24fb6d06417ba2121ba86390aaa
500,50,42,0.0005,2.0,2.0,0.5,23,0.801,1.1,7.0,df920f57bc6ba405a11ee1965810cd6a9850bde5c5bcce769d07158e9fd5249e
500,50,173,0.002,3.0,8.0,1.5,17,-0.6629999999999999,-0.12,5.0,3b3c69bfe1ea7d3417e6f0cb7831cd1890ff9efc41485332a6269801eec79431
500,50,173,0.002,2.0,6.0,3.0,37,-0.078,0.63,4.5,3b3c69bfe1ea7d3417e6f0cb7831cd1890ff9efc41485332a6269801eec79431
500,50,280,0.002,4.0,8.0,-0.5,4,-0.287,0.13,6.0,3dbec4ed280111c6f70cf5b95bd8007d71fffb43262f818ee2b01da94e952ed1
500,50,173,0.002,5.0,6.0,1.5,8,-0.565,-0.49,5.0,3b3c69bfe1ea7d3417e6f0cb7831cd1890ff9efc41485332a6269801eec79431
500,50,202,0.002,2.0,6.0,-3.0,44,-0.285,-0.23,4.0,a8c1fea78f50413df31cc58cb403ecb9ddd20d1c514fcebfb0e8dd14979b048a
500,50,116,0.002,3.0,5.0,4.5,18,0.063,0.79,5.0,a7e45ccfa44749f47009339807a5b3b6faa94591750df4893bbd649eb03548aa
500,50,420,0.002,5.0,5.0,3.0,11,-0.555,0.22,5.0,8b99cc78d3cb5224793576097671ee3e7b24a24fb6d06417ba2121ba86390aaa
500,50,173,0.002,6.0,8.0,0.0,1,-0.6510000000000001,-0.24,3.0,3b3c69bfe1ea7d3417e6f0cb7831cd1890ff9efc41485332a6269801eec79431
500,50,173,0.002,3.0,7.0,2.0,44,-0.9419999999999998,-0.6,5.0,3b3c69bfe1ea7d3417e6f0cb7831cd1890ff9efc41485332a6269801eec79431
500,50,406,0.002,3.0,4.0,0.0,34,0.796,1.25,6.5,d8cbd0c6756e20701f1e3611fcfe1080ff6b93fafb65fb2800ad9a7bd0a04ea2
500,50,123,0.002,3.0,5.0,0.5,2,0.185,0.97,6.0,b2aa7ce2e829b156b6b2a9da36e09488eda956e5a66a30f221742ee0aa8167f7
500,50,36,0.002,2.0,5.0,1.5,10,-0.04100000000000001,0.18,6.5,ff40caff9436adbf9bd38cd8dd2a07eed72cc198918166d6ec73cd19617b2ff6
500,50,116,0.002,4.0,5.0,4.0,5,0.10100000000000002,0.41,5.5,a7e45ccfa44749f47009339807a5b3b6faa94591750df4893bbd649eb03548aa
500,50,182,0.002,3.0,2.0,2.0,2,1.3159999999999998,1.88,8.5,ef5ccd9e100038eaeca590bb86f90622b26afb602bebc9512c60f4a108b50adc
500,50,95,0.002,5.0,6.0,-1.5,13,-0.512,-0.06,5.0,c25fc3efb39204b5d63cd28eb38ba90889f8e69e2579abfd84abaa122b7be87a
500,50,280,0.002,2.0,9.0,0.0,31,-0.335,-0.3,4.5,3dbec4ed280111c6f70cf5b95bd8007d71fffb43262f818ee2b01da94e952ed1
500,50,123,0.002,1.0,7.0,0.5,46,-0.561,-0.15,5.0,b2aa7ce2e829b156b6b2a9da36e09488eda956e5a66a30f221742ee0aa8167f7
500,50,158,0.002,4.0,6.0,-1.0,32,-0.772,-0.67,3.5,344f34a1d32ba9c9a001e56e4d03ecfc7599d1fa3c5627b1ed5b429067fd6d72
500,50,357,0.0005,2.0,2.0,0.5,13,1.17,1.76,7.5,c99f5297f235ea9284300ff5d1db9cdd539f9089dfd30f5074f49150bf2016cc
500,50,116,0.002,5.0,13.0,-0.5,1,-0.768,-0.33,4.0,a7e45ccfa44749f47009339807a5b3b6faa94591750df4893bbd649eb03548aa
500,50,173,0.002,9.0,2.0,1.5,2,0.504,1.7,7.0,3b3c69bfe1ea7d3417e6f0cb7831cd1890ff9efc41485332a6269801eec79431
500,50,116,0.002,2.0,5.0,5.0,5,0.398,1.12,6.0,a7e45ccfa44749f47009339807a5b3b6faa94591750df4893bbd649eb03548aa
500,50,348,0.00025,1.0,2.0,0.5,50,1.097,2.66,8.0,bf644ae7090f84e222ac10c834c5c528bb6e28b90d27777ed52cc039f66f0c5e
500,50,123,0.002,1.0,4.0,2.0,11,0.441,0.35,6.5,b2aa7ce2e829b156b6b2a9da36e09488eda956e5a66a30f221742ee0aa8167f7
500,50,272,0.002,2.0,6.0,0.0,14,-0.285,0.0,6.5,afcb930297b7343b8945a302072f385537be9321555f4f186f06883623c7f8fb
500,50,116,0.002,1.0,8.0,4.0,19,-0.447,0.05,4.5,a7e45ccfa44749f47009339807a5b3b6faa94591750df4893bbd649eb03548aa
500,50,103,0.0005,1.0,3.0,2.0,20,0.8420000000000001,1.55,8.0,f686a886b7f72c7d003d6a650ffd17acce3c4aa805af76248dd3d1e642265184
500,50,173,0.002,1.0,7.0,3.0,31,0.909,1.22,7.0,3b3c69bfe1ea7d3417e6f0cb7831cd1890ff9efc41485332a6269801eec79431
500,50,95,0.002,2.0,8.0,-1.0,23,-0.42699999999999994,0.11,6.0,c25fc3efb39204b5d63cd28eb38ba90889f8e69e2579abfd84abaa122b7be87a
500,50,420,0.002,4.0,6.0,3.0,5,-0.258,-0.08,6.5,8b99cc78d3cb5224793576097671ee3e7b24a24fb6d06417ba2121ba86390aaa
500,50,116,0.002,5.0,6.0,3.0,1,-0.7509999999999999,-0.39,6.0,a7e45ccfa44749f47009339807a5b3b6faa94591750df4893bbd649eb03548aa
500,50,116,0.002,6.0,6.0,2.5,2,-0.39399999999999996,-0.35,4.5,a7e45ccfa44749f47009339807a5b3b6faa94591750df4893bbd649eb03548aa
500,50,420,0.002,3.0,9.0,2.0,27,-1.3020000000000003,-1.45,2.0,8b99cc78d3cb5224793576097671ee3e7b24a24fb6d06417ba2121ba86390aaa
500,50,272,0.002,4.0,7.0,-1.5,24,0.091,0.42,5.5,afcb930297b7343b8945a302072f385537be9321555f4f186f06883623c7f8fb
500,50,116,0.002,7.0,2.0,4.0,1,0.828,1.18,8.5,a7e45ccfa44749f47009339807a5b3b6faa94591750df4893bbd649eb03548aa
500,50,280,0.002,2.0,6.0,1.5,27,0.395,0.67,5.0,3dbec4ed280111c6f70cf5b95bd8007d71fffb43262f818ee2b01da94e952ed1
500,50,74,0.002,4.0,9.0,-3.0,1,-0.779,-0.5,3.5,5336d765b764a93e2eb1d0758e1d55b61cf2de15952d7b4f9d34abd296c96afb
500,50,116,0.002,5.0,1.0,5.5,3,0.857,1.16,6.5,a7e45ccfa44749f47009339807a5b3b6faa94591750df4893bbd649eb03548aa
500,50,153,0.002,2.0,3.0,3.0,49,0.26,0.75,6.5,6b6f91ba62efae00f09fbbdb547009f73ef44ff90923e257225aa6c928379dbe
500,50,153,0.002,7.0,4.0,0.0,7,0.174,1.16,5.0,6b6f91ba62efae00f09fbbdb547009f73ef44ff90923e257225aa6c928379dbe
500,50,116,0.002,7.0,7.0,1.5,3,-1.255,-1.06,4.5,a7e45ccfa44749f47009339807a5b3b6faa94591750df4893bbd649eb03548aa
500,50,153,0.002,2.0,6.0,1.5,44,-0.633,-0.16,5.0,6b6f91ba62efae00f09fbbdb547009f73ef44ff90923e257225aa6c928379dbe
500,50,272,0.002,3.0,6.0,-0.5,40,-1.181,-0.78,5.0,afcb930297b7343b8945a302072f385537be9321555f4f186f06883623c7f8fb
500,50,280,0.002,3.0,5.0,1.5,44,-0.694,-0.48,5.0,3dbec4ed280111c6f70cf5b95bd8007d71fffb43262f818ee2b01da94e952ed1
500,50,116,0.002,9.0,5.0,1.5,7,-0.966,-1.22,2.5,a7e45ccfa44749f47009339807a5b3b6faa94591750df4893bbd649eb03548aa
500,50,314,0.001,4.0,3.0,-1.5,10,0.14,0.39,5.0,ef6d19b7a07253e1b35bebfd8106441d2a41f96858e5753d63740edb7bc1e85b
500,50,261,0.002,4.0,5.0,0.5,10,0.475,1.02,5.0,84d7db09a4a66ab80de8d84cf303232fb5d2699c1e35c5a38a7893393bdba5db
500,50,116,0.002,9.0,4.0,2.0,1,-0.865,-0.21,3.5,a7e45ccfa44749f47009339807a5b3b6faa94591750df4893bbd649eb03548aa
500,50,116,0.002,1.0,3.0,6.5,43,0.467,0.94,6.5,a7e45ccfa44749f47009339807a5b3b6faa94591750df4893bbd649eb03548aa
500,50,151,0.002,1.0,4.0,-0.5,43,0.366,1.16,5.5,4862fa101ab06efd13bb2a8dc37275b1a4d264e8dc87ef61d0892b1ec48bad14
500,50,158,0.002,5.0,4.0,-0.5,48,-0.237,-0.02,5.0,344f34a1d32ba9c9a001e56e4d03ecfc7599d1fa3c5627b1ed5b429067fd6d72
500,50,420,0.002,7.0,5.0,2.0,1,-0.267,0.45,6.0,8b99cc78d3cb5224793576097671ee3e7b24a24fb6d06417ba2121ba86390aaa
500,50,280,0.002,3.0,6.0,1.0,29,-0.359,0.47,4.5,3dbec4ed280111c6f70cf5b95bd8007d71fffb43262f818ee2b01da94e952ed1
500,50,420,0.002,3.0,4.0,4.5,27,-0.468,0.5,4.5,8b99cc78d3cb5224793576097671ee3e7b24a24fb6d06417ba2121ba86390aaa
500,50,116,0.002,4.0,3.0,5.0,40,-0.549,-0.41,5.5,a7e45ccfa44749f47009339807a5b3b6faa94591750df4893bbd649eb03548aa
500,50,203,0.002,4.0,4.0,-2.0,38,-0.407,-0.44,3.5,482f9bb74e396230e41acb238caf3964559f8d6f6f94a105834a53b8cd581e55
500,50,261,0.002,3.0,5.0,1.0,26,-0.243,0.45,6.0,84d7db09a4a66ab80de8d84cf303232fb5d2699c1e35c5a38a7893393bdba5db
500,50,173,0.002,3.0,5.0,3.0,20,0.36,0.76,6.5,3b3c69bfe1ea7d3417e6f0cb7831cd1890ff9efc41485332a6269801eec79431
500,50,272,0.002,5.0,11.0,-4.0,8,-1.123,-1.11,3.5,afcb930297b7343b8945a302072f385537be9321555f4f186f06883623c7f8fb
500,50,138,0.002,5.0,3.0,1.5,34,-0.046,0.7,4.5,97b28df35b811f0a5dba92060bfa9d60f1cc23fb3123298c2b14a461bea2df00
500,50,116,0.002,6.0,7.0,2.0,6,-1.2990000000000002,-1.53,2.5,a7e45ccfa44749f47009339807a5b3b6faa94591750df4893bbd649eb03548aa
500,50,173,0.002,3.0,10.0,0.5,34,-0.588,-0.48,4.5,3b3c69bfe1ea7d3417e6f0cb7831cd1890ff9efc41485332a6269801eec79431
500,50,420,0.002,3.0,9.0,2.0,18,-0.659,-0.24,4.0,8b99cc78d3cb5224793576097671ee3e7b24a24fb6d06417ba2121ba86390aaa
500,50,116,0.002,5.0,4.0,4.0,6,-0.201,0.68,5.0,a7e45ccfa44749f47009339807a5b3b6faa94591750df4893bbd649eb03548aa
500,50,116,0.002,5.0,5.0,3.5,4,-0.068,0.16,5.0,a7e45ccfa44749f47009339807a5b3b6faa94591750df4893bbd649eb03548aa
500,50,116,0.002,5.0,10.0,1.0,23,-1.192,-1.34,3.0,a7e45ccfa44749f47009339807a5b3b6faa94591750df4893bbd649eb03548aa
500,50,173,0.002,6.0,4.0,2.0,20,-0.3990000000000001,-0.45,3.5,3b3c69bfe1ea7d3417e6f0cb7831cd1890ff9efc41485332a6269801eec79431
500,50,95,0.002,3.0,6.0,-0.5,31,-0.318,0.38,5.5,c25fc3efb39204b5d63cd28eb38ba90889f8e69e2579abfd84abaa122b7be87a
500,50,173,0.002,3.0,6.0,2.5,5,0.653,1.44,6.5,3b3c69bfe1ea7d3417e6f0cb7831cd1890ff9efc41485332a6269801eec79431
500,50,116,0.002,3.0,9.0,2.5,19,-1.091,-1.13,3.5,a7e45ccfa44749f47009339807a5b3b6faa94591750df4893bbd649eb03548aa
500,50,173,0.002,6.0,8.0,0.0,2,-0.414,0.37,4.0,3b3c69bfe1ea7d3417e6f0cb7831cd1890ff9efc41485332a6269801eec79431
500,50,243,0.002,6.0,9.0,-2.5,13,-1.4980000000000002,-1.82,3.5,a3243ce7707a2a3682e9edb42f661751af7593e49dee8391462be0e0e7feca5b
500,50,116,0.002,7.0,7.0,1.5,1,-0.128,0.47,5.0,a7e45ccfa44749f47009339807a5b3b6faa94591750df4893bbd649eb03548aa
500,50,173,0.002,5.0,8.0,0.5,18,-1.227,-1.37,2.0,3b3c69bfe1ea7d3417e6f0cb7831cd1890ff9efc41485332a6269801eec79431
500,50,280,0.002,2.0,9.0,0.0,46,-0.801,-0.3,5.0,3dbec4ed280111c6f70cf5b95bd8007d71fffb43262f818ee2b01da94e952ed1
500,50,173,0.002,1.0,6.0,3.5,33,0.157,0.74,6.0,3b3c69bfe1ea7d3417e6f0cb7831cd1890ff9efc41485332a6269801eec79431
500,50,36,0.002,6.0,6.0,-1.0,1,-0.148,0.32,5.0,ff40caff9436adbf9bd38cd8dd2a07eed72cc198918166d6ec73cd19617b2ff6
500,50,182,0.002,5.0,5.0,-0.5,11,-1.135,-1.19,3.5,ef5ccd9e100038eaeca590bb86f90622b26afb602bebc9512c60f4a108b50adc
500,50,272,0.002,3.0,6.0,-0.5,28,-0.06,0.18,5.5,afcb930297b7343b8945a302072f385537be9321555f4f186f06883623c7f8fb
500,50,173,0.002,3.0,4.0,3.5,39,0.253,1.11,6.0,3b3c69bfe1ea7d3417e6f0cb7831cd1890ff9efc41485332a6269801eec79431
500,50,262,0.001,2.0,5.0,0.0,22,-0.324,0.42,4.5,c80bd42dd2007dcd4ce2f14198ecc4247341eb77b27e1de5cc3fb045162a23de
500,50,116,0.002,0.0,11.0,3.0,13,0.212,0.37,5.5,a7e45ccfa44749f47009339807a5b3b6faa94591750df4893bbd649eb03548aa
500,50,116,0.002,7.0,4.0,3.0,1,-0.20200000000000004,0.72,5.0,a7e45ccfa44749f47009339807a5b3b6faa94591750df4893bbd649eb03548aa
500,50,138,0.002,6.0,7.0,-1.0,5,-0.552,-0.33,3.5,97b28df35b811f0a5dba92060bfa9d60f1cc23fb3123298c2b14a461bea2df00
500,50,116,0.002,9.0,9.0,-0.5,2,-0.7070000000000001,-0.2,4.0,a7e45ccfa44749f47009339807a5b3b6faa94591750df4893bbd649eb03548aa
500,50,306,0.002,2.0,9.0,-2.0,41,-0.661,0.02,3.5,fab8f433d6f6bb610ff043434b54f18824bcad5c38069edd6b0404477ea4af7a
500,50,116,0.002,6.0,10.0,0.5,3,-2.011,-1.82,3.5,a7e45ccfa44749f47009339807a5b3b6faa94591750df4893bbd649eb03548aa
500,50,280,0.002,1.0,4.0,3.0,27,0.44,0.81,7.0,3dbec4ed280111c6f70cf5b95bd8007d71fffb43262f818ee2b01da94e952ed1
500,50,116,0.002,2.0,7.0,4.0,25,-0.632,0.14,6.0,a7e45ccfa44749f47009339807a5b3b6faa94591750df4893bbd649eb03548aa
500,50,306,0.002,0.0,9.0,-1.0,28,-0.198,-0.24,6.5,fab8f433d6f6bb610ff043434b54f18824bcad5c38069edd6b0404477ea4af7a
500,50,243,0.002,5.0,8.0,-1.5,14,-1.203,-1.22,4.5,a3243ce7707a2a3682e9edb42f661751af7593e49dee8391462be0e0e7feca5b
500,50,280,0.002,4.0,9.0,-1.0,6,-0.543,-0.62,4.0,3dbec4ed280111c6f70cf5b95bd8007d71fffb43262f818ee2b01da94e952ed1
500,50,420,0.002,5.0,7.0,2.0,5,-0.025,0.28,4.5,8b99cc78d3cb5224793576097671ee3e7b24a24fb6d06417ba2121ba86390aaa
500,50,67,0.002,4.0,8.0,-1.5,41,-0.74,-0.47,4.0,3a360bea2f41e303724f014d0cc814dc18605110da671f5cf3213df428cae74f
500,50,74,0.002,6.0,5.0,-2.0,38,-1.551,-1.97,2.5,5336d765b764a93e2eb1d0758e1d55b61cf2de15952d7b4f9d34abd296c96afb
500,50,67,0.002,5.0,10.0,-3.0,4,-0.977,-1.4,3.0,3a360bea2f41e303724f014d0cc814dc18605110da671f5cf3213df428cae74f
500,50,173,0.002,6.0,10.0,-1.0,3,-0.843,-1.07,3.0,3b3c69bfe1ea7d3417e6f0cb7831cd1890ff9efc41485332a6269801eec79431
500,50,420,0.002,1.0,8.0,3.5,10,0.398,0.69,6.5,8b99cc78d3cb5224793576097671ee3e7b24a24fb6d06417ba2121ba86390aaa
500,50,262,0.001,5.0,4.0,-1.0,6,-0.493,0.23,5.5,c80bd42dd2007dcd4ce2f14198ecc4247341eb77b27e1de5cc3fb045162a23de
500,50,36,0.002,6.0,6.0,-1.0,18,-0.868,-0.61,4.5,ff40caff9436adbf9bd38cd8dd2a07eed72cc198918166d6ec73cd19617b2ff6
500,50,209,0.001,5.0,3.0,-0.5,28,-0.857,-0.92,5.5,886a14107d7fa93a41960fdb8744e8befb34c8a890a5c627d34c2259f4531f7d
500,50,173,0.002,1.0,6.0,3.5,22,0.396,0.8,8.0,3b3c69bfe1ea7d3417e6f0cb7831cd1890ff9efc41485332a6269801eec79431
500,50,243,0.002,3.0,5.0,1.0,44,-0.604,-0.89,6.5,a3243ce7707a2a3682e9edb42f661751af7593e49dee8391462be0e0e7feca5b
500,50,138,0.002,3.0,7.0,0.5,47,-0.802,-0.37,5.0,97b28df35b811f0a5dba92060bfa9d60f1cc23fb3123298c2b14a461bea2df00
500,50,153,0.002,4.0,6.0,0.5,40,-0.806,-0.55,5.5,6b6f91ba62efae00f09fbbdb547009f73ef44ff90923e257225aa6c928379dbe
500,50,173,0.002,4.0,2.0,4.0,7,0.482,0.71,6.5,3b3c69bfe1ea7d3417e6f0cb7831cd1890ff9efc41485332a6269801eec79431
500,50,123,0.002,2.0,5.0,1.0,2,0.7019999999999998,1.38,6.5,b2aa7ce2e829b156b6b2a9da36e09488eda956e5a66a30f221742ee0aa8167f7
500,50,123,0.002,1.0,6.0,1.0,49,0.088,0.82,6.0,b2aa7ce2e829b156b6b2a9da36e09488eda956e5a66a30f221742ee0aa8167f7
500,50,420,0.002,2.0,6.0,4.0,6,-0.176,-0.13,6.5,8b99cc78d3cb5224793576097671ee3e7b24a24fb6d06417ba2121ba86390aaa
500,50,420,0.002,4.0,4.0,4.0,34,-0.105,0.77,5.0,8b99cc78d3cb5224793576097671ee3e7b24a24fb6d06417ba2121ba86390aaa
500,50,178,0.002,3.0,7.0,-1.5,27,-0.025,0.47,5.0,2852b7ff8e5e77dbf55d6569bbb35253228fd4522b19f56bb25e9bbc298dc1d4
500,50,116,0.002,3.0,7.0,3.5,13,-0.44,0.01,4.0,a7e45ccfa44749f47009339807a5b3b6faa94591750df4893bbd649eb03548aa
500,50,261,0.002,4.0,7.0,-0.5,6,-0.08900000000000001,0.09,6.0,84d7db09a4a66ab80de8d84cf303232fb5d2699c1e35c5a38a7893393bdba5db
500,50,420,0.002,6.0,9.0,0.5,4,-0.457,-0.11,3.0,8b99cc78d3cb5224793576097671ee3e7b24a24fb6d06417ba2121ba86390aaa
500,50,182,0.002,2.0,9.0,-1.0,29,-0.799,-0.41,4.0,ef5ccd9e100038eaeca590bb86f90622b26afb602bebc9512c60f4a108b50adc
500,50,182,0.002,0.0,5.0,2.0,49,0.452,0.78,7.0,ef5ccd9e100038eaeca590bb86f90622b26afb602bebc9512c60f4a108b50adc
500,50,272,0.002,3.0,3.0,1.0,31,-0.17299999999999996,0.74,4.0,afcb930297b7343b8945a302072f385537be9321555f4f186f06883623c7f8fb
500,50,243,0.002,4.0,8.0,-1.0,35,-1.185,-1.44,3.5,a3243ce7707a2a3682e9edb42f661751af7593e49dee8391462be0e0e7feca5b
500,50,116,0.002,5.0,6.0,3.0,3,-0.38299999999999995,0.36,5.0,a7e45ccfa44749f47009339807a5b3b6faa94591750df4893bbd649eb03548aa
500,50,51,0.002,2.0,5.0,-0.5,36,-0.478,-0.59,6.0,0da469cd406ad5030b33efeb4176c7916b6520b504ade19e5900078c3b28d733
500,50,173,0.002,3.0,11.0,0.0,21,-1.002,-0.78,3.5,3b3c69bfe1ea7d3417e6f0cb7831cd1890ff9efc41485332a6269801eec79431
500,50,173,0.002,4.0,8.0,1.0,10,-0.852,-0.69,2.5,3b3c69bfe1ea7d3417e6f0cb7831cd1890ff9efc41485332a6269801eec79431
500,50,257,0.002,4.0,9.0,-3.0,13,-0.284,-0.05,4.5,4946ca683e3b87304f8eb7b91da450d6fd9743c7b4f713232c6f82c1e821388b
500,50,272,0.002,2.0,8.0,-1.0,5,-0.587,-0.43,4.0,afcb930297b7343b8945a302072f385537be9321555f4f186f06883623c7f8fb
500,50,116,0.002,5.0,5.0,3.5,5,0.545,1.04,6.5,a7e45ccfa44749f47009339807a5b3b6faa94591750df4893bbd649eb03548aa
500,50,116,0.002,7.0,2.0,4.0,9,-0.345,-0.27,4.0,a7e45ccfa44749f47009339807a5b3b6faa94591750df4893bbd649eb03548aa
500,50,116,0.002,5.0,8.0,2.0,7,-1.001,-0.68,5.0,a7e45ccfa44749f47009339807a5b3b6faa94591750df4893bbd649eb03548aa
500,50,116,0.002,5.0,9.0,1.5,3,-1.117,-0.75,2.5,a7e45ccfa44749f47009339807a5b3b6faa94591750df4893bbd649eb03548aa
500,50,36,0.002,3.0,4.0,1.5,30,-0.511,0.13,5.5,ff40caff9436adbf9bd38cd8dd2a07eed72cc198918166d6ec73cd19617b2ff6
500,50,116,0.002,6.0,5.0,3.0,5,-0.687,-0.18,4.0,a7e45ccfa44749f47009339807a5b3b6faa94591750df4893bbd649eb03548aa
500,50,280,0.002,5.0,4.0,1.0,26,0.052000000000000005,0.27,5.0,3dbec4ed280111c6f70cf5b95bd8007d71fffb43262f818ee2b01da94e952ed1
500,50,173,0.002,4.0,4.0,3.0,46,-0.674,-0.17,4.5,3b3c69bfe1ea7d3417e6f0cb7831cd1890ff9efc41485332a6269801eec79431
500,50,306,0.002,2.0,6.0,-0.5,8,0.274,0.73,6.0,fab8f433d6f6bb610ff043434b54f18824bcad5c38069edd6b0404477ea4af7a
500,50,116,0.002,7.0,5.0,2.5,1,0.283,0.74,4.0,a7e45ccfa44749f47009339807a5b3b6faa94591750df4893bbd649eb03548aa
500,50,116,0.002,2.0,9.0,3.0,3,-0.251,0.21,7.0,a7e45ccfa44749f47009339807a5b3b6faa94591750df4893bbd649eb03548aa
500,50,173,0.002,5.0,7.0,1.0,10,-0.763,-0.42,4.0,3b3c69bfe1ea7d3417e6f0cb7831cd1890ff9efc41485332a6269801eec79431
500,50,406,0.002,3.0,4.0,0.0,36,-0.35600000000000004,0.15,6.5,d8cbd0c6756e20701f1e3611fcfe1080ff6b93fafb65fb2800ad9a7bd0a04ea2
500,50,408,0.002,3.0,5.0,-3.5,37,-0.527,-0.36,4.5,503648dc9118e83e6cc61b2d9d933156183e32828bcf67171b14b14349519098
500,50,420,0.002,3.0,8.0,2.5,23,-0.824,-0.31,6.0,8b99cc78d3cb5224793576097671ee3e7b24a24fb6d06417ba2121ba86390aaa
500,50,261,0.002,2.0,5.0,1.5,40,0.41,0.95,7.5,84d7db09a4a66ab80de8d84cf303232fb5d2699c1e35c5a38a7893393bdba5db
500,50,116,0.002,9.0,6.0,1.0,1,-0.9280000000000002,-0.63,3.5,a7e45ccfa44749f47009339807a5b3b6faa94591750df4893bbd649eb03548aa
500,50,116,0.002,1.0,5.0,5.5,15,0.141,0.83,5.5,a7e45ccfa44749f47009339807a5b3b6faa94591750df4893bbd649eb03548aa
500,50,357,0.0005,1.0,4.0,0.0,44,0.389,1.18,6.5,c99f5297f235ea9284300ff5d1db9cdd539f9089dfd30f5074f49150bf2016cc
500,50,420,0.002,6.0,6.0,2.0,4,-0.615,-0.25,6.0,8b99cc78d3cb5224793576097671ee3e7b24a24fb6d06417ba2121ba86390aaa
500,50,173,0.002,5.0,6.0,1.5,9,-0.297,0.01,5.5,3b3c69bfe1ea7d3417e6f0cb7831cd1890ff9efc41485332a6269801eec79431
500,50,153,0.002,6.0,7.0,-1.0,38,-0.8269999999999998,-0.42,3.0,6b6f91ba62efae00f09fbbdb547009f73ef44ff90923e257225aa6c928379dbe
500,50,486,0.002,3.0,3.0,-2.0,46,-0.007000000000000001,0.41,6.5,585f855bca4f2213c08d3732aec1af4117ae86a0883055ae9f6f3b8099486dde
500,50,116,0.002,5.0,7.0,2.5,4,-0.894,-0.52,3.5,a7e45ccfa44749f47009339807a5b3b6faa94591750df4893bbd649eb03548aa
500,50,209,0.001,2.0,3.0,1.0,22,0.836,0.79,7.0,886a14107d7fa93a41960fdb8744e8befb34c8a890a5c627d34c2259f4531f7d
500,50,272,0.002,3.0,6.0,-0.5,41,-0.97,-0.98,4.0,afcb930297b7343b8945a302072f385537be9321555f4f186f06883623c7f8fb
500,50,280,0.002,5.0,3.0,1.5,25,-0.25,0.06,4.5,3dbec4ed280111c6f70cf5b95bd8007d71fffb43262f818ee2b01da94e952ed1
500,50,36,0.002,3.0,5.0,1.0,3,-0.019,0.13,6.0,ff40caff9436adbf9bd38cd8dd2a07eed72cc198918166d6ec73cd19617b2ff6
500,50,36,0.002,3.0,7.0,0.0,15,-0.922,-0.2,5.0,ff40caff9436adbf9bd38cd8dd2a07eed72cc198918166d6ec73cd19617b2ff6
500,50,420,0.002,3.0,9.0,2.0,25,-0.1,0.1,5.0,8b99cc78d3cb5224793576097671ee3e7b24a24fb6d06417ba2121ba86390aaa
500,50,173,0.002,4.0,3.0,3.5,15,0.138,1.31,5.0,3b3c69bfe1ea7d3417e6f0cb7831cd1890ff9efc41485332a6269801eec79431
500,50,280,0.002,3.0,6.0,1.0,42,-0.393,-0.83,4.5,3dbec4ed280111c6f70cf5b95bd8007d71fffb43262f818ee2b01da94e952ed1
500,50,116,0.002,3.0,9.0,2.5,6,-0.28,0.06,4.5,a7e45ccfa44749f47009339807a5b3b6faa94591750df4893bbd649eb03548aa
500,50,116,0.002,5.0,6.0,3.0,1,-0.11899999999999998,0.11,5.0,a7e45ccfa44749f47009339807a5b3b6faa94591750df4893bbd649eb03548aa
500,50,116,0.002,4.0,5.0,4.0,6,0.335,0.68,5.0,a7e45ccfa44749f47009339807a5b3b6faa94591750df4893bbd649eb03548aa
500,50,74,0.002,4.0,6.0,-1.5,31,-0.953,-0.9,3.0,5336d765b764a93e2eb1d0758e1d55b61cf2de15952d7b4f9d34abd296c96afb
500,50,116,0.002,0.0,4.0,6.5,10,0.548,0.47,7.5,a7e45ccfa44749f47009339807a5b3b6faa94591750df4893bbd649eb03548aa
500,50,420,0.002,6.0,6.0,2.0,1,0.17800000000000002,0.72,6.0,8b99cc78d3cb5224793576097671ee3e7b24a24fb6d06417ba2121ba86390aaa
500,50,123,0.002,3.0,6.0,0.0,7,-0.284,0.1,5.0,b2aa7ce2e829b156b6b2a9da36e09488eda956e5a66a30f221742ee0aa8167f7
500,50,116,0.002,1.0,8.0,4.0,34,0.064,0.72,4.0,a7e45ccfa44749f47009339807a5b3b6faa94591750df4893bbd649eb03548aa
500,50,417,0.001,2.0,3.0,1.0,30,0.436,1.34,6.0,576662496728038e224e71e11e336af0a6bb55625ba792b564b78dbc59d6551a
500,50,182,0.002,2.0,5.0,1.0,26,-0.618,0.21,4.5,ef5ccd9e100038eaeca590bb86f90622b26afb602bebc9512c60f4a108b50adc
500,50,116,0.002,5.0,5.0,3.5,5,0.38,0.93,5.5,a7e45ccfa44749f47009339807a5b3b6faa94591750df4893bbd649eb03548aa
500,50,116,0.002,6.0,6.0,2.5,2,-0.44800000000000006,0.17,5.0,a7e45ccfa44749f47009339807a5b3b6faa94591750df4893bbd649eb03548aa
500,50,420,0.002,8.0,5.0,1.5,1,-0.215,0.53,4.5,8b99cc78d3cb5224793576097671ee3e7b24a24fb6d06417ba2121ba86390aaa
500,50,116,0.002,7.0,6.0,2.0,7,-0.892,-0.92,3.5,a7e45ccfa44749f47009339807a5b3b6faa94591750df4893bbd649eb03548aa
500,50,116,0.002,6.0,5.0,3.0,4,-0.493,0.0,4.5,a7e45ccfa44749f47009339807a5b3b6faa94591750df4893bbd649eb03548aa
500,50,36,0.002,3.0,6.0,0.5,16,-0.43700000000000006,-0.16,5.5,ff40caff9436adbf9bd38cd8dd2a07eed72cc198918166d6ec73cd19617b2ff6
500,50,420,0.002,4.0,5.0,3.5,6,0.213,0.51,6.0,8b99cc78d3cb5224793576097671ee3e7b24a24fb6d06417ba2121ba86390aaa
500,50,123,0.002,1.0,4.0,2.0,7,0.625,0.7,7.5,b2aa7ce2e829b156b6b2a9da36e09488eda956e5a66a30f221742ee0aa8167f7
500,50,158,0.002,6.0,3.0,-0.5,12,-0.547,0.23,5.0,344f34a1d32ba9c9a001e56e4d03ecfc7599d1fa3c5627b1ed5b429067fd6d72
500,50,116,0.002,4.0,8.0,2.5,5,-0.389,-0.21,5.5,a7e45ccfa44749f47009339807a5b3b6faa94591750df4893bbd649eb03548aa
500,50,137,0.002,4.0,5.0,-2.5,19,0.031,0.52,6.0,69a1231af5fc3f55054f1c14b1a7313be0d0b67e0ff876b205be63a03e091d42
500,50,261,0.002,4.0,4.0,1.0,45,-0.6679999999999999,-0.64,6.0,84d7db09a4a66ab80de8d84cf303232fb5d2699c1e35c5a38a7893393bdba5db
500,50,116,0.002,5.0,5.0,3.5,8,-0.254,0.06,5.0,a7e45ccfa44749f47009339807a5b3b6faa94591750df4893bbd649eb03548aa
500,50,420,0.002,6.0,7.0,1.5,1,-1.594,-0.98,4.0,8b99cc78d3cb5224793576097671ee3e7b24a24fb6d06417ba2121ba86390aaa
500,50,420,0.002,7.0,6.0,1.5,3,-0.364,-0.03,6.0,8b99cc78d3cb5224793576097671ee3e7b24a24fb6d06417ba2121ba86390aaa
500,50,182,0.002,4.0,6.0,-0.5,10,-0.396,0.28,4.5,ef5ccd9e100038eaeca590bb86f90622b26afb602bebc9512c60f4a108b50adc
500,50,280,0.002,3.0,6.0,1.0,24,-0.09300000000000001,-0.1,4.5,3dbec4ed280111c6f70cf5b95bd8007d71fffb43262f818ee2b01da94e952ed1
500,50,420,0.002,5.0,2.0,4.5,3,0.848,0.96,6.5,8b99cc78d3cb5224793576097671ee3e7b24a24fb6d06417ba2121ba86390aaa
500,50,116,0.002,8.0,9.0,0.0,2,-1.386,-1.56,2.5,a7e45ccfa44749f47009339807a5b3b6faa94591750df4893bbd649eb03548aa
500,50,173,0.002,3.0,9.0,1.0,22,-0.628,-0.59,4.0,3b3c69bfe1ea7d3417e6f0cb7831cd1890ff9efc41485332a6269801eec79431
500,50,197,0.002,3.0,7.0,-3.0,9,-0.463,0.33,5.0,974d9211be6247450a6f495fb68d07d87a9447054c0e477af8b7ae30a4f4e56e
500,50,116,0.002,3.0,5.0,4.5,13,-0.273,0.26,4.5,a7e45ccfa44749f47009339807a5b3b6faa94591750df4893bbd649eb03548aa
500,50,116,0.002,5.0,5.0,3.5,3,-0.508,0.23,5.5,a7e45ccfa44749f47009339807a5b3b6faa94591750df4893bbd649eb03548aa
500,50,420,0.002,5.0,6.0,2.5,2,0.16400000000000003,0.56,6.5,8b99cc78d3cb5224793576097671ee3e7b24a24fb6d06417ba2121ba86390aaa
500,50,116,0.002,4.0,6.0,3.5,10,-0.44800000000000006,-0.28,5.5,a7e45ccfa44749f47009339807a5b3b6faa94591750df4893bbd649eb03548aa
500,50,116,0.002,5.0,1.0,5.5,8,0.652,1.35,6.5,a7e45ccfa44749f47009339807a5b3b6faa94591750df4893bbd649eb03548aa
500,50,243,0.002,6.0,5.0,-0.5,29,-1.372,-1.23,2.5,a3243ce7707a2a3682e9edb42f661751af7593e49dee8391462be0e0e7feca5b
500,50,116,0.002,3.0,6.0,4.0,4,0.166,0.54,5.0,a7e45ccfa44749f47009339807a5b3b6faa94591750df4893bbd649eb03548aa
500,50,116,0.002,6.0,5.0,3.0,1,0.393,1.22,6.5,a7e45ccfa44749f47009339807a5b3b6faa94591750df4893bbd649eb03548aa
500,50,497,0.001,2.0,5.0,0.0,5,0.103,0.44,5.5,526db03663e3f68905e8ed37f0760b4ef31347fa4159ce8515af8811d6253ad1
500,50,209,0.001,3.0,3.0,0.5,42,-0.024,1.26,7.0,886a14107d7fa93a41960fdb8744e8befb34c8a890a5c627d34c2259f4531f7d
500,50,116,0.002,5.0,8.0,2.0,1,-0.23,0.34,5.0,a7e45ccfa44749f47009339807a5b3b6faa94591750df4893bbd649eb03548aa
500,50,116,0.002,4.0,5.0,4.0,10,-0.18099999999999997,0.41,5.5,a7e45ccfa44749f47009339807a5b3b6faa94591750df4893bbd649eb03548aa
500,50,173,0.002,1.0,5.0,4.0,40,0.176,0.9,5.5,3b3c69bfe1ea7d3417e6f0cb7831cd1890ff9efc41485332a6269801eec79431
500,50,116,0.002,2.0,7.0,4.0,32,-0.385,-0.6,5.5,a7e45ccfa44749f47009339807a5b3b6faa94591750df4893bbd649eb03548aa
500,50,280,0.002,6.0,2.0,1.5,36,0.147,0.16,4.5,3dbec4ed280111c6f70cf5b95bd8007d71fffb43262f818ee2b01da94e952ed1
500,50,261,0.002,7.0,6.0,-1.5,4,-1.546,-1.04,4.0,84d7db09a4a66ab80de8d84cf303232fb5d2699c1e35c5a38a7893393bdba5db
500,50,203,0.002,1.0,7.0,-2.0,46,-0.142,0.41,5.0,482f9bb74e396230e41acb238caf3964559f8d6f6f94a105834a53b8cd581e55
500,50,123,0.002,2.0,2.0,2.5,17,0.4709999999999999,1.16,6.5,b2aa7ce2e829b156b6b2a9da36e09488eda956e5a66a30f221742ee0aa8167f7
500,50,51,0.002,3.0,4.0,-0.5,28,-0.218,0.31,5.5,0da469cd406ad5030b33efeb4176c7916b6520b504ade19e5900078c3b28d733
500,50,209,0.001,3.0,4.0,0.0,16,0.376,0.77,6.0,886a14107d7fa93a41960fdb8744e8befb34c8a890a5c627d34c2259f4531f7d
500,50,173,0.002,2.0,8.0,2.0,11,0.385,0.9,4.5,3b3c69bfe1ea7d3417e6f0cb7831cd1890ff9efc41485332a6269801eec79431
500,50,173,0.002,1.0,6.0,3.5,27,0.37,0.91,6.5,3b3c69bfe1ea7d3417e6f0cb7831cd1890ff9efc41485332a6269801eec79431
500,50,116,0.002,4.0,8.0,2.5,1,0.034,0.46,5.5,a7e45ccfa44749f47009339807a5b3b6faa94591750df4893bbd649eb03548aa
500,50,243,0.002,1.0,10.0,-0.5,49,-0.4709999999999999,0.15,3.5,a3243ce7707a2a3682e9edb42f661751af7593e49dee8391462be0e0e7feca5b
500,50,116,0.002,0.0,7.0,5.0,48,0.462,0.92,5.5,a7e45ccfa44749f47009339807a5b3b6faa94591750df4893bbd649eb03548aa
500,50,116,0.002,3.0,7.0,3.5,9,-0.086,-0.11,4.5,a7e45ccfa44749f47009339807a5b3b6faa94591750df4893bbd649eb03548aa
500,50,173,0.002,5.0,5.0,2.0,1,0.288,1.25,5.5,3b3c69bfe1ea7d3417e6f0cb7831cd1890ff9efc41485332a6269801eec79431
500,50,123,0.002,4.0,5.0,0.0,21,-0.623,-0.31,4.0,b2aa7ce2e829b156b6b2a9da36e09488eda956e5a66a30f221742ee0aa8167f7
500,50,420,0.002,7.0,7.0,1.0,2,-0.308,-0.37,3.5,8b99cc78d3cb5224793576097671ee3e7b24a24fb6d06417ba2121ba86390aaa
500,50,36,0.002,4.0,5.0,0.5,16,-0.714,-0.55,4.5,ff40caff9436adbf9bd38cd8dd2a07eed72cc198918166d6ec73cd19617b2ff6
500,50,116,0.002,6.0,6.0,2.5,7,-1.286,-0.99,3.0,a7e45ccfa44749f47009339807a5b3b6faa94591750df4893bbd649eb03548aa
500,50,116,0.002,3.0,8.0,3.0,33,-0.49,-0.3,3.0,a7e45ccfa44749f47009339807a5b3b6faa94591750df4893bbd649eb03548aa
500,50,116,0.002,6.0,6.0,2.5,7,-0.587,-0.6,3.5,a7e45ccfa44749f47009339807a5b3b6faa94591750df4893bbd649eb03548aa
500,50,116,0.002,6.0,8.0,1.5,2,-0.643,-0.7,4.5,a7e45ccfa44749f47009339807a5b3b6faa94591750df4893bbd649eb03548aa
500,50,116,0.002,3.0,5.0,4.5,8,0.222,0.96,6.0,a7e45ccfa44749f47009339807a5b3b6faa94591750df4893bbd649eb03548aa
500,50,420,0.002,3.0,8.0,2.5,49,-1.266,-1.15,4.0,8b99cc78d3cb5224793576097671ee3e7b24a24fb6d06417ba2121ba86390aaa
500,50,406,0.002,4.0,5.0,-1.0,13,0.07,0.44,5.0,d8cbd0c6756e20701f1e3611fcfe1080ff6b93fafb65fb2800ad9a7bd0a04ea2
500,50,116,0.002,6.0,7.0,2.0,1,-0.9330000000000002,-0.44,3.5,a7e45ccfa44749f47009339807a5b3b6faa94591750df4893bbd649eb03548aa
500,50,73,0.001,5.0,4.0,-1.0,32,-0.795,-0.1,4.0,d47db6a3fa9151c10e2a42a4c31e38c922e8941f0814a51e6204fe23b2d82160
500,50,123,0.002,6.0,5.0,-1.0,4,-0.579,-0.18,4.0,b2aa7ce2e829b156b6b2a9da36e09488eda956e5a66a30f221742ee0aa8167f7
500,50,67,0.002,4.0,8.0,-1.5,42,-0.696,-0.4,5.0,3a360bea2f41e303724f014d0cc814dc18605110da671f5cf3213df428cae74f
500,50,123,0.002,1.0,5.0,1.5,32,0.482,0.56,5.5,b2aa7ce2e829b156b6b2a9da36e09488eda956e5a66a30f221742ee0aa8167f7
500,50,123,0.002,3.0,3.0,1.5,44,-0.10100000000000002,0.83,4.5,b2aa7ce2e829b156b6b2a9da36e09488eda956e5a66a30f221742ee0aa8167f7
500,50,280,0.002,3.0,6.0,1.0,30,-0.169,0.18,4.5,3dbec4ed280111c6f70cf5b95bd8007d71fffb43262f818ee2b01da94e952ed1
500,50,420,0.002,9.0,5.0,1.0,11,-1.3129999999999997,-1.31,2.5,8b99cc78d3cb5224793576097671ee3e7b24a24fb6d06417ba2121ba86390aaa
500,50,116,0.002,5.0,6.0,3.0,7,-1.017,-0.81,4.5,a7e45ccfa44749f47009339807a5b3b6faa94591750df4893bbd649eb03548aa
500,50,261,0.002,3.0,5.0,1.0,21,0.039,0.29,5.0,84d7db09a4a66ab80de8d84cf303232fb5d2699c1e35c5a38a7893393bdba5db
500,50,203,0.002,3.0,3.0,-1.0,29,0.062,0.33,5.0,482f9bb74e396230e41acb238caf3964559f8d6f6f94a105834a53b8cd581e55
500,50,116,0.002,1.0,7.0,4.5,18,0.296,0.46,5.5,a7e45ccfa44749f47009339807a5b3b6faa94591750df4893bbd649eb03548aa
500,50,420,0.002,2.0,10.0,2.0,35,-0.669,-0.35,4.0,8b99cc78d3cb5224793576097671ee3e7b24a24fb6d06417ba2121ba86390aaa
500,50,420,0.002,3.0,6.0,3.5,9,0.315,1.32,6.5,8b99cc78d3cb5224793576097671ee3e7b24a24fb6d06417ba2121ba86390aaa
500,50,116,0.002,6.0,5.0,3.0,6,-0.475,-0.09,5.0,a7e45ccfa44749f47009339807a5b3b6faa94591750df4893bbd649eb03548aa
500,50,173,0.002,8.0,5.0,0.5,4,-1.059,-0.45,3.5,3b3c69bfe1ea7d3417e6f0cb7831cd1890ff9efc41485332a6269801eec79431
500,50,420,0.002,3.0,9.0,2.0,4,-0.491,-0.13,4.0,8b99cc78d3cb5224793576097671ee3e7b24a24fb6d06417ba2121ba86390aaa
500,50,116,0.002,5.0,5.0,3.5,10,-0.094,0.87,4.5,a7e45ccfa44749f47009339807a5b3b6faa94591750df4893bbd649eb03548aa
500,50,116,0.002,3.0,7.0,3.5,10,-0.449,0.06,4.5,a7e45ccfa44749f47009339807a5b3b6faa94591750df4893bbd649eb03548aa
500,50,116,0.002,2.0,5.0,5.0,14,-0.106,0.43,5.0,a7e45ccfa44749f47009339807a5b3b6faa94591750df4893bbd649eb03548aa
500,50,420,0.002,2.0,3.0,5.5,28,-0.036,0.22,7.0,8b99cc78d3cb5224793576097671ee3e7b24a24fb6d06417ba2121ba86390aaa
500,50,116,0.002,4.0,5.0,4.0,3,0.25,0.77,5.0,a7e45ccfa44749f47009339807a5b3b6faa94591750df4893bbd649eb03548aa
500,50,182,0.002,2.0,3.0,2.0,34,0.245,0.15,6.5,ef5ccd9e100038eaeca590bb86f90622b26afb602bebc9512c60f4a108b50adc
500,50,116,0.002,3.0,6.0,4.0,6,-0.558,-0.35,6.5,a7e45ccfa44749f47009339807a5b3b6faa94591750df4893bbd649eb03548aa
500,50,116,0.002,6.0,6.0,2.5,4,-0.3459999999999999,-0.25,5.5,a7e45ccfa44749f47009339807a5b3b6faa94591750df4893bbd649eb03548aa
500,50,116,0.002,3.0,10.0,2.0,33,-1.3090000000000002,-2.09,3.5,a7e45ccfa44749f47009339807a5b3b6faa94591750df4893bbd649eb03548aa
500,50,116,0.002,3.0,8.0,3.0,5,-0.428,-0.03,4.0,a7e45ccfa44749f47009339807a5b3b6faa94591750df4893bbd649eb03548aa
500,50,153,0.002,1.0,10.0,0.0,30,-0.204,-0.19,4.0,6b6f91ba62efae00f09fbbdb547009f73ef44ff90923e257225aa6c928379dbe
500,50,116,0.002,2.0,9.0,3.0,15,-0.32300000000000006,0.11,5.0,a7e45ccfa44749f47009339807a5b3b6faa94591750df4893bbd649eb03548aa
500,50,116,0.002,6.0,8.0,1.5,5,-1.281,-1.34,3.0,a7e45ccfa44749f47009339807a5b3b6faa94591750df4893bbd649eb03548aa
500,50,116,0.002,5.0,5.0,3.5,5,-0.392,0.31,7.0,a7e45ccfa44749f47009339807a5b3b6faa94591750df4893bbd649eb03548aa
500,50,173,0.002,5.0,5.0,2.0,24,-1.21,-0.93,3.0,3b3c69bfe1ea7d3417e6f0cb7831cd1890ff9efc41485332a6269801eec79431
500,50,116,0.002,6.0,5.0,3.0,3,-0.956,-0.34,3.0,a7e45ccfa44749f47009339807a5b3b6faa94591750df4893bbd649eb03548aa
500,50,116,0.002,1.0,10.0,3.0,27,-0.7120000000000001,-0.81,4.0,a7e45ccfa44749f47009339807a5b3b6faa94591750df4893bbd649eb03548aa
500,50,116,0.002,6.0,7.0,2.0,6,0.099,-0.01,4.0,a7e45ccfa44749f47009339807a5b3b6faa94591750df4893bbd649eb03548aa
500,50,280,0.002,4.0,2.0,2.5,44,-0.473,0.53,4.5,3dbec4ed280111c6f70cf5b95bd8007d71fffb43262f818ee2b01da94e952ed1
500,50,116,0.002,8.0,3.0,3.0,5,-1.131,-0.82,3.5,a7e45ccfa44749f47009339807a5b3b6faa94591750df4893bbd649eb03548aa
500,50,334,0.001,3.0,6.0,-2.0,30,-1.279,-0.78,5.0,c66ee0614c7f77da14c6d825e1a8c3267adb80c739f9eb57aeea55e663bb3e40
500,50,384,0.0005,1.0,3.0,0.0,38,0.742,1.25,6.5,8c0220d402fba1f3991a14fbeaa4c7b00ce0ce7888189437d86da58226c27e79
500,50,116,0.002,6.0,6.0,2.5,6,-0.89,-0.74,4.0,a7e45ccfa44749f47009339807a5b3b6faa94591750df4893bbd649eb03548aa
500,50,406,0.002,3.0,7.0,-1.5,25,-0.917,-0.76,6.0,d8cbd0c6756e20701f1e3611fcfe1080ff6b93fafb65fb2800ad9a7bd0a04ea2
500,50,138,0.002,4.0,7.0,0.0,26,-0.18,0.53,5.5,97b28df35b811f0a5dba92060bfa9d60f1cc23fb3123298c2b14a461bea2df00
500,50,420,0.002,0.0,10.0,3.0,45,-0.217,-0.07,6.0,8b99cc78d3cb5224793576097671ee3e7b24a24fb6d06417ba2121ba86390aaa
500,50,116,0.002,2.0,8.0,3.5,40,-0.547,-0.12,4.0,a7e45ccfa44749f47009339807a5b3b6faa94591750df4893bbd649eb03548aa
500,50,272,0.002,2.0,7.0,-0.5,34,-0.768,-0.65,3.0,afcb930297b7343b8945a302072f385537be9321555f4f186f06883623c7f8fb
500,50,420,0.002,2.0,4.0,5.0,48,-0.628,0.47,5.5,8b99cc78d3cb5224793576097671ee3e7b24a24fb6d06417ba2121ba86390aaa
500,50,116,0.002,3.0,7.0,3.5,18,-0.365,0.0,4.0,a7e45ccfa44749f47009339807a5b3b6faa94591750df4893bbd649eb03548aa
500,50,173,0.002,3.0,6.0,2.5,2,0.475,0.7,6.5,3b3c69bfe1ea7d3417e6f0cb7831cd1890ff9efc41485332a6269801eec79431
500,50,173,0.002,9.0,4.0,0.5,3,-0.983,-1.03,5.5,3b3c69bfe1ea7d3417e6f0cb7831cd1890ff9efc41485332a6269801eec79431
500,50,100,0.001,1.0,4.0,0.5,43,-0.254,-0.25,5.5,ab95892f6647819441065b172eef2de5f45c7f0ce9c31bba0e91bdd978f2b031
500,50,420,0.002,2.0,6.0,4.0,35,0.352,1.09,5.0,8b99cc78d3cb5224793576097671ee3e7b24a24fb6d06417ba2121ba86390aaa
500,50,123,0.002,2.0,7.0,0.0,40,-0.616,-0.28,3.5,b2aa7ce2e829b156b6b2a9da36e09488eda956e5a66a30f221742ee0aa8167f7
500,50,173,0.002,7.0,5.0,1.0,7,0.39399999999999996,0.8,5.0,3b3c69bfe1ea7d3417e6f0cb7831cd1890ff9efc41485332a6269801eec79431
500,50,138,0.002,5.0,9.0,-1.5,24,-0.816,-0.51,3.5,97b28df35b811f0a5dba92060bfa9d60f1cc23fb3123298c2b14a461bea2df00
500,50,103,0.0005,2.0,4.0,1.0,19,0.165,-0.05,6.0,f686a886b7f72c7d003d6a650ffd17acce3c4aa805af76248dd3d1e642265184
500,50,116,0.002,5.0,8.0,2.0,1,-0.65,-0.38,4.0,a7e45ccfa44749f47009339807a5b3b6faa94591750df4893bbd649eb03548aa
500,50,173,0.002,3.0,8.0,1.5,17,-1.249,-0.64,3.5,3b3c69bfe1ea7d3417e6f0cb7831cd1890ff9efc41485332a6269801eec79431
500,50,116,0.002,2.0,5.0,5.0,7,0.17800000000000002,0.51,7.0,a7e45ccfa44749f47009339807a5b3b6faa94591750df4893bbd649eb03548aa
500,50,373,0.001,2.0,5.0,-0.5,46,-0.528,-0.03,6.5,a3da9bdf65e093c1b05afd509c85da8e40dc7e20faa6d33fc1ff88064dc9756d
500,50,116,0.002,6.0,5.0,3.0,5,-0.554,-0.13,4.5,a7e45ccfa44749f47009339807a5b3b6faa94591750df4893bbd649eb03548aa
500,50,173,0.002,7.0,5.0,1.0,1,-0.095,0.64,5.0,3b3c69bfe1ea7d3417e6f0cb7831cd1890ff9efc41485332a6269801eec79431
500,50,116,0.002,6.0,5.0,3.0,12,-0.985,-1.48,4.0,a7e45ccfa44749f47009339807a5b3b6faa94591750df4893bbd649eb03548aa
500,50,420,0.002,0.0,6.0,5.0,48,0.493,1.09,6.5,8b99cc78d3cb5224793576097671ee3e7b24a24fb6d06417ba2121ba86390aaa
500,50,420,0.002,4.0,3.0,4.5,5,0.649,1.45,6.5,8b99cc78d3cb5224793576097671ee3e7b24a24fb6d06417ba2121ba86390aaa
500,50,51,0.002,2.0,4.0,0.0,37,-0.249,-0.06,7.5,0da469cd406ad5030b33efeb4176c7916b6520b504ade19e5900078c3b28d733
500,50,138,0.002,4.0,9.0,-1.0,30,-1.26,-0.42,3.5,97b28df35b811f0a5dba92060bfa9d60f1cc23fb3123298c2b14a461bea2df00
500,50,116,0.002,9.0,3.0,2.5,1,0.489,0.88,5.5,a7e45ccfa44749f47009339807a5b3b6faa94591750df4893bbd649eb03548aa
500,50,497,0.001,2.0,6.0,-0.5,45,-0.374,0.1,5.0,526db03663e3f68905e8ed37f0760b4ef31347fa4159ce8515af8811d6253ad1
500,50,420,0.002,6.0,4.0,3.0,5,-0.282,-0.12,4.5,8b99cc78d3cb5224793576097671ee3e7b24a24fb6d06417ba2121ba86390aaa
500,50,123,0.002,3.0,5.0,0.5,7,-0.061,0.06,6.5,b2aa7ce2e829b156b6b2a9da36e09488eda956e5a66a30f221742ee0aa8167f7
500,50,280,0.002,3.0,7.0,0.5,20,-0.76,-0.55,5.5,3dbec4ed280111c6f70cf5b95bd8007d71fffb43262f818ee2b01da94e952ed1
500,50,243,0.002,3.0,2.0,2.5,39,0.738,1.58,6.0,a3243ce7707a2a3682e9edb42f661751af7593e49dee8391462be0e0e7feca5b
500,50,116,0.002,7.0,6.0,2.0,4,-0.675,-0.65,4.0,a7e45ccfa44749f47009339807a5b3b6faa94591750df4893bbd649eb03548aa
500,50,36,0.002,3.0,7.0,0.0,12,-0.297,0.21,5.0,ff40caff9436adbf9bd38cd8dd2a07eed72cc198918166d6ec73cd19617b2ff6
500,50,36,0.002,9.0,3.0,-1.0,5,-0.581,-0.45,5.0,ff40caff9436adbf9bd38cd8dd2a07eed72cc198918166d6ec73cd19617b2ff6
500,50,67,0.002,3.0,5.0,0.5,26,-0.425,0.42,6.5,3a360bea2f41e303724f014d0cc814dc18605110da671f5cf3213df428cae74f
500,50,173,0.002,4.0,6.0,2.0,22,-0.8080000000000002,-0.96,4.0,3b3c69bfe1ea7d3417e6f0cb7831cd1890ff9efc41485332a6269801eec79431
500,50,116,0.002,4.0,4.0,4.5,4,-0.16400000000000003,0.52,5.0,a7e45ccfa44749f47009339807a5b3b6faa94591750df4893bbd649eb03548aa
500,50,306,0.002,4.0,5.0,-1.0,16,-0.43799999999999994,0.22,5.5,fab8f433d6f6bb610ff043434b54f18824bcad5c38069edd6b0404477ea4af7a
500,50,420,0.002,3.0,4.0,4.5,5,0.436,0.78,6.5,8b99cc78d3cb5224793576097671ee3e7b24a24fb6d06417ba2121ba86390aaa
500,50,116,0.002,5.0,8.0,2.0,4,-1.344,-1.06,3.5,a7e45ccfa44749f47009339807a5b3b6faa94591750df4893bbd649eb03548aa
500,50,116,0.002,6.0,4.0,3.5,11,-0.4709999999999999,-0.16,4.5,a7e45ccfa44749f47009339807a5b3b6faa94591750df4893bbd649eb03548aa
500,50,153,0.002,2.0,5.0,2.0,46,-0.419,0.06,6.0,6b6f91ba62efae00f09fbbdb547009f73ef44ff90923e257225aa6c928379dbe
500,50,182,0.002,2.0,5.0,1.0,24,-0.402,0.62,5.0,ef5ccd9e100038eaeca590bb86f90622b26afb602bebc9512c60f4a108b50adc
500,50,173,0.002,4.0,5.0,2.5,6,0.287,1.05,5.5,3b3c69bfe1ea7d3417e6f0cb7831cd1890ff9efc41485332a6269801eec79431
500,50,173,0.002,2.0,5.0,3.5,36,0.293,0.89,6.0,3b3c69bfe1ea7d3417e6f0cb7831cd1890ff9efc41485332a6269801eec79431
500,50,116,0.002,6.0,9.0,1.0,3,-0.9060000000000001,-1.05,3.0,a7e45ccfa44749f47009339807a5b3b6faa94591750df4893bbd649eb03548aa
500,50,173,0.002,4.0,6.0,2.0,14,0.288,0.65,6.5,3b3c69bfe1ea7d3417e6f0cb7831cd1890ff9efc41485332a6269801eec79431
500,50,243,0.002,4.0,8.0,-1.0,16,-1.459,-0.97,4.0,a3243ce7707a2a3682e9edb42f661751af7593e49dee8391462be0e0e7feca5b
500,50,173,0.002,4.0,10.0,0.0,41,-1.133,-0.97,3.5,3b3c69bfe1ea7d3417e6f0cb7831cd1890ff9efc41485332a6269801eec79431
500,50,153,0.002,3.0,5.0,1.5,44,0.736,1.61,6.0,6b6f91ba62efae00f09fbbdb547009f73ef44ff90923e257225aa6c928379dbe
500,50,67,0.002,2.0,8.0,-0.5,30,-0.366,-0.13,4.5,3a360bea2f41e303724f014d0cc814dc18605110da671f5cf3213df428cae74f
500,50,116,0.002,5.0,1.0,5.5,32,0.391,0.88,5.5,a7e45ccfa44749f47009339807a5b3b6faa94591750df4893bbd649eb03548aa
500,50,420,0.002,1.0,8.0,3.5,32,0.05600000000000001,0.85,5.5,8b99cc78d3cb5224793576097671ee3e7b24a24fb6d06417ba2121ba86390aaa
500,50,116,0.002,2.0,6.0,4.5,7,0.087,0.3,5.5,a7e45ccfa44749f47009339807a5b3b6faa94591750df4893bbd649eb03548aa
500,50,116,0.002,5.0,4.0,4.0,7,-0.401,0.58,4.0,a7e45ccfa44749f47009339807a5b3b6faa94591750df4893bbd649eb03548aa
500,50,173,0.002,5.0,11.0,-1.0,6,-1.469,-1.25,3.0,3b3c69bfe1ea7d3417e6f0cb7831cd1890ff9efc41485332a6269801eec79431
500,50,36,0.002,1.0,11.0,-1.0,4,-0.43,-0.09,5.0,ff40caff9436adbf9bd38cd8dd2a07eed72cc198918166d6ec73cd19617b2ff6
500,50,116,0.002,6.0,4.0,3.5,2,-0.519,-0.1,4.5,a7e45ccfa44749f47009339807a5b3b6faa94591750df4893bbd649eb03548aa
500,50,116,0.002,7.0,5.0,2.5,4,-0.306,0.46,4.0,a7e45ccfa44749f47009339807a5b3b6faa94591750df4893bbd649eb03548aa
500,50,420,0.002,8.0,4.0,2.0,18,-0.601,-0.91,2.5,8b99cc78d3cb5224793576097671ee3e7b24a24fb6d06417ba2121ba86390aaa
500,50,173,0.002,3.0,7.0,2.0,14,0.276,0.74,6.0,3b3c69bfe1ea7d3417e6f0cb7831cd1890ff9efc41485332a6269801eec79431
500,50,173,0.002,7.0,5.0,1.0,3,-0.645,-0.44,4.0,3b3c69bfe1ea7d3417e6f0cb7831cd1890ff9efc41485332a6269801eec79431
500,50,420,0.002,5.0,7.0,2.0,16,-0.6629999999999999,-0.19,3.5,8b99cc78d3cb5224793576097671ee3e7b24a24fb6d06417ba2121ba86390aaa
500,50,173,0.002,5.0,4.0,2.5,8,-0.8960000000000001,-0.7,4.0,3b3c69bfe1ea7d3417e6f0cb7831cd1890ff9efc41485332a6269801eec79431
500,50,420,0.002,4.0,4.0,4.0,13,-0.628,-0.23,5.5,8b99cc78d3cb5224793576097671ee3e7b24a24fb6d06417ba2121ba86390aaa
500,50,116,0.002,2.0,6.0,4.5,2,0.034,0.2,6.5,a7e45ccfa44749f47009339807a5b3b6faa94591750df4893bbd649eb03548aa
500,50,116,0.002,7.0,4.0,3.0,5,-0.544,-0.44,4.5,a7e45ccfa44749f47009339807a5b3b6faa94591750df4893bbd649eb03548aa
500,50,116,0.002,4.0,4.0,4.5,1,0.373,0.78,5.5,a7e45ccfa44749f47009339807a5b3b6faa94591750df4893bbd649eb03548aa
500,50,116,0.002,3.0,9.0,2.5,8,-0.655,-0.6,5.5,a7e45ccfa44749f47009339807a5b3b6faa94591750df4893bbd649eb03548aa
500,50,243,0.002,7.0,6.0,-1.5,6,-1.156,-1.0,3.5,a3243ce7707a2a3682e9edb42f661751af7593e49dee8391462be0e0e7feca5b
500,50,243,0.002,5.0,7.0,-1.0,18,-1.089,-1.23,4.0,a3243ce7707a2a3682e9edb42f661751af7593e49dee8391462be0e0e7feca5b
500,50,182,0.002,3.0,6.0,0.0,11,-0.618,0.11,5.5,ef5ccd9e100038eaeca590bb86f90622b26afb602bebc9512c60f4a108b50adc
500,50,116,0.002,1.0,7.0,4.5,45,0.103,0.5,6.0,a7e45ccfa44749f47009339807a5b3b6faa94591750df4893bbd649eb03548aa
500,50,116,0.002,7.0,4.0,3.0,6,-0.226,-0.63,4.5,a7e45ccfa44749f47009339807a5b3b6faa94591750df4893bbd649eb03548aa
500,50,420,0.002,2.0,5.0,4.5,38,-0.277,0.17,7.5,8b99cc78d3cb5224793576097671ee3e7b24a24fb6d06417ba2121ba86390aaa
500,50,156,0.00025,3.0,-1.0,1.5,22,1.558,2.17,8.0,c0eabf7d5c642cd9077bfaa2a018dcfd8b98dc6f5570a2916e29fc8066add117
500,50,261,0.002,3.0,5.0,1.0,18,-0.092,0.5,5.0,84d7db09a4a66ab80de8d84cf303232fb5d2699c1e35c5a38a7893393bdba5db
500,50,420,0.002,5.0,6.0,2.5,1,-0.583,-0.26,5.5,8b99cc78d3cb5224793576097671ee3e7b24a24fb6d06417ba2121ba86390aaa
500,50,116,0.002,4.0,9.0,2.0,5,-0.919,-0.81,3.5,a7e45ccfa44749f47009339807a5b3b6faa94591750df4893bbd649eb03548aa
500,50,116,0.002,2.0,6.0,4.5,5,-0.319,-0.22,7.0,a7e45ccfa44749f47009339807a5b3b6faa94591750df4893bbd649eb03548aa
500,50,67,0.002,4.0,9.0,-2.0,36,-0.694,-0.51,4.0,3a360bea2f41e303724f014d0cc814dc18605110da671f5cf3213df428cae74f
500,50,243,0.002,1.0,8.0,0.5,39,0.483,0.81,5.5,a3243ce7707a2a3682e9edb42f661751af7593e49dee8391462be0e0e7feca5b
500,50,116,0.002,3.0,5.0,4.5,11,-0.057,0.52,5.5,a7e45ccfa44749f47009339807a5b3b6faa94591750df4893bbd649eb03548aa
500,50,116,0.002,6.0,2.0,4.5,2,-0.011,1.06,5.0,a7e45ccfa44749f47009339807a5b3b6faa94591750df4893bbd649eb03548aa
500,50,36,0.002,4.0,4.0,1.0,21,-0.076,0.5,5.0,ff40caff9436adbf9bd38cd8dd2a07eed72cc198918166d6ec73cd19617b2ff6
500,50,420,0.002,2.0,5.0,4.5,30,-0.277,-0.02,4.5,8b99cc78d3cb5224793576097671ee3e7b24a24fb6d06417ba2121ba86390aaa
500,50,420,0.002,4.0,9.0,1.5,3,-0.509,-0.02,4.5,8b99cc78d3cb5224793576097671ee3e7b24a24fb6d06417ba2121ba86390aaa
500,50,116,0.002,6.0,6.0,2.5,2,-0.672,-0.05,5.5,a7e45ccfa44749f47009339807a5b3b6faa94591750df4893bbd649eb03548aa
500,50,123,0.002,3.0,5.0,0.5,35,-0.667,-0.17,4.5,b2aa7ce2e829b156b6b2a9da36e09488eda956e5a66a30f221742ee0aa8167f7
500,50,272,0.002,2.0,4.0,1.0,11,0.554,1.17,7.5,afcb930297b7343b8945a302072f385537be9321555f4f186f06883623c7f8fb
500,50,173,0.002,5.0,8.0,0.5,35,-0.723,-0.76,5.0,3b3c69bfe1ea7d3417e6f0cb7831cd1890ff9efc41485332a6269801eec79431
500,50,36,0.002,2.0,6.0,1.0,34,-0.515,-0.09,4.5,ff40caff9436adbf9bd38cd8dd2a07eed72cc198918166d6ec73cd19617b2ff6
500,50,173,0.002,3.0,11.0,0.0,1,-0.552,-0.17,4.0,3b3c69bfe1ea7d3417e6f0cb7831cd1890ff9efc41485332a6269801eec79431
500,50,116,0.002,2.0,7.0,4.0,27,-0.353,-0.13,4.5,a7e45ccfa44749f47009339807a5b3b6faa94591750df4893bbd649eb03548aa
500,50,262,0.001,3.0,2.0,1.0,13,0.398,0.94,6.0,c80bd42dd2007dcd4ce2f14198ecc4247341eb77b27e1de5cc3fb045162a23de
500,50,116,0.002,4.0,6.0,3.5,33,-0.9469999999999998,-0.73,3.5,a7e45ccfa44749f47009339807a5b3b6faa94591750df4893bbd649eb03548aa
500,50,116,0.002,6.0,7.0,2.0,1,-1.259,-0.98,4.5,a7e45ccfa44749f47009339807a5b3b6faa94591750df4893bbd649eb03548aa
500,50,116,0.002,5.0,6.0,3.0,6,-0.6780000000000002,-0.26,4.5,a7e45ccfa44749f47009339807a5b3b6faa94591750df4893bbd649eb03548aa
500,50,306,0.002,5.0,5.0,-1.5,17,-0.738,-0.65,7.0,fab8f433d6f6bb610ff043434b54f18824bcad5c38069edd6b0404477ea4af7a
500,50,73,0.001,5.0,7.0,-2.5,20,-1.575,-1.68,3.0,d47db6a3fa9151c10e2a42a4c31e38c922e8941f0814a51e6204fe23b2d82160
500,50,261,0.002,4.0,5.0,0.5,24,0.159,0.76,6.0,84d7db09a4a66ab80de8d84cf303232fb5d2699c1e35c5a38a7893393bdba5db
500,50,413,0.0005,0.0,2.0,0.5,44,0.831,0.72,8.0,e55d38bd8bed310bd65d9e14249c15f89ef24ddca8328b186ccc55c37c171562
500,50,261,0.002,4.0,8.0,-1.0,16,-0.564,-0.63,4.0,84d7db09a4a66ab80de8d84cf303232fb5d2699c1e35c5a38a7893393bdba5db
500,50,116,0.002,1.0,6.0,5.0,45,0.433,0.52,7.0,a7e45ccfa44749f47009339807a5b3b6faa94591750df4893bbd649eb03548aa
500,50,261,0.002,4.0,6.0,0.0,5,-0.63,-0.76,4.5,84d7db09a4a66ab80de8d84cf303232fb5d2699c1e35c5a38a7893393bdba5db
500,50,116,0.002,1.0,5.0,5.5,8,0.38299999999999995,0.91,6.5,a7e45ccfa44749f47009339807a5b3b6faa94591750df4893bbd649eb03548aa
500,50,36,0.002,6.0,6.0,-1.0,5,-0.063,0.06,4.5,ff40caff9436adbf9bd38cd8dd2a07eed72cc198918166d6ec73cd19617b2ff6
500,50,116,0.002,3.0,7.0,3.5,6,-0.051,0.6,4.5,a7e45ccfa44749f47009339807a5b3b6faa94591750df4893bbd649eb03548aa
500,50,280,0.002,6.0,6.0,-0.5,1,-0.131,0.45,5.5,3dbec4ed280111c6f70cf5b95bd8007d71fffb43262f818ee2b01da94e952ed1
500,50,173,0.002,4.0,8.0,1.0,40,-0.5,-0.41,4.5,3b3c69bfe1ea7d3417e6f0cb7831cd1890ff9efc41485332a6269801eec79431
500,50,420,0.002,4.0,6.0,3.0,22,-0.45,0.0,4.5,8b99cc78d3cb5224793576097671ee3e7b24a24fb6d06417ba2121ba86390aaa
500,50,116,0.002,6.0,5.0,3.0,1,-0.407,0.02,4.5,a7e45ccfa44749f47009339807a5b3b6faa94591750df4893bbd649eb03548aa
500,50,116,0.002,4.0,9.0,2.0,11,-0.489,-0.68,4.0,a7e45ccfa44749f47009339807a5b3b6faa94591750df4893bbd649eb03548aa
500,50,420,0.002,4.0,5.0,3.5,7,-0.42199999999999993,-0.05,4.5,8b99cc78d3cb5224793576097671ee3e7b24a24fb6d06417ba2121ba86390aaa
500,50,138,0.002,3.0,6.0,1.0,21,-0.426,0.19,5.5,97b28df35b811f0a5dba92060bfa9d60f1cc23fb3123298c2b14a461bea2df00
500,50,116,0.002,1.0,5.0,5.5,20,0.634,1.31,6.0,a7e45ccfa44749f47009339807a5b3b6faa94591750df4893bbd649eb03548aa
500,50,420,0.002,5.0,4.0,3.5,4,0.802,1.51,6.5,8b99cc78d3cb5224793576097671ee3e7b24a24fb6d06417ba2121ba86390aaa
500,50,36,0.002,0.0,6.0,2.0,43,0.006,0.31,5.0,ff40caff9436adbf9bd38cd8dd2a07eed72cc198918166d6ec73cd19617b2ff6
500,50,116,0.002,5.0,8.0,2.0,4,-1.039,-0.73,4.0,a7e45ccfa44749f47009339807a5b3b6faa94591750df4893bbd649eb03548aa
500,50,36,0.002,8.0,3.0,-0.5,7,-0.066,0.08,4.5,ff40caff9436adbf9bd38cd8dd2a07eed72cc198918166d6ec73cd19617b2ff6
500,50,36,0.002,1.0,5.0,2.0,21,0.529,1.18,5.0,ff40caff9436adbf9bd38cd8dd2a07eed72cc198918166d6ec73cd19617b2ff6
500,50,272,0.002,2.0,6.0,0.0,39,-0.506,0.06,5.5,afcb930297b7343b8945a302072f385537be9321555f4f186f06883623c7f8fb
500,50,116,0.002,5.0,10.0,1.0,1,-0.572,-0.25,4.0,a7e45ccfa44749f47009339807a5b3b6faa94591750df4893bbd649eb03548aa
500,50,116,0.002,2.0,7.0,4.0,8,1.108,1.78,7.0,a7e45ccfa44749f47009339807a5b3b6faa94591750df4893bbd649eb03548aa
500,50,173,0.002,4.0,4.0,3.0,26,-0.493,0.48,5.5,3b3c69bfe1ea7d3417e6f0cb7831cd1890ff9efc41485332a6269801eec79431
500,50,116,0.002,2.0,2.0,6.5,34,1.369,2.0,6.5,a7e45ccfa44749f47009339807a5b3b6faa94591750df4893bbd649eb03548aa
500,50,116,0.002,8.0,5.0,2.0,1,-0.541,-0.07,4.5,a7e45ccfa44749f47009339807a5b3b6faa94591750df4893bbd649eb03548aa
500,50,138,0.002,2.0,5.0,2.0,27,-0.08900000000000001,0.27,5.5,97b28df35b811f0a5dba92060bfa9d60f1cc23fb3123298c2b14a461bea2df00
500,50,178,0.002,2.0,7.0,-1.0,23,-0.565,-0.01,5.0,2852b7ff8e5e77dbf55d6569bbb35253228fd4522b19f56bb25e9bbc298dc1d4
500,50,182,0.002,5.0,5.0,-0.5,13,-1.393,-1.38,3.5,ef5ccd9e100038eaeca590bb86f90622b26afb602bebc9512c60f4a108b50adc
500,50,116,0.002,0.0,6.0,5.5,17,0.504,0.65,6.5,a7e45ccfa44749f47009339807a5b3b6faa94591750df4893bbd649eb03548aa
500,50,421,0.002,2.0,3.0,-2.5,38,0.11200000000000002,1.16,7.0,f23384ab84b02fd2c2e1335f143f96ffb8f3ec3143ec7d49412bd8592837db43
500,50,36,0.002,3.0,8.0,-0.5,34,0.0,0.69,4.0,ff40caff9436adbf9bd38cd8dd2a07eed72cc198918166d6ec73cd19617b2ff6
500,50,173,0.002,3.0,7.0,2.0,19,-0.74,-0.35,4.5,3b3c69bfe1ea7d3417e6f0cb7831cd1890ff9efc41485332a6269801eec79431
500,50,123,0.002,2.0,6.0,0.5,8,0.273,0.57,5.5,b2aa7ce2e829b156b6b2a9da36e09488eda956e5a66a30f221742ee0aa8167f7
500,50,137,0.002,3.0,4.0,-1.5,29,0.177,0.66,7.0,69a1231af5fc3f55054f1c14b1a7313be0d0b67e0ff876b205be63a03e091d42
500,50,73,0.001,4.0,6.0,-1.5,18,-0.963,-0.7,5.5,d47db6a3fa9151c10e2a42a4c31e38c922e8941f0814a51e6204fe23b2d82160
500,50,138,0.002,3.0,4.0,2.0,34,0.195,0.72,7.5,97b28df35b811f0a5dba92060bfa9d60f1cc23fb3123298c2b14a461bea2df00
500,50,173,0.002,4.0,6.0,2.0,9,-0.276,-0.22,5.5,3b3c69bfe1ea7d3417e6f0cb7831cd1890ff9efc41485332a6269801eec79431
500,50,420,0.002,4.0,9.0,1.5,36,-1.446,-1.19,3.5,8b99cc78d3cb5224793576097671ee3e7b24a24fb6d06417ba2121ba86390aaa
500,50,116,0.002,1.0,7.0,4.5,40,-0.706,-0.06,4.5,a7e45ccfa44749f47009339807a5b3b6faa94591750df4893bbd649eb03548aa
500,50,74,0.002,7.0,2.0,-1.0,8,-0.43,0.04,5.0,5336d765b764a93e2eb1d0758e1d55b61cf2de15952d7b4f9d34abd296c96afb
500,50,420,0.002,4.0,5.0,3.5,11,-0.255,0.3,7.0,8b99cc78d3cb5224793576097671ee3e7b24a24fb6d06417ba2121ba86390aaa
500,50,178,0.002,3.0,4.0,0.0,21,0.546,1.52,5.5,2852b7ff8e5e77dbf55d6569bbb35253228fd4522b19f56bb25e9bbc298dc1d4
500,50,138,0.002,5.0,6.0,0.0,38,-0.526,-0.02,4.5,97b28df35b811f0a5dba92060bfa9d60f1cc23fb3123298c2b14a461bea2df00
500,50,116,0.002,3.0,3.0,5.5,6,0.824,1.86,6.0,a7e45ccfa44749f47009339807a5b3b6faa94591750df4893bbd649eb03548aa
500,50,182,0.002,4.0,6.0,-0.5,9,-0.266,0.17,5.0,ef5ccd9e100038eaeca590bb86f90622b26afb602bebc9512c60f4a108b50adc
500,50,173,0.002,4.0,11.0,-0.5,1,-0.7559999999999999,-0.06,4.0,3b3c69bfe1ea7d3417e6f0cb7831cd1890ff9efc41485332a6269801eec79431
500,50,243,0.002,4.0,4.0,1.0,4,0.127,0.85,7.5,a3243ce7707a2a3682e9edb42f661751af7593e49dee8391462be0e0e7feca5b
500,50,123,0.002,5.0,6.0,-1.0,7,-1.182,-0.99,4.0,b2aa7ce2e829b156b6b2a9da36e09488eda956e5a66a30f221742ee0aa8167f7
500,50,173,0.002,3.0,4.0,3.5,26,1.057,1.69,7.5,3b3c69bfe1ea7d3417e6f0cb7831cd1890ff9efc41485332a6269801eec79431
500,50,272,0.002,2.0,6.0,0.0,34,-0.27,0.46,5.5,afcb930297b7343b8945a302072f385537be9321555f4f186f06883623c7f8fb
500,50,173,0.002,6.0,2.0,3.0,7,0.288,1.16,6.5,3b3c69bfe1ea7d3417e6f0cb7831cd1890ff9efc41485332a6269801eec79431
500,50,420,0.002,4.0,2.0,5.0,18,-0.141,0.59,5.5,8b99cc78d3cb5224793576097671ee3e7b24a24fb6d06417ba2121ba86390aaa
500,50,116,0.002,12.0,9.0,-2.0,1,-1.354,-2.3,2.5,a7e45ccfa44749f47009339807a5b3b6faa94591750df4893bbd649eb03548aa
500,50,116,0.002,0.0,10.0,3.5,46,-0.381,-0.2,5.5,a7e45ccfa44749f47009339807a5b3b6faa94591750df4893bbd649eb03548aa
500,50,153,0.002,4.0,5.0,1.0,19,-0.382,0.0,6.0,6b6f91ba62efae00f09fbbdb547009f73ef44ff90923e257225aa6c928379dbe
500,50,173,0.002,4.0,5.0,2.5,6,-0.295,0.33,6.0,3b3c69bfe1ea7d3417e6f0cb7831cd1890ff9efc41485332a6269801eec79431
500,50,116,0.002,4.0,5.0,4.0,3,0.584,1.22,7.0,a7e45ccfa44749f47009339807a5b3b6faa94591750df4893bbd649eb03548aa
500,50,116,0.002,3.0,7.0,3.5,12,-0.642,-0.51,4.0,a7e45ccfa44749f47009339807a5b3b6faa94591750df4893bbd649eb03548aa
500,50,116,0.002,3.0,8.0,3.0,8,-0.3459999999999999,-0.35,4.0,a7e45ccfa44749f47009339807a5b3b6faa94591750df4893bbd649eb03548aa
500,50,116,0.002,1.0,1.0,7.5,50,0.489,1.64,7.5,a7e45ccfa44749f47009339807a5b3b6faa94591750df4893bbd649eb03548aa
500,50,280,0.002,2.0,7.0,1.0,22,0.13,0.6,5.0,3dbec4ed280111c6f70cf5b95bd8007d71fffb43262f818ee2b01da94e952ed1
500,50,116,0.002,2.0,4.0,5.5,17,0.414,0.65,5.5,a7e45ccfa44749f47009339807a5b3b6faa94591750df4893bbd649eb03548aa
500,50,182,0.002,3.0,4.0,1.0,22,-0.102,0.5,5.0,ef5ccd9e100038eaeca590bb86f90622b26afb602bebc9512c60f4a108b50adc
500,50,116,0.002,6.0,6.0,2.5,1,-0.539,-0.39,4.0,a7e45ccfa44749f47009339807a5b3b6faa94591750df4893bbd649eb03548aa
500,50,138,0.002,2.0,5.0,2.0,3,0.789,0.33,6.0,97b28df35b811f0a5dba92060bfa9d60f1cc23fb3123298c2b14a461bea2df00
500,50,138,0.002,4.0,8.0,-0.5,4,-0.385,0.23,4.0,97b28df35b811f0a5dba92060bfa9d60f1cc23fb3123298c2b14a461bea2df00
500,50,116,0.002,4.0,11.0,1.0,10,-1.007,-0.68,3.5,a7e45ccfa44749f47009339807a5b3b6faa94591750df4893bbd649eb03548aa
500,50,116,0.002,0.0,6.0,5.5,49,0.098,0.3,5.5,a7e45ccfa44749f47009339807a5b3b6faa94591750df4893bbd649eb03548aa
500,50,173,0.002,3.0,3.0,4.0,35,0.072,0.43,6.5,3b3c69bfe1ea7d3417e6f0cb7831cd1890ff9efc41485332a6269801eec79431
500,50,203,0.002,4.0,9.0,-4.5,1,-0.11600000000000002,0.19,4.5,482f9bb74e396230e41acb238caf3964559f8d6f6f94a105834a53b8cd581e55
500,50,420,0.002,3.0,5.0,4.0,12,0.278,0.9,5.5,8b99cc78d3cb5224793576097671ee3e7b24a24fb6d06417ba2121ba86390aaa
500,50,203,0.002,3.0,6.0,-2.5,10,0.139,0.27,5.0,482f9bb74e396230e41acb238caf3964559f8d6f6f94a105834a53b8cd581e55
500,50,420,0.002,1.0,3.0,6.0,50,0.92,1.73,7.5,8b99cc78d3cb5224793576097671ee3e7b24a24fb6d06417ba2121ba86390aaa
500,50,420,0.002,2.0,6.0,4.0,41,0.199,0.12,7.0,8b99cc78d3cb5224793576097671ee3e7b24a24fb6d06417ba2121ba86390aaa
500,50,280,0.002,4.0,10.0,-1.5,11,-1.847,-1.82,3.0,3dbec4ed280111c6f70cf5b95bd8007d71fffb43262f818ee2b01da94e952ed1
500,50,116,0.002,5.0,7.0,2.5,6,-0.61,-0.28,3.5,a7e45ccfa44749f47009339807a5b3b6faa94591750df4893bbd649eb03548aa
500,50,116,0.002,3.0,7.0,3.5,6,-0.17299999999999996,-0.02,4.0,a7e45ccfa44749f47009339807a5b3b6faa94591750df4893bbd649eb03548aa
500,50,261,0.002,2.0,6.0,1.0,40,0.06,0.91,6.5,84d7db09a4a66ab80de8d84cf303232fb5d2699c1e35c5a38a7893393bdba5db
500,50,153,0.002,2.0,5.0,2.0,40,0.275,1.04,5.0,6b6f91ba62efae00f09fbbdb547009f73ef44ff90923e257225aa6c928379dbe
500,50,67,0.002,5.0,8.0,-2.0,7,-0.419,-0.28,5.5,3a360bea2f41e303724f014d0cc814dc18605110da671f5cf3213df428cae74f
500,50,173,0.002,5.0,8.0,0.5,9,0.11600000000000002,1.13,5.5,3b3c69bfe1ea7d3417e6f0cb7831cd1890ff9efc41485332a6269801eec79431
500,50,209,0.001,1.0,4.0,1.0,8,0.6629999999999999,1.07,5.5,886a14107d7fa93a41960fdb8744e8befb34c8a890a5c627d34c2259f4531f7d
500,50,182,0.002,2.0,6.0,0.5,50,-1.024,-0.32,3.0,ef5ccd9e100038eaeca590bb86f90622b26afb602bebc9512c60f4a108b50adc
500,50,173,0.002,3.0,9.0,1.0,2,-0.83,-0.11,4.0,3b3c69bfe1ea7d3417e6f0cb7831cd1890ff9efc41485332a6269801eec79431
500,50,420,0.002,5.0,7.0,2.0,3,-0.38800000000000007,0.08,5.0,8b99cc78d3cb5224793576097671ee3e7b24a24fb6d06417ba2121ba86390aaa
500,50,153,0.002,1.0,6.0,2.0,48,0.19699999999999998,0.72,6.0,6b6f91ba62efae00f09fbbdb547009f73ef44ff90923e257225aa6c928379dbe
500,50,423,0.0005,1.0,2.0,-1.0,30,0.408,0.17,7.5,3d2ebf107429ef13ace7750af79be48e330263a60bc5b76a4112f03245eaa320
500,50,116,0.002,4.0,5.0,4.0,3,0.604,1.2,7.0,a7e45ccfa44749f47009339807a5b3b6faa94591750df4893bbd649eb03548aa
500,50,100,0.001,2.0,5.0,-0.5,49,-0.212,-0.05,4.5,ab95892f6647819441065b172eef2de5f45c7f0ce9c31bba0e91bdd978f2b031
500,50,116,0.002,1.0,9.0,3.5,31,0.043,0.47,6.5,a7e45ccfa44749f47009339807a5b3b6faa94591750df4893bbd649eb03548aa
500,50,116,0.002,2.0,6.0,4.5,10,-0.05600000000000001,0.33,6.0,a7e45ccfa44749f47009339807a5b3b6faa94591750df4893bbd649eb03548aa
500,50,95,0.002,5.0,7.0,-2.0,24,-0.612,-1.27,3.5,c25fc3efb39204b5d63cd28eb38ba90889f8e69e2579abfd84abaa122b7be87a
500,50,36,0.002,7.0,6.0,-1.5,3,-0.573,0.04,5.5,ff40caff9436adbf9bd38cd8dd2a07eed72cc198918166d6ec73cd19617b2ff6
500,50,116,0.002,1.0,5.0,5.5,43,0.7070000000000001,1.35,5.5,a7e45ccfa44749f47009339807a5b3b6faa94591750df4893bbd649eb03548aa
500,50,116,0.002,5.0,6.0,3.0,19,-1.564,-0.85,3.0,a7e45ccfa44749f47009339807a5b3b6faa94591750df4893bbd649eb03548aa
500,50,420,0.002,4.0,5.0,3.5,8,-0.023,0.5,5.5,8b99cc78d3cb5224793576097671ee3e7b24a24fb6d06417ba2121ba86390aaa
500,50,123,0.002,3.0,2.0,2.0,15,0.295,0.73,7.0,b2aa7ce2e829b156b6b2a9da36e09488eda956e5a66a30f221742ee0aa8167f7
500,50,173,0.002,3.0,6.0,2.5,12,-0.23200000000000004,0.13,5.5,3b3c69bfe1ea7d3417e6f0cb7831cd1890ff9efc41485332a6269801eec79431
500,50,173,0.002,2.0,5.0,3.5,2,0.541,0.28,8.0,3b3c69bfe1ea7d3417e6f0cb7831cd1890ff9efc41485332a6269801eec79431
500,50,173,0.002,5.0,7.0,1.0,3,-0.65,0.04,5.5,3b3c69bfe1ea7d3417e6f0cb7831cd1890ff9efc41485332a6269801eec79431
500,50,153,0.002,6.0,7.0,-1.0,5,-0.342,0.07,5.0,6b6f91ba62efae00f09fbbdb547009f73ef44ff90923e257225aa6c928379dbe
500,50,74,0.002,4.0,6.0,-1.5,15,-0.355,-0.5,4.5,5336d765b764a93e2eb1d0758e1d55b61cf2de15952d7b4f9d34abd296c96afb
500,50,116,0.002,5.0,8.0,2.0,5,-1.103,-0.72,4.5,a7e45ccfa44749f47009339807a5b3b6faa94591750df4893bbd649eb03548aa
500,50,116,0.002,6.0,4.0,3.5,6,-0.352,-0.29,4.0,a7e45ccfa44749f47009339807a5b3b6faa94591750df4893bbd649eb03548aa
500,50,116,0.002,0.0,8.0,4.5,8,0.579,1.2,5.0,a7e45ccfa44749f47009339807a5b3b6faa94591750df4893bbd649eb03548aa
500,50,36,0.002,4.0,8.0,-1.0,22,-0.973,-0.71,4.0,ff40caff9436adbf9bd38cd8dd2a07eed72cc198918166d6ec73cd19617b2ff6
500,50,158,0.002,2.0,7.0,-0.5,20,0.03,0.12,5.0,344f34a1d32ba9c9a001e56e4d03ecfc7599d1fa3c5627b1ed5b429067fd6d72
500,50,116,0.002,3.0,9.0,2.5,15,-1.68,-1.44,3.5,a7e45ccfa44749f47009339807a5b3b6faa94591750df4893bbd649eb03548aa
500,50,153,0.002,3.0,10.0,-1.0,19,-0.4109999999999999,-0.24,5.5,6b6f91ba62efae00f09fbbdb547009f73ef44ff90923e257225aa6c928379dbe
500,50,116,0.002,4.0,9.0,2.0,6,-1.579,-1.64,3.0,a7e45ccfa44749f47009339807a5b3b6faa94591750df4893bbd649eb03548aa
500,50,36,0.002,2.0,9.0,-0.5,33,-0.7710000000000001,-0.68,4.0,ff40caff9436adbf9bd38cd8dd2a07eed72cc198918166d6ec73cd19617b2ff6
500,50,420,0.002,4.0,6.0,3.0,6,-0.433,-0.72,5.0,8b99cc78d3cb5224793576097671ee3e7b24a24fb6d06417ba2121ba86390aaa
500,50,182,0.002,1.0,3.0,2.5,35,0.17800000000000002,0.74,8.0,ef5ccd9e100038eaeca590bb86f90622b26afb602bebc9512c60f4a108b50adc
500,50,173,0.002,4.0,5.0,2.5,8,-0.455,0.33,6.0,3b3c69bfe1ea7d3417e6f0cb7831cd1890ff9efc41485332a6269801eec79431
500,50,420,0.002,1.0,9.0,3.0,30,-0.149,0.49,4.0,8b99cc78d3cb5224793576097671ee3e7b24a24fb6d06417ba2121ba86390aaa
500,50,153,0.002,4.0,5.0,1.0,30,0.077,0.07,3.5,6b6f91ba62efae00f09fbbdb547009f73ef44ff90923e257225aa6c928379dbe
500,50,36,0.002,8.0,4.0,-1.0,2,-0.711,-0.46,5.0,ff40caff9436adbf9bd38cd8dd2a07eed72cc198918166d6ec73cd19617b2ff6
500,50,116,0.002,4.0,9.0,2.0,6,-0.543,-0.21,5.0,a7e45ccfa44749f47009339807a5b3b6faa94591750df4893bbd649eb03548aa
500,50,173,0.002,5.0,2.0,3.5,34,-0.571,-0.19,5.5,3b3c69bfe1ea7d3417e6f0cb7831cd1890ff9efc41485332a6269801eec79431
500,50,173,0.002,6.0,5.0,1.5,33,-1.354,-1.69,5.5,3b3c69bfe1ea7d3417e6f0cb7831cd1890ff9efc41485332a6269801eec79431
500,50,116,0.002,3.0,9.0,2.5,8,-0.73,-0.09,4.0,a7e45ccfa44749f47009339807a5b3b6faa94591750df4893bbd649eb03548aa
500,50,313,0.0005,2.0,4.0,0.0,13,0.218,0.13,8.5,dabee2aec04710fcaf92fdbd555da095eb58ace2a43c0f2726a6a477f1bac4f5
500,50,116,0.002,7.0,4.0,3.0,4,-0.441,-0.58,4.0,a7e45ccfa44749f47009339807a5b3b6faa94591750df4893bbd649eb03548aa
500,50,280,0.002,1.0,8.0,1.0,26,-0.014000000000000002,0.33,5.0,3dbec4ed280111c6f70cf5b95bd8007d71fffb43262f818ee2b01da94e952ed1
500,50,123,0.002,5.0,5.0,-0.5,9,-0.838,-0.46,4.0,b2aa7ce2e829b156b6b2a9da36e09488eda956e5a66a30f221742ee0aa8167f7
500,50,420,0.002,3.0,8.0,2.5,28,-0.586,-0.44,6.0,8b99cc78d3cb5224793576097671ee3e7b24a24fb6d06417ba2121ba86390aaa
500,50,423,0.0005,0.0,2.0,-0.5,42,0.9670000000000001,1.0,9.5,3d2ebf107429ef13ace7750af79be48e330263a60bc5b76a4112f03245eaa320
500,50,280,0.002,3.0,7.0,0.5,22,-0.42699999999999994,0.48,7.5,3dbec4ed280111c6f70cf5b95bd8007d71fffb43262f818ee2b01da94e952ed1
500,50,116,0.002,4.0,5.0,4.0,18,-0.278,0.22,4.5,a7e45ccfa44749f47009339807a5b3b6faa94591750df4893bbd649eb03548aa
500,50,173,0.002,3.0,8.0,1.5,19,-1.7689999999999997,-1.69,4.0,3b3c69bfe1ea7d3417e6f0cb7831cd1890ff9efc41485332a6269801eec79431
500,50,116,0.002,3.0,6.0,4.0,13,-0.149,0.29,4.0,a7e45ccfa44749f47009339807a5b3b6faa94591750df4893bbd649eb03548aa
500,50,116,0.002,5.0,5.0,3.5,9,-0.18899999999999997,-0.14,4.0,a7e45ccfa44749f47009339807a5b3b6faa94591750df4893bbd649eb03548aa
500,50,182,0.002,1.0,4.0,2.0,44,0.106,0.44,6.0,ef5ccd9e100038eaeca590bb86f90622b26afb602bebc9512c60f4a108b50adc
500,50,173,0.002,6.0,8.0,0.0,2,-0.76,-0.48,3.5,3b3c69bfe1ea7d3417e6f0cb7831cd1890ff9efc41485332a6269801eec79431
500,50,74,0.002,3.0,5.0,-0.5,37,-1.133,-0.65,4.0,5336d765b764a93e2eb1d0758e1d55b61cf2de15952d7b4f9d34abd296c96afb
500,50,116,0.002,5.0,5.0,3.5,2,-0.007000000000000001,0.03,6.0,a7e45ccfa44749f47009339807a5b3b6faa94591750df4893bbd649eb03548aa
500,50,280,0.002,5.0,4.0,1.0,6,0.021,0.13,6.0,3dbec4ed280111c6f70cf5b95bd8007d71fffb43262f818ee2b01da94e952ed1
500,50,420,0.002,2.0,4.0,5.0,8,0.809,0.94,7.5,8b99cc78d3cb5224793576097671ee3e7b24a24fb6d06417ba2121ba86390aaa
500,50,116,0.002,8.0,4.0,2.5,2,-0.157,0.71,5.0,a7e45ccfa44749f47009339807a5b3b6faa94591750df4893bbd649eb03548aa
500,50,36,0.002,3.0,8.0,-0.5,9,-0.384,-0.13,4.0,ff40caff9436adbf9bd38cd8dd2a07eed72cc198918166d6ec73cd19617b2ff6
500,50,420,0.002,5.0,7.0,2.0,1,-0.384,0.02,7.0,8b99cc78d3cb5224793576097671ee3e7b24a24fb6d06417ba2121ba86390aaa
500,50,413,0.0005,0.0,3.0,0.0,34,0.42100000000000004,0.57,7.0,e55d38bd8bed310bd65d9e14249c15f89ef24ddca8328b186ccc55c37c171562
500,50,116,0.002,7.0,4.0,3.0,3,-0.008,0.72,5.5,a7e45ccfa44749f47009339807a5b3b6faa94591750df4893bbd649eb03548aa
500,50,420,0.002,2.0,11.0,1.5,6,-0.364,-0.27,4.0,8b99cc78d3cb5224793576097671ee3e7b24a24fb6d06417ba2121ba86390aaa
500,50,173,0.002,7.0,7.0,0.0,2,-0.9,-1.07,4.0,3b3c69bfe1ea7d3417e6f0cb7831cd1890ff9efc41485332a6269801eec79431
500,50,123,0.002,2.0,7.0,0.0,45,-0.136,0.3,4.5,b2aa7ce2e829b156b6b2a9da36e09488eda956e5a66a30f221742ee0aa8167f7
500,50,116,0.002,5.0,6.0,3.0,1,-0.302,0.23,6.0,a7e45ccfa44749f47009339807a5b3b6faa94591750df4893bbd649eb03548aa
500,50,116,0.002,4.0,8.0,2.5,30,-1.393,-0.73,3.5,a7e45ccfa44749f47009339807a5b3b6faa94591750df4893bbd649eb03548aa
500,50,173,0.002,2.0,8.0,2.0,17,-0.174,0.39,4.5,3b3c69bfe1ea7d3417e6f0cb7831cd1890ff9efc41485332a6269801eec79431
500,50,173,0.002,4.0,6.0,2.0,8,0.149,0.47,5.5,3b3c69bfe1ea7d3417e6f0cb7831cd1890ff9efc41485332a6269801eec79431
500,50,138,0.002,4.0,5.0,1.0,39,-0.22699999999999998,0.43,6.0,97b28df35b811f0a5dba92060bfa9d60f1cc23fb3123298c2b14a461bea2df00
500,50,173,0.002,2.0,3.0,4.5,32,-0.148,0.81,6.5,3b3c69bfe1ea7d3417e6f0cb7831cd1890ff9efc41485332a6269801eec79431
500,50,123,0.002,3.0,5.0,0.5,20,-0.306,0.66,5.5,b2aa7ce2e829b156b6b2a9da36e09488eda956e5a66a30f221742ee0aa8167f7
500,50,73,0.001,6.0,3.0,-1.0,20,0.049,0.46,6.0,d47db6a3fa9151c10e2a42a4c31e38c922e8941f0814a51e6204fe23b2d82160
500,50,116,0.002,5.0,5.0,3.5,2,0.07,0.44,5.0,a7e45ccfa44749f47009339807a5b3b6faa94591750df4893bbd649eb03548aa
500,50,153,0.002,4.0,2.0,2.5,8,1.148,2.24,7.0,6b6f91ba62efae00f09fbbdb547009f73ef44ff90923e257225aa6c928379dbe
500,50,116,0.002,5.0,6.0,3.0,7,-0.461,-0.06,3.0,a7e45ccfa44749f47009339807a5b3b6faa94591750df4893bbd649eb03548aa
500,50,420,0.002,3.0,8.0,2.5,5,-0.261,-0.08,4.5,8b99cc78d3cb5224793576097671ee3e7b24a24fb6d06417ba2121ba86390aaa
500,50,153,0.002,4.0,2.0,2.5,15,0.9840000000000001,2.3,8.0,6b6f91ba62efae00f09fbbdb547009f73ef44ff90923e257225aa6c928379dbe
500,50,420,0.002,5.0,5.0,3.0,4,0.084,-0.01,5.0,8b99cc78d3cb5224793576097671ee3e7b24a24fb6d06417ba2121ba86390aaa
500,50,116,0.002,4.0,10.0,1.5,7,-1.476,-0.99,4.5,a7e45ccfa44749f47009339807a5b3b6faa94591750df4893bbd649eb03548aa
500,50,261,0.002,4.0,3.0,1.5,1,0.6780000000000002,1.31,8.0,84d7db09a4a66ab80de8d84cf303232fb5d2699c1e35c5a38a7893393bdba5db
500,50,420,0.002,5.0,12.0,-0.5,1,-1.305,-0.9,3.0,8b99cc78d3cb5224793576097671ee3e7b24a24fb6d06417ba2121ba86390aaa
500,50,116,0.002,1.0,4.0,6.0,21,0.407,0.93,6.0,a7e45ccfa44749f47009339807a5b3b6faa94591750df4893bbd649eb03548aa
500,50,116,0.002,0.0,5.0,6.0,24,0.977,1.63,7.0,a7e45ccfa44749f47009339807a5b3b6faa94591750df4893bbd649eb03548aa
500,50,116,0.002,6.0,7.0,2.0,3,-1.207,-0.71,3.5,a7e45ccfa44749f47009339807a5b3b6faa94591750df4893bbd649eb03548aa
500,50,261,0.002,7.0,5.0,-1.0,29,-1.131,-1.08,4.0,84d7db09a4a66ab80de8d84cf303232fb5d2699c1e35c5a38a7893393bdba5db
500,50,67,0.002,7.0,5.0,-1.5,8,0.16699999999999998,0.5,5.5,3a360bea2f41e303724f014d0cc814dc18605110da671f5cf3213df428cae74f
500,50,314,0.001,5.0,3.0,-2.0,50,-1.012,-0.89,4.0,ef6d19b7a07253e1b35bebfd8106441d2a41f96858e5753d63740edb7bc1e85b
500,50,420,0.002,4.0,5.0,3.5,8,0.118,0.08,6.0,8b99cc78d3cb5224793576097671ee3e7b24a24fb6d06417ba2121ba86390aaa
500,50,173,0.002,1.0,6.0,3.5,31,0.261,0.51,6.5,3b3c69bfe1ea7d3417e6f0cb7831cd1890ff9efc41485332a6269801eec79431
500,50,173,0.002,3.0,5.0,3.0,4,0.17299999999999996,0.79,7.0,3b3c69bfe1ea7d3417e6f0cb7831cd1890ff9efc41485332a6269801eec79431
500,50,123,0.002,1.0,7.0,0.5,37,-0.19699999999999998,0.33,7.0,b2aa7ce2e829b156b6b2a9da36e09488eda956e5a66a30f221742ee0aa8167f7
500,50,116,0.002,3.0,5.0,4.5,15,-0.096,0.63,5.5,a7e45ccfa44749f47009339807a5b3b6faa94591750df4893bbd649eb03548aa
500,50,420,0.002,4.0,9.0,1.5,3,-0.7070000000000001,-0.06,4.5,8b99cc78d3cb5224793576097671ee3e7b24a24fb6d06417ba2121ba86390aaa
500,50,116,0.002,2.0,4.0,5.5,10,0.398,0.6,6.0,a7e45ccfa44749f47009339807a5b3b6faa94591750df4893bbd649eb03548aa
500,50,313,0.0005,4.0,1.0,0.5,36,0.455,1.01,6.5,dabee2aec04710fcaf92fdbd555da095eb58ace2a43c0f2726a6a477f1bac4f5
500,50,38,0.002,3.0,8.0,-3.5,20,-0.8690000000000001,-1.06,3.0,745e093be5c132f8dd62ffe006291e2dbe17e030eef209884a7f1ef9e3699f87
500,50,67,0.002,3.0,4.0,1.0,20,0.11600000000000002,0.41,6.0,3a360bea2f41e303724f014d0cc814dc18605110da671f5cf3213df428cae74f
500,50,116,0.002,5.0,5.0,3.5,3,-0.441,-0.35,5.0,a7e45ccfa44749f47009339807a5b3b6faa94591750df4893bbd649eb03548aa
500,50,67,0.002,2.0,9.0,-1.0,15,0.069,0.64,4.5,3a360bea2f41e303724f014d0cc814dc18605110da671f5cf3213df428cae74f
500,50,173,0.002,3.0,8.0,1.5,5,-0.47,-0.13,4.5,3b3c69bfe1ea7d3417e6f0cb7831cd1890ff9efc41485332a6269801eec79431
500,50,36,0.002,2.0,8.0,0.0,17,0.055,0.24,5.5,ff40caff9436adbf9bd38cd8dd2a07eed72cc198918166d6ec73cd19617b2ff6
500,50,257,0.002,3.0,6.0,-1.0,19,-0.365,0.11,5.5,4946ca683e3b87304f8eb7b91da450d6fd9743c7b4f713232c6f82c1e821388b
500,50,116,0.002,6.0,3.0,4.0,7,0.441,0.83,5.0,a7e45ccfa44749f47009339807a5b3b6faa94591750df4893bbd649eb03548aa
500,50,116,0.002,6.0,6.0,2.5,1,-0.031,0.38,5.0,a7e45ccfa44749f47009339807a5b3b6faa94591750df4893bbd649eb03548aa
500,50,272,0.002,3.0,4.0,0.5,3,0.385,0.55,7.5,afcb930297b7343b8945a302072f385537be9321555f4f186f06883623c7f8fb
500,50,116,0.002,7.0,12.0,-1.0,2,-1.505,-1.8,3.5,a7e45ccfa44749f47009339807a5b3b6faa94591750df4893bbd649eb03548aa
500,50,116,0.002,1.0,8.0,4.0,16,0.214,0.7,4.5,a7e45ccfa44749f47009339807a5b3b6faa94591750df4893bbd649eb03548aa
500,50,203,0.002,4.0,8.0,-4.0,41,-1.068,-0.93,4.5,482f9bb74e396230e41acb238caf3964559f8d6f6f94a105834a53b8cd581e55
500,50,116,0.002,3.0,4.0,5.0,37,-0.15,0.67,5.5,a7e45ccfa44749f47009339807a5b3b6faa94591750df4893bbd649eb03548aa
500,50,153,0.002,6.0,6.0,-0.5,10,-0.516,-0.02,4.0,6b6f91ba62efae00f09fbbdb547009f73ef44ff90923e257225aa6c928379dbe
500,50,67,0.002,0.0,7.0,1.0,41,0.6969999999999998,1.15,6.5,3a360bea2f41e303724f014d0cc814dc18605110da671f5cf3213df428cae74f
500,50,116,0.002,5.0,4.0,4.0,5,-0.064,0.4,5.0,a7e45ccfa44749f47009339807a5b3b6faa94591750df4893bbd649eb03548aa
500,50,116,0.002,4.0,7.0,3.0,8,-0.769,-0.16,3.5,a7e45ccfa44749f47009339807a5b3b6faa94591750df4893bbd649eb03548aa
500,50,116,0.002,3.0,6.0,4.0,2,-0.741,-0.4,4.0,a7e45ccfa44749f47009339807a5b3b6faa94591750df4893bbd649eb03548aa
500,50,420,0.002,3.0,5.0,4.0,11,0.499,0.73,5.5,8b99cc78d3cb5224793576097671ee3e7b24a24fb6d06417ba2121ba86390aaa
500,50,420,0.002,3.0,7.0,3.0,14,0.071,0.14,5.5,8b99cc78d3cb5224793576097671ee3e7b24a24fb6d06417ba2121ba86390aaa
500,50,173,0.002,7.0,2.0,2.5,2,0.271,1.02,5.0,3b3c69bfe1ea7d3417e6f0cb7831cd1890ff9efc41485332a6269801eec79431
500,50,116,0.002,7.0,3.0,3.5,12,-0.479,-0.69,3.5,a7e45ccfa44749f47009339807a5b3b6faa94591750df4893bbd649eb03548aa
500,50,306,0.002,2.0,4.0,0.5,24,-0.06,0.83,6.0,fab8f433d6f6bb610ff043434b54f18824bcad5c38069edd6b0404477ea4af7a
500,50,116,0.002,4.0,5.0,4.0,4,0.322,0.35,4.5,a7e45ccfa44749f47009339807a5b3b6faa94591750df4893bbd649eb03548aa
500,50,420,0.002,3.0,7.0,3.0,34,-0.9739999999999999,-0.68,3.0,8b99cc78d3cb5224793576097671ee3e7b24a24fb6d06417ba2121ba86390aaa
500,50,173,0.002,2.0,6.0,3.0,32,0.113,0.28,5.0,3b3c69bfe1ea7d3417e6f0cb7831cd1890ff9efc41485332a6269801eec79431
500,50,177,0.002,2.0,6.0,-3.5,23,-0.703,-0.42,5.5,70279ead3bec9b7e96f06997217364ead88ddb28465de113f6c9d3d9a6accc8c
500,50,243,0.002,3.0,6.0,0.5,28,0.09300000000000001,0.25,5.0,a3243ce7707a2a3682e9edb42f661751af7593e49dee8391462be0e0e7feca5b
500,50,420,0.002,6.0,5.0,2.5,2,-0.958,-0.1,4.5,8b99cc78d3cb5224793576097671ee3e7b24a24fb6d06417ba2121ba86390aaa
500,50,173,0.002,3.0,8.0,1.5,8,-0.352,0.34,5.0,3b3c69bfe1ea7d3417e6f0cb7831cd1890ff9efc41485332a6269801eec79431
500,50,116,0.002,5.0,2.0,5.0,16,-0.006,0.99,5.5,a7e45ccfa44749f47009339807a5b3b6faa94591750df4893bbd649eb03548aa
500,50,116,0.002,3.0,8.0,3.0,10,-0.02,0.74,5.0,a7e45ccfa44749f47009339807a5b3b6faa94591750df4893bbd649eb03548aa
500,50,272,0.002,3.0,7.0,-1.0,40,-1.039,-1.12,5.0,afcb930297b7343b8945a302072f385537be9321555f4f186f06883623c7f8fb
500,50,67,0.002,5.0,7.0,-1.5,35,-1.537,-0.96,2.5,3a360bea2f41e303724f014d0cc814dc18605110da671f5cf3213df428cae74f
500,50,420,0.002,2.0,6.0,4.0,27,-0.131,0.35,4.5,8b99cc78d3cb5224793576097671ee3e7b24a24fb6d06417ba2121ba86390aaa
500,50,178,0.002,4.0,2.0,0.5,28,0.914,1.23,6.0,2852b7ff8e5e77dbf55d6569bbb35253228fd4522b19f56bb25e9bbc298dc1d4
500,50,36,0.002,3.0,7.0,0.0,10,0.573,0.44,5.5,ff40caff9436adbf9bd38cd8dd2a07eed72cc198918166d6ec73cd19617b2ff6
500,50,420,0.002,3.0,7.0,3.0,12,-0.053,0.59,5.0,8b99cc78d3cb5224793576097671ee3e7b24a24fb6d06417ba2121ba86390aaa
500,50,173,0.002,1.0,7.0,3.0,29,-0.052000000000000005,0.3,7.0,3b3c69bfe1ea7d3417e6f0cb7831cd1890ff9efc41485332a6269801eec79431
500,50,173,0.002,3.0,5.0,3.0,22,0.53,0.7,6.0,3b3c69bfe1ea7d3417e6f0cb7831cd1890ff9efc41485332a6269801eec79431
500,50,420,0.002,2.0,5.0,4.5,39,0.011,0.84,6.5,8b99cc78d3cb5224793576097671ee3e7b24a24fb6d06417ba2121ba86390aaa
500,50,173,0.002,1.0,9.0,2.0,49,-0.249,-0.26,4.0,3b3c69bfe1ea7d3417e6f0cb7831cd1890ff9efc41485332a6269801eec79431
500,50,261,0.002,2.0,6.0,1.0,21,0.18,0.7,6.5,84d7db09a4a66ab80de8d84cf303232fb5d2699c1e35c5a38a7893393bdba5db
500,50,420,0.002,3.0,8.0,2.5,6,-0.228,0.14,4.0,8b99cc78d3cb5224793576097671ee3e7b24a24fb6d06417ba2121ba86390aaa
500,50,116,0.002,4.0,8.0,2.5,6,-1.5189999999999997,-1.21,4.0,a7e45ccfa44749f47009339807a5b3b6faa94591750df4893bbd649eb03548aa
500,50,173,0.002,5.0,5.0,2.0,21,-0.7440000000000001,-0.22,3.5,3b3c69bfe1ea7d3417e6f0cb7831cd1890ff9efc41485332a6269801eec79431
500,50,116,0.002,5.0,6.0,3.0,1,-0.11600000000000002,0.74,7.0,a7e45ccfa44749f47009339807a5b3b6faa94591750df4893bbd649eb03548aa
500,50,153,0.002,1.0,6.0,2.0,37,0.576,0.92,6.5,6b6f91ba62efae00f09fbbdb547009f73ef44ff90923e257225aa6c928379dbe
500,50,116,0.002,4.0,3.0,5.0,6,0.215,0.31,5.0,a7e45ccfa44749f47009339807a5b3b6faa94591750df4893bbd649eb03548aa
500,50,306,0.002,3.0,8.0,-2.0,12,-0.402,-0.27,3.5,fab8f433d6f6bb610ff043434b54f18824bcad5c38069edd6b0404477ea4af7a
500,50,173,0.002,5.0,9.0,0.0,1,-0.21,0.6,3.5,3b3c69bfe1ea7d3417e6f0cb7831cd1890ff9efc41485332a6269801eec79431
500,50,116,0.002,6.0,5.0,3.0,7,-0.3459999999999999,-0.08,3.5,a7e45ccfa44749f47009339807a5b3b6faa94591750df4893bbd649eb03548aa
500,50,36,0.002,1.0,8.0,0.5,24,-0.37200000000000005,-0.13,4.0,ff40caff9436adbf9bd38cd8dd2a07eed72cc198918166d6ec73cd19617b2ff6
500,50,123,0.002,3.0,6.0,0.0,45,-0.78,-0.64,3.0,b2aa7ce2e829b156b6b2a9da36e09488eda956e5a66a30f221742ee0aa8167f7
500,50,272,0.002,4.0,3.0,0.5,1,0.9620000000000001,1.13,7.5,afcb930297b7343b8945a302072f385537be9321555f4f186f06883623c7f8fb
500,50,116,0.002,7.0,8.0,1.0,4,-0.357,-0.09,3.5,a7e45ccfa44749f47009339807a5b3b6faa94591750df4893bbd649eb03548aa
500,50,173,0.002,3.0,6.0,2.5,34,-0.726,-0.55,4.5,3b3c69bfe1ea7d3417e6f0cb7831cd1890ff9efc41485332a6269801eec79431
500,50,173,0.002,3.0,7.0,2.0,4,0.482,0.6,6.0,3b3c69bfe1ea7d3417e6f0cb7831cd1890ff9efc41485332a6269801eec79431
500,50,123,0.002,1.0,6.0,1.0,23,-0.297,0.45,5.0,b2aa7ce2e829b156b6b2a9da36e09488eda956e5a66a30f221742ee0aa8167f7
500,50,116,0.002,5.0,5.0,3.5,1,0.019,0.51,5.5,a7e45ccfa44749f47009339807a5b3b6faa94591750df4893bbd649eb03548aa
500,50,123,0.002,2.0,4.0,1.5,8,0.405,1.21,7.0,b2aa7ce2e829b156b6b2a9da36e09488eda956e5a66a30f221742ee0aa8167f7
500,50,262,0.001,2.0,6.0,-0.5,34,-0.23,0.06,5.0,c80bd42dd2007dcd4ce2f14198ecc4247341eb77b27e1de5cc3fb045162a23de
500,50,280,0.002,4.0,4.0,1.5,11,-0.387,-0.22,6.0,3dbec4ed280111c6f70cf5b95bd8007d71fffb43262f818ee2b01da94e952ed1
500,50,116,0.002,2.0,10.0,2.5,40,-0.619,-0.57,3.5,a7e45ccfa44749f47009339807a5b3b6faa94591750df4893bbd649eb03548aa
500,50,116,0.002,2.0,7.0,4.0,28,-0.06,0.32,5.5,a7e45ccfa44749f47009339807a5b3b6faa94591750df4893bbd649eb03548aa
500,50,116,0.002,2.0,4.0,5.5,25,0.284,0.52,5.5,a7e45ccfa44749f47009339807a5b3b6faa94591750df4893bbd649eb03548aa
500,50,116,0.002,5.0,5.0,3.5,17,-0.895,-0.69,4.5,a7e45ccfa44749f47009339807a5b3b6faa94591750df4893bbd649eb03548aa
500,50,332,0.0005,1.0,5.0,-2.5,15,-0.533,-0.26,5.5,c235fc493442ac7437f5aa96656c61d2dc6126e62572d3a5b2e6ea4b1fec60ac
500,50,116,0.002,1.0,6.0,5.0,30,-0.137,-0.19,5.5,a7e45ccfa44749f47009339807a5b3b6faa94591750df4893bbd649eb03548aa
500,50,116,0.002,1.0,7.0,4.5,32,0.212,0.6,4.5,a7e45ccfa44749f47009339807a5b3b6faa94591750df4893bbd649eb03548aa
500,50,116,0.002,5.0,4.0,4.0,2,0.355,0.9,4.5,a7e45ccfa44749f47009339807a5b3b6faa94591750df4893bbd649eb03548aa
500,50,280,0.002,2.0,6.0,1.5,20,-0.028000000000000004,0.41,5.0,3dbec4ed280111c6f70cf5b95bd8007d71fffb43262f818ee2b01da94e952ed1
500,50,262,0.001,4.0,3.0,0.0,41,-0.333,-0.2,5.0,c80bd42dd2007dcd4ce2f14198ecc4247341eb77b27e1de5cc3fb045162a23de
500,50,116,0.002,4.0,9.0,2.0,10,0.10400000000000001,0.74,6.0,a7e45ccfa44749f47009339807a5b3b6faa94591750df4893bbd649eb03548aa
500,50,173,0.002,5.0,4.0,2.5,24,-0.735,-0.21,4.0,3b3c69bfe1ea7d3417e6f0cb7831cd1890ff9efc41485332a6269801eec79431
500,50,116,0.002,6.0,6.0,2.5,4,-1.371,-0.78,4.5,a7e45ccfa44749f47009339807a5b3b6faa94591750df4893bbd649eb03548aa
500,50,173,0.002,2.0,5.0,3.5,36,-0.295,-0.59,5.5,3b3c69bfe1ea7d3417e6f0cb7831cd1890ff9efc41485332a6269801eec79431
500,50,116,0.002,5.0,4.0,4.0,4,-0.233,0.43,5.5,a7e45ccfa44749f47009339807a5b3b6faa94591750df4893bbd649eb03548aa
500,50,422,0.002,4.0,2.0,-0.5,32,-0.151,0.62,5.5,fb42fbb3176c48cb2875b84cdae050548972e6bfc5c5c2e1fe04f2e151a175a4
500,50,67,0.002,2.0,6.0,0.5,37,0.22400000000000003,0.98,5.0,3a360bea2f41e303724f014d0cc814dc18605110da671f5cf3213df428cae74f
500,50,138,0.002,2.0,4.0,2.5,35,0.709,1.14,7.0,97b28df35b811f0a5dba92060bfa9d60f1cc23fb3123298c2b14a461bea2df00
500,50,182,0.002,4.0,3.0,1.0,10,-0.016,1.02,5.5,ef5ccd9e100038eaeca590bb86f90622b26afb602bebc9512c60f4a108b50adc
500,50,420,0.002,5.0,5.0,3.0,2,0.036,0.85,6.0,8b99cc78d3cb5224793576097671ee3e7b24a24fb6d06417ba2121ba86390aaa
500,50,138,0.002,4.0,2.0,2.5,34,-0.17299999999999996,0.66,5.5,97b28df35b811f0a5dba92060bfa9d60f1cc23fb3123298c2b14a461bea2df00
500,50,314,0.001,2.0,4.0,-1.0,43,-0.174,0.44,6.0,ef6d19b7a07253e1b35bebfd8106441d2a41f96858e5753d63740edb7bc1e85b
500,50,420,0.002,3.0,4.0,4.5,6,0.0,0.35,5.0,8b99cc78d3cb5224793576097671ee3e7b24a24fb6d06417ba2121ba86390aaa
500,50,123,0.002,7.0,4.0,-1.0,3,-0.209,0.27,5.5,b2aa7ce2e829b156b6b2a9da36e09488eda956e5a66a30f221742ee0aa8167f7
500,50,38,0.002,3.0,4.0,-1.5,5,0.389,1.35,6.5,745e093be5c132f8dd62ffe006291e2dbe17e030eef209884a7f1ef9e3699f87
500,50,261,0.002,3.0,6.0,0.5,25,-0.373,0.15,5.0,84d7db09a4a66ab80de8d84cf303232fb5d2699c1e35c5a38a7893393bdba5db
500,50,420,0.002,8.0,3.0,2.5,1,-0.152,0.34,5.0,8b99cc78d3cb5224793576097671ee3e7b24a24fb6d06417ba2121ba86390aaa
500,50,51,0.002,3.0,9.0,-3.0,23,-0.796,-0.56,3.5,0da469cd406ad5030b33efeb4176c7916b6520b504ade19e5900078c3b28d733
500,50,417,0.001,2.0,3.0,1.0,15,0.968,1.51,7.0,576662496728038e224e71e11e336af0a6bb55625ba792b564b78dbc59d6551a
500,50,116,0.002,8.0,3.0,3.0,1,-0.9280000000000002,-0.54,5.0,a7e45ccfa44749f47009339807a5b3b6faa94591750df4893bbd649eb03548aa
500,50,74,0.002,0.0,4.0,1.5,18,0.179,0.4,7.0,5336d765b764a93e2eb1d0758e1d55b61cf2de15952d7b4f9d34abd296c96afb
500,50,420,0.002,4.0,5.0,3.5,9,-0.2,0.36,5.5,8b99cc78d3cb5224793576097671ee3e7b24a24fb6d06417ba2121ba86390aaa
500,50,116,0.002,3.0,11.0,1.5,2,-0.828,-0.53,4.5,a7e45ccfa44749f47009339807a5b3b6faa94591750df4893bbd649eb03548aa
500,50,173,0.002,4.0,4.0,3.0,7,0.114,0.34,7.0,3b3c69bfe1ea7d3417e6f0cb7831cd1890ff9efc41485332a6269801eec79431
500,50,173,0.002,8.0,6.0,0.0,1,-0.254,-0.11,5.0,3b3c69bfe1ea7d3417e6f0cb7831cd1890ff9efc41485332a6269801eec79431
500,50,36,0.002,3.0,7.0,0.0,8,-0.3990000000000001,0.26,4.5,ff40caff9436adbf9bd38cd8dd2a07eed72cc198918166d6ec73cd19617b2ff6
500,50,420,0.002,4.0,7.0,2.5,3,-0.593,-0.32,5.5,8b99cc78d3cb5224793576097671ee3e7b24a24fb6d06417ba2121ba86390aaa
500,50,116,0.002,3.0,5.0,4.5,11,0.162,0.84,5.0,a7e45ccfa44749f47009339807a5b3b6faa94591750df4893bbd649eb03548aa
500,50,420,0.002,3.0,6.0,3.5,11,-0.038,0.71,6.0,8b99cc78d3cb5224793576097671ee3e7b24a24fb6d06417ba2121ba86390aaa
500,50,116,0.002,1.0,5.0,5.5,20,0.081,0.76,5.5,a7e45ccfa44749f47009339807a5b3b6faa94591750df4893bbd649eb03548aa
500,50,280,0.002,7.0,7.0,-1.5,1,-0.574,-0.32,3.5,3dbec4ed280111c6f70cf5b95bd8007d71fffb43262f818ee2b01da94e952ed1
500,50,73,0.001,9.0,1.0,-1.5,6,-0.134,0.68,5.0,d47db6a3fa9151c10e2a42a4c31e38c922e8941f0814a51e6204fe23b2d82160
500,50,116,0.002,7.0,7.0,1.5,5,-0.9179999999999999,-0.89,4.0,a7e45ccfa44749f47009339807a5b3b6faa94591750df4893bbd649eb03548aa
500,50,181,0.002,0.0,5.0,-3.0,20,0.9739999999999999,1.47,6.5,f893ba346355e5263eed1ddca4efae7142ada1554645520e8f1eb82c2d133d25
500,50,116,0.002,3.0,6.0,4.0,8,-0.043,0.45,5.5,a7e45ccfa44749f47009339807a5b3b6faa94591750df4893bbd649eb03548aa
500,50,36,0.002,0.0,7.0,1.5,43,0.315,0.44,4.5,ff40caff9436adbf9bd38cd8dd2a07eed72cc198918166d6ec73cd19617b2ff6
500,50,153,0.002,3.0,5.0,1.5,37,-0.11,0.54,5.0,6b6f91ba62efae00f09fbbdb547009f73ef44ff90923e257225aa6c928379dbe
500,50,116,0.002,5.0,5.0,3.5,5,-0.479,-0.01,5.0,a7e45ccfa44749f47009339807a5b3b6faa94591750df4893bbd649eb03548aa
500,50,173,0.002,4.0,3.0,3.5,8,0.534,1.41,7.0,3b3c69bfe1ea7d3417e6f0cb7831cd1890ff9efc41485332a6269801eec79431
500,50,420,0.002,2.0,10.0,2.0,21,-0.028000000000000004,0.35,6.0,8b99cc78d3cb5224793576097671ee3e7b24a24fb6d06417ba2121ba86390aaa
500,50,116,0.002,3.0,9.0,2.5,16,-0.549,-0.13,4.0,a7e45ccfa44749f47009339807a5b3b6faa94591750df4893bbd649eb03548aa
500,50,116,0.002,3.0,5.0,4.5,6,-0.365,-0.07,5.5,a7e45ccfa44749f47009339807a5b3b6faa94591750df4893bbd649eb03548aa
500,50,116,0.002,2.0,6.0,4.5,27,-0.289,0.44,5.0,a7e45ccfa44749f47009339807a5b3b6faa94591750df4893bbd649eb03548aa
500,50,153,0.002,2.0,6.0,1.5,49,0.221,1.01,5.0,6b6f91ba62efae00f09fbbdb547009f73ef44ff90923e257225aa6c928379dbe
500,50,420,0.002,5.0,2.0,4.5,8,0.217,1.21,6.5,8b99cc78d3cb5224793576097671ee3e7b24a24fb6d06417ba2121ba86390aaa
500,50,420,0.002,6.0,4.0,3.0,6,-0.743,0.12,6.5,8b99cc78d3cb5224793576097671ee3e7b24a24fb6d06417ba2121ba86390aaa
500,50,116,0.002,7.0,7.0,1.5,2,-1.0,-0.73,3.5,a7e45ccfa44749f47009339807a5b3b6faa94591750df4893bbd649eb03548aa
500,50,420,0.002,8.0,5.0,1.5,2,-1.198,-0.96,5.0,8b99cc78d3cb5224793576097671ee3e7b24a24fb6d06417ba2121ba86390aaa
500,50,116,0.002,7.0,5.0,2.5,8,-0.629,-0.14,4.5,a7e45ccfa44749f47009339807a5b3b6faa94591750df4893bbd649eb03548aa
500,50,209,0.001,2.0,4.0,0.5,3,0.693,0.43,7.5,886a14107d7fa93a41960fdb8744e8befb34c8a890a5c627d34c2259f4531f7d
500,50,272,0.002,4.0,7.0,-1.5,16,-0.9670000000000001,-0.62,5.5,afcb930297b7343b8945a302072f385537be9321555f4f186f06883623c7f8fb
500,50,420,0.002,4.0,7.0,2.5,12,-0.455,-0.27,4.0,8b99cc78d3cb5224793576097671ee3e7b24a24fb6d06417ba2121ba86390aaa
500,50,123,0.002,8.0,3.0,-1.0,6,-0.304,0.16,5.0,b2aa7ce2e829b156b6b2a9da36e09488eda956e5a66a30f221742ee0aa8167f7
500,50,173,0.002,5.0,9.0,0.0,9,-0.686,0.05,4.5,3b3c69bfe1ea7d3417e6f0cb7831cd1890ff9efc41485332a6269801eec79431
500,50,173,0.002,1.0,3.0,5.0,14,1.17,1.36,7.0,3b3c69bfe1ea7d3417e6f0cb7831cd1890ff9efc41485332a6269801eec79431
500,50,123,0.002,2.0,4.0,1.5,2,0.552,0.74,7.5,b2aa7ce2e829b156b6b2a9da36e09488eda956e5a66a30f221742ee0aa8167f7
500,50,272,0.002,5.0,7.0,-2.0,7,-0.794,-0.81,4.0,afcb930297b7343b8945a302072f385537be9321555f4f186f06883623c7f8fb
500,50,51,0.002,4.0,4.0,-1.0,13,-0.09,0.59,5.0,0da469cd406ad5030b33efeb4176c7916b6520b504ade19e5900078c3b28d733
500,50,116,0.002,5.0,9.0,1.5,5,-0.811,-0.3,3.5,a7e45ccfa44749f47009339807a5b3b6faa94591750df4893bbd649eb03548aa
500,50,116,0.002,5.0,3.0,4.5,9,0.22699999999999998,0.93,6.0,a7e45ccfa44749f47009339807a5b3b6faa94591750df4893bbd649eb03548aa
500,50,420,0.002,3.0,3.0,5.0,13,-0.20200000000000004,0.17,6.5,8b99cc78d3cb5224793576097671ee3e7b24a24fb6d06417ba2121ba86390aaa
500,50,116,0.002,11.0,4.0,1.0,2,-1.371,-1.27,3.0,a7e45ccfa44749f47009339807a5b3b6faa94591750df4893bbd649eb03548aa
500,50,116,0.002,2.0,8.0,3.5,45,-0.45300000000000007,0.08,4.0,a7e45ccfa44749f47009339807a5b3b6faa94591750df4893bbd649eb03548aa
500,50,127,0.00025,3.0,2.0,-1.0,23,0.11899999999999998,0.25,7.0,2a4e398656d9f4a293144b894100bfd6e5419e818ea7173875cbd9aa60f275ba
500,50,67,0.002,4.0,7.0,-1.0,14,0.044,0.75,6.5,3a360bea2f41e303724f014d0cc814dc18605110da671f5cf3213df428cae74f
500,50,116,0.002,2.0,2.0,6.5,14,1.025,1.96,6.5,a7e45ccfa44749f47009339807a5b3b6faa94591750df4893bbd649eb03548aa
500,50,153,0.002,6.0,6.0,-0.5,17,-1.064,-0.33,4.0,6b6f91ba62efae00f09fbbdb547009f73ef44ff90923e257225aa6c928379dbe
500,50,272,0.002,2.0,8.0,-1.0,12,0.016,0.17,5.0,afcb930297b7343b8945a302072f385537be9321555f4f186f06883623c7f8fb
500,50,123,0.002,4.0,4.0,0.5,28,-0.654,-0.33,3.5,b2aa7ce2e829b156b6b2a9da36e09488eda956e5a66a30f221742ee0aa8167f7
500,50,116,0.002,3.0,8.0,3.0,26,-1.167,-0.45,4.0,a7e45ccfa44749f47009339807a5b3b6faa94591750df4893bbd649eb03548aa
500,50,116,0.002,7.0,7.0,1.5,11,-1.3359999999999999,-1.15,2.5,a7e45ccfa44749f47009339807a5b3b6faa94591750df4893bbd649eb03548aa
500,50,257,0.002,2.0,4.0,0.5,42,0.757,0.86,7.5,4946ca683e3b87304f8eb7b91da450d6fd9743c7b4f713232c6f82c1e821388b
500,50,116,0.002,4.0,6.0,3.5,5,-0.93,-0.73,5.0,a7e45ccfa44749f47009339807a5b3b6faa94591750df4893bbd649eb03548aa
500,50,420,0.002,6.0,4.0,3.0,16,-0.014000000000000002,0.47,6.0,8b99cc78d3cb5224793576097671ee3e7b24a24fb6d06417ba2121ba86390aaa
500,50,261,0.002,6.0,4.0,0.0,10,-0.36199999999999993,0.22,5.0,84d7db09a4a66ab80de8d84cf303232fb5d2699c1e35c5a38a7893393bdba5db
500,50,173,0.002,6.0,5.0,1.5,7,-0.627,-0.38,5.0,3b3c69bfe1ea7d3417e6f0cb7831cd1890ff9efc41485332a6269801eec79431
500,50,280,0.002,4.0,8.0,-0.5,19,-1.011,-1.29,4.5,3dbec4ed280111c6f70cf5b95bd8007d71fffb43262f818ee2b01da94e952ed1
500,50,74,0.002,2.0,6.0,-0.5,27,0.037,0.46,5.5,5336d765b764a93e2eb1d0758e1d55b61cf2de15952d7b4f9d34abd296c96afb
500,50,116,0.002,3.0,4.0,5.0,4,0.657,1.4,6.5,a7e45ccfa44749f47009339807a5b3b6faa94591750df4893bbd649eb03548aa
500,50,116,0.002,4.0,10.0,1.5,19,-0.87,-0.95,4.0,a7e45ccfa44749f47009339807a5b3b6faa94591750df4893bbd649eb03548aa
500,50,389,0.00025,1.0,2.0,0.5,30,0.99,1.48,8.5,b8ecda40503b38c3679a7466a79effaeea0518049e7e8838dda104388fe3f8b5
500,50,116,0.002,1.0,6.0,5.0,29,0.287,0.81,5.0,a7e45ccfa44749f47009339807a5b3b6faa94591750df4893bbd649eb03548aa
500,50,420,0.002,6.0,3.0,3.5,1,-0.071,0.8,6.0,8b99cc78d3cb5224793576097671ee3e7b24a24fb6d06417ba2121ba86390aaa
500,50,116,0.002,1.0,5.0,5.5,22,0.035,0.36,6.0,a7e45ccfa44749f47009339807a5b3b6faa94591750df4893bbd649eb03548aa
500,50,123,0.002,4.0,6.0,-0.5,14,-0.95,-0.25,4.0,b2aa7ce2e829b156b6b2a9da36e09488eda956e5a66a30f221742ee0aa8167f7
500,50,153,0.002,4.0,6.0,0.5,43,-0.726,0.29,4.0,6b6f91ba62efae00f09fbbdb547009f73ef44ff90923e257225aa6c928379dbe
500,50,116,0.002,7.0,6.0,2.0,1,-0.7340000000000001,-0.18,4.0,a7e45ccfa44749f47009339807a5b3b6faa94591750df4893bbd649eb03548aa
500,50,420,0.002,6.0,5.0,2.5,4,0.281,0.92,5.0,8b99cc78d3cb5224793576097671ee3e7b24a24fb6d06417ba2121ba86390aaa
500,50,203,0.002,4.0,5.0,-2.5,11,-0.319,0.19,4.5,482f9bb74e396230e41acb238caf3964559f8d6f6f94a105834a53b8cd581e55
500,50,116,0.002,2.0,3.0,6.0,9,0.7559999999999999,1.4,7.0,a7e45ccfa44749f47009339807a5b3b6faa94591750df4893bbd649eb03548aa
500,50,497,0.001,1.0,4.0,1.0,20,0.669,0.28,7.5,526db03663e3f68905e8ed37f0760b4ef31347fa4159ce8515af8811d6253ad1
500,50,490,0.002,1.0,7.0,-1.0,29,0.05800000000000001,0.49,5.5,974847301356efb9a3ebc5a376507ea020f2aa2b7a8db231927848b0f6c7fa65
500,50,420,0.002,5.0,4.0,3.5,12,-0.4,0.22,5.5,8b99cc78d3cb5224793576097671ee3e7b24a24fb6d06417ba2121ba86390aaa
500,50,272,0.002,5.0,4.0,-0.5,37,-0.829,-0.38,3.5,afcb930297b7343b8945a302072f385537be9321555f4f186f06883623c7f8fb
500,50,420,0.002,3.0,5.0,4.0,9,0.22400000000000003,1.14,6.0,8b99cc78d3cb5224793576097671ee3e7b24a24fb6d06417ba2121ba86390aaa
500,50,420,0.002,4.0,4.0,4.0,8,0.266,0.79,5.5,8b99cc78d3cb5224793576097671ee3e7b24a24fb6d06417ba2121ba86390aaa
500,50,116,0.002,7.0,4.0,3.0,7,-0.997,-0.61,3.0,a7e45ccfa44749f47009339807a5b3b6faa94591750df4893bbd649eb03548aa
500,50,151,0.002,2.0,4.0,-1.0,42,-0.327,0.07,5.5,4862fa101ab06efd13bb2a8dc37275b1a4d264e8dc87ef61d0892b1ec48bad14
500,50,116,0.002,1.0,7.0,4.5,32,0.062,0.71,5.5,a7e45ccfa44749f47009339807a5b3b6faa94591750df4893bbd649eb03548aa
500,50,243,0.002,6.0,7.0,-1.5,4,-0.531,-0.23,3.5,a3243ce7707a2a3682e9edb42f661751af7593e49dee8391462be0e0e7feca5b
500,50,280,0.002,3.0,4.0,2.0,31,0.301,0.79,6.5,3dbec4ed280111c6f70cf5b95bd8007d71fffb43262f818ee2b01da94e952ed1
500,50,420,0.002,6.0,5.0,2.5,5,-0.572,-0.18,4.5,8b99cc78d3cb5224793576097671ee3e7b24a24fb6d06417ba2121ba86390aaa
500,50,116,0.002,4.0,7.0,3.0,16,-0.463,0.07,3.0,a7e45ccfa44749f47009339807a5b3b6faa94591750df4893bbd649eb03548aa
500,50,173,0.002,7.0,7.0,0.0,5,-0.565,-1.07,3.0,3b3c69bfe1ea7d3417e6f0cb7831cd1890ff9efc41485332a6269801eec79431
500,50,202,0.002,7.0,5.0,-5.0,7,-0.818,-0.76,4.0,a8c1fea78f50413df31cc58cb403ecb9ddd20d1c514fcebfb0e8dd14979b048a
500,50,262,0.001,1.0,5.0,0.5,4,0.4109999999999999,0.55,8.5,c80bd42dd2007dcd4ce2f14198ecc4247341eb77b27e1de5cc3fb045162a23de
500,50,116,0.002,3.0,7.0,3.5,5,0.365,1.01,5.0,a7e45ccfa44749f47009339807a5b3b6faa94591750df4893bbd649eb03548aa
500,50,67,0.002,5.0,7.0,-1.5,3,0.3459999999999999,0.67,6.0,3a360bea2f41e303724f014d0cc814dc18605110da671f5cf3213df428cae74f
500,50,67,0.002,6.0,5.0,-1.0,7,-0.513,-0.23,4.0,3a360bea2f41e303724f014d0cc814dc18605110da671f5cf3213df428cae74f
500,50,116,0.002,1.0,6.0,5.0,12,0.122,-0.01,6.5,a7e45ccfa44749f47009339807a5b3b6faa94591750df4893bbd649eb03548aa
500,50,261,0.002,2.0,8.0,0.0,26,-0.6780000000000002,-0.41,4.0,84d7db09a4a66ab80de8d84cf303232fb5d2699c1e35c5a38a7893393bdba5db
500,50,417,0.001,2.0,5.0,0.0,39,-0.157,-0.07,5.5,576662496728038e224e71e11e336af0a6bb55625ba792b564b78dbc59d6551a
500,50,123,0.002,4.0,3.0,1.0,5,-0.008,0.1,7.0,b2aa7ce2e829b156b6b2a9da36e09488eda956e5a66a30f221742ee0aa8167f7
500,50,123,0.002,6.0,3.0,0.0,1,0.554,0.76,4.5,b2aa7ce2e829b156b6b2a9da36e09488eda956e5a66a30f221742ee0aa8167f7
500,50,182,0.002,4.0,7.0,-1.0,13,-0.7019999999999998,-0.29,3.5,ef5ccd9e100038eaeca590bb86f90622b26afb602bebc9512c60f4a108b50adc
500,50,138,0.002,7.0,6.0,-1.0,5,-0.479,-0.19,3.5,97b28df35b811f0a5dba92060bfa9d60f1cc23fb3123298c2b14a461bea2df00
500,50,116,0.002,5.0,6.0,3.0,3,-0.315,0.11,5.0,a7e45ccfa44749f47009339807a5b3b6faa94591750df4893bbd649eb03548aa
500,50,116,0.002,2.0,5.0,5.0,14,0.16400000000000003,0.68,5.5,a7e45ccfa44749f47009339807a5b3b6faa94591750df4893bbd649eb03548aa
500,50,173,0.002,3.0,9.0,1.0,6,-0.6579999999999999,-0.12,4.5,3b3c69bfe1ea7d3417e6f0cb7831cd1890ff9efc41485332a6269801eec79431
500,50,137,0.002,2.0,7.0,-2.5,15,-0.76,0.25,5.0,69a1231af5fc3f55054f1c14b1a7313be0d0b67e0ff876b205be63a03e091d42
500,50,116,0.002,7.0,7.0,1.5,5,-1.243,-1.44,5.0,a7e45ccfa44749f47009339807a5b3b6faa94591750df4893bbd649eb03548aa
500,50,116,0.002,2.0,5.0,5.0,28,0.852,1.1,5.5,a7e45ccfa44749f47009339807a5b3b6faa94591750df4893bbd649eb03548aa
500,50,116,0.002,7.0,5.0,2.5,5,0.195,0.6,5.0,a7e45ccfa44749f47009339807a5b3b6faa94591750df4893bbd649eb03548aa
500,50,173,0.002,2.0,3.0,4.5,40,0.442,0.71,7.5,3b3c69bfe1ea7d3417e6f0cb7831cd1890ff9efc41485332a6269801eec79431
500,50,116,0.002,4.0,4.0,4.5,1,0.092,0.18,6.5,a7e45ccfa44749f47009339807a5b3b6faa94591750df4893bbd649eb03548aa
500,50,116,0.002,6.0,7.0,2.0,1,-0.571,-0.02,5.0,a7e45ccfa44749f47009339807a5b3b6faa94591750df4893bbd649eb03548aa
500,50,116,0.002,5.0,8.0,2.0,1,-0.63,-0.12,4.0,a7e45ccfa44749f47009339807a5b3b6faa94591750df4893bbd649eb03548aa
500,50,138,0.002,4.0,3.0,2.0,1,0.461,0.89,7.5,97b28df35b811f0a5dba92060bfa9d60f1cc23fb3123298c2b14a461bea2df00
500,50,116,0.002,6.0,8.0,1.5,10,-1.199,-1.43,3.0,a7e45ccfa44749f47009339807a5b3b6faa94591750df4893bbd649eb03548aa
500,50,116,0.002,4.0,4.0,4.5,10,-0.157,0.5,5.0,a7e45ccfa44749f47009339807a5b3b6faa94591750df4893bbd649eb03548aa
500,50,74,0.002,3.0,8.0,-2.0,32,-1.215,-0.56,4.0,5336d765b764a93e2eb1d0758e1d55b61cf2de15952d7b4f9d34abd296c96afb
500,50,420,0.002,1.0,4.0,5.5,35,0.106,0.27,7.0,8b99cc78d3cb5224793576097671ee3e7b24a24fb6d06417ba2121ba86390aaa
500,50,202,0.002,3.0,7.0,-4.0,31,-0.488,-0.28,4.0,a8c1fea78f50413df31cc58cb403ecb9ddd20d1c514fcebfb0e8dd14979b048a
500,50,420,0.002,8.0,5.0,1.5,5,-0.423,0.13,4.5,8b99cc78d3cb5224793576097671ee3e7b24a24fb6d06417ba2121ba86390aaa
500,50,420,0.002,5.0,4.0,3.5,3,-0.316,0.57,5.0,8b99cc78d3cb5224793576097671ee3e7b24a24fb6d06417ba2121ba86390aaa
500,50,116,0.002,3.0,8.0,3.0,1,0.19,0.33,7.5,a7e45ccfa44749f47009339807a5b3b6faa94591750df4893bbd649eb03548aa
500,50,36,0.002,5.0,7.0,-1.0,4,-0.8960000000000001,-0.67,3.5,ff40caff9436adbf9bd38cd8dd2a07eed72cc198918166d6ec73cd19617b2ff6
500,50,420,0.002,3.0,6.0,3.5,5,0.033,0.8,5.0,8b99cc78d3cb5224793576097671ee3e7b24a24fb6d06417ba2121ba86390aaa
500,50,272,0.002,5.0,3.0,0.0,12,-0.463,0.25,5.0,afcb930297b7343b8945a302072f385537be9321555f4f186f06883623c7f8fb
500,50,116,0.002,4.0,5.0,4.0,34,-0.441,0.16,5.0,a7e45ccfa44749f47009339807a5b3b6faa94591750df4893bbd649eb03548aa
500,50,116,0.002,3.0,9.0,2.5,11,0.19,0.64,4.5,a7e45ccfa44749f47009339807a5b3b6faa94591750df4893bbd649eb03548aa
500,50,36,0.002,5.0,6.0,-0.5,33,-1.02,-0.68,4.0,ff40caff9436adbf9bd38cd8dd2a07eed72cc198918166d6ec73cd19617b2ff6
500,50,116,0.002,8.0,5.0,2.0,1,-0.574,-0.43,4.5,a7e45ccfa44749f47009339807a5b3b6faa94591750df4893bbd649eb03548aa
500,50,261,0.002,5.0,6.0,-0.5,2,-0.295,0.47,6.5,84d7db09a4a66ab80de8d84cf303232fb5d2699c1e35c5a38a7893393bdba5db
500,50,116,0.002,4.0,6.0,3.5,6,0.072,0.58,5.0,a7e45ccfa44749f47009339807a5b3b6faa94591750df4893bbd649eb03548aa
500,50,116,0.002,2.0,3.0,6.0,29,0.293,0.89,6.5,a7e45ccfa44749f47009339807a5b3b6faa94591750df4893bbd649eb03548aa
500,50,420,0.002,6.0,7.0,1.5,7,-0.603,0.01,3.5,8b99cc78d3cb5224793576097671ee3e7b24a24fb6d06417ba2121ba86390aaa
500,50,116,0.002,8.0,7.0,1.0,3,-1.165,-1.37,3.0,a7e45ccfa44749f47009339807a5b3b6faa94591750df4893bbd649eb03548aa
500,50,36,0.002,4.0,4.0,1.0,5,0.223,0.65,6.0,ff40caff9436adbf9bd38cd8dd2a07eed72cc198918166d6ec73cd19617b2ff6
500,50,420,0.002,2.0,6.0,4.0,28,-0.11899999999999998,0.19,5.0,8b99cc78d3cb5224793576097671ee3e7b24a24fb6d06417ba2121ba86390aaa
500,50,116,0.002,6.0,4.0,3.5,3,-0.138,0.49,6.5,a7e45ccfa44749f47009339807a5b3b6faa94591750df4893bbd649eb03548aa
500,50,116,0.002,1.0,8.0,4.0,44,-0.431,-0.07,5.0,a7e45ccfa44749f47009339807a5b3b6faa94591750df4893bbd649eb03548aa
500,50,182,0.002,3.0,7.0,-0.5,13,-0.46,0.23,6.0,ef5ccd9e100038eaeca590bb86f90622b26afb602bebc9512c60f4a108b50adc
500,50,158,0.002,2.0,6.0,0.0,37,0.201,1.17,6.0,344f34a1d32ba9c9a001e56e4d03ecfc7599d1fa3c5627b1ed5b429067fd6d72
500,50,262,0.001,2.0,5.0,0.0,7,0.141,0.83,6.5,c80bd42dd2007dcd4ce2f14198ecc4247341eb77b27e1de5cc3fb045162a23de
500,50,182,0.002,3.0,4.0,1.0,29,0.085,0.62,5.0,ef5ccd9e100038eaeca590bb86f90622b26afb602bebc9512c60f4a108b50adc
500,50,123,0.002,1.0,4.0,2.0,8,0.469,1.02,6.5,b2aa7ce2e829b156b6b2a9da36e09488eda956e5a66a30f221742ee0aa8167f7
500,50,173,0.002,3.0,6.0,2.5,9,0.094,0.67,6.0,3b3c69bfe1ea7d3417e6f0cb7831cd1890ff9efc41485332a6269801eec79431
500,50,116,0.002,3.0,5.0,4.5,6,-0.024,0.83,6.0,a7e45ccfa44749f47009339807a5b3b6faa94591750df4893bbd649eb03548aa
500,50,38,0.002,5.0,3.0,-2.0,32,-0.8420000000000001,-0.55,4.0,745e093be5c132f8dd62ffe006291e2dbe17e030eef209884a7f1ef9e3699f87
500,50,116,0.002,4.0,4.0,4.5,8,-0.468,-0.17,4.5,a7e45ccfa44749f47009339807a5b3b6faa94591750df4893bbd649eb03548aa
500,50,272,0.002,3.0,6.0,-0.5,33,-0.316,0.01,5.0,afcb930297b7343b8945a302072f385537be9321555f4f186f06883623c7f8fb
500,50,243,0.002,3.0,5.0,1.0,38,-0.561,-0.01,6.0,a3243ce7707a2a3682e9edb42f661751af7593e49dee8391462be0e0e7feca5b
500,50,116,0.002,2.0,4.0,5.5,1,0.424,-0.05,8.0,a7e45ccfa44749f47009339807a5b3b6faa94591750df4893bbd649eb03548aa
500,50,116,0.002,3.0,5.0,4.5,28,-0.442,0.24,4.5,a7e45ccfa44749f47009339807a5b3b6faa94591750df4893bbd649eb03548aa
500,50,272,0.002,4.0,6.0,-1.0,9,-0.282,0.09,5.0,afcb930297b7343b8945a302072f385537be9321555f4f186f06883623c7f8fb
500,50,261,0.002,5.0,5.0,0.0,46,-1.048,-1.41,5.0,84d7db09a4a66ab80de8d84cf303232fb5d2699c1e35c5a38a7893393bdba5db
500,50,153,0.002,3.0,6.0,1.0,30,-0.458,0.05,4.5,6b6f91ba62efae00f09fbbdb547009f73ef44ff90923e257225aa6c928379dbe
500,50,138,0.002,2.0,4.0,2.5,48,0.376,0.7,6.5,97b28df35b811f0a5dba92060bfa9d60f1cc23fb3123298c2b14a461bea2df00
500,50,116,0.002,9.0,8.0,0.0,1,-1.398,-1.9,3.5,a7e45ccfa44749f47009339807a5b3b6faa94591750df4893bbd649eb03548aa
500,50,272,0.002,5.0,6.0,-1.5,5,-0.736,-0.68,5.0,afcb930297b7343b8945a302072f385537be9321555f4f186f06883623c7f8fb
500,50,116,0.002,7.0,6.0,2.0,6,-0.264,0.31,3.0,a7e45ccfa44749f47009339807a5b3b6faa94591750df4893bbd649eb03548aa
500,50,138,0.002,7.0,5.0,-0.5,5,-0.457,-0.26,5.0,97b28df35b811f0a5dba92060bfa9d60f1cc23fb3123298c2b14a461bea2df00
500,50,182,0.002,1.0,3.0,2.5,48,0.043,0.94,5.5,ef5ccd9e100038eaeca590bb86f90622b26afb602bebc9512c60f4a108b50adc
500,50,173,0.002,4.0,9.0,0.5,8,0.408,0.9,5.0,3b3c69bfe1ea7d3417e6f0cb7831cd1890ff9efc41485332a6269801eec79431
500,50,215,0.001,3.0,5.0,-3.5,9,-0.7609999999999999,-0.05,5.0,2c762a8ce9fb15b1e70eb606085a177210df3f41b4f3fed4c40e5958a0a08f4f
500,50,123,0.002,8.0,2.0,-0.5,9,-0.769,-0.84,4.5,b2aa7ce2e829b156b6b2a9da36e09488eda956e5a66a30f221742ee0aa8167f7
500,50,54,0.00025,3.0,1.0,0.0,43,1.13,1.81,8.0,c0d7adecdcd907d8e3ed29ee639e71a3931258feb8a1dc86715039ffffe48d9f
500,50,116,0.002,3.0,10.0,2.0,5,-0.623,-0.08,5.0,a7e45ccfa44749f47009339807a5b3b6faa94591750df4893bbd649eb03548aa
500,50,173,0.002,2.0,6.0,3.0,14,0.165,0.54,5.0,3b3c69bfe1ea7d3417e6f0cb7831cd1890ff9efc41485332a6269801eec79431
500,50,116,0.002,5.0,8.0,2.0,12,0.175,0.36,5.0,a7e45ccfa44749f47009339807a5b3b6faa94591750df4893bbd649eb03548aa
500,50,116,0.002,7.0,5.0,2.5,6,-1.163,-0.59,2.5,a7e45ccfa44749f47009339807a5b3b6faa94591750df4893bbd649eb03548aa
500,50,261,0.002,4.0,8.0,-1.0,4,-0.4,-0.09,5.0,84d7db09a4a66ab80de8d84cf303232fb5d2699c1e35c5a38a7893393bdba5db
500,50,272,0.002,3.0,7.0,-1.0,9,-0.543,-0.11,4.5,afcb930297b7343b8945a302072f385537be9321555f4f186f06883623c7f8fb
500,50,116,0.002,2.0,6.0,4.5,10,0.236,1.11,5.5,a7e45ccfa44749f47009339807a5b3b6faa94591750df4893bbd649eb03548aa
500,50,116,0.002,7.0,9.0,0.5,3,-0.255,-0.72,4.0,a7e45ccfa44749f47009339807a5b3b6faa94591750df4893bbd649eb03548aa
500,50,74,0.002,4.0,6.0,-1.5,5,-0.076,0.49,6.0,5336d765b764a93e2eb1d0758e1d55b61cf2de15952d7b4f9d34abd296c96afb
500,50,116,0.002,3.0,5.0,4.5,8,0.198,0.67,6.0,a7e45ccfa44749f47009339807a5b3b6faa94591750df4893bbd649eb03548aa
500,50,116,0.002,3.0,5.0,4.5,9,0.14,0.76,5.0,a7e45ccfa44749f47009339807a5b3b6faa94591750df4893bbd649eb03548aa
500,50,116,0.002,6.0,6.0,2.5,1,0.43799999999999994,1.13,6.0,a7e45ccfa44749f47009339807a5b3b6faa94591750df4893bbd649eb03548aa
500,50,116,0.002,5.0,7.0,2.5,1,-0.07,0.42,5.5,a7e45ccfa44749f47009339807a5b3b6faa94591750df4893bbd649eb03548aa
500,50,420,0.002,6.0,7.0,1.5,5,-0.624,-0.15,4.5,8b99cc78d3cb5224793576097671ee3e7b24a24fb6d06417ba2121ba86390aaa
500,50,116,0.002,2.0,3.0,6.0,29,0.689,1.31,6.0,a7e45ccfa44749f47009339807a5b3b6faa94591750df4893bbd649eb03548aa
500,50,36,0.002,4.0,8.0,-1.0,18,-0.795,-1.04,3.5,ff40caff9436adbf9bd38cd8dd2a07eed72cc198918166d6ec73cd19617b2ff6
500,50,173,0.002,4.0,5.0,2.5,8,0.425,0.4,4.5,3b3c69bfe1ea7d3417e6f0cb7831cd1890ff9efc41485332a6269801eec79431
500,50,261,0.002,6.0,8.0,-2.0,13,-1.702,-1.49,4.0,84d7db09a4a66ab80de8d84cf303232fb5d2699c1e35c5a38a7893393bdba5db
500,50,178,0.002,4.0,4.0,-0.5,1,0.8690000000000001,1.32,7.0,2852b7ff8e5e77dbf55d6569bbb35253228fd4522b19f56bb25e9bbc298dc1d4
500,50,67,0.002,4.0,8.0,-1.5,1,-0.277,0.1,5.0,3a360bea2f41e303724f014d0cc814dc18605110da671f5cf3213df428cae74f
500,50,123,0.002,7.0,2.0,0.0,12,-0.012,0.41,5.0,b2aa7ce2e829b156b6b2a9da36e09488eda956e5a66a30f221742ee0aa8167f7
500,50,420,0.002,4.0,8.0,2.0,7,-0.6409999999999999,-0.32,3.0,8b99cc78d3cb5224793576097671ee3e7b24a24fb6d06417ba2121ba86390aaa
500,50,420,0.002,4.0,9.0,1.5,31,-1.022,-0.74,4.0,8b99cc78d3cb5224793576097671ee3e7b24a24fb6d06417ba2121ba86390aaa
500,50,116,0.002,4.0,9.0,2.0,19,-0.997,-1.16,2.5,a7e45ccfa44749f47009339807a5b3b6faa94591750df4893bbd649eb03548aa
500,50,182,0.002,2.0,8.0,-0.5,33,-0.573,-0.16,3.5,ef5ccd9e100038eaeca590bb86f90622b26afb602bebc9512c60f4a108b50adc
500,50,420,0.002,2.0,7.0,3.5,8,0.038,0.7,5.5,8b99cc78d3cb5224793576097671ee3e7b24a24fb6d06417ba2121ba86390aaa
500,50,173,0.002,8.0,6.0,0.0,1,-0.6560000000000001,-0.2,3.5,3b3c69bfe1ea7d3417e6f0cb7831cd1890ff9efc41485332a6269801eec79431
500,50,116,0.002,4.0,6.0,3.5,7,-0.295,0.4,5.0,a7e45ccfa44749f47009339807a5b3b6faa94591750df4893bbd649eb03548aa
500,50,116,0.002,2.0,4.0,5.5,13,0.982,1.02,6.5,a7e45ccfa44749f47009339807a5b3b6faa94591750df4893bbd649eb03548aa
500,50,209,0.001,3.0,4.0,0.0,23,-0.203,-0.01,6.5,886a14107d7fa93a41960fdb8744e8befb34c8a890a5c627d34c2259f4531f7d
500,50,420,0.002,2.0,6.0,4.0,12,0.452,0.82,6.0,8b99cc78d3cb5224793576097671ee3e7b24a24fb6d06417ba2121ba86390aaa
500,50,173,0.002,4.0,11.0,-0.5,37,-1.126,-1.51,4.0,3b3c69bfe1ea7d3417e6f0cb7831cd1890ff9efc41485332a6269801eec79431
500,50,420,0.002,5.0,7.0,2.0,13,-1.265,-1.11,3.0,8b99cc78d3cb5224793576097671ee3e7b24a24fb6d06417ba2121ba86390aaa
500,50,116,0.002,4.0,6.0,3.5,1,-0.292,0.33,5.0,a7e45ccfa44749f47009339807a5b3b6faa94591750df4893bbd649eb03548aa
500,50,417,0.001,4.0,5.0,-1.0,31,-0.643,-0.16,4.5,576662496728038e224e71e11e336af0a6bb55625ba792b564b78dbc59d6551a
500,50,280,0.002,4.0,5.0,1.0,12,-0.081,0.55,5.0,3dbec4ed280111c6f70cf5b95bd8007d71fffb43262f818ee2b01da94e952ed1
500,50,420,0.002,4.0,3.0,4.5,7,0.759,1.42,6.5,8b99cc78d3cb5224793576097671ee3e7b24a24fb6d06417ba2121ba86390aaa
500,50,123,0.002,3.0,6.0,0.0,10,0.129,0.62,4.5,b2aa7ce2e829b156b6b2a9da36e09488eda956e5a66a30f221742ee0aa8167f7
500,50,280,0.002,3.0,7.0,0.5,19,-0.496,-0.07,5.5,3dbec4ed280111c6f70cf5b95bd8007d71fffb43262f818ee2b01da94e952ed1
500,50,116,0.002,0.0,4.0,6.5,36,0.7760000000000001,1.24,7.0,a7e45ccfa44749f47009339807a5b3b6faa94591750df4893bbd649eb03548aa
500,50,36,0.002,3.0,10.0,-1.5,7,-0.675,-0.36,4.5,ff40caff9436adbf9bd38cd8dd2a07eed72cc198918166d6ec73cd19617b2ff6
500,50,420,0.002,6.0,5.0,2.5,6,-0.151,0.15,4.0,8b99cc78d3cb5224793576097671ee3e7b24a24fb6d06417ba2121ba86390aaa
500,50,280,0.002,4.0,7.0,0.0,50,-1.339,-0.87,3.0,3dbec4ed280111c6f70cf5b95bd8007d71fffb43262f818ee2b01da94e952ed1
500,50,123,0.002,5.0,4.0,0.0,13,-0.04,-0.29,4.5,b2aa7ce2e829b156b6b2a9da36e09488eda956e5a66a30f221742ee0aa8167f7
500,50,74,0.002,1.0,9.0,-1.5,40,-0.671,-0.5,4.0,5336d765b764a93e2eb1d0758e1d55b61cf2de15952d7b4f9d34abd296c96afb
500,50,272,0.002,5.0,5.0,-1.0,14,-0.618,-0.24,5.0,afcb930297b7343b8945a302072f385537be9321555f4f186f06883623c7f8fb
500,50,116,0.002,7.0,5.0,2.5,11,-0.948,-0.62,4.0,a7e45ccfa44749f47009339807a5b3b6faa94591750df4893bbd649eb03548aa
500,50,116,0.002,4.0,7.0,3.0,7,-0.122,0.15,6.0,a7e45ccfa44749f47009339807a5b3b6faa94591750df4893bbd649eb03548aa
500,50,123,0.002,3.0,5.0,0.5,19,-0.077,0.61,5.5,b2aa7ce2e829b156b6b2a9da36e09488eda956e5a66a30f221742ee0aa8167f7
500,50,420,0.002,2.0,9.0,2.5,22,0.259,0.84,5.5,8b99cc78d3cb5224793576097671ee3e7b24a24fb6d06417ba2121ba86390aaa
500,50,173,0.002,3.0,5.0,3.0,25,-0.206,0.75,5.5,3b3c69bfe1ea7d3417e6f0cb7831cd1890ff9efc41485332a6269801eec79431
500,50,420,0.002,3.0,5.0,4.0,49,-0.037,0.88,6.0,8b99cc78d3cb5224793576097671ee3e7b24a24fb6d06417ba2121ba86390aaa
500,50,42,0.0005,2.0,3.0,0.0,46,0.157,1.02,6.0,df920f57bc6ba405a11ee1965810cd6a9850bde5c5bcce769d07158e9fd5249e
500,50,306,0.002,1.0,4.0,1.0,29,0.919,1.16,7.0,fab8f433d6f6bb610ff043434b54f18824bcad5c38069edd6b0404477ea4af7a
500,50,36,0.002,5.0,4.0,0.5,3,-0.241,0.28,4.5,ff40caff9436adbf9bd38cd8dd2a07eed72cc198918166d6ec73cd19617b2ff6
500,50,334,0.001,2.0,5.0,-1.0,48,0.184,0.85,5.0,c66ee0614c7f77da14c6d825e1a8c3267adb80c739f9eb57aeea55e663bb3e40
500,50,116,0.002,4.0,8.0,2.5,7,0.072,0.52,4.5,a7e45ccfa44749f47009339807a5b3b6faa94591750df4893bbd649eb03548aa
500,50,67,0.002,2.0,7.0,0.0,50,-0.509,-0.41,4.0,3a360bea2f41e303724f014d0cc814dc18605110da671f5cf3213df428cae74f
500,50,116,0.002,4.0,8.0,2.5,7,-1.016,-0.92,3.0,a7e45ccfa44749f47009339807a5b3b6faa94591750df4893bbd649eb03548aa
500,50,262,0.001,1.0,5.0,0.5,33,0.56,0.78,7.0,c80bd42dd2007dcd4ce2f14198ecc4247341eb77b27e1de5cc3fb045162a23de
500,50,420,0.002,6.0,6.0,2.0,1,-0.289,0.0,6.0,8b99cc78d3cb5224793576097671ee3e7b24a24fb6d06417ba2121ba86390aaa
500,50,138,0.002,3.0,3.0,2.5,50,-0.078,1.04,7.0,97b28df35b811f0a5dba92060bfa9d60f1cc23fb3123298c2b14a461bea2df00
500,50,173,0.002,4.0,7.0,1.5,14,-0.716,-0.03,4.5,3b3c69bfe1ea7d3417e6f0cb7831cd1890ff9efc41485332a6269801eec79431
500,50,173,0.002,2.0,6.0,3.0,21,0.495,0.88,7.0,3b3c69bfe1ea7d3417e6f0cb7831cd1890ff9efc41485332a6269801eec79431
500,50,116,0.002,3.0,4.0,5.0,5,0.199,0.93,6.5,a7e45ccfa44749f47009339807a5b3b6faa94591750df4893bbd649eb03548aa
500,50,7,0.001,3.0,7.0,-2.5,40,-1.243,-0.9,4.5,78e1a1c31725d39ca0145a6013ea594e842450851435ca249b230c0c95e2e93e
500,50,306,0.002,3.0,6.0,-1.0,24,-0.295,-0.02,4.5,fab8f433d6f6bb610ff043434b54f18824bcad5c38069edd6b0404477ea4af7a
500,50,173,0.002,4.0,4.0,3.0,15,-0.485,0.32,5.5,3b3c69bfe1ea7d3417e6f0cb7831cd1890ff9efc41485332a6269801eec79431
500,50,116,0.002,2.0,13.0,1.0,24,-1.72,-2.34,2.0,a7e45ccfa44749f47009339807a5b3b6faa94591750df4893bbd649eb03548aa
500,50,182,0.002,4.0,5.0,0.0,21,-0.39,0.25,3.5,ef5ccd9e100038eaeca590bb86f90622b26afb602bebc9512c60f4a108b50adc
500,50,116,0.002,1.0,10.0,3.0,32,-0.168,-0.07,4.5,a7e45ccfa44749f47009339807a5b3b6faa94591750df4893bbd649eb03548aa
500,50,182,0.002,4.0,3.0,1.0,23,-0.514,-0.22,6.0,ef5ccd9e100038eaeca590bb86f90622b26afb602bebc9512c60f4a108b50adc
500,50,182,0.002,0.0,7.0,1.0,15,-0.045,0.54,5.0,ef5ccd9e100038eaeca590bb86f90622b26afb602bebc9512c60f4a108b50adc
500,50,418,0.00025,3.0,1.0,-1.0,5,1.062,2.01,7.5,a72e73573392d0e9527d36ef285003475e3e57e4e030940ba7c9fde3c5d10185
500,50,182,0.002,3.0,4.0,1.0,37,-0.279,0.01,4.5,ef5ccd9e100038eaeca590bb86f90622b26afb602bebc9512c60f4a108b50adc
500,50,116,0.002,5.0,7.0,2.5,6,-0.826,-0.41,5.5,a7e45ccfa44749f47009339807a5b3b6faa94591750df4893bbd649eb03548aa
500,50,173,0.002,1.0,6.0,3.5,18,0.137,0.3,5.5,3b3c69bfe1ea7d3417e6f0cb7831cd1890ff9efc41485332a6269801eec79431
500,50,116,0.002,6.0,7.0,2.0,5,-0.972,-0.95,3.0,a7e45ccfa44749f47009339807a5b3b6faa94591750df4893bbd649eb03548aa
500,50,203,0.002,1.0,3.0,0.0,33,0.214,1.19,7.0,482f9bb74e396230e41acb238caf3964559f8d6f6f94a105834a53b8cd581e55
500,50,272,0.002,1.0,4.0,1.5,31,0.129,0.49,6.0,afcb930297b7343b8945a302072f385537be9321555f4f186f06883623c7f8fb
500,50,138,0.002,6.0,4.0,0.5,7,-0.7340000000000001,0.05,6.0,97b28df35b811f0a5dba92060bfa9d60f1cc23fb3123298c2b14a461bea2df00
500,50,123,0.002,1.0,7.0,0.5,35,-0.281,-0.16,5.5,b2aa7ce2e829b156b6b2a9da36e09488eda956e5a66a30f221742ee0aa8167f7
500,50,116,0.002,8.0,4.0,2.5,1,0.18099999999999997,0.91,6.0,a7e45ccfa44749f47009339807a5b3b6faa94591750df4893bbd649eb03548aa
500,50,116,0.002,5.0,5.0,3.5,6,-0.66,0.21,7.0,a7e45ccfa44749f47009339807a5b3b6faa94591750df4893bbd649eb03548aa
500,50,420,0.002,4.0,4.0,4.0,25,-0.068,0.6,5.0,8b99cc78d3cb5224793576097671ee3e7b24a24fb6d06417ba2121ba86390aaa
500,50,272,0.002,2.0,4.0,1.0,6,0.303,1.18,7.5,afcb930297b7343b8945a302072f385537be9321555f4f186f06883623c7f8fb
500,50,116,0.002,5.0,5.0,3.5,1,-0.142,0.51,5.0,a7e45ccfa44749f47009339807a5b3b6faa94591750df4893bbd649eb03548aa
500,50,95,0.002,3.0,8.0,-1.5,14,-0.8759999999999999,-0.45,6.5,c25fc3efb39204b5d63cd28eb38ba90889f8e69e2579abfd84abaa122b7be87a
500,50,209,0.001,4.0,3.0,0.0,2,0.382,0.68,7.0,886a14107d7fa93a41960fdb8744e8befb34c8a890a5c627d34c2259f4531f7d
500,50,67,0.002,1.0,11.0,-1.5,50,-0.883,-0.55,3.5,3a360bea2f41e303724f014d0cc814dc18605110da671f5cf3213df428cae74f
500,50,123,0.002,3.0,4.0,1.0,1,0.698,0.56,7.5,b2aa7ce2e829b156b6b2a9da36e09488eda956e5a66a30f221742ee0aa8167f7
500,50,116,0.002,2.0,6.0,4.5,6,0.857,1.38,7.5,a7e45ccfa44749f47009339807a5b3b6faa94591750df4893bbd649eb03548aa
500,50,280,0.002,5.0,3.0,1.5,7,0.46,1.14,6.5,3dbec4ed280111c6f70cf5b95bd8007d71fffb43262f818ee2b01da94e952ed1
500,50,420,0.002,5.0,7.0,2.0,44,-0.883,-1.0,3.0,8b99cc78d3cb5224793576097671ee3e7b24a24fb6d06417ba2121ba86390aaa
500,50,116,0.002,4.0,5.0,4.0,15,-0.474,-0.01,5.0,a7e45ccfa44749f47009339807a5b3b6faa94591750df4893bbd649eb03548aa
500,50,116,0.002,1.0,5.0,5.5,16,0.344,0.83,5.5,a7e45ccfa44749f47009339807a5b3b6faa94591750df4893bbd649eb03548aa
500,50,153,0.002,4.0,6.0,0.5,25,-0.615,-0.08,5.0,6b6f91ba62efae00f09fbbdb547009f73ef44ff90923e257225aa6c928379dbe
500,50,95,0.002,3.0,4.0,0.5,33,0.32300000000000006,0.52,6.5,c25fc3efb39204b5d63cd28eb38ba90889f8e69e2579abfd84abaa122b7be87a
500,50,173,0.002,1.0,8.0,2.5,40,0.409,0.98,5.5,3b3c69bfe1ea7d3417e6f0cb7831cd1890ff9efc41485332a6269801eec79431
500,50,209,0.001,3.0,3.0,0.5,50,0.604,1.25,7.0,886a14107d7fa93a41960fdb8744e8befb34c8a890a5c627d34c2259f4531f7d
500,50,182,0.002,1.0,7.0,0.5,18,-0.504,-0.35,6.0,ef5ccd9e100038eaeca590bb86f90622b26afb602bebc9512c60f4a108b50adc
500,50,280,0.002,3.0,2.0,3.0,30,0.49700000000000005,1.36,5.5,3dbec4ed280111c6f70cf5b95bd8007d71fffb43262f818ee2b01da94e952ed1
500,50,116,0.002,3.0,9.0,2.5,8,-0.458,0.02,4.5,a7e45ccfa44749f47009339807a5b3b6faa94591750df4893bbd649eb03548aa
500,50,116,0.002,4.0,5.0,4.0,1,0.102,0.67,6.0,a7e45ccfa44749f47009339807a5b3b6faa94591750df4893bbd649eb03548aa
500,50,173,0.002,3.0,5.0,3.0,24,0.555,1.21,6.5,3b3c69bfe1ea7d3417e6f0cb7831cd1890ff9efc41485332a6269801eec79431
500,50,116,0.002,4.0,5.0,4.0,5,-0.867,-0.03,5.0,a7e45ccfa44749f47009339807a5b3b6faa94591750df4893bbd649eb03548aa
500,50,173,0.002,3.0,8.0,1.5,7,0.331,1.01,4.5,3b3c69bfe1ea7d3417e6f0cb7831cd1890ff9efc41485332a6269801eec79431
500,50,173,0.002,5.0,12.0,-1.5,10,-1.406,-1.02,2.0,3b3c69bfe1ea7d3417e6f0cb7831cd1890ff9efc41485332a6269801eec79431
500,50,243,0.002,8.0,6.0,-2.0,4,-0.666,-0.84,4.5,a3243ce7707a2a3682e9edb42f661751af7593e49dee8391462be0e0e7feca5b
500,50,420,0.002,2.0,5.0,4.5,22,0.703,1.35,6.5,8b99cc78d3cb5224793576097671ee3e7b24a24fb6d06417ba2121ba86390aaa
500,50,116,0.002,0.0,7.0,5.0,30,0.778,1.3,6.5,a7e45ccfa44749f47009339807a5b3b6faa94591750df4893bbd649eb03548aa
500,50,116,0.002,1.0,6.0,5.0,45,0.288,0.62,5.0,a7e45ccfa44749f47009339807a5b3b6faa94591750df4893bbd649eb03548aa
500,50,420,0.002,4.0,3.0,4.5,9,-0.143,0.17,5.0,8b99cc78d3cb5224793576097671ee3e7b24a24fb6d06417ba2121ba86390aaa
500,50,417,0.001,4.0,2.0,0.5,38,-0.31,0.31,6.0,576662496728038e224e71e11e336af0a6bb55625ba792b564b78dbc59d6551a
500,50,216,0.00025,4.0,2.0,-2.0,21,-0.156,0.99,7.5,c035a072512832161a9c19e3a318412f2d5a6fa84d9226221a046c265dd900cb
500,50,116,0.002,5.0,6.0,3.0,10,-0.285,0.07,4.0,a7e45ccfa44749f47009339807a5b3b6faa94591750df4893bbd649eb03548aa
500,50,116,0.002,8.0,6.0,1.5,1,-0.057,0.37,4.5,a7e45ccfa44749f47009339807a5b3b6faa94591750df4893bbd649eb03548aa
500,50,116,0.002,9.0,4.0,2.0,1,-0.819,-0.25,4.0,a7e45ccfa44749f47009339807a5b3b6faa94591750df4893bbd649eb03548aa
500,50,95,0.002,3.0,5.0,0.0,45,-0.235,0.53,5.5,c25fc3efb39204b5d63cd28eb38ba90889f8e69e2579abfd84abaa122b7be87a
500,50,280,0.002,3.0,6.0,1.0,9,0.163,0.58,7.0,3dbec4ed280111c6f70cf5b95bd8007d71fffb43262f818ee2b01da94e952ed1
500,50,173,0.002,7.0,4.0,1.5,3,0.031,0.11,5.5,3b3c69bfe1ea7d3417e6f0cb7831cd1890ff9efc41485332a6269801eec79431
500,50,116,0.002,6.0,3.0,4.0,1,1.023,1.7,6.5,a7e45ccfa44749f47009339807a5b3b6faa94591750df4893bbd649eb03548aa
500,50,420,0.002,4.0,6.0,3.0,2,-0.302,-0.02,5.5,8b99cc78d3cb5224793576097671ee3e7b24a24fb6d06417ba2121ba86390aaa
500,50,116,0.002,5.0,2.0,5.0,7,0.314,1.02,5.0,a7e45ccfa44749f47009339807a5b3b6faa94591750df4893bbd649eb03548aa
500,50,138,0.002,5.0,6.0,0.0,4,-0.32899999999999996,0.35,6.0,97b28df35b811f0a5dba92060bfa9d60f1cc23fb3123298c2b14a461bea2df00
500,50,306,0.002,2.0,3.0,1.0,41,0.231,0.65,6.0,fab8f433d6f6bb610ff043434b54f18824bcad5c38069edd6b0404477ea4af7a
500,50,116,0.002,2.0,9.0,3.0,27,-0.689,-0.12,3.0,a7e45ccfa44749f47009339807a5b3b6faa94591750df4893bbd649eb03548aa
500,50,173,0.002,8.0,9.0,-1.5,4,-1.503,-1.67,2.0,3b3c69bfe1ea7d3417e6f0cb7831cd1890ff9efc41485332a6269801eec79431
500,50,420,0.002,5.0,9.0,1.0,6,-0.9079999999999999,-1.04,4.0,8b99cc78d3cb5224793576097671ee3e7b24a24fb6d06417ba2121ba86390aaa
500,50,36,0.002,2.0,2.0,3.0,17,1.317,2.05,7.0,ff40caff9436adbf9bd38cd8dd2a07eed72cc198918166d6ec73cd19617b2ff6
500,50,173,0.002,7.0,7.0,0.0,1,-1.004,-0.44,4.0,3b3c69bfe1ea7d3417e6f0cb7831cd1890ff9efc41485332a6269801eec79431
500,50,116,0.002,7.0,4.0,3.0,5,-0.8809999999999999,-0.6,5.0,a7e45ccfa44749f47009339807a5b3b6faa94591750df4893bbd649eb03548aa
500,50,420,0.002,10.0,5.0,0.5,3,-1.184,-1.05,4.5,8b99cc78d3cb5224793576097671ee3e7b24a24fb6d06417ba2121ba86390aaa
500,50,182,0.002,11.0,5.0,-3.5,1,-1.44,-1.48,3.5,ef5ccd9e100038eaeca590bb86f90622b26afb602bebc9512c60f4a108b50adc
500,50,280,0.002,3.0,8.0,0.0,17,-0.455,0.11,5.5,3dbec4ed280111c6f70cf5b95bd8007d71fffb43262f818ee2b01da94e952ed1
500,50,182,0.002,2.0,6.0,0.5,24,-0.544,0.1,5.0,ef5ccd9e100038eaeca590bb86f90622b26afb602bebc9512c60f4a108b50adc
500,50,420,0.002,4.0,6.0,3.0,33,-0.57,-0.12,4.5,8b99cc78d3cb5224793576097671ee3e7b24a24fb6d06417ba2121ba86390aaa
500,50,420,0.002,4.0,2.0,5.0,5,0.671,1.33,7.5,8b99cc78d3cb5224793576097671ee3e7b24a24fb6d06417ba2121ba86390aaa
500,50,153,0.002,3.0,4.0,2.0,10,0.926,1.97,7.0,6b6f91ba62efae00f09fbbdb547009f73ef44ff90923e257225aa6c928379dbe
500,50,280,0.002,6.0,7.0,-1.0,10,-1.092,-1.28,3.0,3dbec4ed280111c6f70cf5b95bd8007d71fffb43262f818ee2b01da94e952ed1
500,50,178,0.002,6.0,3.0,-1.0,10,-0.723,-0.08,5.0,2852b7ff8e5e77dbf55d6569bbb35253228fd4522b19f56bb25e9bbc298dc1d4
500,50,116,0.002,4.0,6.0,3.5,6,-0.066,0.36,4.0,a7e45ccfa44749f47009339807a5b3b6faa94591750df4893bbd649eb03548aa
500,50,116,0.002,7.0,6.0,2.0,1,-0.753,0.02,3.0,a7e45ccfa44749f47009339807a5b3b6faa94591750df4893bbd649eb03548aa
500,50,420,0.002,5.0,6.0,2.5,3,0.426,1.14,5.5,8b99cc78d3cb5224793576097671ee3e7b24a24fb6d06417ba2121ba86390aaa
500,50,173,0.002,2.0,9.0,1.5,7,-0.445,-0.52,5.5,3b3c69bfe1ea7d3417e6f0cb7831cd1890ff9efc41485332a6269801eec79431
500,50,74,0.002,2.0,4.0,0.5,26,0.264,0.52,7.0,5336d765b764a93e2eb1d0758e1d55b61cf2de15952d7b4f9d34abd296c96afb
500,50,173,0.002,6.0,6.0,1.0,9,-0.9519999999999998,-0.91,4.0,3b3c69bfe1ea7d3417e6f0cb7831cd1890ff9efc41485332a6269801eec79431
500,50,422,0.002,3.0,5.0,-1.5,35,-0.288,0.17,5.0,fb42fbb3176c48cb2875b84cdae050548972e6bfc5c5c2e1fe04f2e151a175a4
500,50,243,0.002,2.0,4.0,2.0,35,-0.005,0.4,5.0,a3243ce7707a2a3682e9edb42f661751af7593e49dee8391462be0e0e7feca5b
500,50,420,0.002,5.0,7.0,2.0,2,-0.469,-0.76,5.0,8b99cc78d3cb5224793576097671ee3e7b24a24fb6d06417ba2121ba86390aaa
500,50,116,0.002,7.0,2.0,4.0,3,0.096,0.8,5.5,a7e45ccfa44749f47009339807a5b3b6faa94591750df4893bbd649eb03548aa
500,50,420,0.002,3.0,5.0,4.0,18,0.105,0.88,5.5,8b99cc78d3cb5224793576097671ee3e7b24a24fb6d06417ba2121ba86390aaa
500,50,420,0.002,3.0,10.0,1.5,25,-0.865,-0.9,3.0,8b99cc78d3cb5224793576097671ee3e7b24a24fb6d06417ba2121ba86390aaa
500,50,116,0.002,3.0,9.0,2.5,15,-0.866,-0.79,4.0,a7e45ccfa44749f47009339807a5b3b6faa94591750df4893bbd649eb03548aa
500,50,67,0.002,8.0,5.0,-2.0,7,-1.444,-1.18,3.5,3a360bea2f41e303724f014d0cc814dc18605110da671f5cf3213df428cae74f
500,50,417,0.001,3.0,4.0,0.0,49,-0.393,-0.16,4.5,576662496728038e224e71e11e336af0a6bb55625ba792b564b78dbc59d6551a
500,50,173,0.002,5.0,8.0,0.5,9,-1.449,-1.03,4.0,3b3c69bfe1ea7d3417e6f0cb7831cd1890ff9efc41485332a6269801eec79431
500,50,116,0.002,6.0,7.0,2.0,11,-1.6,-1.31,3.0,a7e45ccfa44749f47009339807a5b3b6faa94591750df4893bbd649eb03548aa
500,50,116,0.002,5.0,5.0,3.5,1,0.111,0.72,5.0,a7e45ccfa44749f47009339807a5b3b6faa94591750df4893bbd649eb03548aa
500,50,116,0.002,5.0,2.0,5.0,10,0.124,0.84,6.5,a7e45ccfa44749f47009339807a5b3b6faa94591750df4893bbd649eb03548aa
500,50,420,0.002,5.0,6.0,2.5,2,0.301,0.74,5.5,8b99cc78d3cb5224793576097671ee3e7b24a24fb6d06417ba2121ba86390aaa
500,50,261,0.002,2.0,7.0,0.5,35,-0.074,0.31,4.0,84d7db09a4a66ab80de8d84cf303232fb5d2699c1e35c5a38a7893393bdba5db
500,50,420,0.002,3.0,4.0,4.5,13,0.46,0.81,7.0,8b99cc78d3cb5224793576097671ee3e7b24a24fb6d06417ba2121ba86390aaa
500,50,116,0.002,5.0,5.0,3.5,2,0.48699999999999993,1.15,6.0,a7e45ccfa44749f47009339807a5b3b6faa94591750df4893bbd649eb03548aa
500,50,51,0.002,2.0,8.0,-2.0,30,-0.672,-0.41,5.0,0da469cd406ad5030b33efeb4176c7916b6520b504ade19e5900078c3b28d733
500,50,116,0.002,2.0,7.0,4.0,24,0.248,0.43,6.0,a7e45ccfa44749f47009339807a5b3b6faa94591750df4893bbd649eb03548aa
500,50,307,0.002,3.0,1.0,-1.0,40,0.6510000000000001,1.34,7.0,6249ba1e225c6386557b7ff651a8d160f9ad8879d82324e9f4f8b8b3bb901b20
500,50,51,0.002,1.0,5.0,0.0,24,0.258,0.89,5.5,0da469cd406ad5030b33efeb4176c7916b6520b504ade19e5900078c3b28d733
500,50,123,0.002,3.0,6.0,0.0,14,-0.8080000000000002,-0.24,5.5,b2aa7ce2e829b156b6b2a9da36e09488eda956e5a66a30f221742ee0aa8167f7
500,50,36,0.002,2.0,8.0,0.0,20,-0.327,0.18,4.5,ff40caff9436adbf9bd38cd8dd2a07eed72cc198918166d6ec73cd19617b2ff6
500,50,67,0.002,5.0,6.0,-1.0,4,0.321,1.1,5.5,3a360bea2f41e303724f014d0cc814dc18605110da671f5cf3213df428cae74f
500,50,116,0.002,4.0,5.0,4.0,2,0.377,1.16,6.5,a7e45ccfa44749f47009339807a5b3b6faa94591750df4893bbd649eb03548aa
500,50,422,0.002,1.0,8.0,-2.0,32,-0.382,0.06,5.5,fb42fbb3176c48cb2875b84cdae050548972e6bfc5c5c2e1fe04f2e151a175a4
500,50,116,0.002,5.0,8.0,2.0,6,-0.9079999999999999,-0.47,4.0,a7e45ccfa44749f47009339807a5b3b6faa94591750df4893bbd649eb03548aa
500,50,116,0.002,1.0,7.0,4.5,48,-0.291,0.61,5.0,a7e45ccfa44749f47009339807a5b3b6faa94591750df4893bbd649eb03548aa
500,50,272,0.002,3.0,5.0,0.0,39,-0.39399999999999996,0.22,6.0,afcb930297b7343b8945a302072f385537be9321555f4f186f06883623c7f8fb
500,50,123,0.002,3.0,5.0,0.5,26,-0.493,-0.54,4.5,b2aa7ce2e829b156b6b2a9da36e09488eda956e5a66a30f221742ee0aa8167f7
500,50,138,0.002,4.0,5.0,1.0,13,-0.063,1.06,6.0,97b28df35b811f0a5dba92060bfa9d60f1cc23fb3123298c2b14a461bea2df00
500,50,67,0.002,4.0,7.0,-1.0,31,-0.65,-0.25,4.5,3a360bea2f41e303724f014d0cc814dc18605110da671f5cf3213df428cae74f
500,50,116,0.002,10.0,6.0,0.5,2,-0.633,-0.22,4.5,a7e45ccfa44749f47009339807a5b3b6faa94591750df4893bbd649eb03548aa
500,50,116,0.002,1.0,5.0,5.5,34,0.413,0.8,6.0,a7e45ccfa44749f47009339807a5b3b6faa94591750df4893bbd649eb03548aa
500,50,116,0.002,2.0,9.0,3.0,7,-0.109,0.37,5.0,a7e45ccfa44749f47009339807a5b3b6faa94591750df4893bbd649eb03548aa
500,50,261,0.002,6.0,2.0,1.0,23,-0.313,-0.03,6.0,84d7db09a4a66ab80de8d84cf303232fb5d2699c1e35c5a38a7893393bdba5db
500,50,116,0.002,7.0,4.0,3.0,1,-0.044,0.73,5.5,a7e45ccfa44749f47009339807a5b3b6faa94591750df4893bbd649eb03548aa
500,50,420,0.002,6.0,7.0,1.5,5,-0.584,-0.26,3.5,8b99cc78d3cb5224793576097671ee3e7b24a24fb6d06417ba2121ba86390aaa
500,50,182,0.002,6.0,6.0,-1.5,15,-1.125,-1.5,3.0,ef5ccd9e100038eaeca590bb86f90622b26afb602bebc9512c60f4a108b50adc
500,50,116,0.002,7.0,4.0,3.0,4,-0.3509999999999999,-0.12,4.5,a7e45ccfa44749f47009339807a5b3b6faa94591750df4893bbd649eb03548aa
500,50,116,0.002,2.0,9.0,3.0,11,0.148,0.5,5.0,a7e45ccfa44749f47009339807a5b3b6faa94591750df4893bbd649eb03548aa
500,50,173,0.002,6.0,9.0,-0.5,2,-0.43200000000000005,0.09,3.5,3b3c69bfe1ea7d3417e6f0cb7831cd1890ff9efc41485332a6269801eec79431
500,50,420,0.002,2.0,5.0,4.5,6,0.715,1.54,6.0,8b99cc78d3cb5224793576097671ee3e7b24a24fb6d06417ba2121ba86390aaa
500,50,116,0.002,2.0,4.0,5.5,10,0.617,1.2,5.5,a7e45ccfa44749f47009339807a5b3b6faa94591750df4893bbd649eb03548aa
500,50,420,0.002,1.0,5.0,5.0,27,0.7710000000000001,1.39,6.0,8b99cc78d3cb5224793576097671ee3e7b24a24fb6d06417ba2121ba86390aaa
500,50,272,0.002,6.0,7.0,-2.5,9,-0.706,-0.44,4.0,afcb930297b7343b8945a302072f385537be9321555f4f186f06883623c7f8fb
500,50,116,0.002,3.0,10.0,2.0,17,-0.659,-0.67,4.0,a7e45ccfa44749f47009339807a5b3b6faa94591750df4893bbd649eb03548aa
500,50,420,0.002,3.0,6.0,3.5,9,-0.19,0.19,5.5,8b99cc78d3cb5224793576097671ee3e7b24a24fb6d06417ba2121ba86390aaa
500,50,173,0.002,3.0,9.0,1.0,6,-0.147,0.38,4.5,3b3c69bfe1ea7d3417e6f0cb7831cd1890ff9efc41485332a6269801eec79431
500,50,116,0.002,2.0,5.0,5.0,11,-0.152,0.27,5.5,a7e45ccfa44749f47009339807a5b3b6faa94591750df4893bbd649eb03548aa
500,50,116,0.002,4.0,4.0,4.5,6,0.253,1.04,6.0,a7e45ccfa44749f47009339807a5b3b6faa94591750df4893bbd649eb03548aa
500,50,116,0.002,8.0,6.0,1.5,1,-0.695,-0.22,3.0,a7e45ccfa44749f47009339807a5b3b6faa94591750df4893bbd649eb03548aa
500,50,116,0.002,2.0,8.0,3.5,3,-0.159,0.33,5.0,a7e45ccfa44749f47009339807a5b3b6faa94591750df4893bbd649eb03548aa
500,50,123,0.002,4.0,3.0,1.0,4,0.26,0.92,6.5,b2aa7ce2e829b156b6b2a9da36e09488eda956e5a66a30f221742ee0aa8167f7
500,50,116,0.002,3.0,6.0,4.0,8,-0.55,-0.02,4.5,a7e45ccfa44749f47009339807a5b3b6faa94591750df4893bbd649eb03548aa
500,50,116,0.002,2.0,7.0,4.0,20,-0.745,-0.19,5.0,a7e45ccfa44749f47009339807a5b3b6faa94591750df4893bbd649eb03548aa
500,50,173,0.002,4.0,5.0,2.5,8,0.183,0.84,6.0,3b3c69bfe1ea7d3417e6f0cb7831cd1890ff9efc41485332a6269801eec79431
500,50,182,0.002,5.0,4.0,0.0,1,0.295,0.55,7.0,ef5ccd9e100038eaeca590bb86f90622b26afb602bebc9512c60f4a108b50adc
500,50,116,0.002,5.0,5.0,3.5,21,-0.873,-0.36,4.0,a7e45ccfa44749f47009339807a5b3b6faa94591750df4893bbd649eb03548aa
500,50,422,0.002,4.0,3.0,-1.0,13,0.35,1.27,6.5,fb42fbb3176c48cb2875b84cdae050548972e6bfc5c5c2e1fe04f2e151a175a4
500,50,138,0.002,3.0,6.0,1.0,5,0.124,0.73,6.0,97b28df35b811f0a5dba92060bfa9d60f1cc23fb3123298c2b14a461bea2df00
500,50,116,0.002,2.0,11.0,2.0,17,-0.144,0.3,3.5,a7e45ccfa44749f47009339807a5b3b6faa94591750df4893bbd649eb03548aa
500,50,173,0.002,5.0,6.0,1.5,5,0.068,-0.05,4.5,3b3c69bfe1ea7d3417e6f0cb7831cd1890ff9efc41485332a6269801eec79431
500,50,153,0.002,5.0,6.0,0.0,3,-0.475,-0.04,4.5,6b6f91ba62efae00f09fbbdb547009f73ef44ff90923e257225aa6c928379dbe
500,50,173,0.002,4.0,6.0,2.0,3,-0.547,-0.71,6.5,3b3c69bfe1ea7d3417e6f0cb7831cd1890ff9efc41485332a6269801eec79431
500,50,116,0.002,1.0,8.0,4.0,42,0.003,0.48,4.0,a7e45ccfa44749f47009339807a5b3b6faa94591750df4893bbd649eb03548aa
500,50,420,0.002,3.0,8.0,2.5,11,-0.964,-0.64,3.5,8b99cc78d3cb5224793576097671ee3e7b24a24fb6d06417ba2121ba86390aaa
500,50,420,0.002,4.0,7.0,2.5,6,-0.698,-0.37,4.0,8b99cc78d3cb5224793576097671ee3e7b24a24fb6d06417ba2121ba86390aaa
500,50,138,0.002,4.0,3.0,2.0,25,0.577,0.87,9.0,97b28df35b811f0a5dba92060bfa9d60f1cc23fb3123298c2b14a461bea2df00
500,50,116,0.002,5.0,4.0,4.0,18,-0.22699999999999998,-0.06,5.0,a7e45ccfa44749f47009339807a5b3b6faa94591750df4893bbd649eb03548aa
500,50,417,0.001,2.0,3.0,1.0,37,0.355,0.6,7.0,576662496728038e224e71e11e336af0a6bb55625ba792b564b78dbc59d6551a
500,50,116,0.002,1.0,7.0,4.5,44,-0.287,-0.1,4.5,a7e45ccfa44749f47009339807a5b3b6faa94591750df4893bbd649eb03548aa
500,50,123,0.002,2.0,4.0,1.5,41,0.105,0.35,5.0,b2aa7ce2e829b156b6b2a9da36e09488eda956e5a66a30f221742ee0aa8167f7
500,50,36,0.002,3.0,7.0,0.0,28,-0.742,-0.19,4.5,ff40caff9436adbf9bd38cd8dd2a07eed72cc198918166d6ec73cd19617b2ff6
500,50,173,0.002,2.0,8.0,2.0,39,-0.38800000000000007,-0.02,5.0,3b3c69bfe1ea7d3417e6f0cb7831cd1890ff9efc41485332a6269801eec79431
500,50,116,0.002,4.0,7.0,3.0,3,0.287,0.71,5.0,a7e45ccfa44749f47009339807a5b3b6faa94591750df4893bbd649eb03548aa
500,50,173,0.002,5.0,5.0,2.0,6,0.575,0.91,6.5,3b3c69bfe1ea7d3417e6f0cb7831cd1890ff9efc41485332a6269801eec79431
500,50,116,0.002,2.0,5.0,5.0,41,-0.052000000000000005,0.81,5.0,a7e45ccfa44749f47009339807a5b3b6faa94591750df4893bbd649eb03548aa
500,50,51,0.002,5.0,5.0,-2.0,4,-0.23200000000000004,0.52,4.5,0da469cd406ad5030b33efeb4176c7916b6520b504ade19e5900078c3b28d733
500,50,203,0.002,2.0,4.0,-1.0,24,0.039,0.52,6.5,482f9bb74e396230e41acb238caf3964559f8d6f6f94a105834a53b8cd581e55
500,50,420,0.002,5.0,6.0,2.5,7,-0.571,-0.31,5.5,8b99cc78d3cb5224793576097671ee3e7b24a24fb6d06417ba2121ba86390aaa
500,50,280,0.002,3.0,5.0,1.5,10,0.08,0.58,5.5,3dbec4ed280111c6f70cf5b95bd8007d71fffb43262f818ee2b01da94e952ed1
500,50,420,0.002,3.0,6.0,3.5,18,-0.094,0.16,5.5,8b99cc78d3cb5224793576097671ee3e7b24a24fb6d06417ba2121ba86390aaa
500,50,417,0.001,5.0,4.0,-1.0,40,-0.592,-0.2,4.0,576662496728038e224e71e11e336af0a6bb55625ba792b564b78dbc59d6551a
500,50,173,0.002,3.0,5.0,3.0,42,-0.541,-0.27,4.5,3b3c69bfe1ea7d3417e6f0cb7831cd1890ff9efc41485332a6269801eec79431
500,50,182,0.002,1.0,4.0,2.0,50,0.244,0.56,6.5,ef5ccd9e100038eaeca590bb86f90622b26afb602bebc9512c60f4a108b50adc
500,50,417,0.001,1.0,3.0,1.5,43,0.273,0.82,7.0,576662496728038e224e71e11e336af0a6bb55625ba792b564b78dbc59d6551a
500,50,173,0.002,3.0,5.0,3.0,49,-0.402,-0.4,3.0,3b3c69bfe1ea7d3417e6f0cb7831cd1890ff9efc41485332a6269801eec79431
500,50,173,0.002,1.0,4.0,4.5,10,1.096,0.95,8.5,3b3c69bfe1ea7d3417e6f0cb7831cd1890ff9efc41485332a6269801eec79431
500,50,138,0.002,2.0,5.0,2.0,18,0.7120000000000001,1.55,8.0,97b28df35b811f0a5dba92060bfa9d60f1cc23fb3123298c2b14a461bea2df00
500,50,173,0.002,4.0,3.0,3.5,3,0.501,0.97,6.5,3b3c69bfe1ea7d3417e6f0cb7831cd1890ff9efc41485332a6269801eec79431
500,50,420,0.002,4.0,3.0,4.5,14,0.23799999999999996,0.79,6.0,8b99cc78d3cb5224793576097671ee3e7b24a24fb6d06417ba2121ba86390aaa
500,50,420,0.002,1.0,6.0,4.5,25,0.192,0.61,6.5,8b99cc78d3cb5224793576097671ee3e7b24a24fb6d06417ba2121ba86390aaa
500,50,103,0.0005,3.0,4.0,0.5,46,-0.308,0.3,6.0,f686a886b7f72c7d003d6a650ffd17acce3c4aa805af76248dd3d1e642265184
500,50,116,0.002,10.0,5.0,1.0,1,-1.011,-0.97,4.0,a7e45ccfa44749f47009339807a5b3b6faa94591750df4893bbd649eb03548aa
500,50,262,0.001,4.0,2.0,0.5,22,0.212,1.42,5.5,c80bd42dd2007dcd4ce2f14198ecc4247341eb77b27e1de5cc3fb045162a23de
500,50,116,0.002,5.0,6.0,3.0,6,0.022,0.29,4.0,a7e45ccfa44749f47009339807a5b3b6faa94591750df4893bbd649eb03548aa
500,50,173,0.002,7.0,7.0,0.0,1,-0.561,-0.2,4.5,3b3c69bfe1ea7d3417e6f0cb7831cd1890ff9efc41485332a6269801eec79431
500,50,420,0.002,4.0,3.0,4.5,17,0.303,0.44,7.0,8b99cc78d3cb5224793576097671ee3e7b24a24fb6d06417ba2121ba86390aaa
500,50,36,0.002,1.0,6.0,1.5,36,-0.138,0.5,5.0,ff40caff9436adbf9bd38cd8dd2a07eed72cc198918166d6ec73cd19617b2ff6
500,50,116,0.002,5.0,3.0,4.5,5,0.111,0.53,7.0,a7e45ccfa44749f47009339807a5b3b6faa94591750df4893bbd649eb03548aa
500,50,137,0.002,4.0,7.0,-3.5,12,-0.622,-0.17,5.0,69a1231af5fc3f55054f1c14b1a7313be0d0b67e0ff876b205be63a03e091d42
500,50,73,0.001,4.0,2.0,0.5,33,0.401,0.83,5.0,d47db6a3fa9151c10e2a42a4c31e38c922e8941f0814a51e6204fe23b2d82160
500,50,361,0.001,3.0,5.0,-1.0,7,0.04100000000000001,0.12,5.0,b3b29cc417591441cf91bccb62378e246ba397718ccb51e81dab8b328cf75393
500,50,468,0.002,1.0,5.0,-2.5,44,0.737,1.32,6.0,ebee2725a830b6aa081d91923a7c5a59ab7480a39d0d420d3b039a22594edd25
500,50,173,0.002,2.0,9.0,1.5,46,0.377,0.67,5.5,3b3c69bfe1ea7d3417e6f0cb7831cd1890ff9efc41485332a6269801eec79431
500,50,2,0.0005,2.0,3.0,-1.5,38,0.352,0.73,7.5,32f9ed6742c844ac35509fec0818ab028249f020256f3f7b41e88ed445f3f79d
500,50,173,0.002,4.0,5.0,2.5,7,0.083,1.29,7.0,3b3c69bfe1ea7d3417e6f0cb7831cd1890ff9efc41485332a6269801eec79431
500,50,116,0.002,4.0,1.0,6.0,8,0.414,1.13,6.0,a7e45ccfa44749f47009339807a5b3b6faa94591750df4893bbd649eb03548aa
500,50,123,0.002,4.0,3.0,1.0,30,0.067,0.97,5.5,b2aa7ce2e829b156b6b2a9da36e09488eda956e5a66a30f221742ee0aa8167f7
500,50,73,0.001,2.0,6.0,-0.5,32,-0.45300000000000007,-0.03,6.5,d47db6a3fa9151c10e2a42a4c31e38c922e8941f0814a51e6204fe23b2d82160
500,50,116,0.002,5.0,4.0,4.0,7,-0.24600000000000002,0.24,4.5,a7e45ccfa44749f47009339807a5b3b6faa94591750df4893bbd649eb03548aa
500,50,116,0.002,5.0,5.0,3.5,7,0.136,0.78,5.0,a7e45ccfa44749f47009339807a5b3b6faa94591750df4893bbd649eb03548aa
500,50,182,0.002,2.0,3.0,2.0,23,0.41600000000000004,0.56,5.0,ef5ccd9e100038eaeca590bb86f90622b26afb602bebc9512c60f4a108b50adc
500,50,116,0.002,4.0,6.0,3.5,3,0.315,1.11,4.5,a7e45ccfa44749f47009339807a5b3b6faa94591750df4893bbd649eb03548aa
500,50,262,0.001,4.0,2.0,0.5,36,-0.24,0.57,6.5,c80bd42dd2007dcd4ce2f14198ecc4247341eb77b27e1de5cc3fb045162a23de
500,50,420,0.002,3.0,5.0,4.0,8,0.973,1.28,7.0,8b99cc78d3cb5224793576097671ee3e7b24a24fb6d06417ba2121ba86390aaa
500,50,116,0.002,4.0,6.0,3.5,12,-0.691,-0.14,4.5,a7e45ccfa44749f47009339807a5b3b6faa94591750df4893bbd649eb03548aa
500,50,74,0.002,5.0,6.0,-2.0,15,-0.693,-0.97,3.5,5336d765b764a93e2eb1d0758e1d55b61cf2de15952d7b4f9d34abd296c96afb
500,50,116,0.002,2.0,10.0,2.5,7,0.457,0.78,5.5,a7e45ccfa44749f47009339807a5b3b6faa94591750df4893bbd649eb03548aa
500,50,123,0.002,2.0,3.0,2.0,27,0.53,1.32,6.0,b2aa7ce2e829b156b6b2a9da36e09488eda956e5a66a30f221742ee0aa8167f7
500,50,36,0.002,3.0,10.0,-1.5,19,-0.584,-0.28,5.0,ff40caff9436adbf9bd38cd8dd2a07eed72cc198918166d6ec73cd19617b2ff6
500,50,420,0.002,5.0,3.0,4.0,1,0.063,0.27,6.5,8b99cc78d3cb5224793576097671ee3e7b24a24fb6d06417ba2121ba86390aaa
500,50,406,0.002,3.0,4.0,0.0,26,0.09700000000000002,0.6,6.0,d8cbd0c6756e20701f1e3611fcfe1080ff6b93fafb65fb2800ad9a7bd0a04ea2
500,50,74,0.002,3.0,4.0,0.0,15,-0.132,-0.36,6.0,5336d765b764a93e2eb1d0758e1d55b61cf2de15952d7b4f9d34abd296c96afb
500,50,422,0.002,2.0,5.0,-1.0,14,0.597,1.2,6.0,fb42fbb3176c48cb2875b84cdae050548972e6bfc5c5c2e1fe04f2e151a175a4
500,50,153,0.002,2.0,8.0,0.5,33,0.168,0.29,5.5,6b6f91ba62efae00f09fbbdb547009f73ef44ff90923e257225aa6c928379dbe
500,50,116,0.002,6.0,7.0,2.0,2,-0.64,-0.23,4.0,a7e45ccfa44749f47009339807a5b3b6faa94591750df4893bbd649eb03548aa
500,50,306,0.002,6.0,8.0,-3.5,2,-0.543,-0.62,2.5,fab8f433d6f6bb610ff043434b54f18824bcad5c38069edd6b0404477ea4af7a
500,50,74,0.002,1.0,6.0,0.0,18,0.614,0.91,7.0,5336d765b764a93e2eb1d0758e1d55b61cf2de15952d7b4f9d34abd296c96afb
500,50,420,0.002,9.0,7.0,0.0,2,-1.258,-0.89,5.5,8b99cc78d3cb5224793576097671ee3e7b24a24fb6d06417ba2121ba86390aaa
500,50,182,0.002,3.0,6.0,0.0,46,-1.247,-0.76,3.0,ef5ccd9e100038eaeca590bb86f90622b26afb602bebc9512c60f4a108b50adc
500,50,272,0.002,2.0,5.0,0.5,31,0.374,0.53,5.0,afcb930297b7343b8945a302072f385537be9321555f4f186f06883623c7f8fb
500,50,116,0.002,3.0,6.0,4.0,36,-0.688,-0.37,4.5,a7e45ccfa44749f47009339807a5b3b6faa94591750df4893bbd649eb03548aa
500,50,116,0.002,5.0,6.0,3.0,6,-0.006,0.51,5.0,a7e45ccfa44749f47009339807a5b3b6faa94591750df4893bbd649eb03548aa
500,50,137,0.002,1.0,7.0,-2.0,23,0.295,0.51,5.0,69a1231af5fc3f55054f1c14b1a7313be0d0b67e0ff876b205be63a03e091d42
500,50,116,0.002,4.0,8.0,2.5,5,-0.34,0.24,3.5,a7e45ccfa44749f47009339807a5b3b6faa94591750df4893bbd649eb03548aa
500,50,173,0.002,4.0,5.0,2.5,5,-0.326,0.25,5.0,3b3c69bfe1ea7d3417e6f0cb7831cd1890ff9efc41485332a6269801eec79431
500,50,123,0.002,1.0,6.0,1.0,10,0.105,0.17,7.0,b2aa7ce2e829b156b6b2a9da36e09488eda956e5a66a30f221742ee0aa8167f7
500,50,123,0.002,3.0,7.0,-0.5,12,-0.546,-0.13,4.5,b2aa7ce2e829b156b6b2a9da36e09488eda956e5a66a30f221742ee0aa8167f7
500,50,123,0.002,3.0,5.0,0.5,11,-0.18099999999999997,-0.47,5.5,b2aa7ce2e829b156b6b2a9da36e09488eda956e5a66a30f221742ee0aa8167f7
500,50,280,0.002,1.0,5.0,2.5,34,0.137,0.96,7.5,3dbec4ed280111c6f70cf5b95bd8007d71fffb43262f818ee2b01da94e952ed1
500,50,116,0.002,1.0,4.0,6.0,11,0.077,0.36,7.5,a7e45ccfa44749f47009339807a5b3b6faa94591750df4893bbd649eb03548aa
500,50,153,0.002,4.0,9.0,-1.0,24,0.09300000000000001,0.85,5.0,6b6f91ba62efae00f09fbbdb547009f73ef44ff90923e257225aa6c928379dbe
500,50,272,0.002,3.0,6.0,-0.5,24,-1.207,-0.71,3.5,afcb930297b7343b8945a302072f385537be9321555f4f186f06883623c7f8fb
500,50,420,0.002,3.0,6.0,3.5,22,-0.245,-0.08,5.0,8b99cc78d3cb5224793576097671ee3e7b24a24fb6d06417ba2121ba86390aaa
500,50,116,0.002,3.0,2.0,6.0,9,0.504,1.29,8.0,a7e45ccfa44749f47009339807a5b3b6faa94591750df4893bbd649eb03548aa
500,50,95,0.002,3.0,7.0,-1.0,23,-0.414,0.09,5.0,c25fc3efb39204b5d63cd28eb38ba90889f8e69e2579abfd84abaa122b7be87a
500,50,173,0.002,4.0,9.0,0.5,9,-0.76,-1.14,4.5,3b3c69bfe1ea7d3417e6f0cb7831cd1890ff9efc41485332a6269801eec79431
500,50,420,0.002,3.0,7.0,3.0,47,-0.916,-0.45,4.0,8b99cc78d3cb5224793576097671ee3e7b24a24fb6d06417ba2121ba86390aaa
500,50,420,0.002,3.0,3.0,5.0,12,0.671,1.22,6.5,8b99cc78d3cb5224793576097671ee3e7b24a24fb6d06417ba2121ba86390aaa
500,50,116,0.002,4.0,4.0,4.5,10,0.426,1.29,5.5,a7e45ccfa44749f47009339807a5b3b6faa94591750df4893bbd649eb03548aa
500,50,420,0.002,1.0,10.0,2.5,43,-0.335,0.08,4.5,8b99cc78d3cb5224793576097671ee3e7b24a24fb6d06417ba2121ba86390aaa
500,50,116,0.002,2.0,6.0,4.5,4,-0.17299999999999996,0.51,5.0,a7e45ccfa44749f47009339807a5b3b6faa94591750df4893bbd649eb03548aa
500,50,490,0.002,3.0,5.0,-1.0,46,-0.846,-0.18,5.0,974847301356efb9a3ebc5a376507ea020f2aa2b7a8db231927848b0f6c7fa65
500,50,67,0.002,5.0,4.0,0.0,39,-0.905,-0.95,3.5,3a360bea2f41e303724f014d0cc814dc18605110da671f5cf3213df428cae74f
500,50,203,0.002,2.0,4.0,-1.0,41,-0.291,0.4,4.5,482f9bb74e396230e41acb238caf3964559f8d6f6f94a105834a53b8cd581e55
500,50,116,0.002,7.0,7.0,1.5,5,-0.759,-0.48,3.5,a7e45ccfa44749f47009339807a5b3b6faa94591750df4893bbd649eb03548aa
500,50,123,0.002,3.0,9.0,-1.5,35,-1.232,-1.78,3.0,b2aa7ce2e829b156b6b2a9da36e09488eda956e5a66a30f221742ee0aa8167f7
500,50,116,0.002,4.0,3.0,5.0,15,0.008,0.56,5.0,a7e45ccfa44749f47009339807a5b3b6faa94591750df4893bbd649eb03548aa
500,50,36,0.002,5.0,4.0,0.5,18,-0.302,0.33,5.5,ff40caff9436adbf9bd38cd8dd2a07eed72cc198918166d6ec73cd19617b2ff6
500,50,151,0.002,2.0,9.0,-3.5,20,-1.3769999999999998,-1.4,5.0,4862fa101ab06efd13bb2a8dc37275b1a4d264e8dc87ef61d0892b1ec48bad14
500,50,116,0.002,7.0,6.0,2.0,10,-1.3869999999999998,-1.22,4.0,a7e45ccfa44749f47009339807a5b3b6faa94591750df4893bbd649eb03548aa
500,50,116,0.002,5.0,4.0,4.0,2,0.899,1.83,7.0,a7e45ccfa44749f47009339807a5b3b6faa94591750df4893bbd649eb03548aa
500,50,116,0.002,8.0,6.0,1.5,6,-0.968,-1.02,4.0,a7e45ccfa44749f47009339807a5b3b6faa94591750df4893bbd649eb03548aa
500,50,116,0.002,4.0,5.0,4.0,7,-0.321,-0.42,6.0,a7e45ccfa44749f47009339807a5b3b6faa94591750df4893bbd649eb03548aa
500,50,123,0.002,4.0,10.0,-2.5,2,-0.671,-1.03,4.0,b2aa7ce2e829b156b6b2a9da36e09488eda956e5a66a30f221742ee0aa8167f7
500,50,138,0.002,3.0,4.0,2.0,39,-0.387,-0.07,5.0,97b28df35b811f0a5dba92060bfa9d60f1cc23fb3123298c2b14a461bea2df00
500,50,280,0.002,5.0,6.0,0.0,4,-0.09300000000000001,0.71,4.5,3dbec4ed280111c6f70cf5b95bd8007d71fffb43262f818ee2b01da94e952ed1
500,50,173,0.002,4.0,7.0,1.5,36,-1.022,-1.26,3.0,3b3c69bfe1ea7d3417e6f0cb7831cd1890ff9efc41485332a6269801eec79431
500,50,123,0.002,3.0,4.0,1.0,5,0.333,0.81,6.0,b2aa7ce2e829b156b6b2a9da36e09488eda956e5a66a30f221742ee0aa8167f7
500,50,116,0.002,5.0,5.0,3.5,2,0.05,0.4,5.0,a7e45ccfa44749f47009339807a5b3b6faa94591750df4893bbd649eb03548aa
500,50,417,0.001,7.0,1.0,-0.5,26,-0.8439999999999999,-0.36,4.0,576662496728038e224e71e11e336af0a6bb55625ba792b564b78dbc59d6551a
500,50,36,0.002,7.0,11.0,-4.0,5,-1.723,-2.75,2.5,ff40caff9436adbf9bd38cd8dd2a07eed72cc198918166d6ec73cd19617b2ff6
500,50,261,0.002,4.0,6.0,0.0,16,-0.742,-0.12,4.0,84d7db09a4a66ab80de8d84cf303232fb5d2699c1e35c5a38a7893393bdba5db
500,50,420,0.002,3.0,7.0,3.0,23,-0.43200000000000005,-0.09,5.5,8b99cc78d3cb5224793576097671ee3e7b24a24fb6d06417ba2121ba86390aaa
500,50,420,0.002,1.0,5.0,5.0,37,0.807,1.27,6.5,8b99cc78d3cb5224793576097671ee3e7b24a24fb6d06417ba2121ba86390aaa
500,50,420,0.002,5.0,9.0,1.0,7,-0.851,-1.05,2.5,8b99cc78d3cb5224793576097671ee3e7b24a24fb6d06417ba2121ba86390aaa
500,50,272,0.002,4.0,5.0,-0.5,18,-0.13,0.33,5.0,afcb930297b7343b8945a302072f385537be9321555f4f186f06883623c7f8fb
500,50,116,0.002,4.0,2.0,5.5,7,0.321,1.2,7.0,a7e45ccfa44749f47009339807a5b3b6faa94591750df4893bbd649eb03548aa
500,50,173,0.002,8.0,7.0,-0.5,3,-0.588,0.17,4.0,3b3c69bfe1ea7d3417e6f0cb7831cd1890ff9efc41485332a6269801eec79431
500,50,173,0.002,5.0,4.0,2.5,4,0.738,1.24,7.0,3b3c69bfe1ea7d3417e6f0cb7831cd1890ff9efc41485332a6269801eec79431
500,50,280,0.002,5.0,5.0,0.5,50,-0.687,-0.57,3.0,3dbec4ed280111c6f70cf5b95bd8007d71fffb43262f818ee2b01da94e952ed1
500,50,123,0.002,3.0,6.0,0.0,4,1.264,1.94,7.0,b2aa7ce2e829b156b6b2a9da36e09488eda956e5a66a30f221742ee0aa8167f7
500,50,116,0.002,7.0,1.0,4.5,10,-0.048,0.01,4.5,a7e45ccfa44749f47009339807a5b3b6faa94591750df4893bbd649eb03548aa
500,50,420,0.002,3.0,4.0,4.5,23,0.279,0.55,4.5,8b99cc78d3cb5224793576097671ee3e7b24a24fb6d06417ba2121ba86390aaa
500,50,67,0.002,3.0,10.0,-2.0,12,-0.385,0.14,5.0,3a360bea2f41e303724f014d0cc814dc18605110da671f5cf3213df428cae74f
500,50,272,0.002,4.0,2.0,1.0,18,-0.174,0.38,5.5,afcb930297b7343b8945a302072f385537be9321555f4f186f06883623c7f8fb
500,50,272,0.002,8.0,3.0,-1.5,8,-0.366,-0.14,6.0,afcb930297b7343b8945a302072f385537be9321555f4f186f06883623c7f8fb
500,50,420,0.002,5.0,7.0,2.0,4,-0.6629999999999999,-0.58,5.0,8b99cc78d3cb5224793576097671ee3e7b24a24fb6d06417ba2121ba86390aaa
500,50,173,0.002,6.0,7.0,0.5,2,-0.462,0.0,4.5,3b3c69bfe1ea7d3417e6f0cb7831cd1890ff9efc41485332a6269801eec79431
500,50,420,0.002,6.0,8.0,1.0,9,-1.2990000000000002,-0.98,4.5,8b99cc78d3cb5224793576097671ee3e7b24a24fb6d06417ba2121ba86390aaa
500,50,420,0.002,4.0,4.0,4.0,5,-0.012,-0.03,6.5,8b99cc78d3cb5224793576097671ee3e7b24a24fb6d06417ba2121ba86390aaa
500,50,116,0.002,7.0,8.0,1.0,2,-1.033,-1.46,3.5,a7e45ccfa44749f47009339807a5b3b6faa94591750df4893bbd649eb03548aa
500,50,173,0.002,4.0,7.0,1.5,30,-1.003,-0.52,2.5,3b3c69bfe1ea7d3417e6f0cb7831cd1890ff9efc41485332a6269801eec79431
500,50,116,0.002,1.0,7.0,4.5,36,0.586,1.39,5.5,a7e45ccfa44749f47009339807a5b3b6faa94591750df4893bbd649eb03548aa
500,50,182,0.002,0.0,10.0,-0.5,37,0.069,0.24,4.5,ef5ccd9e100038eaeca590bb86f90622b26afb602bebc9512c60f4a108b50adc
500,50,36,0.002,5.0,4.0,0.5,12,-0.7120000000000001,-0.67,5.0,ff40caff9436adbf9bd38cd8dd2a07eed72cc198918166d6ec73cd19617b2ff6
500,50,116,0.002,2.0,12.0,1.5,7,-0.333,0.17,4.5,a7e45ccfa44749f47009339807a5b3b6faa94591750df4893bbd649eb03548aa
500,50,123,0.002,2.0,5.0,1.0,31,0.205,0.33,5.0,b2aa7ce2e829b156b6b2a9da36e09488eda956e5a66a30f221742ee0aa8167f7
500,50,123,0.002,2.0,3.0,2.0,34,0.067,0.71,6.5,b2aa7ce2e829b156b6b2a9da36e09488eda956e5a66a30f221742ee0aa8167f7
500,50,116,0.002,5.0,9.0,1.5,9,-1.029,-1.29,2.5,a7e45ccfa44749f47009339807a5b3b6faa94591750df4893bbd649eb03548aa
500,50,116,0.002,4.0,5.0,4.0,12,0.605,0.93,5.5,a7e45ccfa44749f47009339807a5b3b6faa94591750df4893bbd649eb03548aa
500,50,116,0.002,0.0,6.0,5.5,44,0.57,0.81,6.5,a7e45ccfa44749f47009339807a5b3b6faa94591750df4893bbd649eb03548aa
500,50,116,0.002,6.0,8.0,1.5,1,-0.772,-0.5,4.0,a7e45ccfa44749f47009339807a5b3b6faa94591750df4893bbd649eb03548aa
500,50,417,0.001,3.0,5.0,-0.5,21,-0.671,-0.37,5.0,576662496728038e224e71e11e336af0a6bb55625ba792b564b78dbc59d6551a
500,50,36,0.002,3.0,7.0,0.0,3,0.32300000000000006,0.78,5.5,ff40caff9436adbf9bd38cd8dd2a07eed72cc198918166d6ec73cd19617b2ff6
500,50,420,0.002,5.0,5.0,3.0,2,0.347,0.72,6.5,8b99cc78d3cb5224793576097671ee3e7b24a24fb6d06417ba2121ba86390aaa
500,50,272,0.002,4.0,11.0,-3.5,11,-1.378,-1.54,4.0,afcb930297b7343b8945a302072f385537be9321555f4f186f06883623c7f8fb
500,50,116,0.002,7.0,4.0,3.0,1,0.417,0.43,5.5,a7e45ccfa44749f47009339807a5b3b6faa94591750df4893bbd649eb03548aa
500,50,116,0.002,1.0,9.0,3.5,25,-0.088,0.34,4.0,a7e45ccfa44749f47009339807a5b3b6faa94591750df4893bbd649eb03548aa
500,50,173,0.002,8.0,4.0,1.0,1,-0.355,-0.09,4.5,3b3c69bfe1ea7d3417e6f0cb7831cd1890ff9efc41485332a6269801eec79431
500,50,116,0.002,3.0,6.0,4.0,39,-0.738,-0.27,6.5,a7e45ccfa44749f47009339807a5b3b6faa94591750df4893bbd649eb03548aa
500,50,182,0.002,3.0,7.0,-0.5,24,-0.204,-0.1,5.5,ef5ccd9e100038eaeca590bb86f90622b26afb602bebc9512c60f4a108b50adc
500,50,272,0.002,1.0,6.0,0.5,21,-0.047,0.23,5.5,afcb930297b7343b8945a302072f385537be9321555f4f186f06883623c7f8fb
500,50,182,0.002,5.0,4.0,0.0,19,-0.684,0.27,4.5,ef5ccd9e100038eaeca590bb86f90622b26afb602bebc9512c60f4a108b50adc
500,50,203,0.002,4.0,4.0,-2.0,10,-0.445,0.28,4.0,482f9bb74e396230e41acb238caf3964559f8d6f6f94a105834a53b8cd581e55
500,50,95,0.002,4.0,6.0,-1.0,34,-0.732,0.09,5.5,c25fc3efb39204b5d63cd28eb38ba90889f8e69e2579abfd84abaa122b7be87a
500,50,420,0.002,4.0,9.0,1.5,36,-0.775,-0.94,3.5,8b99cc78d3cb5224793576097671ee3e7b24a24fb6d06417ba2121ba86390aaa
500,50,138,0.002,5.0,4.0,1.0,34,-0.035,-0.08,4.5,97b28df35b811f0a5dba92060bfa9d60f1cc23fb3123298c2b14a461bea2df00
500,50,116,0.002,1.0,12.0,2.0,3,-0.149,0.46,5.0,a7e45ccfa44749f47009339807a5b3b6faa94591750df4893bbd649eb03548aa
500,50,173,0.002,2.0,7.0,2.5,20,-0.636,0.32,6.5,3b3c69bfe1ea7d3417e6f0cb7831cd1890ff9efc41485332a6269801eec79431
500,50,261,0.002,2.0,8.0,0.0,17,-0.272,0.0,4.0,84d7db09a4a66ab80de8d84cf303232fb5d2699c1e35c5a38a7893393bdba5db
500,50,420,0.002,7.0,10.0,-0.5,10,-1.785,-2.13,1.0,8b99cc78d3cb5224793576097671ee3e7b24a24fb6d06417ba2121ba86390aaa
500,50,74,0.002,2.0,4.0,0.5,39,0.306,1.07,6.0,5336d765b764a93e2eb1d0758e1d55b61cf2de15952d7b4f9d34abd296c96afb
500,50,3,0.002,4.0,4.0,-4.5,27,-1.095,-1.03,4.5,d9a424cd3a5dfebfc9a80fcf8938248504189e671ebcba703e704d4eeb7deead
500,50,209,0.001,4.0,0.0,1.5,39,0.374,1.26,6.0,886a14107d7fa93a41960fdb8744e8befb34c8a890a5c627d34c2259f4531f7d
500,50,182,0.002,4.0,4.0,0.5,3,0.485,0.95,7.5,ef5ccd9e100038eaeca590bb86f90622b26afb602bebc9512c60f4a108b50adc
500,50,153,0.002,4.0,8.0,-0.5,38,-0.811,-0.76,3.5,6b6f91ba62efae00f09fbbdb547009f73ef44ff90923e257225aa6c928379dbe
500,50,36,0.002,4.0,9.0,-1.5,8,-0.61,-0.66,4.5,ff40caff9436adbf9bd38cd8dd2a07eed72cc198918166d6ec73cd19617b2ff6
500,50,116,0.002,5.0,8.0,2.0,2,0.017,0.53,5.0,a7e45ccfa44749f47009339807a5b3b6faa94591750df4893bbd649eb03548aa
500,50,138,0.002,3.0,6.0,1.0,16,-0.326,0.01,5.5,97b28df35b811f0a5dba92060bfa9d60f1cc23fb3123298c2b14a461bea2df00
500,50,116,0.002,3.0,8.0,3.0,10,-0.519,-0.01,3.5,a7e45ccfa44749f47009339807a5b3b6faa94591750df4893bbd649eb03548aa
500,50,116,0.002,6.0,3.0,4.0,2,-0.01,0.19,5.0,a7e45ccfa44749f47009339807a5b3b6faa94591750df4893bbd649eb03548aa
500,50,116,0.002,5.0,9.0,1.5,3,-0.833,-0.5,2.5,a7e45ccfa44749f47009339807a5b3b6faa94591750df4893bbd649eb03548aa
500,50,420,0.002,5.0,6.0,2.5,5,-0.069,0.58,5.5,8b99cc78d3cb5224793576097671ee3e7b24a24fb6d06417ba2121ba86390aaa
500,50,116,0.002,1.0,8.0,4.0,16,0.254,0.53,4.5,a7e45ccfa44749f47009339807a5b3b6faa94591750df4893bbd649eb03548aa
500,50,116,0.002,5.0,4.0,4.0,1,-0.043,0.47,7.0,a7e45ccfa44749f47009339807a5b3b6faa94591750df4893bbd649eb03548aa
500,50,182,0.002,2.0,6.0,0.5,25,-0.524,0.36,5.0,ef5ccd9e100038eaeca590bb86f90622b26afb602bebc9512c60f4a108b50adc
500,50,350,0.00025,1.0,1.0,0.0,40,0.892,1.93,8.0,79825befb41b756747aa0c6af17bff38454703c908701481b9390e34cf082d25
500,50,272,0.002,4.0,3.0,0.5,19,-0.465,0.31,7.5,afcb930297b7343b8945a302072f385537be9321555f4f186f06883623c7f8fb
500,50,177,0.002,5.0,5.0,-4.5,19,-0.563,-0.39,4.0,70279ead3bec9b7e96f06997217364ead88ddb28465de113f6c9d3d9a6accc8c
500,50,116,0.002,2.0,7.0,4.0,14,0.218,1.04,4.5,a7e45ccfa44749f47009339807a5b3b6faa94591750df4893bbd649eb03548aa
500,50,406,0.002,3.0,6.0,-1.0,36,-0.07,0.13,5.0,d8cbd0c6756e20701f1e3611fcfe1080ff6b93fafb65fb2800ad9a7bd0a04ea2
500,50,116,0.002,9.0,3.0,2.5,4,-0.645,-0.19,5.5,a7e45ccfa44749f47009339807a5b3b6faa94591750df4893bbd649eb03548aa
500,50,116,0.002,4.0,5.0,4.0,5,0.4040000000000001,1.21,5.5,a7e45ccfa44749f47009339807a5b3b6faa94591750df4893bbd649eb03548aa
500,50,100,0.001,2.0,4.0,0.0,25,-0.139,-0.31,6.5,ab95892f6647819441065b172eef2de5f45c7f0ce9c31bba0e91bdd978f2b031
500,50,103,0.0005,3.0,6.0,-0.5,46,-0.6,-0.26,3.5,f686a886b7f72c7d003d6a650ffd17acce3c4aa805af76248dd3d1e642265184
500,50,116,0.002,6.0,9.0,1.0,10,-1.09,-1.54,2.0,a7e45ccfa44749f47009339807a5b3b6faa94591750df4893bbd649eb03548aa
500,50,153,0.002,1.0,4.0,3.0,46,0.606,1.01,8.5,6b6f91ba62efae00f09fbbdb547009f73ef44ff90923e257225aa6c928379dbe
500,50,306,0.002,2.0,4.0,0.5,19,0.569,1.28,8.0,fab8f433d6f6bb610ff043434b54f18824bcad5c38069edd6b0404477ea4af7a
500,50,116,0.002,4.0,6.0,3.5,2,0.32300000000000006,0.93,5.5,a7e45ccfa44749f47009339807a5b3b6faa94591750df4893bbd649eb03548aa
500,50,420,0.002,5.0,7.0,2.0,6,-0.715,-0.2,4.0,8b99cc78d3cb5224793576097671ee3e7b24a24fb6d06417ba2121ba86390aaa
500,50,116,0.002,7.0,4.0,3.0,4,-0.344,0.32,4.5,a7e45ccfa44749f47009339807a5b3b6faa94591750df4893bbd649eb03548aa
500,50,420,0.002,3.0,6.0,3.5,48,-0.747,-0.49,4.5,8b99cc78d3cb5224793576097671ee3e7b24a24fb6d06417ba2121ba86390aaa
500,50,272,0.002,3.0,3.0,1.0,9,0.5,1.12,6.5,afcb930297b7343b8945a302072f385537be9321555f4f186f06883623c7f8fb
500,50,420,0.002,2.0,6.0,4.0,7,0.11899999999999998,0.3,5.5,8b99cc78d3cb5224793576097671ee3e7b24a24fb6d06417ba2121ba86390aaa
500,50,423,0.0005,3.0,2.0,-2.0,26,-0.62,-0.2,5.5,3d2ebf107429ef13ace7750af79be48e330263a60bc5b76a4112f03245eaa320
500,50,420,0.002,2.0,6.0,4.0,11,-0.092,0.28,4.5,8b99cc78d3cb5224793576097671ee3e7b24a24fb6d06417ba2121ba86390aaa
500,50,173,0.002,4.0,7.0,1.5,12,-0.815,-0.47,4.5,3b3c69bfe1ea7d3417e6f0cb7831cd1890ff9efc41485332a6269801eec79431
500,50,420,0.002,3.0,5.0,4.0,16,0.267,1.19,5.5,8b99cc78d3cb5224793576097671ee3e7b24a24fb6d06417ba2121ba86390aaa
500,50,116,0.002,5.0,5.0,3.5,16,-0.959,-0.55,4.0,a7e45ccfa44749f47009339807a5b3b6faa94591750df4893bbd649eb03548aa
500,50,116,0.002,2.0,6.0,4.5,42,-0.649,-0.27,7.0,a7e45ccfa44749f47009339807a5b3b6faa94591750df4893bbd649eb03548aa
500,50,182,0.002,4.0,4.0,0.5,44,-1.229,-0.51,3.5,ef5ccd9e100038eaeca590bb86f90622b26afb602bebc9512c60f4a108b50adc
500,50,420,0.002,5.0,6.0,2.5,11,-0.755,-0.65,5.0,8b99cc78d3cb5224793576097671ee3e7b24a24fb6d06417ba2121ba86390aaa
500,50,116,0.002,6.0,5.0,3.0,3,-0.834,-0.7,3.5,a7e45ccfa44749f47009339807a5b3b6faa94591750df4893bbd649eb03548aa
500,50,116,0.002,9.0,4.0,2.0,1,-1.005,-0.6,5.0,a7e45ccfa44749f47009339807a5b3b6faa94591750df4893bbd649eb03548aa
500,50,173,0.002,5.0,4.0,2.5,7,0.25,0.52,5.5,3b3c69bfe1ea7d3417e6f0cb7831cd1890ff9efc41485332a6269801eec79431
500,50,417,0.001,2.0,4.0,0.5,10,0.276,1.12,5.5,576662496728038e224e71e11e336af0a6bb55625ba792b564b78dbc59d6551a
500,50,116,0.002,8.0,6.0,1.5,1,-1.123,-0.93,4.0,a7e45ccfa44749f47009339807a5b3b6faa94591750df4893bbd649eb03548aa
500,50,153,0.002,4.0,8.0,-0.5,5,-0.61,0.14,4.0,6b6f91ba62efae00f09fbbdb547009f73ef44ff90923e257225aa6c928379dbe
500,50,116,0.002,3.0,3.0,5.5,9,0.75,1.4,6.5,a7e45ccfa44749f47009339807a5b3b6faa94591750df4893bbd649eb03548aa
500,50,173,0.002,3.0,7.0,2.0,45,-0.834,-0.46,5.0,3b3c69bfe1ea7d3417e6f0cb7831cd1890ff9efc41485332a6269801eec79431
500,50,116,0.002,2.0,9.0,3.0,21,-0.407,-0.39,5.5,a7e45ccfa44749f47009339807a5b3b6faa94591750df4893bbd649eb03548aa
500,50,116,0.002,5.0,6.0,3.0,7,-0.7170000000000001,-0.36,6.0,a7e45ccfa44749f47009339807a5b3b6faa94591750df4893bbd649eb03548aa
500,50,116,0.002,5.0,6.0,3.0,3,0.384,0.75,6.5,a7e45ccfa44749f47009339807a5b3b6faa94591750df4893bbd649eb03548aa
500,50,272,0.002,7.0,3.0,-1.0,6,-0.825,-0.4,4.5,afcb930297b7343b8945a302072f385537be9321555f4f186f06883623c7f8fb
500,50,116,0.002,6.0,5.0,3.0,1,-0.39,-0.24,4.5,a7e45ccfa44749f47009339807a5b3b6faa94591750df4893bbd649eb03548aa
500,50,116,0.002,3.0,5.0,4.5,10,-0.286,-0.11,5.5,a7e45ccfa44749f47009339807a5b3b6faa94591750df4893bbd649eb03548aa
500,50,116,0.002,3.0,10.0,2.0,5,-0.91,-0.71,3.5,a7e45ccfa44749f47009339807a5b3b6faa94591750df4893bbd649eb03548aa
500,50,116,0.002,4.0,6.0,3.5,7,0.32,0.72,3.5,a7e45ccfa44749f47009339807a5b3b6faa94591750df4893bbd649eb03548aa
500,50,138,0.002,3.0,5.0,1.5,9,0.401,0.78,7.0,97b28df35b811f0a5dba92060bfa9d60f1cc23fb3123298c2b14a461bea2df00
500,50,420,0.002,3.0,2.0,5.5,27,0.882,1.43,6.5,8b99cc78d3cb5224793576097671ee3e7b24a24fb6d06417ba2121ba86390aaa
500,50,272,0.002,5.0,5.0,-1.0,2,0.637,1.22,7.0,afcb930297b7343b8945a302072f385537be9321555f4f186f06883623c7f8fb
500,50,497,0.001,2.0,3.0,1.0,40,0.305,1.31,6.0,526db03663e3f68905e8ed37f0760b4ef31347fa4159ce8515af8811d6253ad1
500,50,182,0.002,3.0,6.0,0.0,8,0.423,0.6,5.5,ef5ccd9e100038eaeca590bb86f90622b26afb602bebc9512c60f4a108b50adc
500,50,123,0.002,5.0,1.0,1.5,6,0.366,0.75,6.0,b2aa7ce2e829b156b6b2a9da36e09488eda956e5a66a30f221742ee0aa8167f7
500,50,137,0.002,3.0,7.0,-3.0,6,-0.48699999999999993,-0.18,5.5,69a1231af5fc3f55054f1c14b1a7313be0d0b67e0ff876b205be63a03e091d42
500,50,173,0.002,6.0,2.0,3.0,9,-0.387,0.25,5.0,3b3c69bfe1ea7d3417e6f0cb7831cd1890ff9efc41485332a6269801eec79431
500,50,420,0.002,2.0,7.0,3.5,48,0.239,0.9,5.5,8b99cc78d3cb5224793576097671ee3e7b24a24fb6d06417ba2121ba86390aaa
500,50,173,0.002,5.0,4.0,2.5,8,0.177,0.77,5.0,3b3c69bfe1ea7d3417e6f0cb7831cd1890ff9efc41485332a6269801eec79431
500,50,116,0.002,6.0,6.0,2.5,12,-0.799,-0.21,4.5,a7e45ccfa44749f47009339807a5b3b6faa94591750df4893bbd649eb03548aa
500,50,420,0.002,5.0,4.0,3.5,1,0.819,0.85,7.5,8b99cc78d3cb5224793576097671ee3e7b24a24fb6d06417ba2121ba86390aaa
500,50,173,0.002,7.0,7.0,0.0,4,-0.67,-0.15,4.0,3b3c69bfe1ea7d3417e6f0cb7831cd1890ff9efc41485332a6269801eec79431
500,50,36,0.002,3.0,6.0,0.5,12,-0.368,-0.22,4.5,ff40caff9436adbf9bd38cd8dd2a07eed72cc198918166d6ec73cd19617b2ff6
500,50,123,0.002,2.0,6.0,0.5,39,-0.10100000000000002,0.75,5.0,b2aa7ce2e829b156b6b2a9da36e09488eda956e5a66a30f221742ee0aa8167f7
500,50,116,0.002,7.0,8.0,1.0,1,-1.171,-1.59,3.0,a7e45ccfa44749f47009339807a5b3b6faa94591750df4893bbd649eb03548aa
500,50,116,0.002,4.0,4.0,4.5,6,0.637,1.37,5.5,a7e45ccfa44749f47009339807a5b3b6faa94591750df4893bbd649eb03548aa
500,50,116,0.002,1.0,8.0,4.0,38,-1.103,-0.64,4.0,a7e45ccfa44749f47009339807a5b3b6faa94591750df4893bbd649eb03548aa
500,50,182,0.002,2.0,5.0,1.0,12,-0.20200000000000004,0.22,5.5,ef5ccd9e100038eaeca590bb86f90622b26afb602bebc9512c60f4a108b50adc
500,50,116,0.002,3.0,4.0,5.0,36,-0.368,0.13,5.0,a7e45ccfa44749f47009339807a5b3b6faa94591750df4893bbd649eb03548aa
500,50,243,0.002,3.0,6.0,0.5,25,-0.436,0.07,5.0,a3243ce7707a2a3682e9edb42f661751af7593e49dee8391462be0e0e7feca5b
500,50,173,0.002,5.0,4.0,2.5,10,-0.315,0.49,6.0,3b3c69bfe1ea7d3417e6f0cb7831cd1890ff9efc41485332a6269801eec79431
500,50,138,0.002,4.0,8.0,-0.5,1,-0.105,0.22,7.0,97b28df35b811f0a5dba92060bfa9d60f1cc23fb3123298c2b14a461bea2df00
500,50,116,0.002,10.0,6.0,0.5,1,-1.601,-1.3,4.5,a7e45ccfa44749f47009339807a5b3b6faa94591750df4893bbd649eb03548aa
500,50,138,0.002,1.0,6.0,2.0,40,0.691,0.83,5.0,97b28df35b811f0a5dba92060bfa9d60f1cc23fb3123298c2b14a461bea2df00
500,50,173,0.002,3.0,4.0,3.5,28,0.935,1.43,6.5,3b3c69bfe1ea7d3417e6f0cb7831cd1890ff9efc41485332a6269801eec79431
500,50,173,0.002,4.0,7.0,1.5,7,-0.259,0.31,5.0,3b3c69bfe1ea7d3417e6f0cb7831cd1890ff9efc41485332a6269801eec79431
500,50,209,0.001,1.0,6.0,0.0,47,0.271,0.52,7.5,886a14107d7fa93a41960fdb8744e8befb34c8a890a5c627d34c2259f4531f7d
500,50,116,0.002,5.0,10.0,1.0,5,-0.326,-0.7,5.0,a7e45ccfa44749f47009339807a5b3b6faa94591750df4893bbd649eb03548aa
500,50,178,0.002,3.0,4.0,0.0,36,0.306,0.82,6.5,2852b7ff8e5e77dbf55d6569bbb35253228fd4522b19f56bb25e9bbc298dc1d4
500,50,51,0.002,2.0,6.0,-1.0,34,-0.243,0.33,5.0,0da469cd406ad5030b33efeb4176c7916b6520b504ade19e5900078c3b28d733
500,50,116,0.002,3.0,7.0,3.5,7,-0.182,0.41,4.5,a7e45ccfa44749f47009339807a5b3b6faa94591750df4893bbd649eb03548aa
500,50,116,0.002,4.0,4.0,4.5,11,-0.138,0.13,4.5,a7e45ccfa44749f47009339807a5b3b6faa94591750df4893bbd649eb03548aa
500,50,116,0.002,4.0,7.0,3.0,11,-0.592,-0.04,6.0,a7e45ccfa44749f47009339807a5b3b6faa94591750df4893bbd649eb03548aa
500,50,116,0.002,5.0,5.0,3.5,1,0.4640000000000001,1.01,5.5,a7e45ccfa44749f47009339807a5b3b6faa94591750df4893bbd649eb03548aa
500,50,153,0.002,4.0,9.0,-1.0,8,-0.825,-0.65,4.0,6b6f91ba62efae00f09fbbdb547009f73ef44ff90923e257225aa6c928379dbe
500,50,116,0.002,3.0,4.0,5.0,5,1.058,1.89,6.0,a7e45ccfa44749f47009339807a5b3b6faa94591750df4893bbd649eb03548aa
500,50,116,0.002,4.0,7.0,3.0,2,0.504,0.69,6.0,a7e45ccfa44749f47009339807a5b3b6faa94591750df4893bbd649eb03548aa
500,50,116,0.002,7.0,8.0,1.0,2,-0.10100000000000002,0.05,5.0,a7e45ccfa44749f47009339807a5b3b6faa94591750df4893bbd649eb03548aa
500,50,116,0.002,3.0,6.0,4.0,5,0.156,0.74,5.0,a7e45ccfa44749f47009339807a5b3b6faa94591750df4893bbd649eb03548aa
500,50,36,0.002,5.0,8.0,-1.5,3,-0.7980000000000002,-0.61,4.0,ff40caff9436adbf9bd38cd8dd2a07eed72cc198918166d6ec73cd19617b2ff6
500,50,209,0.001,1.0,4.0,1.0,47,0.199,0.68,7.5,886a14107d7fa93a41960fdb8744e8befb34c8a890a5c627d34c2259f4531f7d
500,50,116,0.002,4.0,8.0,2.5,2,-0.778,-0.25,5.0,a7e45ccfa44749f47009339807a5b3b6faa94591750df4893bbd649eb03548aa
500,50,153,0.002,3.0,6.0,1.0,18,0.549,1.09,6.5,6b6f91ba62efae00f09fbbdb547009f73ef44ff90923e257225aa6c928379dbe
500,50,36,0.002,2.0,9.0,-0.5,39,-1.25,-0.97,3.5,ff40caff9436adbf9bd38cd8dd2a07eed72cc198918166d6ec73cd19617b2ff6
500,50,173,0.002,8.0,5.0,0.5,2,-0.109,0.18,4.5,3b3c69bfe1ea7d3417e6f0cb7831cd1890ff9efc41485332a6269801eec79431
500,50,116,0.002,6.0,1.0,5.0,2,1.045,1.08,7.5,a7e45ccfa44749f47009339807a5b3b6faa94591750df4893bbd649eb03548aa
500,50,420,0.002,7.0,8.0,0.5,9,-1.462,-1.01,4.5,8b99cc78d3cb5224793576097671ee3e7b24a24fb6d06417ba2121ba86390aaa
500,50,36,0.002,2.0,6.0,1.0,34,0.35600000000000004,1.02,7.0,ff40caff9436adbf9bd38cd8dd2a07eed72cc198918166d6ec73cd19617b2ff6
500,50,203,0.002,2.0,4.0,-1.0,34,-0.248,0.28,5.0,482f9bb74e396230e41acb238caf3964559f8d6f6f94a105834a53b8cd581e55
500,50,272,0.002,3.0,7.0,-1.0,8,-0.046,0.43,6.5,afcb930297b7343b8945a302072f385537be9321555f4f186f06883623c7f8fb
500,50,420,0.002,3.0,5.0,4.0,3,0.829,0.77,7.5,8b99cc78d3cb5224793576097671ee3e7b24a24fb6d06417ba2121ba86390aaa
500,50,116,0.002,4.0,5.0,4.0,14,-0.7609999999999999,-0.65,4.0,a7e45ccfa44749f47009339807a5b3b6faa94591750df4893bbd649eb03548aa
500,50,272,0.002,2.0,7.0,-0.5,39,0.01,0.63,5.5,afcb930297b7343b8945a302072f385537be9321555f4f186f06883623c7f8fb
500,50,182,0.002,2.0,5.0,1.0,28,-0.414,-0.35,5.5,ef5ccd9e100038eaeca590bb86f90622b26afb602bebc9512c60f4a108b50adc
500,50,116,0.002,0.0,8.0,4.5,31,0.477,0.94,6.0,a7e45ccfa44749f47009339807a5b3b6faa94591750df4893bbd649eb03548aa
500,50,420,0.002,3.0,6.0,3.5,24,-0.552,0.26,5.0,8b99cc78d3cb5224793576097671ee3e7b24a24fb6d06417ba2121ba86390aaa
500,50,420,0.002,1.0,10.0,2.5,43,-0.769,-0.32,4.5,8b99cc78d3cb5224793576097671ee3e7b24a24fb6d06417ba2121ba86390aaa
500,50,153,0.002,3.0,8.0,0.0,44,-0.866,-0.83,3.5,6b6f91ba62efae00f09fbbdb547009f73ef44ff90923e257225aa6c928379dbe
500,50,116,0.002,4.0,5.0,4.0,9,0.033,0.56,5.0,a7e45ccfa44749f47009339807a5b3b6faa94591750df4893bbd649eb03548aa
500,50,95,0.002,3.0,5.0,0.0,50,0.244,0.94,7.0,c25fc3efb39204b5d63cd28eb38ba90889f8e69e2579abfd84abaa122b7be87a
500,50,261,0.002,5.0,1.0,2.0,29,-0.047,0.79,7.0,84d7db09a4a66ab80de8d84cf303232fb5d2699c1e35c5a38a7893393bdba5db
500,50,116,0.002,3.0,8.0,3.0,5,-0.26,-0.14,3.5,a7e45ccfa44749f47009339807a5b3b6faa94591750df4893bbd649eb03548aa
500,50,116,0.002,6.0,3.0,4.0,3,0.375,0.51,7.0,a7e45ccfa44749f47009339807a5b3b6faa94591750df4893bbd649eb03548aa
500,50,116,0.002,3.0,8.0,3.0,25,-1.013,-0.84,3.0,a7e45ccfa44749f47009339807a5b3b6faa94591750df4893bbd649eb03548aa
500,50,116,0.002,1.0,8.0,4.0,2,0.265,0.55,5.0,a7e45ccfa44749f47009339807a5b3b6faa94591750df4893bbd649eb03548aa
500,50,173,0.002,8.0,5.0,0.5,11,-1.558,-1.34,3.0,3b3c69bfe1ea7d3417e6f0cb7831cd1890ff9efc41485332a6269801eec79431
500,50,153,0.002,5.0,4.0,1.0,33,-0.7070000000000001,-0.17,5.5,6b6f91ba62efae00f09fbbdb547009f73ef44ff90923e257225aa6c928379dbe
500,50,173,0.002,2.0,6.0,3.0,25,-0.286,0.17,5.0,3b3c69bfe1ea7d3417e6f0cb7831cd1890ff9efc41485332a6269801eec79431
500,50,420,0.002,2.0,3.0,5.5,13,1.084,2.13,9.5,8b99cc78d3cb5224793576097671ee3e7b24a24fb6d06417ba2121ba86390aaa
500,50,420,0.002,2.0,7.0,3.5,40,-0.287,0.48,5.0,8b99cc78d3cb5224793576097671ee3e7b24a24fb6d06417ba2121ba86390aaa
500,50,173,0.002,7.0,6.0,0.5,1,-0.324,0.45,4.5,3b3c69bfe1ea7d3417e6f0cb7831cd1890ff9efc41485332a6269801eec79431
500,50,123,0.002,2.0,3.0,2.0,18,0.257,0.85,4.5,b2aa7ce2e829b156b6b2a9da36e09488eda956e5a66a30f221742ee0aa8167f7
500,50,116,0.002,7.0,4.0,3.0,2,0.306,1.34,5.5,a7e45ccfa44749f47009339807a5b3b6faa94591750df4893bbd649eb03548aa
500,50,420,0.002,4.0,5.0,3.5,30,-0.7810000000000001,-0.35,5.0,8b99cc78d3cb5224793576097671ee3e7b24a24fb6d06417ba2121ba86390aaa
500,50,116,0.002,3.0,9.0,2.5,19,-0.6560000000000001,-0.41,3.5,a7e45ccfa44749f47009339807a5b3b6faa94591750df4893bbd649eb03548aa
500,50,116,0.002,3.0,5.0,4.5,17,-0.482,0.11,6.0,a7e45ccfa44749f47009339807a5b3b6faa94591750df4893bbd649eb03548aa
500,50,272,0.002,1.0,4.0,1.5,28,1.025,1.87,7.0,afcb930297b7343b8945a302072f385537be9321555f4f186f06883623c7f8fb
500,50,138,0.002,2.0,6.0,1.5,46,0.36199999999999993,0.38,6.5,97b28df35b811f0a5dba92060bfa9d60f1cc23fb3123298c2b14a461bea2df00
500,50,116,0.002,5.0,7.0,2.5,2,-0.003,0.66,5.0,a7e45ccfa44749f47009339807a5b3b6faa94591750df4893bbd649eb03548aa
500,50,173,0.002,4.0,2.0,4.0,30,0.493,1.06,6.0,3b3c69bfe1ea7d3417e6f0cb7831cd1890ff9efc41485332a6269801eec79431
500,50,173,0.002,4.0,12.0,-1.0,4,0.11600000000000002,-0.11,5.5,3b3c69bfe1ea7d3417e6f0cb7831cd1890ff9efc41485332a6269801eec79431
500,50,420,0.002,10.0,8.0,-1.0,1,-1.398,-1.34,2.5,8b99cc78d3cb5224793576097671ee3e7b24a24fb6d06417ba2121ba86390aaa
500,50,116,0.002,2.0,6.0,4.5,13,-0.285,-0.05,6.0,a7e45ccfa44749f47009339807a5b3b6faa94591750df4893bbd649eb03548aa
500,50,116,0.002,5.0,6.0,3.0,14,-0.3509999999999999,-0.35,4.5,a7e45ccfa44749f47009339807a5b3b6faa94591750df4893bbd649eb03548aa
500,50,256,0.001,4.0,-2.0,1.0,32,1.393,2.93,8.0,865dfc41997782f9b872d008bde2b17a68a63a0349e741cbad0729730e976bbf
500,50,420,0.002,6.0,5.0,2.5,2,0.53,1.15,5.0,8b99cc78d3cb5224793576097671ee3e7b24a24fb6d06417ba2121ba86390aaa
500,50,173,0.002,5.0,5.0,2.0,12,0.08,0.56,6.0,3b3c69bfe1ea7d3417e6f0cb7831cd1890ff9efc41485332a6269801eec79431
500,50,116,0.002,1.0,5.0,5.5,49,0.148,0.49,6.5,a7e45ccfa44749f47009339807a5b3b6faa94591750df4893bbd649eb03548aa
500,50,116,0.002,4.0,4.0,4.5,19,-0.695,-0.16,4.5,a7e45ccfa44749f47009339807a5b3b6faa94591750df4893bbd649eb03548aa
500,50,123,0.002,3.0,5.0,0.5,32,-0.71,-0.13,5.0,b2aa7ce2e829b156b6b2a9da36e09488eda956e5a66a30f221742ee0aa8167f7
500,50,153,0.002,5.0,10.0,-2.0,3,0.053,0.55,5.0,6b6f91ba62efae00f09fbbdb547009f73ef44ff90923e257225aa6c928379dbe
500,50,36,0.002,1.0,8.0,0.5,46,-0.285,0.16,4.5,ff40caff9436adbf9bd38cd8dd2a07eed72cc198918166d6ec73cd19617b2ff6
500,50,123,0.002,2.0,8.0,-0.5,23,-0.278,0.31,5.0,b2aa7ce2e829b156b6b2a9da36e09488eda956e5a66a30f221742ee0aa8167f7
500,50,67,0.002,7.0,9.0,-3.5,7,-1.272,-1.65,3.5,3a360bea2f41e303724f014d0cc814dc18605110da671f5cf3213df428cae74f
500,50,417,0.001,4.0,2.0,0.5,24,0.162,0.52,6.0,576662496728038e224e71e11e336af0a6bb55625ba792b564b78dbc59d6551a
500,50,357,0.0005,3.0,1.0,0.5,12,0.573,1.14,7.5,c99f5297f235ea9284300ff5d1db9cdd539f9089dfd30f5074f49150bf2016cc
500,50,116,0.002,-1.0,10.0,4.0,46,0.855,0.99,6.0,a7e45ccfa44749f47009339807a5b3b6faa94591750df4893bbd649eb03548aa
500,50,306,0.002,3.0,4.0,0.0,37,-0.027000000000000003,0.21,5.0,fab8f433d6f6bb610ff043434b54f18824bcad5c38069edd6b0404477ea4af7a
500,50,420,0.002,6.0,5.0,2.5,9,-0.198,0.05,6.5,8b99cc78d3cb5224793576097671ee3e7b24a24fb6d06417ba2121ba86390aaa
500,50,420,0.002,9.0,5.0,1.0,3,-1.2890000000000001,-1.03,2.5,8b99cc78d3cb5224793576097671ee3e7b24a24fb6d06417ba2121ba86390aaa
500,50,420,0.002,2.0,9.0,2.5,45,-0.16,-0.03,7.0,8b99cc78d3cb5224793576097671ee3e7b24a24fb6d06417ba2121ba86390aaa
500,50,420,0.002,7.0,3.0,3.0,1,0.563,1.55,6.0,8b99cc78d3cb5224793576097671ee3e7b24a24fb6d06417ba2121ba86390aaa
500,50,280,0.002,4.0,8.0,-0.5,11,-1.076,-0.47,6.0,3dbec4ed280111c6f70cf5b95bd8007d71fffb43262f818ee2b01da94e952ed1
500,50,116,0.002,3.0,8.0,3.0,24,-0.866,-1.42,3.5,a7e45ccfa44749f47009339807a5b3b6faa94591750df4893bbd649eb03548aa
500,50,420,0.002,2.0,7.0,3.5,25,-1.175,-0.9,3.5,8b99cc78d3cb5224793576097671ee3e7b24a24fb6d06417ba2121ba86390aaa
500,50,261,0.002,4.0,5.0,0.5,43,-0.667,0.17,4.5,84d7db09a4a66ab80de8d84cf303232fb5d2699c1e35c5a38a7893393bdba5db
500,50,116,0.002,1.0,8.0,4.0,34,-0.209,0.31,6.0,a7e45ccfa44749f47009339807a5b3b6faa94591750df4893bbd649eb03548aa
500,50,116,0.002,3.0,3.0,5.5,2,1.108,1.23,5.5,a7e45ccfa44749f47009339807a5b3b6faa94591750df4893bbd649eb03548aa
500,50,197,0.002,2.0,4.0,-1.0,24,-0.19,0.79,6.0,974d9211be6247450a6f495fb68d07d87a9447054c0e477af8b7ae30a4f4e56e
500,50,173,0.002,4.0,6.0,2.0,11,-0.249,0.14,5.0,3b3c69bfe1ea7d3417e6f0cb7831cd1890ff9efc41485332a6269801eec79431
500,50,272,0.002,4.0,5.0,-0.5,16,0.08900000000000001,0.36,6.0,afcb930297b7343b8945a302072f385537be9321555f4f186f06883623c7f8fb
500,50,280,0.002,5.0,8.0,-1.0,6,-0.545,0.09,4.5,3dbec4ed280111c6f70cf5b95bd8007d71fffb43262f818ee2b01da94e952ed1
500,50,173,0.002,2.0,9.0,1.5,22,-0.733,-0.11,4.0,3b3c69bfe1ea7d3417e6f0cb7831cd1890ff9efc41485332a6269801eec79431
500,50,116,0.002,4.0,8.0,2.5,3,-0.304,-0.27,5.0,a7e45ccfa44749f47009339807a5b3b6faa94591750df4893bbd649eb03548aa
500,50,261,0.002,3.0,6.0,0.5,37,-0.236,-0.33,4.5,84d7db09a4a66ab80de8d84cf303232fb5d2699c1e35c5a38a7893393bdba5db
500,50,36,0.002,1.0,6.0,1.5,47,-0.574,-0.2,5.5,ff40caff9436adbf9bd38cd8dd2a07eed72cc198918166d6ec73cd19617b2ff6
500,50,153,0.002,4.0,4.0,1.5,8,0.244,0.98,5.0,6b6f91ba62efae00f09fbbdb547009f73ef44ff90923e257225aa6c928379dbe
500,50,116,0.002,0.0,7.0,5.0,25,0.785,1.44,5.5,a7e45ccfa44749f47009339807a5b3b6faa94591750df4893bbd649eb03548aa
500,50,490,0.002,2.0,5.0,-0.5,21,0.099,-0.18,6.0,974847301356efb9a3ebc5a376507ea020f2aa2b7a8db231927848b0f6c7fa65
500,50,116,0.002,5.0,4.0,4.0,3,0.067,0.69,5.0,a7e45ccfa44749f47009339807a5b3b6faa94591750df4893bbd649eb03548aa
500,50,173,0.002,6.0,7.0,0.5,4,-0.326,-0.1,4.0,3b3c69bfe1ea7d3417e6f0cb7831cd1890ff9efc41485332a6269801eec79431
500,50,420,0.002,1.0,6.0,4.5,44,0.807,1.45,6.5,8b99cc78d3cb5224793576097671ee3e7b24a24fb6d06417ba2121ba86390aaa
500,50,67,0.002,3.0,6.0,0.0,10,-0.04,0.33,5.5,3a360bea2f41e303724f014d0cc814dc18605110da671f5cf3213df428cae74f
500,50,116,0.002,3.0,5.0,4.5,6,0.444,1.06,6.5,a7e45ccfa44749f47009339807a5b3b6faa94591750df4893bbd649eb03548aa
500,50,420,0.002,3.0,6.0,3.5,18,-0.32800000000000007,0.38,4.5,8b99cc78d3cb5224793576097671ee3e7b24a24fb6d06417ba2121ba86390aaa
500,50,116,0.002,4.0,6.0,3.5,43,-0.681,0.08,3.5,a7e45ccfa44749f47009339807a5b3b6faa94591750df4893bbd649eb03548aa
500,50,51,0.002,4.0,7.0,-2.5,12,-1.429,-0.88,3.5,0da469cd406ad5030b33efeb4176c7916b6520b504ade19e5900078c3b28d733
500,50,272,0.002,0.0,4.0,2.0,43,1.3560000000000003,1.89,7.5,afcb930297b7343b8945a302072f385537be9321555f4f186f06883623c7f8fb
500,50,116,0.002,5.0,8.0,2.0,7,-0.493,-0.51,3.0,a7e45ccfa44749f47009339807a5b3b6faa94591750df4893bbd649eb03548aa
500,50,280,0.002,5.0,7.0,-0.5,4,-0.204,0.37,4.5,3dbec4ed280111c6f70cf5b95bd8007d71fffb43262f818ee2b01da94e952ed1
500,50,420,0.002,2.0,6.0,4.0,20,-0.129,0.29,6.0,8b99cc78d3cb5224793576097671ee3e7b24a24fb6d06417ba2121ba86390aaa
500,50,173,0.002,3.0,5.0,3.0,42,-0.161,0.25,5.0,3b3c69bfe1ea7d3417e6f0cb7831cd1890ff9efc41485332a6269801eec79431
500,50,173,0.002,3.0,6.0,2.5,24,-0.374,-0.19,5.0,3b3c69bfe1ea7d3417e6f0cb7831cd1890ff9efc41485332a6269801eec79431
500,50,116,0.002,0.0,2.0,7.5,27,0.9990000000000001,2.02,8.0,a7e45ccfa44749f47009339807a5b3b6faa94591750df4893bbd649eb03548aa
500,50,116,0.002,2.0,5.0,5.0,8,0.37799999999999995,0.51,6.5,a7e45ccfa44749f47009339807a5b3b6faa94591750df4893bbd649eb03548aa
500,50,420,0.002,2.0,8.0,3.0,12,-0.54,-0.2,4.5,8b99cc78d3cb5224793576097671ee3e7b24a24fb6d06417ba2121ba86390aaa
500,50,123,0.002,0.0,3.0,3.0,36,0.43,0.54,7.0,b2aa7ce2e829b156b6b2a9da36e09488eda956e5a66a30f221742ee0aa8167f7
500,50,173,0.002,4.0,5.0,2.5,11,0.401,0.89,5.0,3b3c69bfe1ea7d3417e6f0cb7831cd1890ff9efc41485332a6269801eec79431
500,50,116,0.002,2.0,6.0,4.5,1,0.176,0.45,5.0,a7e45ccfa44749f47009339807a5b3b6faa94591750df4893bbd649eb03548aa
500,50,158,0.002,5.0,5.0,-1.0,26,-0.774,-0.01,4.0,344f34a1d32ba9c9a001e56e4d03ecfc7599d1fa3c5627b1ed5b429067fd6d72
500,50,116,0.002,8.0,6.0,1.5,1,0.044,0.02,5.0,a7e45ccfa44749f47009339807a5b3b6faa94591750df4893bbd649eb03548aa
500,50,123,0.002,4.0,4.0,0.5,4,0.518,1.22,7.0,b2aa7ce2e829b156b6b2a9da36e09488eda956e5a66a30f221742ee0aa8167f7
500,50,420,0.002,3.0,4.0,4.5,23,-0.152,0.46,6.0,8b99cc78d3cb5224793576097671ee3e7b24a24fb6d06417ba2121ba86390aaa
500,50,158,0.002,4.0,6.0,-1.0,20,-0.18,0.59,5.0,344f34a1d32ba9c9a001e56e4d03ecfc7599d1fa3c5627b1ed5b429067fd6d72
500,50,280,0.002,3.0,7.0,0.5,25,-0.613,-0.31,4.5,3dbec4ed280111c6f70cf5b95bd8007d71fffb43262f818ee2b01da94e952ed1
500,50,173,0.002,4.0,6.0,2.0,15,-0.665,-0.19,4.5,3b3c69bfe1ea7d3417e6f0cb7831cd1890ff9efc41485332a6269801eec79431
500,50,36,0.002,6.0,5.0,-0.5,10,-0.847,-0.52,4.0,ff40caff9436adbf9bd38cd8dd2a07eed72cc198918166d6ec73cd19617b2ff6
500,50,173,0.002,5.0,6.0,1.5,24,-0.628,-0.56,5.5,3b3c69bfe1ea7d3417e6f0cb7831cd1890ff9efc41485332a6269801eec79431
500,50,420,0.002,6.0,6.0,2.0,9,-0.647,-0.35,4.0,8b99cc78d3cb5224793576097671ee3e7b24a24fb6d06417ba2121ba86390aaa
500,50,153,0.002,1.0,8.0,1.0,33,-0.159,0.25,5.5,6b6f91ba62efae00f09fbbdb547009f73ef44ff90923e257225aa6c928379dbe
500,50,215,0.001,2.0,8.0,-4.5,49,-1.4370000000000003,-1.57,4.0,2c762a8ce9fb15b1e70eb606085a177210df3f41b4f3fed4c40e5958a0a08f4f
500,50,116,0.002,2.0,4.0,5.5,5,1.126,1.19,7.0,a7e45ccfa44749f47009339807a5b3b6faa94591750df4893bbd649eb03548aa
500,50,116,0.002,2.0,6.0,4.5,27,-0.079,0.61,5.0,a7e45ccfa44749f47009339807a5b3b6faa94591750df4893bbd649eb03548aa
500,50,406,0.002,2.0,6.0,-0.5,30,0.49200000000000005,0.85,5.0,d8cbd0c6756e20701f1e3611fcfe1080ff6b93fafb65fb2800ad9a7bd0a04ea2
500,50,173,0.002,7.0,4.0,1.5,6,-0.09300000000000001,0.15,5.0,3b3c69bfe1ea7d3417e6f0cb7831cd1890ff9efc41485332a6269801eec79431
500,50,116,0.002,6.0,8.0,1.5,4,-1.075,-1.23,2.5,a7e45ccfa44749f47009339807a5b3b6faa94591750df4893bbd649eb03548aa
500,50,173,0.002,2.0,8.0,2.0,12,0.154,0.47,5.5,3b3c69bfe1ea7d3417e6f0cb7831cd1890ff9efc41485332a6269801eec79431
500,50,116,0.002,7.0,8.0,1.0,1,-0.291,0.07,5.0,a7e45ccfa44749f47009339807a5b3b6faa94591750df4893bbd649eb03548aa
500,50,153,0.002,6.0,5.0,0.0,6,-0.338,0.15,6.5,6b6f91ba62efae00f09fbbdb547009f73ef44ff90923e257225aa6c928379dbe
500,50,272,0.002,2.0,5.0,0.5,12,0.45300000000000007,0.72,6.0,afcb930297b7343b8945a302072f385537be9321555f4f186f06883623c7f8fb
500,50,182,0.002,1.0,5.0,1.5,23,0.617,1.36,6.0,ef5ccd9e100038eaeca590bb86f90622b26afb602bebc9512c60f4a108b50adc
500,50,272,0.002,4.0,8.0,-2.0,31,-0.677,-0.98,3.5,afcb930297b7343b8945a302072f385537be9321555f4f186f06883623c7f8fb
500,50,420,0.002,0.0,7.0,4.5,46,0.207,0.18,6.0,8b99cc78d3cb5224793576097671ee3e7b24a24fb6d06417ba2121ba86390aaa
500,50,116,0.002,7.0,6.0,2.0,10,0.103,-0.07,4.0,a7e45ccfa44749f47009339807a5b3b6faa94591750df4893bbd649eb03548aa
500,50,123,0.002,3.0,2.0,2.0,32,0.098,1.01,7.5,b2aa7ce2e829b156b6b2a9da36e09488eda956e5a66a30f221742ee0aa8167f7
500,50,306,0.002,2.0,7.0,-1.0,23,-0.586,-0.46,5.0,fab8f433d6f6bb610ff043434b54f18824bcad5c38069edd6b0404477ea4af7a
500,50,116,0.002,7.0,7.0,1.5,1,-0.65,-0.15,3.5,a7e45ccfa44749f47009339807a5b3b6faa94591750df4893bbd649eb03548aa
500,50,237,0.0005,3.0,1.0,-0.5,36,0.279,1.03,6.5,ae09de22341acc99642986aaf9c7381ac262776e4005b6da61f705bd3bdc0e7a
500,50,420,0.002,6.0,12.0,-1.0,4,-1.7009999999999998,-1.73,1.5,8b99cc78d3cb5224793576097671ee3e7b24a24fb6d06417ba2121ba86390aaa
500,50,116,0.002,4.0,11.0,1.0,9,-0.711,-0.83,3.0,a7e45ccfa44749f47009339807a5b3b6faa94591750df4893bbd649eb03548aa
500,50,116,0.002,5.0,9.0,1.5,3,-0.639,-0.07,4.0,a7e45ccfa44749f47009339807a5b3b6faa94591750df4893bbd649eb03548aa
500,50,116,0.002,5.0,6.0,3.0,2,0.442,0.92,4.5,a7e45ccfa44749f47009339807a5b3b6faa94591750df4893bbd649eb03548aa
500,50,116,0.002,9.0,8.0,0.0,1,-0.895,-0.6,3.5,a7e45ccfa44749f47009339807a5b3b6faa94591750df4893bbd649eb03548aa
500,50,420,0.002,8.0,6.0,1.0,1,-0.791,-0.35,4.5,8b99cc78d3cb5224793576097671ee3e7b24a24fb6d06417ba2121ba86390aaa
500,50,203,0.002,4.0,4.0,-2.0,12,-0.317,0.54,5.0,482f9bb74e396230e41acb238caf3964559f8d6f6f94a105834a53b8cd581e55
500,50,158,0.002,2.0,7.0,-0.5,41,-0.368,-0.1,6.5,344f34a1d32ba9c9a001e56e4d03ecfc7599d1fa3c5627b1ed5b429067fd6d72
500,50,197,0.002,2.0,7.0,-2.5,27,-0.3509999999999999,0.12,5.0,974d9211be6247450a6f495fb68d07d87a9447054c0e477af8b7ae30a4f4e56e
500,50,153,0.002,1.0,9.0,0.5,40,-0.279,-0.23,4.5,6b6f91ba62efae00f09fbbdb547009f73ef44ff90923e257225aa6c928379dbe
500,50,123,0.002,2.0,5.0,1.0,16,-0.214,-0.1,5.5,b2aa7ce2e829b156b6b2a9da36e09488eda956e5a66a30f221742ee0aa8167f7
500,50,137,0.002,4.0,6.0,-3.0,22,-0.773,-0.58,4.5,69a1231af5fc3f55054f1c14b1a7313be0d0b67e0ff876b205be63a03e091d42
500,50,74,0.002,5.0,3.0,-0.5,36,-0.937,-0.65,4.5,5336d765b764a93e2eb1d0758e1d55b61cf2de15952d7b4f9d34abd296c96afb
500,50,116,0.002,1.0,4.0,6.0,49,0.133,0.81,6.0,a7e45ccfa44749f47009339807a5b3b6faa94591750df4893bbd649eb03548aa
500,50,417,0.001,3.0,3.0,0.5,15,-0.284,0.29,6.5,576662496728038e224e71e11e336af0a6bb55625ba792b564b78dbc59d6551a
500,50,173,0.002,3.0,5.0,3.0,7,0.613,1.0,6.0,3b3c69bfe1ea7d3417e6f0cb7831cd1890ff9efc41485332a6269801eec79431
500,50,313,0.0005,2.0,5.0,-0.5,37,-0.111,0.35,7.5,dabee2aec04710fcaf92fdbd555da095eb58ace2a43c0f2726a6a477f1bac4f5
500,50,182,0.002,2.0,6.0,0.5,20,-0.381,0.04,5.0,ef5ccd9e100038eaeca590bb86f90622b26afb602bebc9512c60f4a108b50adc
500,50,420,0.002,1.0,7.0,4.0,5,0.292,0.48,6.0,8b99cc78d3cb5224793576097671ee3e7b24a24fb6d06417ba2121ba86390aaa
500,50,123,0.002,4.0,1.0,2.0,5,0.494,1.31,7.0,b2aa7ce2e829b156b6b2a9da36e09488eda956e5a66a30f221742ee0aa8167f7
500,50,116,0.002,3.0,4.0,5.0,4,0.284,1.45,6.0,a7e45ccfa44749f47009339807a5b3b6faa94591750df4893bbd649eb03548aa
500,50,116,0.002,1.0,10.0,3.0,40,-0.293,-0.08,6.0,a7e45ccfa44749f47009339807a5b3b6faa94591750df4893bbd649eb03548aa
500,50,420,0.002,7.0,7.0,1.0,3,-0.599,-0.75,3.0,8b99cc78d3cb5224793576097671ee3e7b24a24fb6d06417ba2121ba86390aaa
500,50,116,0.002,2.0,9.0,3.0,11,-0.277,0.31,3.5,a7e45ccfa44749f47009339807a5b3b6faa94591750df4893bbd649eb03548aa
500,50,203,0.002,5.0,4.0,-2.5,27,-0.405,-0.37,4.5,482f9bb74e396230e41acb238caf3964559f8d6f6f94a105834a53b8cd581e55
500,50,116,0.002,6.0,3.0,4.0,3,0.273,1.21,4.5,a7e45ccfa44749f47009339807a5b3b6faa94591750df4893bbd649eb03548aa
500,50,420,0.002,1.0,7.0,4.0,47,-0.151,0.46,7.0,8b99cc78d3cb5224793576097671ee3e7b24a24fb6d06417ba2121ba86390aaa
500,50,116,0.002,4.0,7.0,3.0,3,-0.6919999999999998,-0.49,5.0,a7e45ccfa44749f47009339807a5b3b6faa94591750df4893bbd649eb03548aa
500,50,138,0.002,4.0,7.0,0.0,14,-0.17299999999999996,0.74,5.0,97b28df35b811f0a5dba92060bfa9d60f1cc23fb3123298c2b14a461bea2df00
500,50,420,0.002,1.0,5.0,5.0,43,0.721,0.8,6.0,8b99cc78d3cb5224793576097671ee3e7b24a24fb6d06417ba2121ba86390aaa
500,50,173,0.002,2.0,6.0,3.0,29,-0.812,-0.31,5.5,3b3c69bfe1ea7d3417e6f0cb7831cd1890ff9efc41485332a6269801eec79431
500,50,67,0.002,3.0,8.0,-1.0,25,-0.009,0.31,5.0,3a360bea2f41e303724f014d0cc814dc18605110da671f5cf3213df428cae74f
500,50,173,0.002,4.0,8.0,1.0,10,-0.521,-0.22,3.5,3b3c69bfe1ea7d3417e6f0cb7831cd1890ff9efc41485332a6269801eec79431
500,50,173,0.002,4.0,7.0,1.5,29,-0.38,-0.14,5.5,3b3c69bfe1ea7d3417e6f0cb7831cd1890ff9efc41485332a6269801eec79431
500,50,116,0.002,4.0,5.0,4.0,4,0.132,0.97,5.5,a7e45ccfa44749f47009339807a5b3b6faa94591750df4893bbd649eb03548aa
500,50,138,0.002,2.0,7.0,1.0,1,0.161,0.2,6.0,97b28df35b811f0a5dba92060bfa9d60f1cc23fb3123298c2b14a461bea2df00
500,50,182,0.002,5.0,2.0,1.0,10,0.393,1.1,5.0,ef5ccd9e100038eaeca590bb86f90622b26afb602bebc9512c60f4a108b50adc
500,50,420,0.002,3.0,7.0,3.0,3,-0.016,0.52,4.5,8b99cc78d3cb5224793576097671ee3e7b24a24fb6d06417ba2121ba86390aaa
500,50,420,0.002,4.0,5.0,3.5,11,0.001,0.93,5.5,8b99cc78d3cb5224793576097671ee3e7b24a24fb6d06417ba2121ba86390aaa
500,50,272,0.002,2.0,4.0,1.0,14,0.268,1.03,7.0,afcb930297b7343b8945a302072f385537be9321555f4f186f06883623c7f8fb
500,50,123,0.002,7.0,4.0,-1.0,8,-0.82,-0.82,4.0,b2aa7ce2e829b156b6b2a9da36e09488eda956e5a66a30f221742ee0aa8167f7
500,50,173,0.002,7.0,3.0,2.0,10,-0.095,1.33,5.5,3b3c69bfe1ea7d3417e6f0cb7831cd1890ff9efc41485332a6269801eec79431
500,50,116,0.002,4.0,4.0,4.5,5,0.165,0.57,6.0,a7e45ccfa44749f47009339807a5b3b6faa94591750df4893bbd649eb03548aa
500,50,177,0.002,4.0,5.0,-4.0,18,-0.377,0.1,5.0,70279ead3bec9b7e96f06997217364ead88ddb28465de113f6c9d3d9a6accc8c
500,50,173,0.002,4.0,4.0,3.0,26,-0.078,0.61,4.5,3b3c69bfe1ea7d3417e6f0cb7831cd1890ff9efc41485332a6269801eec79431
500,50,116,0.002,6.0,7.0,2.0,3,0.02,0.51,5.0,a7e45ccfa44749f47009339807a5b3b6faa94591750df4893bbd649eb03548aa
500,50,116,0.002,7.0,3.0,3.5,1,0.236,1.38,5.5,a7e45ccfa44749f47009339807a5b3b6faa94591750df4893bbd649eb03548aa
500,50,38,0.002,5.0,4.0,-2.5,34,-1.12,-0.93,5.0,745e093be5c132f8dd62ffe006291e2dbe17e030eef209884a7f1ef9e3699f87
500,50,191,0.0005,2.0,5.0,-1.5,31,-0.6409999999999999,-0.24,5.0,2a0b607e0318a0ec8fc663857ccdc5f46ab43d5385127f2a38b36f8c6089c740
500,50,280,0.002,6.0,5.0,0.0,20,0.168,0.49,4.5,3dbec4ed280111c6f70cf5b95bd8007d71fffb43262f818ee2b01da94e952ed1
500,50,36,0.002,4.0,5.0,0.5,43,-0.465,0.04,5.0,ff40caff9436adbf9bd38cd8dd2a07eed72cc198918166d6ec73cd19617b2ff6
500,50,153,0.002,2.0,5.0,2.0,6,0.502,1.13,6.5,6b6f91ba62efae00f09fbbdb547009f73ef44ff90923e257225aa6c928379dbe
500,50,116,0.002,2.0,4.0,5.5,37,0.05600000000000001,1.03,6.0,a7e45ccfa44749f47009339807a5b3b6faa94591750df4893bbd649eb03548aa
500,50,116,0.002,2.0,6.0,4.5,20,0.45899999999999996,0.54,5.5,a7e45ccfa44749f47009339807a5b3b6faa94591750df4893bbd649eb03548aa
500,50,36,0.002,5.0,5.0,0.0,13,-0.773,-0.58,4.0,ff40caff9436adbf9bd38cd8dd2a07eed72cc198918166d6ec73cd19617b2ff6
500,50,314,0.001,2.0,7.0,-2.5,21,-0.6560000000000001,-0.16,4.5,ef6d19b7a07253e1b35bebfd8106441d2a41f96858e5753d63740edb7bc1e85b
500,50,182,0.002,1.0,3.0,2.5,32,0.462,0.93,6.5,ef5ccd9e100038eaeca590bb86f90622b26afb602bebc9512c60f4a108b50adc
500,50,116,0.002,6.0,8.0,1.5,1,-0.341,0.19,6.0,a7e45ccfa44749f47009339807a5b3b6faa94591750df4893bbd649eb03548aa
500,50,272,0.002,6.0,4.0,-1.0,18,-1.521,-1.15,4.0,afcb930297b7343b8945a302072f385537be9321555f4f186f06883623c7f8fb
500,50,74,0.002,2.0,6.0,-0.5,41,-0.196,0.1,5.5,5336d765b764a93e2eb1d0758e1d55b61cf2de15952d7b4f9d34abd296c96afb
500,50,420,0.002,2.0,9.0,2.5,48,-0.611,-0.56,5.0,8b99cc78d3cb5224793576097671ee3e7b24a24fb6d06417ba2121ba86390aaa
500,50,420,0.002,7.0,4.0,2.5,4,-0.525,0.14,6.0,8b99cc78d3cb5224793576097671ee3e7b24a24fb6d06417ba2121ba86390aaa
500,50,173,0.002,2.0,7.0,2.5,25,-0.012,0.38,5.5,3b3c69bfe1ea7d3417e6f0cb7831cd1890ff9efc41485332a6269801eec79431
500,50,153,0.002,4.0,5.0,1.0,31,-0.475,-0.36,5.5,6b6f91ba62efae00f09fbbdb547009f73ef44ff90923e257225aa6c928379dbe
500,50,116,0.002,1.0,8.0,4.0,10,-0.016,0.17,5.0,a7e45ccfa44749f47009339807a5b3b6faa94591750df4893bbd649eb03548aa
500,50,153,0.002,4.0,5.0,1.0,15,0.063,0.92,6.0,6b6f91ba62efae00f09fbbdb547009f73ef44ff90923e257225aa6c928379dbe
500,50,116,0.002,5.0,5.0,3.5,11,-0.738,-0.42,6.0,a7e45ccfa44749f47009339807a5b3b6faa94591750df4893bbd649eb03548aa
500,50,420,0.002,5.0,2.0,4.5,26,0.482,1.52,5.5,8b99cc78d3cb5224793576097671ee3e7b24a24fb6d06417ba2121ba86390aaa
500,50,51,0.002,4.0,8.0,-3.0,11,-0.469,-0.45,4.5,0da469cd406ad5030b33efeb4176c7916b6520b504ade19e5900078c3b28d733
500,50,420,0.002,8.0,6.0,1.0,2,-0.66,-1.0,4.0,8b99cc78d3cb5224793576097671ee3e7b24a24fb6d06417ba2121ba86390aaa
500,50,36,0.002,2.0,9.0,-0.5,14,-1.078,-0.56,3.5,ff40caff9436adbf9bd38cd8dd2a07eed72cc198918166d6ec73cd19617b2ff6
500,50,95,0.002,3.0,9.0,-2.0,9,-0.706,-0.33,4.0,c25fc3efb39204b5d63cd28eb38ba90889f8e69e2579abfd84abaa122b7be87a
500,50,420,0.002,4.0,8.0,2.0,7,-0.41,-0.38,3.5,8b99cc78d3cb5224793576097671ee3e7b24a24fb6d06417ba2121ba86390aaa
500,50,420,0.002,4.0,5.0,3.5,10,-0.243,0.52,7.0,8b99cc78d3cb5224793576097671ee3e7b24a24fb6d06417ba2121ba86390aaa
500,50,36,0.002,4.0,8.0,-1.0,6,-0.941,-0.81,3.5,ff40caff9436adbf9bd38cd8dd2a07eed72cc198918166d6ec73cd19617b2ff6
500,50,420,0.002,10.0,4.0,1.0,4,-1.209,-1.2,2.5,8b99cc78d3cb5224793576097671ee3e7b24a24fb6d06417ba2121ba86390aaa
500,50,173,0.002,5.0,10.0,-0.5,10,-1.235,-1.5,3.0,3b3c69bfe1ea7d3417e6f0cb7831cd1890ff9efc41485332a6269801eec79431
500,50,116,0.002,4.0,6.0,3.5,9,0.265,1.07,5.0,a7e45ccfa44749f47009339807a5b3b6faa94591750df4893bbd649eb03548aa
500,50,123,0.002,1.0,8.0,0.0,49,-0.9010000000000001,-0.18,3.5,b2aa7ce2e829b156b6b2a9da36e09488eda956e5a66a30f221742ee0aa8167f7
500,50,116,0.002,3.0,5.0,4.5,11,0.266,0.91,5.0,a7e45ccfa44749f47009339807a5b3b6faa94591750df4893bbd649eb03548aa
500,50,36,0.002,8.0,3.0,-0.5,3,-0.426,0.04,7.0,ff40caff9436adbf9bd38cd8dd2a07eed72cc198918166d6ec73cd19617b2ff6
500,50,182,0.002,0.0,2.0,3.5,14,1.494,1.4,9.0,ef5ccd9e100038eaeca590bb86f90622b26afb602bebc9512c60f4a108b50adc
500,50,409,0.00025,1.0,2.0,0.5,47,0.535,1.2,7.5,d19357a5dbc4ba581ffba733b41fe697bb06305f120052064375b75d32f0db6e
500,50,116,0.002,9.0,7.0,0.5,6,-1.582,-2.26,1.5,a7e45ccfa44749f47009339807a5b3b6faa94591750df4893bbd649eb03548aa
500,50,116,0.002,2.0,6.0,4.5,19,0.39,1.05,7.5,a7e45ccfa44749f47009339807a5b3b6faa94591750df4893bbd649eb03548aa
500,50,116,0.002,2.0,9.0,3.0,1,-0.387,-0.22,5.5,a7e45ccfa44749f47009339807a5b3b6faa94591750df4893bbd649eb03548aa
500,50,173,0.002,5.0,4.0,2.5,6,0.143,0.91,5.5,3b3c69bfe1ea7d3417e6f0cb7831cd1890ff9efc41485332a6269801eec79431
500,50,406,0.002,5.0,5.0,-1.5,46,-1.236,-1.07,4.0,d8cbd0c6756e20701f1e3611fcfe1080ff6b93fafb65fb2800ad9a7bd0a04ea2
500,50,420,0.002,5.0,5.0,3.0,23,-0.057,0.84,5.5,8b99cc78d3cb5224793576097671ee3e7b24a24fb6d06417ba2121ba86390aaa
500,50,490,0.002,4.0,4.0,-1.0,46,-0.883,-0.3,4.5,974847301356efb9a3ebc5a376507ea020f2aa2b7a8db231927848b0f6c7fa65
500,50,116,0.002,5.0,6.0,3.0,1,0.03,0.7,6.5,a7e45ccfa44749f47009339807a5b3b6faa94591750df4893bbd649eb03548aa
500,50,116,0.002,3.0,7.0,3.5,38,-1.159,-0.91,3.5,a7e45ccfa44749f47009339807a5b3b6faa94591750df4893bbd649eb03548aa
500,50,182,0.002,0.0,4.0,2.5,17,0.91,0.99,6.0,ef5ccd9e100038eaeca590bb86f90622b26afb602bebc9512c60f4a108b50adc
500,50,116,0.002,7.0,3.0,3.5,1,0.209,0.69,4.5,a7e45ccfa44749f47009339807a5b3b6faa94591750df4893bbd649eb03548aa
500,50,173,0.002,2.0,2.0,5.0,38,0.8489999999999999,1.44,6.5,3b3c69bfe1ea7d3417e6f0cb7831cd1890ff9efc41485332a6269801eec79431
500,50,116,0.002,4.0,5.0,4.0,14,-0.294,0.15,4.5,a7e45ccfa44749f47009339807a5b3b6faa94591750df4893bbd649eb03548aa
500,50,420,0.002,4.0,6.0,3.0,8,-0.065,0.09,5.0,8b99cc78d3cb5224793576097671ee3e7b24a24fb6d06417ba2121ba86390aaa
500,50,138,0.002,2.0,7.0,1.0,25,-0.16699999999999998,0.15,5.0,97b28df35b811f0a5dba92060bfa9d60f1cc23fb3123298c2b14a461bea2df00
500,50,173,0.002,8.0,6.0,0.0,2,-0.172,0.2,6.5,3b3c69bfe1ea7d3417e6f0cb7831cd1890ff9efc41485332a6269801eec79431
500,50,261,0.002,4.0,5.0,0.5,40,-0.335,-0.16,5.0,84d7db09a4a66ab80de8d84cf303232fb5d2699c1e35c5a38a7893393bdba5db
500,50,420,0.002,8.0,3.0,2.5,6,-0.306,0.16,5.5,8b99cc78d3cb5224793576097671ee3e7b24a24fb6d06417ba2121ba86390aaa
500,50,36,0.002,2.0,3.0,2.5,24,0.374,0.87,8.0,ff40caff9436adbf9bd38cd8dd2a07eed72cc198918166d6ec73cd19617b2ff6
500,50,67,0.002,2.0,3.0,2.0,14,1.146,1.78,6.5,3a360bea2f41e303724f014d0cc814dc18605110da671f5cf3213df428cae74f
500,50,116,0.002,7.0,4.0,3.0,1,-0.92,-0.23,4.5,a7e45ccfa44749f47009339807a5b3b6faa94591750df4893bbd649eb03548aa
500,50,116,0.002,7.0,3.0,3.5,2,0.18,0.57,6.0,a7e45ccfa44749f47009339807a5b3b6faa94591750df4893bbd649eb03548aa
500,50,306,0.002,3.0,7.0,-1.5,6,-0.534,-0.02,5.0,fab8f433d6f6bb610ff043434b54f18824bcad5c38069edd6b0404477ea4af7a
500,50,116,0.002,6.0,9.0,1.0,7,-0.7810000000000001,-1.23,3.0,a7e45ccfa44749f47009339807a5b3b6faa94591750df4893bbd649eb03548aa
500,50,116,0.002,3.0,4.0,5.0,12,-0.018,0.9,6.0,a7e45ccfa44749f47009339807a5b3b6faa94591750df4893bbd649eb03548aa
500,50,420,0.002,7.0,5.0,2.0,3,-0.512,0.26,4.5,8b99cc78d3cb5224793576097671ee3e7b24a24fb6d06417ba2121ba86390aaa
500,50,420,0.002,5.0,9.0,1.0,5,-0.911,-0.28,4.0,8b99cc78d3cb5224793576097671ee3e7b24a24fb6d06417ba2121ba86390aaa
500,50,123,0.002,1.0,5.0,1.5,16,0.429,0.37,7.5,b2aa7ce2e829b156b6b2a9da36e09488eda956e5a66a30f221742ee0aa8167f7
500,50,116,0.002,7.0,6.0,2.0,2,-0.6629999999999999,-0.07,5.5,a7e45ccfa44749f47009339807a5b3b6faa94591750df4893bbd649eb03548aa
500,50,116,0.002,5.0,5.0,3.5,9,-0.325,-0.42,4.5,a7e45ccfa44749f47009339807a5b3b6faa94591750df4893bbd649eb03548aa
500,50,173,0.002,6.0,2.0,3.0,3,0.45,0.93,6.5,3b3c69bfe1ea7d3417e6f0cb7831cd1890ff9efc41485332a6269801eec79431
500,50,203,0.002,3.0,7.0,-3.0,31,-0.867,-1.94,3.5,482f9bb74e396230e41acb238caf3964559f8d6f6f94a105834a53b8cd581e55
500,50,153,0.002,1.0,4.0,3.0,13,1.133,1.22,8.0,6b6f91ba62efae00f09fbbdb547009f73ef44ff90923e257225aa6c928379dbe
500,50,116,0.002,1.0,7.0,4.5,26,0.072,0.39,5.0,a7e45ccfa44749f47009339807a5b3b6faa94591750df4893bbd649eb03548aa
500,50,420,0.002,3.0,5.0,4.0,23,0.811,1.38,5.0,8b99cc78d3cb5224793576097671ee3e7b24a24fb6d06417ba2121ba86390aaa
500,50,138,0.002,6.0,1.0,2.0,18,0.248,0.96,6.0,97b28df35b811f0a5dba92060bfa9d60f1cc23fb3123298c2b14a461bea2df00
500,50,173,0.002,0.0,4.0,5.0,36,1.104,1.16,8.0,3b3c69bfe1ea7d3417e6f0cb7831cd1890ff9efc41485332a6269801eec79431
500,50,243,0.002,3.0,2.0,2.5,47,0.29,1.1,6.5,a3243ce7707a2a3682e9edb42f661751af7593e49dee8391462be0e0e7feca5b
500,50,420,0.002,2.0,8.0,3.0,34,-0.826,-0.75,4.0,8b99cc78d3cb5224793576097671ee3e7b24a24fb6d06417ba2121ba86390aaa
500,50,173,0.002,2.0,7.0,2.5,15,0.20200000000000004,0.55,6.0,3b3c69bfe1ea7d3417e6f0cb7831cd1890ff9efc41485332a6269801eec79431
500,50,420,0.002,4.0,6.0,3.0,28,-0.932,-0.72,4.5,8b99cc78d3cb5224793576097671ee3e7b24a24fb6d06417ba2121ba86390aaa
500,50,158,0.002,2.0,7.0,-0.5,27,-0.259,0.72,5.0,344f34a1d32ba9c9a001e56e4d03ecfc7599d1fa3c5627b1ed5b429067fd6d72
500,50,36,0.002,2.0,7.0,0.5,46,0.341,0.22,6.0,ff40caff9436adbf9bd38cd8dd2a07eed72cc198918166d6ec73cd19617b2ff6
500,50,116,0.002,6.0,6.0,2.5,1,-1.02,-0.27,4.0,a7e45ccfa44749f47009339807a5b3b6faa94591750df4893bbd649eb03548aa
500,50,177,0.002,2.0,4.0,-2.5,50,-0.175,-0.13,5.0,70279ead3bec9b7e96f06997217364ead88ddb28465de113f6c9d3d9a6accc8c
500,50,116,0.002,2.0,8.0,3.5,8,-0.682,-0.39,6.0,a7e45ccfa44749f47009339807a5b3b6faa94591750df4893bbd649eb03548aa
500,50,417,0.001,2.0,4.0,0.5,1,0.244,0.62,5.0,576662496728038e224e71e11e336af0a6bb55625ba792b564b78dbc59d6551a
500,50,182,0.002,2.0,7.0,0.0,26,-0.37799999999999995,-0.38,4.5,ef5ccd9e100038eaeca590bb86f90622b26afb602bebc9512c60f4a108b50adc
500,50,116,0.002,9.0,8.0,0.0,4,-2.097,-2.68,3.0,a7e45ccfa44749f47009339807a5b3b6faa94591750df4893bbd649eb03548aa
500,50,116,0.002,5.0,9.0,1.5,7,-0.862,-0.29,3.0,a7e45ccfa44749f47009339807a5b3b6faa94591750df4893bbd649eb03548aa
500,50,116,0.002,6.0,7.0,2.0,6,-0.9789999999999999,-0.3,3.5,a7e45ccfa44749f47009339807a5b3b6faa94591750df4893bbd649eb03548aa
500,50,67,0.002,3.0,5.0,0.5,42,-0.069,-0.04,5.0,3a360bea2f41e303724f014d0cc814dc18605110da671f5cf3213df428cae74f
500,50,420,0.002,5.0,6.0,2.5,1,0.3,0.42,5.0,8b99cc78d3cb5224793576097671ee3e7b24a24fb6d06417ba2121ba86390aaa
500,50,182,0.002,5.0,5.0,-0.5,2,-0.413,0.32,4.5,ef5ccd9e100038eaeca590bb86f90622b26afb602bebc9512c60f4a108b50adc
500,50,116,0.002,9.0,3.0,2.5,2,-0.28,-0.03,4.0,a7e45ccfa44749f47009339807a5b3b6faa94591750df4893bbd649eb03548aa
500,50,158,0.002,7.0,6.0,-2.5,9,-0.982,-0.36,3.0,344f34a1d32ba9c9a001e56e4d03ecfc7599d1fa3c5627b1ed5b429067fd6d72
500,50,452,0.001,2.0,3.0,-1.0,20,-0.236,-0.33,6.5,a1388865dc2b0bebc42c09e925323dda098b8ddae59f1818a86d3394a8a109ac
500,50,36,0.002,8.0,7.0,-2.5,3,-1.392,-1.65,3.0,ff40caff9436adbf9bd38cd8dd2a07eed72cc198918166d6ec73cd19617b2ff6
500,50,280,0.002,5.0,5.0,0.5,33,-0.551,-0.48,5.0,3dbec4ed280111c6f70cf5b95bd8007d71fffb43262f818ee2b01da94e952ed1
500,50,36,0.002,6.0,8.0,-2.0,9,-0.7609999999999999,-0.87,3.0,ff40caff9436adbf9bd38cd8dd2a07eed72cc198918166d6ec73cd19617b2ff6
500,50,243,0.002,2.0,6.0,1.0,11,1.051,1.53,6.0,a3243ce7707a2a3682e9edb42f661751af7593e49dee8391462be0e0e7feca5b
500,50,116,0.002,5.0,6.0,3.0,6,-0.775,-0.48,3.0,a7e45ccfa44749f47009339807a5b3b6faa94591750df4893bbd649eb03548aa
500,50,158,0.002,4.0,4.0,0.0,50,-0.192,0.5,5.5,344f34a1d32ba9c9a001e56e4d03ecfc7599d1fa3c5627b1ed5b429067fd6d72
500,50,116,0.002,8.0,5.0,2.0,3,-1.144,-1.03,3.0,a7e45ccfa44749f47009339807a5b3b6faa94591750df4893bbd649eb03548aa
500,50,197,0.002,3.0,6.0,-2.5,30,-0.502,-0.76,6.0,974d9211be6247450a6f495fb68d07d87a9447054c0e477af8b7ae30a4f4e56e
500,50,420,0.002,4.0,5.0,3.5,17,-0.127,0.5,5.0,8b99cc78d3cb5224793576097671ee3e7b24a24fb6d06417ba2121ba86390aaa
500,50,272,0.002,4.0,4.0,0.0,10,-0.291,0.39,6.5,afcb930297b7343b8945a302072f385537be9321555f4f186f06883623c7f8fb
500,50,116,0.002,6.0,9.0,1.0,1,-1.102,-0.63,3.5,a7e45ccfa44749f47009339807a5b3b6faa94591750df4893bbd649eb03548aa
500,50,123,0.002,3.0,6.0,0.0,42,-0.98,-0.36,2.5,b2aa7ce2e829b156b6b2a9da36e09488eda956e5a66a30f221742ee0aa8167f7
500,50,51,0.002,1.0,5.0,0.0,38,-0.054000000000000006,0.17,6.0,0da469cd406ad5030b33efeb4176c7916b6520b504ade19e5900078c3b28d733
500,50,280,0.002,3.0,6.0,1.0,28,-0.569,-0.62,4.0,3dbec4ed280111c6f70cf5b95bd8007d71fffb43262f818ee2b01da94e952ed1
500,50,36,0.002,6.0,4.0,0.0,3,-0.166,0.61,7.0,ff40caff9436adbf9bd38cd8dd2a07eed72cc198918166d6ec73cd19617b2ff6
500,50,116,0.002,10.0,8.0,-0.5,1,-1.38,-2.18,2.5,a7e45ccfa44749f47009339807a5b3b6faa94591750df4893bbd649eb03548aa
500,50,116,0.002,3.0,7.0,3.5,6,-0.775,-0.66,4.0,a7e45ccfa44749f47009339807a5b3b6faa94591750df4893bbd649eb03548aa
500,50,173,0.002,2.0,5.0,3.5,5,0.231,0.59,7.5,3b3c69bfe1ea7d3417e6f0cb7831cd1890ff9efc41485332a6269801eec79431
500,50,138,0.002,4.0,4.0,1.5,24,0.08900000000000001,0.44,4.5,97b28df35b811f0a5dba92060bfa9d60f1cc23fb3123298c2b14a461bea2df00
500,50,497,0.001,2.0,3.0,1.0,40,0.275,0.8,6.0,526db03663e3f68905e8ed37f0760b4ef31347fa4159ce8515af8811d6253ad1
500,50,123,0.002,3.0,5.0,0.5,8,-0.18899999999999997,0.15,4.5,b2aa7ce2e829b156b6b2a9da36e09488eda956e5a66a30f221742ee0aa8167f7
500,50,417,0.001,5.0,3.0,-0.5,15,-1.071,-0.3,4.0,576662496728038e224e71e11e336af0a6bb55625ba792b564b78dbc59d6551a
500,50,116,0.002,2.0,7.0,4.0,2,0.8489999999999999,1.04,7.0,a7e45ccfa44749f47009339807a5b3b6faa94591750df4893bbd649eb03548aa
500,50,116,0.002,1.0,6.0,5.0,15,0.715,1.19,6.0,a7e45ccfa44749f47009339807a5b3b6faa94591750df4893bbd649eb03548aa
500,50,173,0.002,8.0,9.0,-1.5,2,-0.044,0.06,5.5,3b3c69bfe1ea7d3417e6f0cb7831cd1890ff9efc41485332a6269801eec79431
500,50,182,0.002,6.0,5.0,-1.0,16,-1.044,-0.22,4.5,ef5ccd9e100038eaeca590bb86f90622b26afb602bebc9512c60f4a108b50adc
500,50,272,0.002,3.0,3.0,1.0,3,0.91,1.34,7.5,afcb930297b7343b8945a302072f385537be9321555f4f186f06883623c7f8fb
500,50,116,0.002,2.0,8.0,3.5,7,-0.496,0.1,4.0,a7e45ccfa44749f47009339807a5b3b6faa94591750df4893bbd649eb03548aa
500,50,306,0.002,1.0,8.0,-1.0,31,0.322,0.62,4.5,fab8f433d6f6bb610ff043434b54f18824bcad5c38069edd6b0404477ea4af7a
500,50,173,0.002,7.0,4.0,1.5,4,-0.04,-0.06,4.5,3b3c69bfe1ea7d3417e6f0cb7831cd1890ff9efc41485332a6269801eec79431
500,50,182,0.002,4.0,4.0,0.5,18,-0.402,-0.41,4.0,ef5ccd9e100038eaeca590bb86f90622b26afb602bebc9512c60f4a108b50adc
500,50,420,0.002,1.0,8.0,3.5,33,0.522,0.82,5.5,8b99cc78d3cb5224793576097671ee3e7b24a24fb6d06417ba2121ba86390aaa
500,50,420,0.002,4.0,7.0,2.5,11,0.161,0.61,5.0,8b99cc78d3cb5224793576097671ee3e7b24a24fb6d06417ba2121ba86390aaa
500,50,116,0.002,7.0,7.0,1.5,2,-0.398,-0.54,4.0,a7e45ccfa44749f47009339807a5b3b6faa94591750df4893bbd649eb03548aa
500,50,74,0.002,1.0,5.0,0.5,30,0.24,0.8,5.0,5336d765b764a93e2eb1d0758e1d55b61cf2de15952d7b4f9d34abd296c96afb
500,50,173,0.002,3.0,7.0,2.0,22,-0.087,0.22,5.5,3b3c69bfe1ea7d3417e6f0cb7831cd1890ff9efc41485332a6269801eec79431
500,50,173,0.002,3.0,7.0,2.0,21,0.284,1.04,5.0,3b3c69bfe1ea7d3417e6f0cb7831cd1890ff9efc41485332a6269801eec79431
500,50,116,0.002,3.0,9.0,2.5,7,-0.4709999999999999,0.23,4.0,a7e45ccfa44749f47009339807a5b3b6faa94591750df4893bbd649eb03548aa
500,50,261,0.002,2.0,4.0,2.0,23,0.883,1.71,8.5,84d7db09a4a66ab80de8d84cf303232fb5d2699c1e35c5a38a7893393bdba5db
500,50,420,0.002,5.0,9.0,1.0,14,-0.902,-0.98,4.0,8b99cc78d3cb5224793576097671ee3e7b24a24fb6d06417ba2121ba86390aaa
500,50,420,0.002,5.0,5.0,3.0,9,-0.631,-0.02,5.0,8b99cc78d3cb5224793576097671ee3e7b24a24fb6d06417ba2121ba86390aaa
500,50,173,0.002,8.0,4.0,1.0,11,-0.746,-1.02,4.0,3b3c69bfe1ea7d3417e6f0cb7831cd1890ff9efc41485332a6269801eec79431
500,50,215,0.001,2.0,6.0,-3.5,32,-0.965,-0.49,5.0,2c762a8ce9fb15b1e70eb606085a177210df3f41b4f3fed4c40e5958a0a08f4f
500,50,116,0.002,1.0,9.0,3.5,13,0.622,0.79,6.0,a7e45ccfa44749f47009339807a5b3b6faa94591750df4893bbd649eb03548aa
500,50,116,0.002,6.0,2.0,4.5,9,-0.212,0.56,6.0,a7e45ccfa44749f47009339807a5b3b6faa94591750df4893bbd649eb03548aa
500,50,116,0.002,4.0,4.0,4.5,4,0.229,0.76,6.0,a7e45ccfa44749f47009339807a5b3b6faa94591750df4893bbd649eb03548aa
500,50,173,0.002,3.0,5.0,3.0,44,-0.801,-0.72,5.0,3b3c69bfe1ea7d3417e6f0cb7831cd1890ff9efc41485332a6269801eec79431
500,50,36,0.002,4.0,11.0,-2.5,2,-1.108,-0.86,3.0,ff40caff9436adbf9bd38cd8dd2a07eed72cc198918166d6ec73cd19617b2ff6
500,50,138,0.002,6.0,3.0,1.0,10,0.177,1.34,6.5,97b28df35b811f0a5dba92060bfa9d60f1cc23fb3123298c2b14a461bea2df00
500,50,116,0.002,5.0,8.0,2.0,7,-0.7810000000000001,-1.02,3.5,a7e45ccfa44749f47009339807a5b3b6faa94591750df4893bbd649eb03548aa
500,50,123,0.002,2.0,2.0,2.5,17,0.972,1.81,7.5,b2aa7ce2e829b156b6b2a9da36e09488eda956e5a66a30f221742ee0aa8167f7
500,50,116,0.002,5.0,5.0,3.5,2,-0.41,0.05,5.0,a7e45ccfa44749f47009339807a5b3b6faa94591750df4893bbd649eb03548aa
500,50,357,0.0005,1.0,2.0,1.0,29,1.047,2.03,7.5,c99f5297f235ea9284300ff5d1db9cdd539f9089dfd30f5074f49150bf2016cc
500,50,116,0.002,7.0,6.0,2.0,1,-0.557,-0.13,7.0,a7e45ccfa44749f47009339807a5b3b6faa94591750df4893bbd649eb03548aa
500,50,116,0.002,1.0,8.0,4.0,14,-0.235,-0.12,5.0,a7e45ccfa44749f47009339807a5b3b6faa94591750df4893bbd649eb03548aa
500,50,151,0.002,5.0,5.0,-3.0,21,-1.162,-0.86,4.5,4862fa101ab06efd13bb2a8dc37275b1a4d264e8dc87ef61d0892b1ec48bad14
500,50,173,0.002,1.0,5.0,4.0,34,0.505,1.07,5.5,3b3c69bfe1ea7d3417e6f0cb7831cd1890ff9efc41485332a6269801eec79431
500,50,420,0.002,4.0,6.0,3.0,5,-0.973,-0.39,4.0,8b99cc78d3cb5224793576097671ee3e7b24a24fb6d06417ba2121ba86390aaa
500,50,123,0.002,3.0,6.0,0.0,7,-0.19699999999999998,0.36,6.0,b2aa7ce2e829b156b6b2a9da36e09488eda956e5a66a30f221742ee0aa8167f7
500,50,420,0.002,2.0,6.0,4.0,37,-0.546,-0.41,4.5,8b99cc78d3cb5224793576097671ee3e7b24a24fb6d06417ba2121ba86390aaa
500,50,420,0.002,1.0,7.0,4.0,30,0.29,0.69,7.5,8b99cc78d3cb5224793576097671ee3e7b24a24fb6d06417ba2121ba86390aaa
500,50,116,0.002,2.0,10.0,2.5,6,-0.187,0.19,4.5,a7e45ccfa44749f47009339807a5b3b6faa94591750df4893bbd649eb03548aa
500,50,182,0.002,2.0,4.0,1.5,8,0.266,0.68,5.0,ef5ccd9e100038eaeca590bb86f90622b26afb602bebc9512c60f4a108b50adc
500,50,173,0.002,4.0,5.0,2.5,7,0.775,0.9,7.0,3b3c69bfe1ea7d3417e6f0cb7831cd1890ff9efc41485332a6269801eec79431
500,50,138,0.002,2.0,6.0,1.5,5,0.6730000000000002,1.36,7.0,97b28df35b811f0a5dba92060bfa9d60f1cc23fb3123298c2b14a461bea2df00
500,50,123,0.002,4.0,1.0,2.0,48,-0.137,1.0,6.0,b2aa7ce2e829b156b6b2a9da36e09488eda956e5a66a30f221742ee0aa8167f7
500,50,123,0.002,3.0,7.0,-0.5,38,-0.311,-0.58,3.5,b2aa7ce2e829b156b6b2a9da36e09488eda956e5a66a30f221742ee0aa8167f7
500,50,116,0.002,5.0,3.0,4.5,7,-0.063,-0.08,5.0,a7e45ccfa44749f47009339807a5b3b6faa94591750df4893bbd649eb03548aa
500,50,334,0.001,3.0,4.0,-1.0,33,-0.287,0.05,5.5,c66ee0614c7f77da14c6d825e1a8c3267adb80c739f9eb57aeea55e663bb3e40
500,50,116,0.002,4.0,6.0,3.5,1,0.029000000000000005,0.84,4.5,a7e45ccfa44749f47009339807a5b3b6faa94591750df4893bbd649eb03548aa
500,50,223,0.001,4.0,6.0,-2.5,21,-0.7340000000000001,-0.54,5.5,b6f282c17656de4b1552c415bbe619fcc6a0211377cea653ce6369b13537b71a
500,50,173,0.002,6.0,5.0,1.5,6,-0.753,0.05,4.0,3b3c69bfe1ea7d3417e6f0cb7831cd1890ff9efc41485332a6269801eec79431
500,50,436,0.001,1.0,2.0,-0.5,43,0.557,0.95,6.5,6c687f9ecbec273de28afb906c013c8e14b19f01cd7e866ca4b298d6ccae6b39
500,50,36,0.002,4.0,7.0,-0.5,21,-1.172,-1.5,3.0,ff40caff9436adbf9bd38cd8dd2a07eed72cc198918166d6ec73cd19617b2ff6
500,50,209,0.001,2.0,4.0,0.5,30,-0.062,-0.16,6.0,886a14107d7fa93a41960fdb8744e8befb34c8a890a5c627d34c2259f4531f7d
500,50,420,0.002,2.0,3.0,5.5,29,0.8320000000000001,1.7,6.0,8b99cc78d3cb5224793576097671ee3e7b24a24fb6d06417ba2121ba86390aaa
500,50,306,0.002,3.0,8.0,-2.0,8,-0.39399999999999996,0.09,3.5,fab8f433d6f6bb610ff043434b54f18824bcad5c38069edd6b0404477ea4af7a
500,50,123,0.002,4.0,6.0,-0.5,4,-0.088,0.02,4.5,b2aa7ce2e829b156b6b2a9da36e09488eda956e5a66a30f221742ee0aa8167f7
500,50,173,0.002,4.0,6.0,2.0,2,0.252,0.9,5.0,3b3c69bfe1ea7d3417e6f0cb7831cd1890ff9efc41485332a6269801eec79431
500,50,123,0.002,5.0,2.0,1.0,35,-0.26,0.37,6.0,b2aa7ce2e829b156b6b2a9da36e09488eda956e5a66a30f221742ee0aa8167f7
500,50,261,0.002,4.0,4.0,1.0,39,-0.405,-0.52,4.5,84d7db09a4a66ab80de8d84cf303232fb5d2699c1e35c5a38a7893393bdba5db
500,50,203,0.002,3.0,4.0,-1.5,31,0.045,0.53,5.0,482f9bb74e396230e41acb238caf3964559f8d6f6f94a105834a53b8cd581e55
500,50,116,0.002,2.0,4.0,5.5,21,0.461,0.9,5.5,a7e45ccfa44749f47009339807a5b3b6faa94591750df4893bbd649eb03548aa
500,50,182,0.002,7.0,6.0,-2.0,3,-0.7879999999999999,-0.97,4.0,ef5ccd9e100038eaeca590bb86f90622b26afb602bebc9512c60f4a108b50adc
500,50,158,0.002,4.0,5.0,-0.5,20,-0.7609999999999999,-0.15,5.0,344f34a1d32ba9c9a001e56e4d03ecfc7599d1fa3c5627b1ed5b429067fd6d72
500,50,272,0.002,6.0,5.0,-1.5,12,-1.4910000000000003,-1.06,3.5,afcb930297b7343b8945a302072f385537be9321555f4f186f06883623c7f8fb
500,50,116,0.002,3.0,7.0,3.5,8,0.151,1.2,5.5,a7e45ccfa44749f47009339807a5b3b6faa94591750df4893bbd649eb03548aa
500,50,173,0.002,3.0,7.0,2.0,1,-0.309,-0.07,6.0,3b3c69bfe1ea7d3417e6f0cb7831cd1890ff9efc41485332a6269801eec79431
500,50,116,0.002,8.0,9.0,0.0,1,-1.469,-1.52,2.0,a7e45ccfa44749f47009339807a5b3b6faa94591750df4893bbd649eb03548aa
500,50,123,0.002,4.0,7.0,-1.0,25,-0.563,-0.22,3.5,b2aa7ce2e829b156b6b2a9da36e09488eda956e5a66a30f221742ee0aa8167f7
500,50,420,0.002,4.0,6.0,3.0,9,0.091,0.66,4.5,8b99cc78d3cb5224793576097671ee3e7b24a24fb6d06417ba2121ba86390aaa
500,50,173,0.002,5.0,5.0,2.0,7,-0.256,0.4,5.5,3b3c69bfe1ea7d3417e6f0cb7831cd1890ff9efc41485332a6269801eec79431
500,50,406,0.002,3.0,1.0,1.5,22,0.632,1.36,8.0,d8cbd0c6756e20701f1e3611fcfe1080ff6b93fafb65fb2800ad9a7bd0a04ea2
500,50,116,0.002,3.0,7.0,3.5,6,-0.682,-0.06,4.5,a7e45ccfa44749f47009339807a5b3b6faa94591750df4893bbd649eb03548aa
500,50,116,0.002,6.0,7.0,2.0,8,-1.054,-0.92,3.5,a7e45ccfa44749f47009339807a5b3b6faa94591750df4893bbd649eb03548aa
500,50,422,0.002,3.0,6.0,-2.0,27,-0.352,0.17,4.5,fb42fbb3176c48cb2875b84cdae050548972e6bfc5c5c2e1fe04f2e151a175a4
500,50,138,0.002,6.0,4.0,0.5,7,-0.45899999999999996,0.42,5.5,97b28df35b811f0a5dba92060bfa9d60f1cc23fb3123298c2b14a461bea2df00
500,50,116,0.002,3.0,10.0,2.0,11,-0.485,-1.28,4.0,a7e45ccfa44749f47009339807a5b3b6faa94591750df4893bbd649eb03548aa
500,50,116,0.002,5.0,5.0,3.5,13,-0.319,0.24,4.5,a7e45ccfa44749f47009339807a5b3b6faa94591750df4893bbd649eb03548aa
500,50,67,0.002,4.0,7.0,-1.0,33,-1.184,-0.6,4.0,3a360bea2f41e303724f014d0cc814dc18605110da671f5cf3213df428cae74f
500,50,116,0.002,4.0,4.0,4.5,3,0.288,0.82,6.5,a7e45ccfa44749f47009339807a5b3b6faa94591750df4893bbd649eb03548aa
500,50,497,0.001,1.0,3.0,1.5,31,0.794,1.23,7.0,526db03663e3f68905e8ed37f0760b4ef31347fa4159ce8515af8811d6253ad1
500,50,420,0.002,3.0,7.0,3.0,30,-0.10400000000000001,0.3,7.0,8b99cc78d3cb5224793576097671ee3e7b24a24fb6d06417ba2121ba86390aaa
500,50,280,0.002,5.0,8.0,-1.0,5,-1.344,-1.21,5.5,3dbec4ed280111c6f70cf5b95bd8007d71fffb43262f818ee2b01da94e952ed1
500,50,280,0.002,10.0,5.0,-2.0,1,-0.276,-0.21,4.0,3dbec4ed280111c6f70cf5b95bd8007d71fffb43262f818ee2b01da94e952ed1
500,50,173,0.002,5.0,4.0,2.5,6,0.32,1.45,5.0,3b3c69bfe1ea7d3417e6f0cb7831cd1890ff9efc41485332a6269801eec79431
500,50,116,0.002,2.0,8.0,3.5,26,-0.647,-0.33,4.5,a7e45ccfa44749f47009339807a5b3b6faa94591750df4893bbd649eb03548aa
500,50,116,0.002,4.0,7.0,3.0,1,-0.166,0.01,5.0,a7e45ccfa44749f47009339807a5b3b6faa94591750df4893bbd649eb03548aa
500,50,420,0.002,6.0,6.0,2.0,2,-0.127,0.21,7.0,8b99cc78d3cb5224793576097671ee3e7b24a24fb6d06417ba2121ba86390aaa
500,50,116,0.002,4.0,5.0,4.0,5,-0.095,0.41,5.5,a7e45ccfa44749f47009339807a5b3b6faa94591750df4893bbd649eb03548aa
500,50,36,0.002,6.0,7.0,-1.5,3,-0.11,-0.21,3.5,ff40caff9436adbf9bd38cd8dd2a07eed72cc198918166d6ec73cd19617b2ff6
500,50,420,0.002,2.0,3.0,5.5,28,0.774,1.75,6.5,8b99cc78d3cb5224793576097671ee3e7b24a24fb6d06417ba2121ba86390aaa
500,50,138,0.002,3.0,3.0,2.5,25,0.335,1.14,7.5,97b28df35b811f0a5dba92060bfa9d60f1cc23fb3123298c2b14a461bea2df00
500,50,95,0.002,3.0,5.0,0.0,12,0.092,-0.08,6.0,c25fc3efb39204b5d63cd28eb38ba90889f8e69e2579abfd84abaa122b7be87a
500,50,116,0.002,2.0,7.0,4.0,13,-0.363,0.47,6.0,a7e45ccfa44749f47009339807a5b3b6faa94591750df4893bbd649eb03548aa
500,50,116,0.002,3.0,7.0,3.5,16,0.141,0.4,5.5,a7e45ccfa44749f47009339807a5b3b6faa94591750df4893bbd649eb03548aa
500,50,116,0.002,9.0,4.0,2.0,1,-0.514,-0.21,4.0,a7e45ccfa44749f47009339807a5b3b6faa94591750df4893bbd649eb03548aa
500,50,116,0.002,6.0,10.0,0.5,4,-1.345,-1.57,3.0,a7e45ccfa44749f47009339807a5b3b6faa94591750df4893bbd649eb03548aa
500,50,262,0.001,1.0,5.0,0.5,18,0.6579999999999999,1.05,7.0,c80bd42dd2007dcd4ce2f14198ecc4247341eb77b27e1de5cc3fb045162a23de
500,50,123,0.002,1.0,6.0,1.0,27,0.171,0.44,6.0,b2aa7ce2e829b156b6b2a9da36e09488eda956e5a66a30f221742ee0aa8167f7
500,50,357,0.0005,1.0,4.0,0.0,22,1.031,1.8,6.5,c99f5297f235ea9284300ff5d1db9cdd539f9089dfd30f5074f49150bf2016cc
500,50,243,0.002,6.0,8.0,-2.0,7,-1.472,-1.22,2.5,a3243ce7707a2a3682e9edb42f661751af7593e49dee8391462be0e0e7feca5b
500,50,116,0.002,4.0,7.0,3.0,1,-0.479,-0.24,5.5,a7e45ccfa44749f47009339807a5b3b6faa94591750df4893bbd649eb03548aa
500,50,173,0.002,5.0,5.0,2.0,9,-0.363,0.14,5.0,3b3c69bfe1ea7d3417e6f0cb7831cd1890ff9efc41485332a6269801eec79431
500,50,138,0.002,7.0,6.0,-1.0,5,-0.31,-0.18,4.5,97b28df35b811f0a5dba92060bfa9d60f1cc23fb3123298c2b14a461bea2df00
500,50,420,0.002,3.0,3.0,5.0,7,0.358,0.46,7.0,8b99cc78d3cb5224793576097671ee3e7b24a24fb6d06417ba2121ba86390aaa
500,50,116,0.002,1.0,10.0,3.0,23,-0.7760000000000001,-0.4,4.5,a7e45ccfa44749f47009339807a5b3b6faa94591750df4893bbd649eb03548aa
500,50,420,0.002,3.0,5.0,4.0,15,-0.069,0.74,6.5,8b99cc78d3cb5224793576097671ee3e7b24a24fb6d06417ba2121ba86390aaa
500,50,420,0.002,2.0,2.0,6.0,43,0.395,1.14,7.5,8b99cc78d3cb5224793576097671ee3e7b24a24fb6d06417ba2121ba86390aaa
500,50,116,0.002,3.0,9.0,2.5,7,-1.104,-0.43,3.0,a7e45ccfa44749f47009339807a5b3b6faa94591750df4893bbd649eb03548aa
500,50,38,0.002,2.0,4.0,-1.0,17,-0.134,-0.09,6.5,745e093be5c132f8dd62ffe006291e2dbe17e030eef209884a7f1ef9e3699f87
500,50,123,0.002,1.0,3.0,2.5,22,0.56,1.2,7.0,b2aa7ce2e829b156b6b2a9da36e09488eda956e5a66a30f221742ee0aa8167f7
500,50,420,0.002,5.0,6.0,2.5,39,-0.998,-0.79,3.0,8b99cc78d3cb5224793576097671ee3e7b24a24fb6d06417ba2121ba86390aaa
500,50,486,0.002,3.0,3.0,-2.0,24,-0.321,0.21,5.5,585f855bca4f2213c08d3732aec1af4117ae86a0883055ae9f6f3b8099486dde
500,50,36,0.002,3.0,5.0,1.0,19,-0.306,0.42,4.5,ff40caff9436adbf9bd38cd8dd2a07eed72cc198918166d6ec73cd19617b2ff6
500,50,173,0.002,7.0,9.0,-1.0,12,-1.7109999999999999,-2.18,2.5,3b3c69bfe1ea7d3417e6f0cb7831cd1890ff9efc41485332a6269801eec79431
500,50,137,0.002,2.0,4.0,-1.0,33,0.736,1.57,7.5,69a1231af5fc3f55054f1c14b1a7313be0d0b67e0ff876b205be63a03e091d42
500,50,151,0.002,6.0,3.0,-2.5,10,-0.429,-0.11,4.0,4862fa101ab06efd13bb2a8dc37275b1a4d264e8dc87ef61d0892b1ec48bad14
500,50,420,0.002,4.0,8.0,2.0,19,-0.836,-0.9,3.0,8b99cc78d3cb5224793576097671ee3e7b24a24fb6d06417ba2121ba86390aaa
500,50,173,0.002,5.0,7.0,1.0,1,-0.589,-0.33,5.0,3b3c69bfe1ea7d3417e6f0cb7831cd1890ff9efc41485332a6269801eec79431
500,50,420,0.002,4.0,6.0,3.0,7,-0.021,0.35,6.0,8b99cc78d3cb5224793576097671ee3e7b24a24fb6d06417ba2121ba86390aaa
500,50,116,0.002,7.0,4.0,3.0,1,0.308,0.71,5.5,a7e45ccfa44749f47009339807a5b3b6faa94591750df4893bbd649eb03548aa
500,50,243,0.002,5.0,5.0,0.0,7,-0.605,-0.36,4.5,a3243ce7707a2a3682e9edb42f661751af7593e49dee8391462be0e0e7feca5b
500,50,420,0.002,5.0,6.0,2.5,9,-0.505,-0.26,3.5,8b99cc78d3cb5224793576097671ee3e7b24a24fb6d06417ba2121ba86390aaa
500,50,116,0.002,7.0,4.0,3.0,4,-0.41600000000000004,0.47,5.0,a7e45ccfa44749f47009339807a5b3b6faa94591750df4893bbd649eb03548aa
500,50,420,0.002,5.0,10.0,0.5,6,-1.137,-1.98,2.5,8b99cc78d3cb5224793576097671ee3e7b24a24fb6d06417ba2121ba86390aaa
500,50,123,0.002,7.0,4.0,-1.0,1,0.263,0.64,7.0,b2aa7ce2e829b156b6b2a9da36e09488eda956e5a66a30f221742ee0aa8167f7
500,50,182,0.002,3.0,5.0,0.5,1,-0.003,0.43,7.0,ef5ccd9e100038eaeca590bb86f90622b26afb602bebc9512c60f4a108b50adc
500,50,116,0.002,5.0,9.0,1.5,7,-1.303,-2.18,3.5,a7e45ccfa44749f47009339807a5b3b6faa94591750df4893bbd649eb03548aa
500,50,173,0.002,4.0,7.0,1.5,10,0.016,0.28,5.5,3b3c69bfe1ea7d3417e6f0cb7831cd1890ff9efc41485332a6269801eec79431
500,50,95,0.002,5.0,5.0,-1.0,6,-0.634,0.22,5.5,c25fc3efb39204b5d63cd28eb38ba90889f8e69e2579abfd84abaa122b7be87a
500,50,173,0.002,2.0,7.0,2.5,41,0.19,0.12,6.5,3b3c69bfe1ea7d3417e6f0cb7831cd1890ff9efc41485332a6269801eec79431
500,50,123,0.002,2.0,6.0,0.5,6,0.129,0.66,5.5,b2aa7ce2e829b156b6b2a9da36e09488eda956e5a66a30f221742ee0aa8167f7
500,50,209,0.001,2.0,5.0,0.0,30,0.08,0.63,6.5,886a14107d7fa93a41960fdb8744e8befb34c8a890a5c627d34c2259f4531f7d
500,50,182,0.002,4.0,5.0,0.0,2,-0.138,0.35,6.0,ef5ccd9e100038eaeca590bb86f90622b26afb602bebc9512c60f4a108b50adc
500,50,116,0.002,9.0,4.0,2.0,2,-0.846,-0.94,2.5,a7e45ccfa44749f47009339807a5b3b6faa94591750df4893bbd649eb03548aa
500,50,173,0.002,6.0,7.0,0.5,2,-0.699,-1.05,5.5,3b3c69bfe1ea7d3417e6f0cb7831cd1890ff9efc41485332a6269801eec79431
500,50,173,0.002,2.0,8.0,2.0,15,-0.06,0.66,5.0,3b3c69bfe1ea7d3417e6f0cb7831cd1890ff9efc41485332a6269801eec79431
500,50,173,0.002,7.0,5.0,1.0,2,-0.619,-0.71,4.5,3b3c69bfe1ea7d3417e6f0cb7831cd1890ff9efc41485332a6269801eec79431
500,50,135,0.002,4.0,7.0,-4.5,29,-1.572,-1.45,3.0,3b9d2070cfb6d80424ec20a5b2bb41a8a350a53a508339d12dfc30d4167597bb
500,50,116,0.002,3.0,5.0,4.5,14,-0.381,0.16,5.5,a7e45ccfa44749f47009339807a5b3b6faa94591750df4893bbd649eb03548aa
500,50,116,0.002,4.0,7.0,3.0,4,-0.361,0.02,5.0,a7e45ccfa44749f47009339807a5b3b6faa94591750df4893bbd649eb03548aa
500,50,173,0.002,5.0,6.0,1.5,6,-0.48100000000000004,-0.12,4.5,3b3c69bfe1ea7d3417e6f0cb7831cd1890ff9efc41485332a6269801eec79431
500,50,182,0.002,2.0,9.0,-1.0,27,-0.736,-0.52,4.0,ef5ccd9e100038eaeca590bb86f90622b26afb602bebc9512c60f4a108b50adc
500,50,116,0.002,5.0,6.0,3.0,6,-0.043,0.62,4.5,a7e45ccfa44749f47009339807a5b3b6faa94591750df4893bbd649eb03548aa
500,50,116,0.002,3.0,8.0,3.0,14,-0.848,-0.77,5.0,a7e45ccfa44749f47009339807a5b3b6faa94591750df4893bbd649eb03548aa
500,50,153,0.002,2.0,5.0,2.0,26,0.43700000000000006,0.67,7.5,6b6f91ba62efae00f09fbbdb547009f73ef44ff90923e257225aa6c928379dbe
500,50,116,0.002,7.0,5.0,2.5,2,-0.278,0.02,6.5,a7e45ccfa44749f47009339807a5b3b6faa94591750df4893bbd649eb03548aa
500,50,116,0.002,6.0,2.0,4.5,1,0.286,1.49,6.5,a7e45ccfa44749f47009339807a5b3b6faa94591750df4893bbd649eb03548aa
500,50,138,0.002,3.0,4.0,2.0,12,0.4640000000000001,1.1,7.0,97b28df35b811f0a5dba92060bfa9d60f1cc23fb3123298c2b14a461bea2df00
500,50,420,0.002,5.0,6.0,2.5,3,-0.315,0.08,4.5,8b99cc78d3cb5224793576097671ee3e7b24a24fb6d06417ba2121ba86390aaa
500,50,173,0.002,5.0,5.0,2.0,3,-0.244,0.34,5.0,3b3c69bfe1ea7d3417e6f0cb7831cd1890ff9efc41485332a6269801eec79431
500,50,123,0.002,4.0,6.0,-0.5,12,-0.699,-0.53,3.5,b2aa7ce2e829b156b6b2a9da36e09488eda956e5a66a30f221742ee0aa8167f7
500,50,116,0.002,3.0,10.0,2.0,6,-0.436,-0.47,4.5,a7e45ccfa44749f47009339807a5b3b6faa94591750df4893bbd649eb03548aa
500,50,280,0.002,6.0,5.0,0.0,28,-0.835,-0.6,4.0,3dbec4ed280111c6f70cf5b95bd8007d71fffb43262f818ee2b01da94e952ed1
500,50,420,0.002,4.0,6.0,3.0,30,-0.879,-0.42,5.0,8b99cc78d3cb5224793576097671ee3e7b24a24fb6d06417ba2121ba86390aaa
500,50,173,0.002,3.0,8.0,1.5,27,-0.209,0.42,6.0,3b3c69bfe1ea7d3417e6f0cb7831cd1890ff9efc41485332a6269801eec79431
500,50,173,0.002,7.0,2.0,2.5,14,-0.10800000000000001,0.43,5.5,3b3c69bfe1ea7d3417e6f0cb7831cd1890ff9efc41485332a6269801eec79431
500,50,153,0.002,3.0,9.0,-0.5,49,-0.265,0.59,5.0,6b6f91ba62efae00f09fbbdb547009f73ef44ff90923e257225aa6c928379dbe
500,50,420,0.002,3.0,7.0,3.0,10,-0.113,0.51,5.5,8b99cc78d3cb5224793576097671ee3e7b24a24fb6d06417ba2121ba86390aaa
500,50,116,0.002,6.0,5.0,3.0,2,-0.21899999999999997,0.23,3.5,a7e45ccfa44749f47009339807a5b3b6faa94591750df4893bbd649eb03548aa
500,50,116,0.002,5.0,1.0,5.5,13,-0.444,0.29,5.5,a7e45ccfa44749f47009339807a5b3b6faa94591750df4893bbd649eb03548aa
500,50,116,0.002,5.0,4.0,4.0,3,0.819,1.47,6.0,a7e45ccfa44749f47009339807a5b3b6faa94591750df4893bbd649eb03548aa
500,50,103,0.0005,3.0,3.0,1.0,44,0.11600000000000002,0.2,6.5,f686a886b7f72c7d003d6a650ffd17acce3c4aa805af76248dd3d1e642265184
500,50,116,0.002,2.0,8.0,3.5,26,-0.225,0.16,5.0,a7e45ccfa44749f47009339807a5b3b6faa94591750df4893bbd649eb03548aa
500,50,36,0.002,3.0,5.0,1.0,27,-0.09300000000000001,0.31,6.0,ff40caff9436adbf9bd38cd8dd2a07eed72cc198918166d6ec73cd19617b2ff6
500,50,182,0.002,3.0,8.0,-1.0,16,-0.604,-0.35,4.0,ef5ccd9e100038eaeca590bb86f90622b26afb602bebc9512c60f4a108b50adc
500,50,420,0.002,3.0,7.0,3.0,7,0.636,0.97,4.5,8b99cc78d3cb5224793576097671ee3e7b24a24fb6d06417ba2121ba86390aaa
500,50,272,0.002,1.0,3.0,2.0,40,0.934,0.96,7.5,afcb930297b7343b8945a302072f385537be9321555f4f186f06883623c7f8fb
500,50,173,0.002,0.0,9.0,2.5,35,0.185,0.69,5.0,3b3c69bfe1ea7d3417e6f0cb7831cd1890ff9efc41485332a6269801eec79431
500,50,116,0.002,1.0,5.0,5.5,7,0.7609999999999999,1.56,7.0,a7e45ccfa44749f47009339807a5b3b6faa94591750df4893bbd649eb03548aa
500,50,116,0.002,2.0,9.0,3.0,23,-0.485,-0.12,5.5,a7e45ccfa44749f47009339807a5b3b6faa94591750df4893bbd649eb03548aa
500,50,123,0.002,2.0,3.0,2.0,34,0.176,0.91,6.5,b2aa7ce2e829b156b6b2a9da36e09488eda956e5a66a30f221742ee0aa8167f7
500,50,116,0.002,3.0,6.0,4.0,11,0.354,0.52,6.5,a7e45ccfa44749f47009339807a5b3b6faa94591750df4893bbd649eb03548aa
500,50,468,0.002,3.0,1.0,-1.5,47,0.235,0.73,6.5,ebee2725a830b6aa081d91923a7c5a59ab7480a39d0d420d3b039a22594edd25
500,50,123,0.002,4.0,5.0,0.0,22,-0.84,-0.38,4.0,b2aa7ce2e829b156b6b2a9da36e09488eda956e5a66a30f221742ee0aa8167f7
500,50,116,0.002,3.0,5.0,4.5,7,0.898,1.59,7.0,a7e45ccfa44749f47009339807a5b3b6faa94591750df4893bbd649eb03548aa
500,50,420,0.002,2.0,4.0,5.0,15,0.131,0.9,7.5,8b99cc78d3cb5224793576097671ee3e7b24a24fb6d06417ba2121ba86390aaa
500,50,420,0.002,2.0,7.0,3.5,22,0.203,0.69,5.5,8b99cc78d3cb5224793576097671ee3e7b24a24fb6d06417ba2121ba86390aaa
500,50,116,0.002,1.0,5.0,5.5,15,0.939,1.2,6.0,a7e45ccfa44749f47009339807a5b3b6faa94591750df4893bbd649eb03548aa
500,50,116,0.002,7.0,3.0,3.5,10,-0.661,-0.21,4.0,a7e45ccfa44749f47009339807a5b3b6faa94591750df4893bbd649eb03548aa
500,50,116,0.002,6.0,5.0,3.0,4,-0.345,0.57,5.5,a7e45ccfa44749f47009339807a5b3b6faa94591750df4893bbd649eb03548aa
500,50,138,0.002,3.0,6.0,1.0,21,-0.073,0.48,4.5,97b28df35b811f0a5dba92060bfa9d60f1cc23fb3123298c2b14a461bea2df00
500,50,173,0.002,4.0,6.0,2.0,3,0.455,1.09,6.0,3b3c69bfe1ea7d3417e6f0cb7831cd1890ff9efc41485332a6269801eec79431
500,50,420,0.002,6.0,8.0,1.0,10,-1.171,-1.14,4.0,8b99cc78d3cb5224793576097671ee3e7b24a24fb6d06417ba2121ba86390aaa
500,50,420,0.002,7.0,5.0,2.0,4,0.092,0.78,5.5,8b99cc78d3cb5224793576097671ee3e7b24a24fb6d06417ba2121ba86390aaa
500,50,420,0.002,2.0,6.0,4.0,12,-0.613,0.03,5.0,8b99cc78d3cb5224793576097671ee3e7b24a24fb6d06417ba2121ba86390aaa
500,50,36,0.002,6.0,7.0,-1.5,12,-0.885,-1.23,3.5,ff40caff9436adbf9bd38cd8dd2a07eed72cc198918166d6ec73cd19617b2ff6
500,50,173,0.002,3.0,10.0,0.5,15,-0.696,-0.41,4.0,3b3c69bfe1ea7d3417e6f0cb7831cd1890ff9efc41485332a6269801eec79431
500,50,116,0.002,6.0,5.0,3.0,2,-0.147,0.52,6.0,a7e45ccfa44749f47009339807a5b3b6faa94591750df4893bbd649eb03548aa
500,50,123,0.002,4.0,3.0,1.0,7,0.09700000000000002,0.67,5.0,b2aa7ce2e829b156b6b2a9da36e09488eda956e5a66a30f221742ee0aa8167f7
500,50,173,0.002,4.0,5.0,2.5,12,0.031,0.46,4.0,3b3c69bfe1ea7d3417e6f0cb7831cd1890ff9efc41485332a6269801eec79431
500,50,123,0.002,5.0,5.0,-0.5,7,-1.009,-0.76,3.5,b2aa7ce2e829b156b6b2a9da36e09488eda956e5a66a30f221742ee0aa8167f7
500,50,177,0.002,2.0,2.0,-1.5,15,0.67,1.65,6.0,70279ead3bec9b7e96f06997217364ead88ddb28465de113f6c9d3d9a6accc8c
500,50,122,0.002,4.0,6.0,-5.0,50,-0.937,-0.95,3.0,006b05b9f140fe50bcbb56d7b1b550f30c4ff73608ec2abd2c32b8dc738b3e52
500,50,178,0.002,2.0,4.0,0.5,37,0.45,1.15,6.0,2852b7ff8e5e77dbf55d6569bbb35253228fd4522b19f56bb25e9bbc298dc1d4
500,50,173,0.002,1.0,8.0,2.5,17,-0.479,-0.39,5.0,3b3c69bfe1ea7d3417e6f0cb7831cd1890ff9efc41485332a6269801eec79431
500,50,36,0.002,3.0,7.0,0.0,15,-0.084,0.29,6.5,ff40caff9436adbf9bd38cd8dd2a07eed72cc198918166d6ec73cd19617b2ff6
500,50,36,0.002,5.0,6.0,-0.5,24,-1.456,-1.46,3.0,ff40caff9436adbf9bd38cd8dd2a07eed72cc198918166d6ec73cd19617b2ff6
500,50,262,0.001,1.0,4.0,1.0,11,0.894,0.93,7.5,c80bd42dd2007dcd4ce2f14198ecc4247341eb77b27e1de5cc3fb045162a23de
500,50,51,0.002,3.0,5.0,-1.0,3,0.002,0.39,7.0,0da469cd406ad5030b33efeb4176c7916b6520b504ade19e5900078c3b28d733
500,50,116,0.002,4.0,9.0,2.0,6,-0.429,-0.65,4.5,a7e45ccfa44749f47009339807a5b3b6faa94591750df4893bbd649eb03548aa
500,50,116,0.002,4.0,8.0,2.5,1,-0.221,-0.01,5.5,a7e45ccfa44749f47009339807a5b3b6faa94591750df4893bbd649eb03548aa
500,50,420,0.002,4.0,6.0,3.0,2,-0.014000000000000002,0.11,5.0,8b99cc78d3cb5224793576097671ee3e7b24a24fb6d06417ba2121ba86390aaa
500,50,420,0.002,1.0,7.0,4.0,36,0.18,0.35,6.0,8b99cc78d3cb5224793576097671ee3e7b24a24fb6d06417ba2121ba86390aaa
500,50,116,0.002,2.0,9.0,3.0,13,0.204,0.03,4.0,a7e45ccfa44749f47009339807a5b3b6faa94591750df4893bbd649eb03548aa
500,50,178,0.002,1.0,7.0,-0.5,36,0.002,0.02,6.5,2852b7ff8e5e77dbf55d6569bbb35253228fd4522b19f56bb25e9bbc298dc1d4
500,50,420,0.002,3.0,5.0,4.0,5,0.457,1.6,6.5,8b99cc78d3cb5224793576097671ee3e7b24a24fb6d06417ba2121ba86390aaa
500,50,116,0.002,6.0,6.0,2.5,7,-1.099,-0.76,3.5,a7e45ccfa44749f47009339807a5b3b6faa94591750df4893bbd649eb03548aa
500,50,138,0.002,2.0,6.0,1.5,18,-0.17800000000000002,0.69,6.0,97b28df35b811f0a5dba92060bfa9d60f1cc23fb3123298c2b14a461bea2df00
500,50,272,0.002,4.0,4.0,0.0,25,0.047,0.75,6.0,afcb930297b7343b8945a302072f385537be9321555f4f186f06883623c7f8fb
500,50,51,0.002,2.0,7.0,-1.5,19,-0.20200000000000004,0.06,5.5,0da469cd406ad5030b33efeb4176c7916b6520b504ade19e5900078c3b28d733
500,50,497,0.001,1.0,6.0,0.0,27,0.597,0.93,5.5,526db03663e3f68905e8ed37f0760b4ef31347fa4159ce8515af8811d6253ad1
500,50,95,0.002,2.0,4.0,1.0,32,0.148,0.54,6.5,c25fc3efb39204b5d63cd28eb38ba90889f8e69e2579abfd84abaa122b7be87a
500,50,116,0.002,1.0,6.0,5.0,6,0.652,0.81,6.5,a7e45ccfa44749f47009339807a5b3b6faa94591750df4893bbd649eb03548aa
500,50,123,0.002,2.0,6.0,0.5,48,-0.322,0.19,5.5,b2aa7ce2e829b156b6b2a9da36e09488eda956e5a66a30f221742ee0aa8167f7
500,50,420,0.002,1.0,13.0,1.0,42,-1.145,-0.88,4.0,8b99cc78d3cb5224793576097671ee3e7b24a24fb6d06417ba2121ba86390aaa
500,50,116,0.002,7.0,8.0,1.0,6,-0.972,-0.45,3.5,a7e45ccfa44749f47009339807a5b3b6faa94591750df4893bbd649eb03548aa
500,50,153,0.002,3.0,4.0,2.0,13,0.84,1.09,7.0,6b6f91ba62efae00f09fbbdb547009f73ef44ff90923e257225aa6c928379dbe
500,50,116,0.002,3.0,7.0,3.5,5,0.553,0.94,4.5,a7e45ccfa44749f47009339807a5b3b6faa94591750df4893bbd649eb03548aa
500,50,116,0.002,1.0,5.0,5.5,25,-0.01,0.26,5.5,a7e45ccfa44749f47009339807a5b3b6faa94591750df4893bbd649eb03548aa
500,50,272,0.002,3.0,5.0,0.0,30,0.212,1.07,4.5,afcb930297b7343b8945a302072f385537be9321555f4f186f06883623c7f8fb
500,50,51,0.002,2.0,6.0,-1.0,25,-0.134,0.09,5.5,0da469cd406ad5030b33efeb4176c7916b6520b504ade19e5900078c3b28d733
500,50,420,0.002,7.0,6.0,1.5,11,-1.702,-1.51,3.0,8b99cc78d3cb5224793576097671ee3e7b24a24fb6d06417ba2121ba86390aaa
500,50,116,0.002,6.0,7.0,2.0,3,-0.523,-0.48,4.0,a7e45ccfa44749f47009339807a5b3b6faa94591750df4893bbd649eb03548aa
500,50,137,0.002,2.0,3.0,-0.5,45,-0.277,-0.1,5.0,69a1231af5fc3f55054f1c14b1a7313be0d0b67e0ff876b205be63a03e091d42
500,50,420,0.002,4.0,5.0,3.5,21,-0.458,0.24,5.5,8b99cc78d3cb5224793576097671ee3e7b24a24fb6d06417ba2121ba86390aaa
500,50,123,0.002,2.0,4.0,1.5,28,-0.419,0.44,5.0,b2aa7ce2e829b156b6b2a9da36e09488eda956e5a66a30f221742ee0aa8167f7
500,50,116,0.002,5.0,4.0,4.0,3,0.319,0.99,5.5,a7e45ccfa44749f47009339807a5b3b6faa94591750df4893bbd649eb03548aa
500,50,153,0.002,4.0,5.0,1.0,4,-0.321,0.2,7.0,6b6f91ba62efae00f09fbbdb547009f73ef44ff90923e257225aa6c928379dbe
500,50,173,0.002,3.0,10.0,0.5,5,-0.662,0.06,3.0,3b3c69bfe1ea7d3417e6f0cb7831cd1890ff9efc41485332a6269801eec79431
500,50,116,0.002,2.0,5.0,5.0,38,0.014000000000000002,0.65,5.0,a7e45ccfa44749f47009339807a5b3b6faa94591750df4893bbd649eb03548aa
500,50,413,0.0005,1.0,2.0,0.0,33,0.785,2.15,8.0,e55d38bd8bed310bd65d9e14249c15f89ef24ddca8328b186ccc55c37c171562
500,50,182,0.002,6.0,3.0,0.0,3,0.106,0.57,4.5,ef5ccd9e100038eaeca590bb86f90622b26afb602bebc9512c60f4a108b50adc
500,50,262,0.001,4.0,5.0,-1.0,10,-0.513,-0.19,5.5,c80bd42dd2007dcd4ce2f14198ecc4247341eb77b27e1de5cc3fb045162a23de
500,50,420,0.002,6.0,4.0,3.0,3,0.106,0.78,5.0,8b99cc78d3cb5224793576097671ee3e7b24a24fb6d06417ba2121ba86390aaa
500,50,116,0.002,3.0,7.0,3.5,2,0.14,0.59,5.0,a7e45ccfa44749f47009339807a5b3b6faa94591750df4893bbd649eb03548aa
500,50,116,0.002,8.0,5.0,2.0,3,-1.4170000000000003,-0.88,3.0,a7e45ccfa44749f47009339807a5b3b6faa94591750df4893bbd649eb03548aa
500,50,173,0.002,7.0,5.0,1.0,1,-0.027000000000000003,0.56,5.5,3b3c69bfe1ea7d3417e6f0cb7831cd1890ff9efc41485332a6269801eec79431
500,50,280,0.002,6.0,6.0,-0.5,7,-0.662,-0.17,5.5,3dbec4ed280111c6f70cf5b95bd8007d71fffb43262f818ee2b01da94e952ed1
500,50,420,0.002,4.0,7.0,2.5,6,-0.18899999999999997,-0.3,4.5,8b99cc78d3cb5224793576097671ee3e7b24a24fb6d06417ba2121ba86390aaa
500,50,116,0.002,7.0,7.0,1.5,1,-0.413,-0.27,4.5,a7e45ccfa44749f47009339807a5b3b6faa94591750df4893bbd649eb03548aa
500,50,116,0.002,2.0,7.0,4.0,29,-0.165,0.32,4.5,a7e45ccfa44749f47009339807a5b3b6faa94591750df4893bbd649eb03548aa
500,50,74,0.002,4.0,5.0,-1.0,11,-0.358,-0.02,3.5,5336d765b764a93e2eb1d0758e1d55b61cf2de15952d7b4f9d34abd296c96afb
500,50,236,0.0005,1.0,2.0,1.0,27,1.145,1.06,6.5,3c9d6a658bb1aa96c8d4bce932d76dc071210dbfb62e0b5fa7e7925ecc2a085a
500,50,272,0.002,6.0,7.0,-2.5,6,-0.4709999999999999,-0.14,5.0,afcb930297b7343b8945a302072f385537be9321555f4f186f06883623c7f8fb
500,50,123,0.002,3.0,7.0,-0.5,21,-0.82,-0.78,4.0,b2aa7ce2e829b156b6b2a9da36e09488eda956e5a66a30f221742ee0aa8167f7
500,50,262,0.001,0.0,4.0,1.5,28,0.7509999999999999,1.0,7.0,c80bd42dd2007dcd4ce2f14198ecc4247341eb77b27e1de5cc3fb045162a23de
500,50,36,0.002,5.0,5.0,0.0,3,-0.396,0.06,4.5,ff40caff9436adbf9bd38cd8dd2a07eed72cc198918166d6ec73cd19617b2ff6
500,50,182,0.002,2.0,3.0,2.0,11,0.9789999999999999,1.75,7.5,ef5ccd9e100038eaeca590bb86f90622b26afb602bebc9512c60f4a108b50adc
500,50,36,0.002,4.0,5.0,0.5,27,-0.37200000000000005,0.32,5.0,ff40caff9436adbf9bd38cd8dd2a07eed72cc198918166d6ec73cd19617b2ff6
500,50,203,0.002,2.0,6.0,-2.0,9,0.254,0.91,6.0,482f9bb74e396230e41acb238caf3964559f8d6f6f94a105834a53b8cd581e55
500,50,173,0.002,5.0,5.0,2.0,27,-0.964,-0.47,5.5,3b3c69bfe1ea7d3417e6f0cb7831cd1890ff9efc41485332a6269801eec79431
500,50,36,0.002,3.0,4.0,1.5,13,0.316,1.27,7.5,ff40caff9436adbf9bd38cd8dd2a07eed72cc198918166d6ec73cd19617b2ff6
500,50,116,0.002,5.0,7.0,2.5,8,-0.755,-0.27,3.5,a7e45ccfa44749f47009339807a5b3b6faa94591750df4893bbd649eb03548aa
500,50,123,0.002,4.0,3.0,1.0,11,0.407,0.88,6.0,b2aa7ce2e829b156b6b2a9da36e09488eda956e5a66a30f221742ee0aa8167f7
500,50,36,0.002,4.0,10.0,-2.0,21,-1.9579999999999997,-2.47,4.0,ff40caff9436adbf9bd38cd8dd2a07eed72cc198918166d6ec73cd19617b2ff6
500,50,182,0.002,5.0,8.0,-2.0,3,0.176,0.64,5.0,ef5ccd9e100038eaeca590bb86f90622b26afb602bebc9512c60f4a108b50adc
500,50,173,0.002,4.0,7.0,1.5,1,-0.233,0.54,5.5,3b3c69bfe1ea7d3417e6f0cb7831cd1890ff9efc41485332a6269801eec79431
500,50,151,0.002,3.0,4.0,-1.5,34,-0.608,-0.68,5.5,4862fa101ab06efd13bb2a8dc37275b1a4d264e8dc87ef61d0892b1ec48bad14
500,50,409,0.00025,3.0,0.0,0.5,32,0.674,1.73,6.5,d19357a5dbc4ba581ffba733b41fe697bb06305f120052064375b75d32f0db6e
500,50,36,0.002,3.0,5.0,1.0,5,-0.183,0.47,6.0,ff40caff9436adbf9bd38cd8dd2a07eed72cc198918166d6ec73cd19617b2ff6
500,50,36,0.002,5.0,5.0,0.0,18,-0.799,-0.24,4.5,ff40caff9436adbf9bd38cd8dd2a07eed72cc198918166d6ec73cd19617b2ff6
500,50,420,0.002,2.0,7.0,3.5,31,-0.7,-0.65,5.0,8b99cc78d3cb5224793576097671ee3e7b24a24fb6d06417ba2121ba86390aaa
500,50,116,0.002,4.0,3.0,5.0,2,0.705,1.43,6.0,a7e45ccfa44749f47009339807a5b3b6faa94591750df4893bbd649eb03548aa
500,50,173,0.002,3.0,6.0,2.5,13,0.8759999999999999,1.06,6.0,3b3c69bfe1ea7d3417e6f0cb7831cd1890ff9efc41485332a6269801eec79431
500,50,138,0.002,2.0,6.0,1.5,21,0.094,0.46,4.5,97b28df35b811f0a5dba92060bfa9d60f1cc23fb3123298c2b14a461bea2df00
500,50,420,0.002,5.0,7.0,2.0,1,-0.568,-0.17,6.0,8b99cc78d3cb5224793576097671ee3e7b24a24fb6d06417ba2121ba86390aaa
500,50,497,0.001,3.0,3.0,0.5,44,0.233,0.74,6.5,526db03663e3f68905e8ed37f0760b4ef31347fa4159ce8515af8811d6253ad1
500,50,173,0.002,4.0,4.0,3.0,2,0.638,0.99,6.0,3b3c69bfe1ea7d3417e6f0cb7831cd1890ff9efc41485332a6269801eec79431
500,50,116,0.002,3.0,7.0,3.5,3,-0.374,0.07,3.5,a7e45ccfa44749f47009339807a5b3b6faa94591750df4893bbd649eb03548aa
500,50,420,0.002,3.0,6.0,3.5,9,0.152,0.81,5.0,8b99cc78d3cb5224793576097671ee3e7b24a24fb6d06417ba2121ba86390aaa
500,50,173,0.002,6.0,5.0,1.5,1,0.377,0.94,5.5,3b3c69bfe1ea7d3417e6f0cb7831cd1890ff9efc41485332a6269801eec79431
500,50,156,0.00025,1.0,4.0,0.0,45,0.515,0.28,6.5,c0eabf7d5c642cd9077bfaa2a018dcfd8b98dc6f5570a2916e29fc8066add117
500,50,116,0.002,3.0,9.0,2.5,15,-0.397,-0.11,4.5,a7e45ccfa44749f47009339807a5b3b6faa94591750df4893bbd649eb03548aa
500,50,261,0.002,3.0,5.0,1.0,30,0.111,0.83,5.5,84d7db09a4a66ab80de8d84cf303232fb5d2699c1e35c5a38a7893393bdba5db
500,50,173,0.002,3.0,11.0,0.0,26,-0.649,-1.11,3.0,3b3c69bfe1ea7d3417e6f0cb7831cd1890ff9efc41485332a6269801eec79431
500,50,173,0.002,4.0,8.0,1.0,7,-0.689,-0.22,3.5,3b3c69bfe1ea7d3417e6f0cb7831cd1890ff9efc41485332a6269801eec79431
500,50,116,0.002,6.0,1.0,5.0,4,0.863,1.73,6.0,a7e45ccfa44749f47009339807a5b3b6faa94591750df4893bbd649eb03548aa
500,50,280,0.002,1.0,5.0,2.5,4,0.733,0.5,8.0,3dbec4ed280111c6f70cf5b95bd8007d71fffb43262f818ee2b01da94e952ed1
500,50,116,0.002,2.0,6.0,4.5,8,0.253,0.53,6.0,a7e45ccfa44749f47009339807a5b3b6faa94591750df4893bbd649eb03548aa
500,50,406,0.002,3.0,6.0,-1.0,32,-0.474,0.04,5.5,d8cbd0c6756e20701f1e3611fcfe1080ff6b93fafb65fb2800ad9a7bd0a04ea2
500,50,116,0.002,4.0,6.0,3.5,3,0.048,0.67,4.0,a7e45ccfa44749f47009339807a5b3b6faa94591750df4893bbd649eb03548aa
500,50,123,0.002,5.0,3.0,0.5,9,-0.152,0.76,5.0,b2aa7ce2e829b156b6b2a9da36e09488eda956e5a66a30f221742ee0aa8167f7
500,50,420,0.002,3.0,10.0,1.5,8,-0.782,-0.39,3.5,8b99cc78d3cb5224793576097671ee3e7b24a24fb6d06417ba2121ba86390aaa
500,50,182,0.002,4.0,4.0,0.5,6,0.534,1.86,9.0,ef5ccd9e100038eaeca590bb86f90622b26afb602bebc9512c60f4a108b50adc
500,50,261,0.002,5.0,5.0,0.0,10,-0.772,0.31,4.5,84d7db09a4a66ab80de8d84cf303232fb5d2699c1e35c5a38a7893393bdba5db
500,50,173,0.002,3.0,6.0,2.5,15,-0.107,0.7,4.5,3b3c69bfe1ea7d3417e6f0cb7831cd1890ff9efc41485332a6269801eec79431
500,50,116,0.002,1.0,5.0,5.5,18,0.488,0.64,6.0,a7e45ccfa44749f47009339807a5b3b6faa94591750df4893bbd649eb03548aa
500,50,123,0.002,1.0,5.0,1.5,19,0.753,1.22,6.0,b2aa7ce2e829b156b6b2a9da36e09488eda956e5a66a30f221742ee0aa8167f7
500,50,116,0.002,6.0,5.0,3.0,4,-0.271,-0.05,6.0,a7e45ccfa44749f47009339807a5b3b6faa94591750df4893bbd649eb03548aa
500,50,420,0.002,4.0,6.0,3.0,22,-0.7980000000000002,-0.13,5.0,8b99cc78d3cb5224793576097671ee3e7b24a24fb6d06417ba2121ba86390aaa
500,50,178,0.002,1.0,6.0,0.0,8,0.7929999999999999,1.41,6.5,2852b7ff8e5e77dbf55d6569bbb35253228fd4522b19f56bb25e9bbc298dc1d4
500,50,173,0.002,2.0,5.0,3.5,45,0.353,0.52,7.0,3b3c69bfe1ea7d3417e6f0cb7831cd1890ff9efc41485332a6269801eec79431
500,50,420,0.002,4.0,10.0,1.0,11,-1.003,-0.91,3.5,8b99cc78d3cb5224793576097671ee3e7b24a24fb6d06417ba2121ba86390aaa
500,50,371,0.00025,1.0,4.0,0.0,47,0.996,0.87,7.0,dcd4586d2e4c3bfabd778d70d6fe755d8080e46c6d00805d71246ec350ef890c
500,50,116,0.002,4.0,9.0,2.0,7,-0.7440000000000001,-0.52,3.0,a7e45ccfa44749f47009339807a5b3b6faa94591750df4893bbd649eb03548aa
500,50,36,0.002,7.0,7.0,-2.0,2,-0.998,-0.28,3.5,ff40caff9436adbf9bd38cd8dd2a07eed72cc198918166d6ec73cd19617b2ff6
500,50,116,0.002,6.0,7.0,2.0,5,-1.198,-0.86,3.5,a7e45ccfa44749f47009339807a5b3b6faa94591750df4893bbd649eb03548aa
500,50,123,0.002,6.0,5.0,-1.0,3,-0.619,-0.18,4.0,b2aa7ce2e829b156b6b2a9da36e09488eda956e5a66a30f221742ee0aa8167f7
500,50,280,0.002,3.0,7.0,0.5,36,0.012,0.26,3.5,3dbec4ed280111c6f70cf5b95bd8007d71fffb43262f818ee2b01da94e952ed1
500,50,420,0.002,4.0,4.0,4.0,29,-0.528,-0.34,5.5,8b99cc78d3cb5224793576097671ee3e7b24a24fb6d06417ba2121ba86390aaa
500,50,261,0.002,3.0,5.0,1.0,27,-0.37200000000000005,0.21,4.0,84d7db09a4a66ab80de8d84cf303232fb5d2699c1e35c5a38a7893393bdba5db
500,50,116,0.002,3.0,5.0,4.5,6,0.654,1.68,5.5,a7e45ccfa44749f47009339807a5b3b6faa94591750df4893bbd649eb03548aa
500,50,103,0.0005,1.0,6.0,0.5,20,0.489,0.09,6.5,f686a886b7f72c7d003d6a650ffd17acce3c4aa805af76248dd3d1e642265184
500,50,116,0.002,5.0,9.0,1.5,1,-0.618,-0.24,4.5,a7e45ccfa44749f47009339807a5b3b6faa94591750df4893bbd649eb03548aa
500,50,116,0.002,4.0,8.0,2.5,10,-0.49,-0.84,4.0,a7e45ccfa44749f47009339807a5b3b6faa94591750df4893bbd649eb03548aa
500,50,356,0.002,3.0,4.0,-0.5,38,-0.138,0.8,6.5,c1502d455473b0c952314917b0a1e263cde995d3c2f5b293b96dc02d8161eca8
500,50,420,0.002,4.0,8.0,2.0,3,-0.414,0.08,4.5,8b99cc78d3cb5224793576097671ee3e7b24a24fb6d06417ba2121ba86390aaa
500,50,406,0.002,1.0,9.0,-1.5,9,0.157,0.21,6.0,d8cbd0c6756e20701f1e3611fcfe1080ff6b93fafb65fb2800ad9a7bd0a04ea2
500,50,173,0.002,4.0,5.0,2.5,16,-0.044,0.45,5.0,3b3c69bfe1ea7d3417e6f0cb7831cd1890ff9efc41485332a6269801eec79431
500,50,420,0.002,12.0,5.0,-0.5,1,-1.913,-1.93,3.0,8b99cc78d3cb5224793576097671ee3e7b24a24fb6d06417ba2121ba86390aaa
500,50,116,0.002,4.0,4.0,4.5,7,0.376,1.22,6.5,a7e45ccfa44749f47009339807a5b3b6faa94591750df4893bbd649eb03548aa
500,50,422,0.002,2.0,5.0,-1.0,24,0.223,0.8,5.0,fb42fbb3176c48cb2875b84cdae050548972e6bfc5c5c2e1fe04f2e151a175a4
500,50,138,0.002,5.0,11.0,-2.5,4,-0.912,-0.75,4.5,97b28df35b811f0a5dba92060bfa9d60f1cc23fb3123298c2b14a461bea2df00
500,50,116,0.002,3.0,4.0,5.0,1,1.08,1.36,7.0,a7e45ccfa44749f47009339807a5b3b6faa94591750df4893bbd649eb03548aa
500,50,420,0.002,3.0,7.0,3.0,13,0.423,0.75,5.0,8b99cc78d3cb5224793576097671ee3e7b24a24fb6d06417ba2121ba86390aaa
500,50,262,0.001,2.0,3.0,1.0,20,0.618,1.19,6.5,c80bd42dd2007dcd4ce2f14198ecc4247341eb77b27e1de5cc3fb045162a23de
500,50,116,0.002,6.0,3.0,4.0,4,-0.143,0.43,4.5,a7e45ccfa44749f47009339807a5b3b6faa94591750df4893bbd649eb03548aa
500,50,123,0.002,3.0,4.0,1.0,13,-0.309,0.5,5.5,b2aa7ce2e829b156b6b2a9da36e09488eda956e5a66a30f221742ee0aa8167f7
500,50,420,0.002,2.0,7.0,3.5,15,0.526,0.73,6.5,8b99cc78d3cb5224793576097671ee3e7b24a24fb6d06417ba2121ba86390aaa
500,50,116,0.002,4.0,5.0,4.0,3,-0.141,0.48,4.5,a7e45ccfa44749f47009339807a5b3b6faa94591750df4893bbd649eb03548aa
