+ grep -q '^rc=0 ' /workspace/jobs/01-smoke.rc
+ grep -q ' GO$' /workspace/o1/out/projection.txt
+ . /workspace/stage/common.sh
++ export HF_HOME=/workspace/hf HF_HUB_OFFLINE=1 VLLM_NO_USAGE_STATS=1 VLLM_DISABLE_COMPILE_SAMPLER=1 VLLM_LOGGING_LEVEL=WARNING
++ HF_HOME=/workspace/hf
++ HF_HUB_OFFLINE=1
++ VLLM_NO_USAGE_STATS=1
++ VLLM_DISABLE_COMPILE_SAMPLER=1
++ VLLM_LOGGING_LEVEL=WARNING
+++ cat /workspace/o1/model_path.txt
++ MP=/workspace/hf/hub/models--allenai--OLMo-2-0425-1B-Instruct/snapshots/48d788eca847d4d7548f375ad03d3c9312f6139e
+ echo '5000 fixed (lock)'
+ C_DUMP=/workspace/o1/out/ensemble_answers.json
+ ro /workspace/o1/out /workspace/o1/out/randopt.log --global_seed 42 --population_size 5000 --top_k_ratios 0.01,0.002 --experiment_dir /workspace/o1/out/expdir
+ out=/workspace/o1/out
+ log=/workspace/o1/out/randopt.log
+ shift 2
+ mkdir -p /workspace/o1/out
+ cd /workspace/RandOpt
+ python -u randopt.py --dataset gsm8k --model_name /workspace/hf/hub/models--allenai--OLMo-2-0425-1B-Instruct/snapshots/48d788eca847d4d7548f375ad03d3c9312f6139e --num_engines 8 --tp 1 --cuda_devices 0,1,2,3,4,5,6,7 --train_samples 200 --precision bfloat16 --max_tokens 1024 --sigma_values 0.0005,0.001,0.002 --global_seed 42 --population_size 5000 --top_k_ratios 0.01,0.002 --experiment_dir /workspace/o1/out/expdir
+ IFS=
+ read -r l
++ date +%s
+ echo '1791496517 ============================================================'
+ IFS=
+ read -r l
++ date +%s
+ echo '1791496517 ES Ensemble - GSM8K '
+ IFS=
+ read -r l
++ date +%s
+ echo '1791496517 ============================================================'
+ IFS=
+ read -r l
++ date +%s
+ echo '1791496517 Model: /workspace/hf/hub/models--allenai--OLMo-2-0425-1B-Instruct/snapshots/48d788eca847d4d7548f375ad03d3c9312f6139e'
+ IFS=
+ read -r l
++ date +%s
+ echo '1791496517 Population: 5000 | Top-K: [50, 10] | Engines: 8 | TP: 1'
+ IFS=
+ read -r l
++ date +%s
+ echo '1791496517 2026-10-08 21:55:17,303	WARNING authentication_token_setup.py:85 -- Token authentication is enabled for this Ray cluster. Set RAY_AUTH_MODE=disabled to opt out. For more information, see https://docs.ray.io/en/latest/ray-security/token-auth.html'
+ IFS=
+ read -r l
++ date +%s
+ echo '1791496519 2026-10-08 21:55:19,516	WARNING utils.py:473 -- Detecting docker specified CPUs. In previous versions of Ray, CPU detection in containers was incorrect. Please ensure that Ray has enough CPUs allocated. As a temporary workaround to revert to the prior behavior, set `RAY_USE_MULTIPROCESSING_CPU_COUNT=1` as an env var before starting Ray. Set the env var: `RAY_DISABLE_DOCKER_CPU_WARNING=1` to mute this warning.'
+ IFS=
+ read -r l
++ date +%s
+ echo '1791496519 2026-10-08 21:55:19,516	WARNING utils.py:485 -- Ray currently does not support initializing Ray with fractional cpus. Your num_cpus will be truncated from 176.8 to 176.'
+ IFS=
+ read -r l
++ date +%s
+ echo '1791496522 2026-10-08 21:55:22,086	INFO worker.py:2033 -- Started a local Ray instance.'
+ IFS=
+ read -r l
++ date +%s
+ echo '1791496525 Loading gsm8k data...'
+ IFS=
+ read -r l
++ date +%s
+ echo '1791496525   Train: 200 | Test: 1319'
+ IFS=
+ read -r l
++ date +%s
+ echo '1791496525 Cluster resources: 8 GPUs available, 8 GPUs required'
+ IFS=
+ read -r l
++ date +%s
+ echo '1791496525 Creating 8 placement groups (TP=1)...'
+ IFS=
+ read -r l
++ date +%s
+ echo '1791496525 Placement groups ready in 0.0s'
+ IFS=
+ read -r l
++ date +%s
+ echo '1791496525 Launching batch 1/1 (engines 0-7)...'
+ IFS=
+ read -r l
++ date +%s
+ echo '1791496532 [36m(RandOptNcclLLM pid=14276)[0m WARNING 10-08 21:55:32 [model.py:371] The global random seed is set to 0. Since VLLM_ENABLE_V1_MULTIPROCESSING is set to False, this may affect the random state of the Python process that launched vLLM.'
+ IFS=
+ read -r l
++ date +%s
+ echo '1791496532 [36m(RandOptNcclLLM pid=14276)[0m `torch_dtype` is deprecated! Use `dtype` instead!'
+ IFS=
+ read -r l
++ date +%s
+ echo '1791496543 [36m(RayWorkerWrapper pid=14272)[0m [Gloo] Rank 0 is connected to 0 peer ranks. Expected number of connected peer ranks is : 0'
+ IFS=
+ read -r l
++ date +%s
+ echo '1791496543 [36m(RayWorkerWrapper pid=14272)[0m [Gloo] Rank 0 is connected to 0 peer ranks. Expected number of connected peer ranks is : 0'
+ IFS=
+ read -r l
++ date +%s
+ echo '1791496543 [36m(RayWorkerWrapper pid=14272)[0m [Gloo] Rank 0 is connected to 0 peer ranks. Expected number of connected peer ranks is : 0'
+ IFS=
+ read -r l
++ date +%s
+ echo '1791496543 [36m(RayWorkerWrapper pid=14272)[0m [Gloo] Rank 0 is connected to 0 peer ranks. Expected number of connected peer ranks is : 0'
+ IFS=
+ read -r l
++ date +%s
+ echo '1791496543 [36m(RayWorkerWrapper pid=14272)[0m [Gloo] Rank 0 is connected to 0 peer ranks. Expected number of connected peer ranks is : 0'
+ IFS=
+ read -r l
++ date +%s
+ echo '1791496543 [36m(RayWorkerWrapper pid=14272)[0m [Gloo] Rank 0 is connected to 0 peer ranks. Expected number of connected peer ranks is : 0'
+ IFS=
+ read -r l
++ date +%s
+ echo '1791496543 [36m(RandOptNcclLLM pid=14273)[0m WARNING 10-08 21:55:33 [model.py:371] The global random seed is set to 0. Since VLLM_ENABLE_V1_MULTIPROCESSING is set to False, this may affect the random state of the Python process that launched vLLM.[32m [repeated 7x across cluster] (Ray deduplicates logs by default. Set RAY_DEDUP_LOGS=0 to disable log deduplication, or see https://docs.ray.io/en/master/ray-observability/user-guides/configure-logging.html#log-deduplication for more options.)[0m'
+ IFS=
+ read -r l
++ date +%s
+ echo '1791496543 [36m(RayWorkerWrapper pid=14272)[0m WARNING 10-08 21:55:43 [topk_topp_sampler.py:66] FlashInfer is not available. Falling back to the PyTorch-native implementation of top-p & top-k sampling. For the best performance, please install FlashInfer.'
+ IFS=
+ read -r l
++ date +%s
+ echo '1791496545 [36m(RayWorkerWrapper pid=14272)[0m Loading safetensors checkpoint shards:   0% Completed | 0/1 [00:00<?, ?it/s]'
+ IFS=
+ read -r l
++ date +%s
+ echo '1791496545 [36m(RandOptNcclLLM pid=14273)[0m `torch_dtype` is deprecated! Use `dtype` instead![32m [repeated 7x across cluster][0m'
+ IFS=
+ read -r l
++ date +%s
+ echo '1791496545 [36m(RayWorkerWrapper pid=14272)[0m Loading safetensors checkpoint shards: 100% Completed | 1/1 [00:00<00:00,  2.10it/s]'
+ IFS=
+ read -r l
++ date +%s
+ echo '1791496545 [36m(RayWorkerWrapper pid=14272)[0m Loading safetensors checkpoint shards: 100% Completed | 1/1 [00:00<00:00,  2.10it/s]'
+ IFS=
+ read -r l
++ date +%s
+ echo '1791496545 [36m(RayWorkerWrapper pid=14272)[0m '
+ IFS=
+ read -r l
++ date +%s
+ echo '1791496548 [36m(RayWorkerWrapper pid=14272)[0m WARNING 10-08 21:55:48 [cudagraph_dispatcher.py:106] cudagraph dispatching keys are not initialized. No cudagraph will be used.'
+ IFS=
+ read -r l
++ date +%s
+ echo '1791496548 [36m(RayWorkerWrapper pid=14281)[0m [Gloo] Rank 0 is connected to 0 peer ranks. Expected number of connected peer ranks is : 0[32m [repeated 42x across cluster][0m'
+ IFS=
+ read -r l
++ date +%s
+ echo '1791496548 [36m(RayWorkerWrapper pid=14281)[0m WARNING 10-08 21:55:48 [topk_topp_sampler.py:66] FlashInfer is not available. Falling back to the PyTorch-native implementation of top-p & top-k sampling. For the best performance, please install FlashInfer.[32m [repeated 7x across cluster][0m'
+ IFS=
+ read -r l
++ date +%s
+ echo '1791496548 [36m(RayWorkerWrapper pid=14305)[0m '
+ IFS=
+ read -r l
++ date +%s
+ echo '1791496548 [36m(RayWorkerWrapper pid=14353)[0m '
+ IFS=
+ read -r l
++ date +%s
+ echo '1791496548 [36m(RayWorkerWrapper pid=14283)[0m '
+ IFS=
+ read -r l
++ date +%s
+ echo '1791496548 [36m(RayWorkerWrapper pid=14289)[0m '
+ IFS=
+ read -r l
++ date +%s
+ echo '1791496548 [36m(RayWorkerWrapper pid=14271)[0m '
+ IFS=
+ read -r l
++ date +%s
+ echo '1791496548 [36m(RayWorkerWrapper pid=14316)[0m '
+ IFS=
+ read -r l
++ date +%s
+ echo '1791496549 [36m(RayWorkerWrapper pid=14281)[0m '
+ IFS=
+ read -r l
++ date +%s
+ echo '1791496551   Batch 1 initialized in 25.9s'
+ IFS=
+ read -r l
++ date +%s
+ echo '1791496551 All 8 engines launched in 25.9s'
+ IFS=
+ read -r l
++ date +%s
+ echo '1791496551 '
+ IFS=
+ read -r l
++ date +%s
+ echo '1791496551 ============================================================'
+ IFS=
+ read -r l
++ date +%s
+ echo '1791496551 BASE MODEL EVALUATION'
+ IFS=
+ read -r l
++ date +%s
+ echo '1791496551 ============================================================'
+ IFS=
+ read -r l
++ date +%s
+ echo '1791496559 Train reward: 41.50%'
+ IFS=
+ read -r l
++ date +%s
+ echo '1791496573 Test accuracy: 35.25% (465/1319)'
+ IFS=
+ read -r l
++ date +%s
+ echo '1791496573 '
+ IFS=
+ read -r l
++ date +%s
+ echo '1791496573 ============================================================'
+ IFS=
+ read -r l
++ date +%s
+ echo '1791496573 PERTURBATION SAMPLING'
+ IFS=
+ read -r l
++ date +%s
+ echo '1791496573 ============================================================'
+ IFS=
+ read -r l
++ date +%s
+ echo '1791496573 Budget: 5000 | Sigmas: [0.0005, 0.001, 0.002]'
+ IFS=
+ read -r l
++ date +%s
+ echo '1791496582   Batch 1 | 8/5000 | ['\''0.555'\'', '\''0.355'\'', '\''0.480'\'', '\''0.425'\'', '\''0.535'\'', '\''0.390'\'', '\''0.515'\'', '\''0.350'\'']'
+ IFS=
+ read -r l
++ date +%s
+ echo '1791496590   Batch 2 | 16/5000 | ['\''0.415'\'', '\''0.405'\'', '\''0.425'\'', '\''0.465'\'', '\''0.435'\'', '\''0.405'\'', '\''0.205'\'', '\''0.360'\'']'
+ IFS=
+ read -r l
++ date +%s
+ echo '1791496597   Batch 3 | 24/5000 | ['\''0.405'\'', '\''0.430'\'', '\''0.320'\'', '\''0.390'\'', '\''0.390'\'', '\''0.385'\'', '\''0.430'\'', '\''0.465'\'']'
+ IFS=
+ read -r l
++ date +%s
+ echo '1791496604   Batch 4 | 32/5000 | ['\''0.460'\'', '\''0.415'\'', '\''0.420'\'', '\''0.435'\'', '\''0.400'\'', '\''0.460'\'', '\''0.410'\'', '\''0.405'\'']'
+ IFS=
+ read -r l
++ date +%s
+ echo '1791496612   Batch 5 | 40/5000 | ['\''0.395'\'', '\''0.380'\'', '\''0.440'\'', '\''0.440'\'', '\''0.465'\'', '\''0.385'\'', '\''0.335'\'', '\''0.320'\'']'
+ IFS=
+ read -r l
++ date +%s
+ echo '1791496619   Batch 6 | 48/5000 | ['\''0.370'\'', '\''0.455'\'', '\''0.410'\'', '\''0.360'\'', '\''0.285'\'', '\''0.330'\'', '\''0.335'\'', '\''0.435'\'']'
+ IFS=
+ read -r l
++ date +%s
+ echo '1791496627   Batch 7 | 56/5000 | ['\''0.460'\'', '\''0.415'\'', '\''0.370'\'', '\''0.450'\'', '\''0.410'\'', '\''0.350'\'', '\''0.425'\'', '\''0.375'\'']'
+ IFS=
+ read -r l
++ date +%s
+ echo '1791496635   Batch 8 | 64/5000 | ['\''0.405'\'', '\''0.400'\'', '\''0.415'\'', '\''0.365'\'', '\''0.345'\'', '\''0.465'\'', '\''0.385'\'', '\''0.460'\'']'
+ IFS=
+ read -r l
++ date +%s
+ echo '1791496642   Batch 9 | 72/5000 | ['\''0.470'\'', '\''0.365'\'', '\''0.420'\'', '\''0.405'\'', '\''0.405'\'', '\''0.380'\'', '\''0.405'\'', '\''0.430'\'']'
+ IFS=
+ read -r l
++ date +%s
+ echo '1791496649   Batch 10 | 80/5000 | ['\''0.345'\'', '\''0.375'\'', '\''0.290'\'', '\''0.415'\'', '\''0.505'\'', '\''0.355'\'', '\''0.315'\'', '\''0.485'\'']'
+ IFS=
+ read -r l
++ date +%s
+ echo '1791496656   Batch 11 | 88/5000 | ['\''0.495'\'', '\''0.415'\'', '\''0.460'\'', '\''0.450'\'', '\''0.420'\'', '\''0.420'\'', '\''0.425'\'', '\''0.460'\'']'
+ IFS=
+ read -r l
++ date +%s
+ echo '1791496663   Batch 12 | 96/5000 | ['\''0.300'\'', '\''0.365'\'', '\''0.395'\'', '\''0.405'\'', '\''0.435'\'', '\''0.490'\'', '\''0.420'\'', '\''0.425'\'']'
+ IFS=
+ read -r l
++ date +%s
+ echo '1791496670   Batch 13 | 104/5000 | ['\''0.470'\'', '\''0.405'\'', '\''0.385'\'', '\''0.465'\'', '\''0.480'\'', '\''0.350'\'', '\''0.400'\'', '\''0.465'\'']'
+ IFS=
+ read -r l
++ date +%s
+ echo '1791496678   Batch 14 | 112/5000 | ['\''0.475'\'', '\''0.280'\'', '\''0.410'\'', '\''0.480'\'', '\''0.420'\'', '\''0.405'\'', '\''0.485'\'', '\''0.500'\'']'
+ IFS=
+ read -r l
++ date +%s
+ echo '1791496685   Batch 15 | 120/5000 | ['\''0.390'\'', '\''0.440'\'', '\''0.410'\'', '\''0.420'\'', '\''0.365'\'', '\''0.500'\'', '\''0.360'\'', '\''0.480'\'']'
+ IFS=
+ read -r l
++ date +%s
+ echo '1791496692   Batch 16 | 128/5000 | ['\''0.475'\'', '\''0.395'\'', '\''0.415'\'', '\''0.490'\'', '\''0.355'\'', '\''0.410'\'', '\''0.440'\'', '\''0.505'\'']'
+ IFS=
+ read -r l
++ date +%s
+ echo '1791496699   Batch 17 | 136/5000 | ['\''0.395'\'', '\''0.380'\'', '\''0.445'\'', '\''0.370'\'', '\''0.380'\'', '\''0.325'\'', '\''0.440'\'', '\''0.395'\'']'
+ IFS=
+ read -r l
++ date +%s
+ echo '1791496706   Batch 18 | 144/5000 | ['\''0.310'\'', '\''0.295'\'', '\''0.435'\'', '\''0.345'\'', '\''0.455'\'', '\''0.370'\'', '\''0.480'\'', '\''0.375'\'']'
+ IFS=
+ read -r l
++ date +%s
+ echo '1791496713   Batch 19 | 152/5000 | ['\''0.450'\'', '\''0.410'\'', '\''0.365'\'', '\''0.490'\'', '\''0.410'\'', '\''0.430'\'', '\''0.435'\'', '\''0.380'\'']'
+ IFS=
+ read -r l
++ date +%s
+ echo '1791496720   Batch 20 | 160/5000 | ['\''0.315'\'', '\''0.335'\'', '\''0.310'\'', '\''0.335'\'', '\''0.425'\'', '\''0.425'\'', '\''0.290'\'', '\''0.430'\'']'
+ IFS=
+ read -r l
++ date +%s
+ echo '1791496727   Batch 21 | 168/5000 | ['\''0.305'\'', '\''0.385'\'', '\''0.370'\'', '\''0.455'\'', '\''0.445'\'', '\''0.380'\'', '\''0.385'\'', '\''0.510'\'']'
+ IFS=
+ read -r l
++ date +%s
+ echo '1791496734   Batch 22 | 176/5000 | ['\''0.410'\'', '\''0.300'\'', '\''0.175'\'', '\''0.415'\'', '\''0.520'\'', '\''0.460'\'', '\''0.385'\'', '\''0.415'\'']'
+ IFS=
+ read -r l
++ date +%s
+ echo '1791496741   Batch 23 | 184/5000 | ['\''0.365'\'', '\''0.195'\'', '\''0.395'\'', '\''0.480'\'', '\''0.375'\'', '\''0.300'\'', '\''0.370'\'', '\''0.415'\'']'
+ IFS=
+ read -r l
++ date +%s
+ echo '1791496748   Batch 24 | 192/5000 | ['\''0.525'\'', '\''0.435'\'', '\''0.355'\'', '\''0.410'\'', '\''0.540'\'', '\''0.420'\'', '\''0.415'\'', '\''0.385'\'']'
+ IFS=
+ read -r l
++ date +%s
+ echo '1791496755   Batch 25 | 200/5000 | ['\''0.305'\'', '\''0.475'\'', '\''0.250'\'', '\''0.345'\'', '\''0.340'\'', '\''0.430'\'', '\''0.460'\'', '\''0.450'\'']'
+ IFS=
+ read -r l
++ date +%s
+ echo '1791496762   Batch 26 | 208/5000 | ['\''0.455'\'', '\''0.445'\'', '\''0.350'\'', '\''0.390'\'', '\''0.440'\'', '\''0.420'\'', '\''0.440'\'', '\''0.305'\'']'
+ IFS=
+ read -r l
++ date +%s
+ echo '1791496769   Batch 27 | 216/5000 | ['\''0.415'\'', '\''0.410'\'', '\''0.335'\'', '\''0.425'\'', '\''0.430'\'', '\''0.370'\'', '\''0.375'\'', '\''0.360'\'']'
+ IFS=
+ read -r l
++ date +%s
+ echo '1791496776   Batch 28 | 224/5000 | ['\''0.400'\'', '\''0.465'\'', '\''0.370'\'', '\''0.395'\'', '\''0.415'\'', '\''0.445'\'', '\''0.380'\'', '\''0.450'\'']'
+ IFS=
+ read -r l
++ date +%s
+ echo '1791496783   Batch 29 | 232/5000 | ['\''0.355'\'', '\''0.420'\'', '\''0.485'\'', '\''0.450'\'', '\''0.410'\'', '\''0.325'\'', '\''0.475'\'', '\''0.445'\'']'
+ IFS=
+ read -r l
++ date +%s
+ echo '1791496790   Batch 30 | 240/5000 | ['\''0.460'\'', '\''0.355'\'', '\''0.335'\'', '\''0.400'\'', '\''0.415'\'', '\''0.380'\'', '\''0.460'\'', '\''0.320'\'']'
+ IFS=
+ read -r l
++ date +%s
+ echo '1791496797   Batch 31 | 248/5000 | ['\''0.480'\'', '\''0.360'\'', '\''0.400'\'', '\''0.325'\'', '\''0.435'\'', '\''0.420'\'', '\''0.335'\'', '\''0.385'\'']'
+ IFS=
+ read -r l
++ date +%s
+ echo '1791496804   Batch 32 | 256/5000 | ['\''0.490'\'', '\''0.440'\'', '\''0.425'\'', '\''0.335'\'', '\''0.405'\'', '\''0.355'\'', '\''0.495'\'', '\''0.435'\'']'
+ IFS=
+ read -r l
++ date +%s
+ echo '1791496811   Batch 33 | 264/5000 | ['\''0.345'\'', '\''0.460'\'', '\''0.460'\'', '\''0.345'\'', '\''0.370'\'', '\''0.420'\'', '\''0.405'\'', '\''0.535'\'']'
+ IFS=
+ read -r l
++ date +%s
+ echo '1791496817   Batch 34 | 272/5000 | ['\''0.445'\'', '\''0.360'\'', '\''0.390'\'', '\''0.395'\'', '\''0.420'\'', '\''0.395'\'', '\''0.435'\'', '\''0.395'\'']'
+ IFS=
+ read -r l
++ date +%s
+ echo '1791496824   Batch 35 | 280/5000 | ['\''0.510'\'', '\''0.355'\'', '\''0.430'\'', '\''0.400'\'', '\''0.450'\'', '\''0.415'\'', '\''0.430'\'', '\''0.545'\'']'
+ IFS=
+ read -r l
++ date +%s
+ echo '1791496831   Batch 36 | 288/5000 | ['\''0.455'\'', '\''0.520'\'', '\''0.375'\'', '\''0.405'\'', '\''0.385'\'', '\''0.460'\'', '\''0.400'\'', '\''0.350'\'']'
+ IFS=
+ read -r l
++ date +%s
+ echo '1791496837   Batch 37 | 296/5000 | ['\''0.150'\'', '\''0.360'\'', '\''0.395'\'', '\''0.310'\'', '\''0.505'\'', '\''0.450'\'', '\''0.395'\'', '\''0.380'\'']'
+ IFS=
+ read -r l
++ date +%s
+ echo '1791496845   Batch 38 | 304/5000 | ['\''0.410'\'', '\''0.370'\'', '\''0.275'\'', '\''0.440'\'', '\''0.410'\'', '\''0.385'\'', '\''0.410'\'', '\''0.375'\'']'
+ IFS=
+ read -r l
++ date +%s
+ echo '1791496851   Batch 39 | 312/5000 | ['\''0.390'\'', '\''0.250'\'', '\''0.415'\'', '\''0.425'\'', '\''0.435'\'', '\''0.390'\'', '\''0.420'\'', '\''0.410'\'']'
+ IFS=
+ read -r l
++ date +%s
+ echo '1791496859   Batch 40 | 320/5000 | ['\''0.330'\'', '\''0.355'\'', '\''0.405'\'', '\''0.310'\'', '\''0.350'\'', '\''0.460'\'', '\''0.390'\'', '\''0.350'\'']'
+ IFS=
+ read -r l
++ date +%s
+ echo '1791496866   Batch 41 | 328/5000 | ['\''0.395'\'', '\''0.335'\'', '\''0.365'\'', '\''0.330'\'', '\''0.405'\'', '\''0.340'\'', '\''0.365'\'', '\''0.315'\'']'
+ IFS=
+ read -r l
++ date +%s
+ echo '1791496872   Batch 42 | 336/5000 | ['\''0.505'\'', '\''0.500'\'', '\''0.310'\'', '\''0.395'\'', '\''0.445'\'', '\''0.320'\'', '\''0.420'\'', '\''0.450'\'']'
+ IFS=
+ read -r l
++ date +%s
+ echo '1791496879   Batch 43 | 344/5000 | ['\''0.445'\'', '\''0.405'\'', '\''0.405'\'', '\''0.400'\'', '\''0.415'\'', '\''0.525'\'', '\''0.520'\'', '\''0.320'\'']'
+ IFS=
+ read -r l
++ date +%s
+ echo '1791496886   Batch 44 | 352/5000 | ['\''0.425'\'', '\''0.240'\'', '\''0.465'\'', '\''0.360'\'', '\''0.385'\'', '\''0.460'\'', '\''0.435'\'', '\''0.470'\'']'
+ IFS=
+ read -r l
++ date +%s
+ echo '1791496893   Batch 45 | 360/5000 | ['\''0.485'\'', '\''0.380'\'', '\''0.335'\'', '\''0.395'\'', '\''0.360'\'', '\''0.410'\'', '\''0.330'\'', '\''0.400'\'']'
+ IFS=
+ read -r l
++ date +%s
+ echo '1791496900   Batch 46 | 368/5000 | ['\''0.460'\'', '\''0.300'\'', '\''0.475'\'', '\''0.400'\'', '\''0.485'\'', '\''0.425'\'', '\''0.365'\'', '\''0.390'\'']'
+ IFS=
+ read -r l
++ date +%s
+ echo '1791496907   Batch 47 | 376/5000 | ['\''0.215'\'', '\''0.400'\'', '\''0.365'\'', '\''0.390'\'', '\''0.480'\'', '\''0.435'\'', '\''0.395'\'', '\''0.340'\'']'
+ IFS=
+ read -r l
++ date +%s
+ echo '1791496914   Batch 48 | 384/5000 | ['\''0.355'\'', '\''0.355'\'', '\''0.425'\'', '\''0.400'\'', '\''0.365'\'', '\''0.505'\'', '\''0.475'\'', '\''0.430'\'']'
+ IFS=
+ read -r l
++ date +%s
+ echo '1791496920   Batch 49 | 392/5000 | ['\''0.410'\'', '\''0.330'\'', '\''0.365'\'', '\''0.400'\'', '\''0.230'\'', '\''0.450'\'', '\''0.265'\'', '\''0.455'\'']'
+ IFS=
+ read -r l
++ date +%s
+ echo '1791496927   Batch 50 | 400/5000 | ['\''0.435'\'', '\''0.485'\'', '\''0.470'\'', '\''0.325'\'', '\''0.430'\'', '\''0.420'\'', '\''0.425'\'', '\''0.410'\'']'
+ IFS=
+ read -r l
++ date +%s
+ echo '1791496934   Batch 51 | 408/5000 | ['\''0.440'\'', '\''0.430'\'', '\''0.415'\'', '\''0.350'\'', '\''0.460'\'', '\''0.335'\'', '\''0.400'\'', '\''0.410'\'']'
+ IFS=
+ read -r l
++ date +%s
+ echo '1791496941   Batch 52 | 416/5000 | ['\''0.445'\'', '\''0.320'\'', '\''0.465'\'', '\''0.415'\'', '\''0.430'\'', '\''0.500'\'', '\''0.515'\'', '\''0.480'\'']'
+ IFS=
+ read -r l
++ date +%s
+ echo '1791496948   Batch 53 | 424/5000 | ['\''0.425'\'', '\''0.395'\'', '\''0.400'\'', '\''0.280'\'', '\''0.395'\'', '\''0.405'\'', '\''0.325'\'', '\''0.300'\'']'
+ IFS=
+ read -r l
++ date +%s
+ echo '1791496955   Batch 54 | 432/5000 | ['\''0.485'\'', '\''0.340'\'', '\''0.350'\'', '\''0.400'\'', '\''0.475'\'', '\''0.410'\'', '\''0.385'\'', '\''0.410'\'']'
+ IFS=
+ read -r l
++ date +%s
+ echo '1791496962   Batch 55 | 440/5000 | ['\''0.370'\'', '\''0.360'\'', '\''0.420'\'', '\''0.340'\'', '\''0.450'\'', '\''0.495'\'', '\''0.445'\'', '\''0.405'\'']'
+ IFS=
+ read -r l
++ date +%s
+ echo '1791496969   Batch 56 | 448/5000 | ['\''0.385'\'', '\''0.430'\'', '\''0.450'\'', '\''0.315'\'', '\''0.450'\'', '\''0.490'\'', '\''0.435'\'', '\''0.265'\'']'
+ IFS=
+ read -r l
++ date +%s
+ echo '1791496976   Batch 57 | 456/5000 | ['\''0.370'\'', '\''0.365'\'', '\''0.370'\'', '\''0.475'\'', '\''0.365'\'', '\''0.290'\'', '\''0.435'\'', '\''0.430'\'']'
+ IFS=
+ read -r l
++ date +%s
+ echo '1791496983   Batch 58 | 464/5000 | ['\''0.465'\'', '\''0.370'\'', '\''0.415'\'', '\''0.470'\'', '\''0.415'\'', '\''0.460'\'', '\''0.360'\'', '\''0.430'\'']'
+ IFS=
+ read -r l
++ date +%s
+ echo '1791496990   Batch 59 | 472/5000 | ['\''0.390'\'', '\''0.415'\'', '\''0.390'\'', '\''0.445'\'', '\''0.430'\'', '\''0.420'\'', '\''0.395'\'', '\''0.430'\'']'
+ IFS=
+ read -r l
++ date +%s
+ echo '1791496997   Batch 60 | 480/5000 | ['\''0.450'\'', '\''0.380'\'', '\''0.365'\'', '\''0.500'\'', '\''0.410'\'', '\''0.340'\'', '\''0.280'\'', '\''0.440'\'']'
+ IFS=
+ read -r l
++ date +%s
+ echo '1791497004   Batch 61 | 488/5000 | ['\''0.435'\'', '\''0.385'\'', '\''0.410'\'', '\''0.325'\'', '\''0.435'\'', '\''0.365'\'', '\''0.370'\'', '\''0.405'\'']'
+ IFS=
+ read -r l
++ date +%s
+ echo '1791497010   Batch 62 | 496/5000 | ['\''0.375'\'', '\''0.470'\'', '\''0.340'\'', '\''0.295'\'', '\''0.435'\'', '\''0.375'\'', '\''0.415'\'', '\''0.410'\'']'
+ IFS=
+ read -r l
++ date +%s
+ echo '1791497017   Batch 63 | 504/5000 | ['\''0.520'\'', '\''0.350'\'', '\''0.415'\'', '\''0.430'\'', '\''0.425'\'', '\''0.415'\'', '\''0.330'\'', '\''0.435'\'']'
+ IFS=
+ read -r l
++ date +%s
+ echo '1791497024   Batch 64 | 512/5000 | ['\''0.415'\'', '\''0.410'\'', '\''0.385'\'', '\''0.440'\'', '\''0.350'\'', '\''0.410'\'', '\''0.510'\'', '\''0.385'\'']'
+ IFS=
+ read -r l
++ date +%s
+ echo '1791497031   Batch 65 | 520/5000 | ['\''0.440'\'', '\''0.365'\'', '\''0.435'\'', '\''0.295'\'', '\''0.390'\'', '\''0.425'\'', '\''0.515'\'', '\''0.405'\'']'
+ IFS=
+ read -r l
++ date +%s
+ echo '1791497038   Batch 66 | 528/5000 | ['\''0.460'\'', '\''0.415'\'', '\''0.375'\'', '\''0.415'\'', '\''0.375'\'', '\''0.370'\'', '\''0.375'\'', '\''0.480'\'']'
+ IFS=
+ read -r l
++ date +%s
+ echo '1791497045   Batch 67 | 536/5000 | ['\''0.355'\'', '\''0.370'\'', '\''0.435'\'', '\''0.475'\'', '\''0.370'\'', '\''0.180'\'', '\''0.350'\'', '\''0.430'\'']'
+ IFS=
+ read -r l
++ date +%s
+ echo '1791497052   Batch 68 | 544/5000 | ['\''0.440'\'', '\''0.490'\'', '\''0.530'\'', '\''0.380'\'', '\''0.370'\'', '\''0.350'\'', '\''0.365'\'', '\''0.340'\'']'
+ IFS=
+ read -r l
++ date +%s
+ echo '1791497059   Batch 69 | 552/5000 | ['\''0.395'\'', '\''0.300'\'', '\''0.520'\'', '\''0.380'\'', '\''0.440'\'', '\''0.290'\'', '\''0.400'\'', '\''0.420'\'']'
+ IFS=
+ read -r l
++ date +%s
+ echo '1791497066   Batch 70 | 560/5000 | ['\''0.435'\'', '\''0.345'\'', '\''0.375'\'', '\''0.240'\'', '\''0.365'\'', '\''0.445'\'', '\''0.425'\'', '\''0.445'\'']'
+ IFS=
+ read -r l
++ date +%s
+ echo '1791497073   Batch 71 | 568/5000 | ['\''0.265'\'', '\''0.325'\'', '\''0.375'\'', '\''0.460'\'', '\''0.410'\'', '\''0.320'\'', '\''0.370'\'', '\''0.350'\'']'
+ IFS=
+ read -r l
++ date +%s
+ echo '1791497080   Batch 72 | 576/5000 | ['\''0.445'\'', '\''0.295'\'', '\''0.355'\'', '\''0.375'\'', '\''0.375'\'', '\''0.400'\'', '\''0.515'\'', '\''0.390'\'']'
+ IFS=
+ read -r l
++ date +%s
+ echo '1791497087   Batch 73 | 584/5000 | ['\''0.430'\'', '\''0.465'\'', '\''0.385'\'', '\''0.425'\'', '\''0.480'\'', '\''0.300'\'', '\''0.385'\'', '\''0.400'\'']'
+ IFS=
+ read -r l
++ date +%s
+ echo '1791497094   Batch 74 | 592/5000 | ['\''0.425'\'', '\''0.400'\'', '\''0.430'\'', '\''0.405'\'', '\''0.385'\'', '\''0.365'\'', '\''0.490'\'', '\''0.455'\'']'
+ IFS=
+ read -r l
++ date +%s
+ echo '1791497101   Batch 75 | 600/5000 | ['\''0.425'\'', '\''0.440'\'', '\''0.435'\'', '\''0.455'\'', '\''0.455'\'', '\''0.360'\'', '\''0.425'\'', '\''0.450'\'']'
+ IFS=
+ read -r l
++ date +%s
+ echo '1791497108   Batch 76 | 608/5000 | ['\''0.390'\'', '\''0.280'\'', '\''0.400'\'', '\''0.485'\'', '\''0.415'\'', '\''0.515'\'', '\''0.425'\'', '\''0.375'\'']'
+ IFS=
+ read -r l
++ date +%s
+ echo '1791497115   Batch 77 | 616/5000 | ['\''0.440'\'', '\''0.425'\'', '\''0.450'\'', '\''0.445'\'', '\''0.350'\'', '\''0.430'\'', '\''0.495'\'', '\''0.490'\'']'
+ IFS=
+ read -r l
++ date +%s
+ echo '1791497122   Batch 78 | 624/5000 | ['\''0.405'\'', '\''0.300'\'', '\''0.400'\'', '\''0.430'\'', '\''0.475'\'', '\''0.355'\'', '\''0.445'\'', '\''0.530'\'']'
+ IFS=
+ read -r l
++ date +%s
+ echo '1791497129   Batch 79 | 632/5000 | ['\''0.355'\'', '\''0.455'\'', '\''0.320'\'', '\''0.400'\'', '\''0.530'\'', '\''0.265'\'', '\''0.390'\'', '\''0.390'\'']'
+ IFS=
+ read -r l
++ date +%s
+ echo '1791497136   Batch 80 | 640/5000 | ['\''0.465'\'', '\''0.475'\'', '\''0.400'\'', '\''0.325'\'', '\''0.345'\'', '\''0.475'\'', '\''0.445'\'', '\''0.390'\'']'
+ IFS=
+ read -r l
++ date +%s
+ echo '1791497143   Batch 81 | 648/5000 | ['\''0.360'\'', '\''0.415'\'', '\''0.450'\'', '\''0.410'\'', '\''0.415'\'', '\''0.435'\'', '\''0.485'\'', '\''0.405'\'']'
+ IFS=
+ read -r l
++ date +%s
+ echo '1791497151   Batch 82 | 656/5000 | ['\''0.450'\'', '\''0.375'\'', '\''0.370'\'', '\''0.365'\'', '\''0.370'\'', '\''0.450'\'', '\''0.405'\'', '\''0.425'\'']'
+ IFS=
+ read -r l
++ date +%s
+ echo '1791497158   Batch 83 | 664/5000 | ['\''0.430'\'', '\''0.440'\'', '\''0.450'\'', '\''0.345'\'', '\''0.345'\'', '\''0.455'\'', '\''0.345'\'', '\''0.365'\'']'
+ IFS=
+ read -r l
++ date +%s
+ echo '1791497165   Batch 84 | 672/5000 | ['\''0.500'\'', '\''0.415'\'', '\''0.380'\'', '\''0.495'\'', '\''0.490'\'', '\''0.400'\'', '\''0.400'\'', '\''0.405'\'']'
+ IFS=
+ read -r l
++ date +%s
+ echo '1791497172   Batch 85 | 680/5000 | ['\''0.325'\'', '\''0.425'\'', '\''0.395'\'', '\''0.330'\'', '\''0.460'\'', '\''0.430'\'', '\''0.345'\'', '\''0.405'\'']'
+ IFS=
+ read -r l
++ date +%s
+ echo '1791497179   Batch 86 | 688/5000 | ['\''0.440'\'', '\''0.320'\'', '\''0.405'\'', '\''0.285'\'', '\''0.460'\'', '\''0.290'\'', '\''0.495'\'', '\''0.485'\'']'
+ IFS=
+ read -r l
++ date +%s
+ echo '1791497186   Batch 87 | 696/5000 | ['\''0.350'\'', '\''0.410'\'', '\''0.435'\'', '\''0.405'\'', '\''0.370'\'', '\''0.365'\'', '\''0.350'\'', '\''0.510'\'']'
+ IFS=
+ read -r l
++ date +%s
+ echo '1791497193   Batch 88 | 704/5000 | ['\''0.405'\'', '\''0.450'\'', '\''0.440'\'', '\''0.500'\'', '\''0.425'\'', '\''0.470'\'', '\''0.275'\'', '\''0.415'\'']'
+ IFS=
+ read -r l
++ date +%s
+ echo '1791497200   Batch 89 | 712/5000 | ['\''0.365'\'', '\''0.480'\'', '\''0.415'\'', '\''0.455'\'', '\''0.370'\'', '\''0.425'\'', '\''0.340'\'', '\''0.425'\'']'
+ IFS=
+ read -r l
++ date +%s
+ echo '1791497207   Batch 90 | 720/5000 | ['\''0.450'\'', '\''0.515'\'', '\''0.310'\'', '\''0.455'\'', '\''0.495'\'', '\''0.520'\'', '\''0.400'\'', '\''0.335'\'']'
+ IFS=
+ read -r l
++ date +%s
+ echo '1791497214   Batch 91 | 728/5000 | ['\''0.405'\'', '\''0.370'\'', '\''0.330'\'', '\''0.350'\'', '\''0.380'\'', '\''0.315'\'', '\''0.410'\'', '\''0.460'\'']'
+ IFS=
+ read -r l
++ date +%s
+ echo '1791497221   Batch 92 | 736/5000 | ['\''0.340'\'', '\''0.465'\'', '\''0.360'\'', '\''0.440'\'', '\''0.425'\'', '\''0.345'\'', '\''0.525'\'', '\''0.410'\'']'
+ IFS=
+ read -r l
++ date +%s
+ echo '1791497228   Batch 93 | 744/5000 | ['\''0.490'\'', '\''0.430'\'', '\''0.415'\'', '\''0.380'\'', '\''0.385'\'', '\''0.425'\'', '\''0.385'\'', '\''0.435'\'']'
+ IFS=
+ read -r l
++ date +%s
+ echo '1791497235   Batch 94 | 752/5000 | ['\''0.410'\'', '\''0.280'\'', '\''0.395'\'', '\''0.520'\'', '\''0.345'\'', '\''0.420'\'', '\''0.445'\'', '\''0.350'\'']'
+ IFS=
+ read -r l
++ date +%s
+ echo '1791497242   Batch 95 | 760/5000 | ['\''0.320'\'', '\''0.415'\'', '\''0.425'\'', '\''0.425'\'', '\''0.340'\'', '\''0.385'\'', '\''0.435'\'', '\''0.440'\'']'
+ IFS=
+ read -r l
++ date +%s
+ echo '1791497249   Batch 96 | 768/5000 | ['\''0.275'\'', '\''0.455'\'', '\''0.470'\'', '\''0.375'\'', '\''0.430'\'', '\''0.215'\'', '\''0.325'\'', '\''0.425'\'']'
+ IFS=
+ read -r l
++ date +%s
+ echo '1791497256   Batch 97 | 776/5000 | ['\''0.420'\'', '\''0.410'\'', '\''0.400'\'', '\''0.460'\'', '\''0.345'\'', '\''0.295'\'', '\''0.455'\'', '\''0.320'\'']'
+ IFS=
+ read -r l
++ date +%s
+ echo '1791497263   Batch 98 | 784/5000 | ['\''0.445'\'', '\''0.280'\'', '\''0.325'\'', '\''0.390'\'', '\''0.425'\'', '\''0.380'\'', '\''0.375'\'', '\''0.440'\'']'
+ IFS=
+ read -r l
++ date +%s
+ echo '1791497270   Batch 99 | 792/5000 | ['\''0.435'\'', '\''0.555'\'', '\''0.425'\'', '\''0.460'\'', '\''0.410'\'', '\''0.335'\'', '\''0.360'\'', '\''0.465'\'']'
+ IFS=
+ read -r l
++ date +%s
+ echo '1791497277   Batch 100 | 800/5000 | ['\''0.425'\'', '\''0.365'\'', '\''0.385'\'', '\''0.435'\'', '\''0.395'\'', '\''0.395'\'', '\''0.475'\'', '\''0.405'\'']'
+ IFS=
+ read -r l
++ date +%s
+ echo '1791497284   Batch 101 | 808/5000 | ['\''0.405'\'', '\''0.330'\'', '\''0.465'\'', '\''0.410'\'', '\''0.400'\'', '\''0.335'\'', '\''0.370'\'', '\''0.420'\'']'
+ IFS=
+ read -r l
++ date +%s
+ echo '1791497291   Batch 102 | 816/5000 | ['\''0.375'\'', '\''0.420'\'', '\''0.385'\'', '\''0.450'\'', '\''0.520'\'', '\''0.360'\'', '\''0.440'\'', '\''0.465'\'']'
+ IFS=
+ read -r l
++ date +%s
+ echo '1791497298   Batch 103 | 824/5000 | ['\''0.370'\'', '\''0.500'\'', '\''0.480'\'', '\''0.405'\'', '\''0.435'\'', '\''0.455'\'', '\''0.430'\'', '\''0.445'\'']'
+ IFS=
+ read -r l
++ date +%s
+ echo '1791497305   Batch 104 | 832/5000 | ['\''0.355'\'', '\''0.485'\'', '\''0.405'\'', '\''0.430'\'', '\''0.425'\'', '\''0.320'\'', '\''0.385'\'', '\''0.435'\'']'
+ IFS=
+ read -r l
++ date +%s
+ echo '1791497311   Batch 105 | 840/5000 | ['\''0.335'\'', '\''0.450'\'', '\''0.470'\'', '\''0.400'\'', '\''0.460'\'', '\''0.440'\'', '\''0.415'\'', '\''0.340'\'']'
+ IFS=
+ read -r l
++ date +%s
+ echo '1791497318   Batch 106 | 848/5000 | ['\''0.320'\'', '\''0.440'\'', '\''0.295'\'', '\''0.500'\'', '\''0.430'\'', '\''0.525'\'', '\''0.450'\'', '\''0.410'\'']'
+ IFS=
+ read -r l
++ date +%s
+ echo '1791497325   Batch 107 | 856/5000 | ['\''0.385'\'', '\''0.445'\'', '\''0.470'\'', '\''0.395'\'', '\''0.370'\'', '\''0.435'\'', '\''0.520'\'', '\''0.445'\'']'
+ IFS=
+ read -r l
++ date +%s
+ echo '1791497333   Batch 108 | 864/5000 | ['\''0.290'\'', '\''0.300'\'', '\''0.315'\'', '\''0.420'\'', '\''0.375'\'', '\''0.415'\'', '\''0.415'\'', '\''0.460'\'']'
+ IFS=
+ read -r l
++ date +%s
+ echo '1791497340   Batch 109 | 872/5000 | ['\''0.395'\'', '\''0.400'\'', '\''0.355'\'', '\''0.390'\'', '\''0.325'\'', '\''0.445'\'', '\''0.215'\'', '\''0.405'\'']'
+ IFS=
+ read -r l
++ date +%s
+ echo '1791497346   Batch 110 | 880/5000 | ['\''0.400'\'', '\''0.500'\'', '\''0.360'\'', '\''0.400'\'', '\''0.420'\'', '\''0.450'\'', '\''0.440'\'', '\''0.310'\'']'
+ IFS=
+ read -r l
++ date +%s
+ echo '1791497353   Batch 111 | 888/5000 | ['\''0.430'\'', '\''0.450'\'', '\''0.415'\'', '\''0.410'\'', '\''0.395'\'', '\''0.405'\'', '\''0.240'\'', '\''0.470'\'']'
+ IFS=
+ read -r l
++ date +%s
+ echo '1791497360   Batch 112 | 896/5000 | ['\''0.455'\'', '\''0.435'\'', '\''0.435'\'', '\''0.475'\'', '\''0.450'\'', '\''0.475'\'', '\''0.375'\'', '\''0.365'\'']'
+ IFS=
+ read -r l
++ date +%s
+ echo '1791497367   Batch 113 | 904/5000 | ['\''0.470'\'', '\''0.480'\'', '\''0.320'\'', '\''0.290'\'', '\''0.335'\'', '\''0.415'\'', '\''0.420'\'', '\''0.450'\'']'
+ IFS=
+ read -r l
++ date +%s
+ echo '1791497373   Batch 114 | 912/5000 | ['\''0.370'\'', '\''0.485'\'', '\''0.525'\'', '\''0.460'\'', '\''0.440'\'', '\''0.470'\'', '\''0.445'\'', '\''0.455'\'']'
+ IFS=
+ read -r l
++ date +%s
+ echo '1791497380   Batch 115 | 920/5000 | ['\''0.410'\'', '\''0.460'\'', '\''0.395'\'', '\''0.460'\'', '\''0.285'\'', '\''0.315'\'', '\''0.405'\'', '\''0.405'\'']'
+ IFS=
+ read -r l
++ date +%s
+ echo '1791497387   Batch 116 | 928/5000 | ['\''0.390'\'', '\''0.440'\'', '\''0.455'\'', '\''0.410'\'', '\''0.400'\'', '\''0.410'\'', '\''0.385'\'', '\''0.535'\'']'
+ IFS=
+ read -r l
++ date +%s
+ echo '1791497394   Batch 117 | 936/5000 | ['\''0.290'\'', '\''0.370'\'', '\''0.385'\'', '\''0.385'\'', '\''0.340'\'', '\''0.430'\'', '\''0.430'\'', '\''0.415'\'']'
+ IFS=
+ read -r l
++ date +%s
+ echo '1791497401   Batch 118 | 944/5000 | ['\''0.395'\'', '\''0.510'\'', '\''0.310'\'', '\''0.355'\'', '\''0.430'\'', '\''0.465'\'', '\''0.410'\'', '\''0.425'\'']'
+ IFS=
+ read -r l
++ date +%s
+ echo '1791497407   Batch 119 | 952/5000 | ['\''0.455'\'', '\''0.430'\'', '\''0.265'\'', '\''0.335'\'', '\''0.435'\'', '\''0.465'\'', '\''0.370'\'', '\''0.400'\'']'
+ IFS=
+ read -r l
++ date +%s
+ echo '1791497414   Batch 120 | 960/5000 | ['\''0.365'\'', '\''0.340'\'', '\''0.440'\'', '\''0.390'\'', '\''0.505'\'', '\''0.455'\'', '\''0.380'\'', '\''0.375'\'']'
+ IFS=
+ read -r l
++ date +%s
+ echo '1791497421   Batch 121 | 968/5000 | ['\''0.375'\'', '\''0.445'\'', '\''0.480'\'', '\''0.390'\'', '\''0.390'\'', '\''0.365'\'', '\''0.445'\'', '\''0.420'\'']'
+ IFS=
+ read -r l
++ date +%s
+ echo '1791497428   Batch 122 | 976/5000 | ['\''0.435'\'', '\''0.445'\'', '\''0.435'\'', '\''0.405'\'', '\''0.395'\'', '\''0.305'\'', '\''0.565'\'', '\''0.380'\'']'
+ IFS=
+ read -r l
++ date +%s
+ echo '1791497435   Batch 123 | 984/5000 | ['\''0.380'\'', '\''0.325'\'', '\''0.395'\'', '\''0.465'\'', '\''0.290'\'', '\''0.440'\'', '\''0.365'\'', '\''0.345'\'']'
+ IFS=
+ read -r l
++ date +%s
+ echo '1791497441   Batch 124 | 992/5000 | ['\''0.430'\'', '\''0.375'\'', '\''0.365'\'', '\''0.405'\'', '\''0.420'\'', '\''0.430'\'', '\''0.495'\'', '\''0.455'\'']'
+ IFS=
+ read -r l
++ date +%s
+ echo '1791497448   Batch 125 | 1000/5000 | ['\''0.440'\'', '\''0.400'\'', '\''0.420'\'', '\''0.445'\'', '\''0.415'\'', '\''0.435'\'', '\''0.405'\'', '\''0.290'\'']'
+ IFS=
+ read -r l
++ date +%s
+ echo '1791497455   Batch 126 | 1008/5000 | ['\''0.455'\'', '\''0.435'\'', '\''0.405'\'', '\''0.330'\'', '\''0.425'\'', '\''0.290'\'', '\''0.350'\'', '\''0.425'\'']'
+ IFS=
+ read -r l
++ date +%s
+ echo '1791497462   Batch 127 | 1016/5000 | ['\''0.445'\'', '\''0.400'\'', '\''0.390'\'', '\''0.400'\'', '\''0.380'\'', '\''0.375'\'', '\''0.485'\'', '\''0.315'\'']'
+ IFS=
+ read -r l
++ date +%s
+ echo '1791497469   Batch 128 | 1024/5000 | ['\''0.445'\'', '\''0.390'\'', '\''0.405'\'', '\''0.430'\'', '\''0.460'\'', '\''0.350'\'', '\''0.380'\'', '\''0.395'\'']'
+ IFS=
+ read -r l
++ date +%s
+ echo '1791497475   Batch 129 | 1032/5000 | ['\''0.405'\'', '\''0.425'\'', '\''0.395'\'', '\''0.465'\'', '\''0.425'\'', '\''0.355'\'', '\''0.385'\'', '\''0.445'\'']'
+ IFS=
+ read -r l
++ date +%s
+ echo '1791497482   Batch 130 | 1040/5000 | ['\''0.515'\'', '\''0.455'\'', '\''0.480'\'', '\''0.335'\'', '\''0.445'\'', '\''0.425'\'', '\''0.325'\'', '\''0.445'\'']'
+ IFS=
+ read -r l
++ date +%s
+ echo '1791497489   Batch 131 | 1048/5000 | ['\''0.410'\'', '\''0.445'\'', '\''0.305'\'', '\''0.470'\'', '\''0.400'\'', '\''0.385'\'', '\''0.330'\'', '\''0.515'\'']'
+ IFS=
+ read -r l
++ date +%s
+ echo '1791497496   Batch 132 | 1056/5000 | ['\''0.400'\'', '\''0.420'\'', '\''0.455'\'', '\''0.505'\'', '\''0.415'\'', '\''0.360'\'', '\''0.465'\'', '\''0.380'\'']'
+ IFS=
+ read -r l
++ date +%s
+ echo '1791497503   Batch 133 | 1064/5000 | ['\''0.395'\'', '\''0.365'\'', '\''0.425'\'', '\''0.485'\'', '\''0.545'\'', '\''0.205'\'', '\''0.480'\'', '\''0.450'\'']'
+ IFS=
+ read -r l
++ date +%s
+ echo '1791497510   Batch 134 | 1072/5000 | ['\''0.430'\'', '\''0.465'\'', '\''0.375'\'', '\''0.270'\'', '\''0.295'\'', '\''0.310'\'', '\''0.355'\'', '\''0.375'\'']'
+ IFS=
+ read -r l
++ date +%s
+ echo '1791497517   Batch 135 | 1080/5000 | ['\''0.425'\'', '\''0.470'\'', '\''0.350'\'', '\''0.430'\'', '\''0.390'\'', '\''0.340'\'', '\''0.345'\'', '\''0.230'\'']'
+ IFS=
+ read -r l
++ date +%s
+ echo '1791497524   Batch 136 | 1088/5000 | ['\''0.405'\'', '\''0.400'\'', '\''0.370'\'', '\''0.360'\'', '\''0.425'\'', '\''0.400'\'', '\''0.450'\'', '\''0.425'\'']'
+ IFS=
+ read -r l
++ date +%s
+ echo '1791497531   Batch 137 | 1096/5000 | ['\''0.490'\'', '\''0.415'\'', '\''0.400'\'', '\''0.360'\'', '\''0.430'\'', '\''0.415'\'', '\''0.425'\'', '\''0.505'\'']'
+ IFS=
+ read -r l
++ date +%s
+ echo '1791497537   Batch 138 | 1104/5000 | ['\''0.445'\'', '\''0.260'\'', '\''0.465'\'', '\''0.480'\'', '\''0.345'\'', '\''0.480'\'', '\''0.385'\'', '\''0.515'\'']'
+ IFS=
+ read -r l
++ date +%s
+ echo '1791497544   Batch 139 | 1112/5000 | ['\''0.395'\'', '\''0.350'\'', '\''0.445'\'', '\''0.445'\'', '\''0.450'\'', '\''0.430'\'', '\''0.370'\'', '\''0.410'\'']'
+ IFS=
+ read -r l
++ date +%s
+ echo '1791497551   Batch 140 | 1120/5000 | ['\''0.535'\'', '\''0.390'\'', '\''0.425'\'', '\''0.440'\'', '\''0.450'\'', '\''0.340'\'', '\''0.410'\'', '\''0.390'\'']'
+ IFS=
+ read -r l
++ date +%s
+ echo '1791497558   Batch 141 | 1128/5000 | ['\''0.400'\'', '\''0.405'\'', '\''0.390'\'', '\''0.405'\'', '\''0.360'\'', '\''0.355'\'', '\''0.420'\'', '\''0.415'\'']'
+ IFS=
+ read -r l
++ date +%s
+ echo '1791497565   Batch 142 | 1136/5000 | ['\''0.430'\'', '\''0.420'\'', '\''0.440'\'', '\''0.450'\'', '\''0.405'\'', '\''0.360'\'', '\''0.310'\'', '\''0.395'\'']'
+ IFS=
+ read -r l
++ date +%s
+ echo '1791497572   Batch 143 | 1144/5000 | ['\''0.395'\'', '\''0.395'\'', '\''0.455'\'', '\''0.450'\'', '\''0.460'\'', '\''0.370'\'', '\''0.375'\'', '\''0.425'\'']'
+ IFS=
+ read -r l
++ date +%s
+ echo '1791497579   Batch 144 | 1152/5000 | ['\''0.420'\'', '\''0.315'\'', '\''0.435'\'', '\''0.470'\'', '\''0.290'\'', '\''0.410'\'', '\''0.370'\'', '\''0.390'\'']'
+ IFS=
+ read -r l
++ date +%s
+ echo '1791497586   Batch 145 | 1160/5000 | ['\''0.390'\'', '\''0.440'\'', '\''0.320'\'', '\''0.320'\'', '\''0.465'\'', '\''0.400'\'', '\''0.410'\'', '\''0.305'\'']'
+ IFS=
+ read -r l
++ date +%s
+ echo '1791497593   Batch 146 | 1168/5000 | ['\''0.450'\'', '\''0.425'\'', '\''0.450'\'', '\''0.340'\'', '\''0.440'\'', '\''0.355'\'', '\''0.425'\'', '\''0.400'\'']'
+ IFS=
+ read -r l
++ date +%s
+ echo '1791497599   Batch 147 | 1176/5000 | ['\''0.425'\'', '\''0.400'\'', '\''0.215'\'', '\''0.385'\'', '\''0.510'\'', '\''0.440'\'', '\''0.360'\'', '\''0.400'\'']'
+ IFS=
+ read -r l
++ date +%s
+ echo '1791497606   Batch 148 | 1184/5000 | ['\''0.395'\'', '\''0.460'\'', '\''0.485'\'', '\''0.405'\'', '\''0.425'\'', '\''0.420'\'', '\''0.420'\'', '\''0.450'\'']'
+ IFS=
+ read -r l
++ date +%s
+ echo '1791497613   Batch 149 | 1192/5000 | ['\''0.530'\'', '\''0.420'\'', '\''0.355'\'', '\''0.350'\'', '\''0.400'\'', '\''0.470'\'', '\''0.430'\'', '\''0.395'\'']'
+ IFS=
+ read -r l
++ date +%s
+ echo '1791497620   Batch 150 | 1200/5000 | ['\''0.410'\'', '\''0.505'\'', '\''0.375'\'', '\''0.395'\'', '\''0.540'\'', '\''0.435'\'', '\''0.465'\'', '\''0.470'\'']'
+ IFS=
+ read -r l
++ date +%s
+ echo '1791497627   Batch 151 | 1208/5000 | ['\''0.390'\'', '\''0.320'\'', '\''0.345'\'', '\''0.420'\'', '\''0.430'\'', '\''0.430'\'', '\''0.530'\'', '\''0.370'\'']'
+ IFS=
+ read -r l
++ date +%s
+ echo '1791497634   Batch 152 | 1216/5000 | ['\''0.430'\'', '\''0.415'\'', '\''0.470'\'', '\''0.380'\'', '\''0.435'\'', '\''0.475'\'', '\''0.385'\'', '\''0.370'\'']'
+ IFS=
+ read -r l
++ date +%s
+ echo '1791497640   Batch 153 | 1224/5000 | ['\''0.455'\'', '\''0.400'\'', '\''0.435'\'', '\''0.405'\'', '\''0.445'\'', '\''0.415'\'', '\''0.460'\'', '\''0.480'\'']'
+ IFS=
+ read -r l
++ date +%s
+ echo '1791497647   Batch 154 | 1232/5000 | ['\''0.455'\'', '\''0.420'\'', '\''0.385'\'', '\''0.340'\'', '\''0.305'\'', '\''0.395'\'', '\''0.490'\'', '\''0.465'\'']'
+ IFS=
+ read -r l
++ date +%s
+ echo '1791497654   Batch 155 | 1240/5000 | ['\''0.495'\'', '\''0.370'\'', '\''0.440'\'', '\''0.460'\'', '\''0.520'\'', '\''0.450'\'', '\''0.365'\'', '\''0.295'\'']'
+ IFS=
+ read -r l
++ date +%s
+ echo '1791497661   Batch 156 | 1248/5000 | ['\''0.405'\'', '\''0.410'\'', '\''0.340'\'', '\''0.430'\'', '\''0.435'\'', '\''0.470'\'', '\''0.355'\'', '\''0.465'\'']'
+ IFS=
+ read -r l
++ date +%s
+ echo '1791497668   Batch 157 | 1256/5000 | ['\''0.425'\'', '\''0.465'\'', '\''0.425'\'', '\''0.470'\'', '\''0.355'\'', '\''0.470'\'', '\''0.215'\'', '\''0.460'\'']'
+ IFS=
+ read -r l
++ date +%s
+ echo '1791497674   Batch 158 | 1264/5000 | ['\''0.420'\'', '\''0.420'\'', '\''0.415'\'', '\''0.425'\'', '\''0.375'\'', '\''0.380'\'', '\''0.375'\'', '\''0.435'\'']'
+ IFS=
+ read -r l
++ date +%s
+ echo '1791497681   Batch 159 | 1272/5000 | ['\''0.425'\'', '\''0.340'\'', '\''0.305'\'', '\''0.385'\'', '\''0.495'\'', '\''0.460'\'', '\''0.395'\'', '\''0.405'\'']'
+ IFS=
+ read -r l
++ date +%s
+ echo '1791497688   Batch 160 | 1280/5000 | ['\''0.445'\'', '\''0.410'\'', '\''0.385'\'', '\''0.400'\'', '\''0.360'\'', '\''0.475'\'', '\''0.380'\'', '\''0.440'\'']'
+ IFS=
+ read -r l
++ date +%s
+ echo '1791497695   Batch 161 | 1288/5000 | ['\''0.420'\'', '\''0.465'\'', '\''0.230'\'', '\''0.405'\'', '\''0.450'\'', '\''0.445'\'', '\''0.540'\'', '\''0.450'\'']'
+ IFS=
+ read -r l
++ date +%s
+ echo '1791497702   Batch 162 | 1296/5000 | ['\''0.355'\'', '\''0.400'\'', '\''0.270'\'', '\''0.410'\'', '\''0.425'\'', '\''0.400'\'', '\''0.415'\'', '\''0.385'\'']'
+ IFS=
+ read -r l
++ date +%s
+ echo '1791497709   Batch 163 | 1304/5000 | ['\''0.365'\'', '\''0.400'\'', '\''0.440'\'', '\''0.500'\'', '\''0.425'\'', '\''0.460'\'', '\''0.400'\'', '\''0.465'\'']'
+ IFS=
+ read -r l
++ date +%s
+ echo '1791497715   Batch 164 | 1312/5000 | ['\''0.450'\'', '\''0.590'\'', '\''0.405'\'', '\''0.370'\'', '\''0.430'\'', '\''0.275'\'', '\''0.440'\'', '\''0.400'\'']'
+ IFS=
+ read -r l
++ date +%s
+ echo '1791497722   Batch 165 | 1320/5000 | ['\''0.465'\'', '\''0.350'\'', '\''0.335'\'', '\''0.390'\'', '\''0.490'\'', '\''0.480'\'', '\''0.455'\'', '\''0.390'\'']'
+ IFS=
+ read -r l
++ date +%s
+ echo '1791497729   Batch 166 | 1328/5000 | ['\''0.410'\'', '\''0.420'\'', '\''0.335'\'', '\''0.295'\'', '\''0.430'\'', '\''0.445'\'', '\''0.425'\'', '\''0.500'\'']'
+ IFS=
+ read -r l
++ date +%s
+ echo '1791497736   Batch 167 | 1336/5000 | ['\''0.405'\'', '\''0.340'\'', '\''0.370'\'', '\''0.365'\'', '\''0.435'\'', '\''0.300'\'', '\''0.425'\'', '\''0.355'\'']'
+ IFS=
+ read -r l
++ date +%s
+ echo '1791497743   Batch 168 | 1344/5000 | ['\''0.450'\'', '\''0.415'\'', '\''0.395'\'', '\''0.340'\'', '\''0.495'\'', '\''0.460'\'', '\''0.455'\'', '\''0.350'\'']'
+ IFS=
+ read -r l
++ date +%s
+ echo '1791497749   Batch 169 | 1352/5000 | ['\''0.455'\'', '\''0.390'\'', '\''0.455'\'', '\''0.365'\'', '\''0.395'\'', '\''0.395'\'', '\''0.390'\'', '\''0.435'\'']'
+ IFS=
+ read -r l
++ date +%s
+ echo '1791497756   Batch 170 | 1360/5000 | ['\''0.355'\'', '\''0.475'\'', '\''0.430'\'', '\''0.300'\'', '\''0.365'\'', '\''0.500'\'', '\''0.330'\'', '\''0.395'\'']'
+ IFS=
+ read -r l
++ date +%s
+ echo '1791497763   Batch 171 | 1368/5000 | ['\''0.345'\'', '\''0.385'\'', '\''0.530'\'', '\''0.400'\'', '\''0.415'\'', '\''0.505'\'', '\''0.365'\'', '\''0.410'\'']'
+ IFS=
+ read -r l
++ date +%s
+ echo '1791497770   Batch 172 | 1376/5000 | ['\''0.385'\'', '\''0.440'\'', '\''0.350'\'', '\''0.550'\'', '\''0.420'\'', '\''0.395'\'', '\''0.370'\'', '\''0.400'\'']'
+ IFS=
+ read -r l
++ date +%s
+ echo '1791497777   Batch 173 | 1384/5000 | ['\''0.435'\'', '\''0.510'\'', '\''0.405'\'', '\''0.420'\'', '\''0.385'\'', '\''0.355'\'', '\''0.400'\'', '\''0.445'\'']'
+ IFS=
+ read -r l
++ date +%s
+ echo '1791497783   Batch 174 | 1392/5000 | ['\''0.480'\'', '\''0.435'\'', '\''0.395'\'', '\''0.320'\'', '\''0.405'\'', '\''0.385'\'', '\''0.450'\'', '\''0.450'\'']'
+ IFS=
+ read -r l
++ date +%s
+ echo '1791497790   Batch 175 | 1400/5000 | ['\''0.400'\'', '\''0.405'\'', '\''0.365'\'', '\''0.475'\'', '\''0.405'\'', '\''0.370'\'', '\''0.315'\'', '\''0.335'\'']'
+ IFS=
+ read -r l
++ date +%s
+ echo '1791497797   Batch 176 | 1408/5000 | ['\''0.430'\'', '\''0.380'\'', '\''0.430'\'', '\''0.405'\'', '\''0.435'\'', '\''0.355'\'', '\''0.435'\'', '\''0.455'\'']'
+ IFS=
+ read -r l
++ date +%s
+ echo '1791497804   Batch 177 | 1416/5000 | ['\''0.485'\'', '\''0.330'\'', '\''0.415'\'', '\''0.395'\'', '\''0.405'\'', '\''0.345'\'', '\''0.500'\'', '\''0.460'\'']'
+ IFS=
+ read -r l
++ date +%s
+ echo '1791497811   Batch 178 | 1424/5000 | ['\''0.485'\'', '\''0.345'\'', '\''0.465'\'', '\''0.360'\'', '\''0.415'\'', '\''0.340'\'', '\''0.285'\'', '\''0.415'\'']'
+ IFS=
+ read -r l
++ date +%s
+ echo '1791497817   Batch 179 | 1432/5000 | ['\''0.455'\'', '\''0.465'\'', '\''0.305'\'', '\''0.350'\'', '\''0.460'\'', '\''0.370'\'', '\''0.455'\'', '\''0.360'\'']'
+ IFS=
+ read -r l
++ date +%s
+ echo '1791497824   Batch 180 | 1440/5000 | ['\''0.485'\'', '\''0.395'\'', '\''0.430'\'', '\''0.450'\'', '\''0.315'\'', '\''0.440'\'', '\''0.420'\'', '\''0.350'\'']'
+ IFS=
+ read -r l
++ date +%s
+ echo '1791497831   Batch 181 | 1448/5000 | ['\''0.470'\'', '\''0.360'\'', '\''0.435'\'', '\''0.390'\'', '\''0.355'\'', '\''0.410'\'', '\''0.400'\'', '\''0.420'\'']'
+ IFS=
+ read -r l
++ date +%s
+ echo '1791497838   Batch 182 | 1456/5000 | ['\''0.420'\'', '\''0.320'\'', '\''0.385'\'', '\''0.325'\'', '\''0.425'\'', '\''0.235'\'', '\''0.365'\'', '\''0.370'\'']'
+ IFS=
+ read -r l
++ date +%s
+ echo '1791497844   Batch 183 | 1464/5000 | ['\''0.455'\'', '\''0.425'\'', '\''0.330'\'', '\''0.390'\'', '\''0.385'\'', '\''0.430'\'', '\''0.365'\'', '\''0.425'\'']'
+ IFS=
+ read -r l
++ date +%s
+ echo '1791497851   Batch 184 | 1472/5000 | ['\''0.470'\'', '\''0.440'\'', '\''0.435'\'', '\''0.395'\'', '\''0.480'\'', '\''0.515'\'', '\''0.445'\'', '\''0.395'\'']'
+ IFS=
+ read -r l
++ date +%s
+ echo '1791497858   Batch 185 | 1480/5000 | ['\''0.420'\'', '\''0.175'\'', '\''0.385'\'', '\''0.445'\'', '\''0.425'\'', '\''0.425'\'', '\''0.395'\'', '\''0.400'\'']'
+ IFS=
+ read -r l
++ date +%s
+ echo '1791497864   Batch 186 | 1488/5000 | ['\''0.515'\'', '\''0.415'\'', '\''0.520'\'', '\''0.460'\'', '\''0.415'\'', '\''0.445'\'', '\''0.430'\'', '\''0.425'\'']'
+ IFS=
+ read -r l
++ date +%s
+ echo '1791497871   Batch 187 | 1496/5000 | ['\''0.305'\'', '\''0.365'\'', '\''0.505'\'', '\''0.430'\'', '\''0.415'\'', '\''0.440'\'', '\''0.405'\'', '\''0.360'\'']'
+ IFS=
+ read -r l
++ date +%s
+ echo '1791497877   Batch 188 | 1504/5000 | ['\''0.255'\'', '\''0.380'\'', '\''0.320'\'', '\''0.490'\'', '\''0.370'\'', '\''0.305'\'', '\''0.460'\'', '\''0.415'\'']'
+ IFS=
+ read -r l
++ date +%s
+ echo '1791497884   Batch 189 | 1512/5000 | ['\''0.385'\'', '\''0.455'\'', '\''0.305'\'', '\''0.385'\'', '\''0.365'\'', '\''0.415'\'', '\''0.475'\'', '\''0.440'\'']'
+ IFS=
+ read -r l
++ date +%s
+ echo '1791497891   Batch 190 | 1520/5000 | ['\''0.425'\'', '\''0.440'\'', '\''0.430'\'', '\''0.470'\'', '\''0.370'\'', '\''0.445'\'', '\''0.335'\'', '\''0.360'\'']'
+ IFS=
+ read -r l
++ date +%s
+ echo '1791497897   Batch 191 | 1528/5000 | ['\''0.385'\'', '\''0.360'\'', '\''0.410'\'', '\''0.390'\'', '\''0.475'\'', '\''0.405'\'', '\''0.400'\'', '\''0.385'\'']'
+ IFS=
+ read -r l
++ date +%s
+ echo '1791497904   Batch 192 | 1536/5000 | ['\''0.520'\'', '\''0.350'\'', '\''0.510'\'', '\''0.365'\'', '\''0.385'\'', '\''0.385'\'', '\''0.440'\'', '\''0.415'\'']'
+ IFS=
+ read -r l
++ date +%s
+ echo '1791497910   Batch 193 | 1544/5000 | ['\''0.465'\'', '\''0.445'\'', '\''0.395'\'', '\''0.455'\'', '\''0.365'\'', '\''0.445'\'', '\''0.475'\'', '\''0.365'\'']'
+ IFS=
+ read -r l
++ date +%s
+ echo '1791497917   Batch 194 | 1552/5000 | ['\''0.280'\'', '\''0.375'\'', '\''0.370'\'', '\''0.395'\'', '\''0.455'\'', '\''0.425'\'', '\''0.395'\'', '\''0.460'\'']'
+ IFS=
+ read -r l
++ date +%s
+ echo '1791497924   Batch 195 | 1560/5000 | ['\''0.430'\'', '\''0.390'\'', '\''0.365'\'', '\''0.435'\'', '\''0.375'\'', '\''0.500'\'', '\''0.325'\'', '\''0.385'\'']'
+ IFS=
+ read -r l
++ date +%s
+ echo '1791497930   Batch 196 | 1568/5000 | ['\''0.405'\'', '\''0.370'\'', '\''0.425'\'', '\''0.420'\'', '\''0.385'\'', '\''0.380'\'', '\''0.355'\'', '\''0.415'\'']'
+ IFS=
+ read -r l
++ date +%s
+ echo '1791497937   Batch 197 | 1576/5000 | ['\''0.375'\'', '\''0.315'\'', '\''0.405'\'', '\''0.450'\'', '\''0.405'\'', '\''0.265'\'', '\''0.325'\'', '\''0.325'\'']'
+ IFS=
+ read -r l
++ date +%s
+ echo '1791497944   Batch 198 | 1584/5000 | ['\''0.380'\'', '\''0.465'\'', '\''0.490'\'', '\''0.450'\'', '\''0.435'\'', '\''0.330'\'', '\''0.435'\'', '\''0.425'\'']'
+ IFS=
+ read -r l
++ date +%s
+ echo '1791497950   Batch 199 | 1592/5000 | ['\''0.490'\'', '\''0.375'\'', '\''0.420'\'', '\''0.425'\'', '\''0.460'\'', '\''0.420'\'', '\''0.455'\'', '\''0.385'\'']'
+ IFS=
+ read -r l
++ date +%s
+ echo '1791497957   Batch 200 | 1600/5000 | ['\''0.425'\'', '\''0.365'\'', '\''0.300'\'', '\''0.360'\'', '\''0.460'\'', '\''0.360'\'', '\''0.370'\'', '\''0.470'\'']'
+ IFS=
+ read -r l
++ date +%s
+ echo '1791497963   Batch 201 | 1608/5000 | ['\''0.400'\'', '\''0.360'\'', '\''0.365'\'', '\''0.300'\'', '\''0.490'\'', '\''0.295'\'', '\''0.435'\'', '\''0.425'\'']'
+ IFS=
+ read -r l
++ date +%s
+ echo '1791497970   Batch 202 | 1616/5000 | ['\''0.420'\'', '\''0.330'\'', '\''0.420'\'', '\''0.455'\'', '\''0.465'\'', '\''0.485'\'', '\''0.395'\'', '\''0.450'\'']'
+ IFS=
+ read -r l
++ date +%s
+ echo '1791497976   Batch 203 | 1624/5000 | ['\''0.440'\'', '\''0.390'\'', '\''0.435'\'', '\''0.410'\'', '\''0.425'\'', '\''0.380'\'', '\''0.430'\'', '\''0.520'\'']'
+ IFS=
+ read -r l
++ date +%s
+ echo '1791497983   Batch 204 | 1632/5000 | ['\''0.405'\'', '\''0.410'\'', '\''0.465'\'', '\''0.435'\'', '\''0.375'\'', '\''0.345'\'', '\''0.425'\'', '\''0.465'\'']'
+ IFS=
+ read -r l
++ date +%s
+ echo '1791497989   Batch 205 | 1640/5000 | ['\''0.320'\'', '\''0.455'\'', '\''0.370'\'', '\''0.270'\'', '\''0.420'\'', '\''0.555'\'', '\''0.475'\'', '\''0.425'\'']'
+ IFS=
+ read -r l
++ date +%s
+ echo '1791497996   Batch 206 | 1648/5000 | ['\''0.505'\'', '\''0.390'\'', '\''0.410'\'', '\''0.380'\'', '\''0.430'\'', '\''0.445'\'', '\''0.300'\'', '\''0.440'\'']'
+ IFS=
+ read -r l
++ date +%s
+ echo '1791498002   Batch 207 | 1656/5000 | ['\''0.435'\'', '\''0.460'\'', '\''0.355'\'', '\''0.310'\'', '\''0.450'\'', '\''0.370'\'', '\''0.220'\'', '\''0.425'\'']'
+ IFS=
+ read -r l
++ date +%s
+ echo '1791498009   Batch 208 | 1664/5000 | ['\''0.430'\'', '\''0.355'\'', '\''0.415'\'', '\''0.325'\'', '\''0.540'\'', '\''0.405'\'', '\''0.465'\'', '\''0.415'\'']'
+ IFS=
+ read -r l
++ date +%s
+ echo '1791498015   Batch 209 | 1672/5000 | ['\''0.405'\'', '\''0.440'\'', '\''0.395'\'', '\''0.465'\'', '\''0.395'\'', '\''0.320'\'', '\''0.415'\'', '\''0.325'\'']'
+ IFS=
+ read -r l
++ date +%s
+ echo '1791498022   Batch 210 | 1680/5000 | ['\''0.460'\'', '\''0.520'\'', '\''0.485'\'', '\''0.495'\'', '\''0.340'\'', '\''0.490'\'', '\''0.420'\'', '\''0.325'\'']'
+ IFS=
+ read -r l
++ date +%s
+ echo '1791498028   Batch 211 | 1688/5000 | ['\''0.420'\'', '\''0.410'\'', '\''0.425'\'', '\''0.515'\'', '\''0.435'\'', '\''0.390'\'', '\''0.405'\'', '\''0.420'\'']'
+ IFS=
+ read -r l
++ date +%s
+ echo '1791498035   Batch 212 | 1696/5000 | ['\''0.335'\'', '\''0.455'\'', '\''0.345'\'', '\''0.405'\'', '\''0.340'\'', '\''0.415'\'', '\''0.410'\'', '\''0.410'\'']'
+ IFS=
+ read -r l
++ date +%s
+ echo '1791498041   Batch 213 | 1704/5000 | ['\''0.445'\'', '\''0.480'\'', '\''0.410'\'', '\''0.440'\'', '\''0.375'\'', '\''0.515'\'', '\''0.240'\'', '\''0.365'\'']'
+ IFS=
+ read -r l
++ date +%s
+ echo '1791498048   Batch 214 | 1712/5000 | ['\''0.350'\'', '\''0.330'\'', '\''0.425'\'', '\''0.520'\'', '\''0.370'\'', '\''0.405'\'', '\''0.335'\'', '\''0.410'\'']'
+ IFS=
+ read -r l
++ date +%s
+ echo '1791498055   Batch 215 | 1720/5000 | ['\''0.415'\'', '\''0.425'\'', '\''0.320'\'', '\''0.395'\'', '\''0.425'\'', '\''0.455'\'', '\''0.325'\'', '\''0.450'\'']'
+ IFS=
+ read -r l
++ date +%s
+ echo '1791498061   Batch 216 | 1728/5000 | ['\''0.500'\'', '\''0.395'\'', '\''0.485'\'', '\''0.360'\'', '\''0.400'\'', '\''0.450'\'', '\''0.440'\'', '\''0.395'\'']'
+ IFS=
+ read -r l
++ date +%s
+ echo '1791498068   Batch 217 | 1736/5000 | ['\''0.440'\'', '\''0.415'\'', '\''0.315'\'', '\''0.455'\'', '\''0.390'\'', '\''0.340'\'', '\''0.345'\'', '\''0.455'\'']'
+ IFS=
+ read -r l
++ date +%s
+ echo '1791498074   Batch 218 | 1744/5000 | ['\''0.360'\'', '\''0.420'\'', '\''0.385'\'', '\''0.360'\'', '\''0.400'\'', '\''0.440'\'', '\''0.370'\'', '\''0.430'\'']'
+ IFS=
+ read -r l
++ date +%s
+ echo '1791498081   Batch 219 | 1752/5000 | ['\''0.390'\'', '\''0.475'\'', '\''0.400'\'', '\''0.345'\'', '\''0.435'\'', '\''0.405'\'', '\''0.405'\'', '\''0.415'\'']'
+ IFS=
+ read -r l
++ date +%s
+ echo '1791498087   Batch 220 | 1760/5000 | ['\''0.485'\'', '\''0.340'\'', '\''0.455'\'', '\''0.315'\'', '\''0.415'\'', '\''0.425'\'', '\''0.470'\'', '\''0.500'\'']'
+ IFS=
+ read -r l
++ date +%s
+ echo '1791498094   Batch 221 | 1768/5000 | ['\''0.420'\'', '\''0.420'\'', '\''0.440'\'', '\''0.410'\'', '\''0.445'\'', '\''0.480'\'', '\''0.335'\'', '\''0.450'\'']'
+ IFS=
+ read -r l
++ date +%s
+ echo '1791498101   Batch 222 | 1776/5000 | ['\''0.425'\'', '\''0.320'\'', '\''0.420'\'', '\''0.435'\'', '\''0.490'\'', '\''0.410'\'', '\''0.380'\'', '\''0.450'\'']'
+ IFS=
+ read -r l
++ date +%s
+ echo '1791498107   Batch 223 | 1784/5000 | ['\''0.435'\'', '\''0.285'\'', '\''0.410'\'', '\''0.335'\'', '\''0.410'\'', '\''0.435'\'', '\''0.315'\'', '\''0.470'\'']'
+ IFS=
+ read -r l
++ date +%s
+ echo '1791498114   Batch 224 | 1792/5000 | ['\''0.375'\'', '\''0.385'\'', '\''0.455'\'', '\''0.515'\'', '\''0.400'\'', '\''0.390'\'', '\''0.425'\'', '\''0.265'\'']'
+ IFS=
+ read -r l
++ date +%s
+ echo '1791498121   Batch 225 | 1800/5000 | ['\''0.420'\'', '\''0.395'\'', '\''0.430'\'', '\''0.390'\'', '\''0.475'\'', '\''0.465'\'', '\''0.425'\'', '\''0.510'\'']'
+ IFS=
+ read -r l
++ date +%s
+ echo '1791498128   Batch 226 | 1808/5000 | ['\''0.475'\'', '\''0.430'\'', '\''0.425'\'', '\''0.415'\'', '\''0.340'\'', '\''0.420'\'', '\''0.440'\'', '\''0.530'\'']'
+ IFS=
+ read -r l
++ date +%s
+ echo '1791498135   Batch 227 | 1816/5000 | ['\''0.305'\'', '\''0.420'\'', '\''0.290'\'', '\''0.340'\'', '\''0.515'\'', '\''0.405'\'', '\''0.410'\'', '\''0.445'\'']'
+ IFS=
+ read -r l
++ date +%s
+ echo '1791498142   Batch 228 | 1824/5000 | ['\''0.375'\'', '\''0.430'\'', '\''0.440'\'', '\''0.415'\'', '\''0.415'\'', '\''0.410'\'', '\''0.435'\'', '\''0.440'\'']'
+ IFS=
+ read -r l
++ date +%s
+ echo '1791498149   Batch 229 | 1832/5000 | ['\''0.420'\'', '\''0.340'\'', '\''0.340'\'', '\''0.360'\'', '\''0.450'\'', '\''0.340'\'', '\''0.415'\'', '\''0.470'\'']'
+ IFS=
+ read -r l
++ date +%s
+ echo '1791498156   Batch 230 | 1840/5000 | ['\''0.435'\'', '\''0.345'\'', '\''0.490'\'', '\''0.285'\'', '\''0.440'\'', '\''0.430'\'', '\''0.335'\'', '\''0.445'\'']'
+ IFS=
+ read -r l
++ date +%s
+ echo '1791498163   Batch 231 | 1848/5000 | ['\''0.400'\'', '\''0.305'\'', '\''0.345'\'', '\''0.410'\'', '\''0.380'\'', '\''0.420'\'', '\''0.455'\'', '\''0.425'\'']'
+ IFS=
+ read -r l
++ date +%s
+ echo '1791498170   Batch 232 | 1856/5000 | ['\''0.365'\'', '\''0.385'\'', '\''0.435'\'', '\''0.370'\'', '\''0.425'\'', '\''0.425'\'', '\''0.450'\'', '\''0.470'\'']'
+ IFS=
+ read -r l
++ date +%s
+ echo '1791498176   Batch 233 | 1864/5000 | ['\''0.460'\'', '\''0.395'\'', '\''0.400'\'', '\''0.425'\'', '\''0.450'\'', '\''0.440'\'', '\''0.280'\'', '\''0.425'\'']'
+ IFS=
+ read -r l
++ date +%s
+ echo '1791498183   Batch 234 | 1872/5000 | ['\''0.375'\'', '\''0.465'\'', '\''0.455'\'', '\''0.415'\'', '\''0.420'\'', '\''0.370'\'', '\''0.410'\'', '\''0.370'\'']'
+ IFS=
+ read -r l
++ date +%s
+ echo '1791498190   Batch 235 | 1880/5000 | ['\''0.415'\'', '\''0.385'\'', '\''0.380'\'', '\''0.280'\'', '\''0.420'\'', '\''0.430'\'', '\''0.420'\'', '\''0.420'\'']'
+ IFS=
+ read -r l
++ date +%s
+ echo '1791498196   Batch 236 | 1888/5000 | ['\''0.485'\'', '\''0.405'\'', '\''0.500'\'', '\''0.440'\'', '\''0.335'\'', '\''0.340'\'', '\''0.425'\'', '\''0.325'\'']'
+ IFS=
+ read -r l
++ date +%s
+ echo '1791498203   Batch 237 | 1896/5000 | ['\''0.425'\'', '\''0.435'\'', '\''0.375'\'', '\''0.415'\'', '\''0.415'\'', '\''0.420'\'', '\''0.345'\'', '\''0.375'\'']'
+ IFS=
+ read -r l
++ date +%s
+ echo '1791498210   Batch 238 | 1904/5000 | ['\''0.450'\'', '\''0.320'\'', '\''0.435'\'', '\''0.425'\'', '\''0.420'\'', '\''0.310'\'', '\''0.415'\'', '\''0.395'\'']'
+ IFS=
+ read -r l
++ date +%s
+ echo '1791498216   Batch 239 | 1912/5000 | ['\''0.390'\'', '\''0.355'\'', '\''0.515'\'', '\''0.425'\'', '\''0.360'\'', '\''0.455'\'', '\''0.460'\'', '\''0.475'\'']'
+ IFS=
+ read -r l
++ date +%s
+ echo '1791498223   Batch 240 | 1920/5000 | ['\''0.380'\'', '\''0.500'\'', '\''0.355'\'', '\''0.440'\'', '\''0.450'\'', '\''0.400'\'', '\''0.505'\'', '\''0.355'\'']'
+ IFS=
+ read -r l
++ date +%s
+ echo '1791498229   Batch 241 | 1928/5000 | ['\''0.395'\'', '\''0.505'\'', '\''0.435'\'', '\''0.400'\'', '\''0.480'\'', '\''0.470'\'', '\''0.545'\'', '\''0.370'\'']'
+ IFS=
+ read -r l
++ date +%s
+ echo '1791498236   Batch 242 | 1936/5000 | ['\''0.400'\'', '\''0.450'\'', '\''0.465'\'', '\''0.405'\'', '\''0.350'\'', '\''0.410'\'', '\''0.280'\'', '\''0.350'\'']'
+ IFS=
+ read -r l
++ date +%s
+ echo '1791498243   Batch 243 | 1944/5000 | ['\''0.340'\'', '\''0.430'\'', '\''0.350'\'', '\''0.455'\'', '\''0.520'\'', '\''0.370'\'', '\''0.325'\'', '\''0.420'\'']'
+ IFS=
+ read -r l
++ date +%s
+ echo '1791498250   Batch 244 | 1952/5000 | ['\''0.440'\'', '\''0.265'\'', '\''0.400'\'', '\''0.400'\'', '\''0.415'\'', '\''0.405'\'', '\''0.340'\'', '\''0.510'\'']'
+ IFS=
+ read -r l
++ date +%s
+ echo '1791498257   Batch 245 | 1960/5000 | ['\''0.420'\'', '\''0.435'\'', '\''0.425'\'', '\''0.310'\'', '\''0.395'\'', '\''0.355'\'', '\''0.365'\'', '\''0.455'\'']'
+ IFS=
+ read -r l
++ date +%s
+ echo '1791498263   Batch 246 | 1968/5000 | ['\''0.510'\'', '\''0.495'\'', '\''0.455'\'', '\''0.490'\'', '\''0.360'\'', '\''0.360'\'', '\''0.375'\'', '\''0.405'\'']'
+ IFS=
+ read -r l
++ date +%s
+ echo '1791498270   Batch 247 | 1976/5000 | ['\''0.400'\'', '\''0.390'\'', '\''0.375'\'', '\''0.400'\'', '\''0.340'\'', '\''0.345'\'', '\''0.450'\'', '\''0.480'\'']'
+ IFS=
+ read -r l
++ date +%s
+ echo '1791498277   Batch 248 | 1984/5000 | ['\''0.375'\'', '\''0.390'\'', '\''0.220'\'', '\''0.295'\'', '\''0.420'\'', '\''0.345'\'', '\''0.440'\'', '\''0.420'\'']'
+ IFS=
+ read -r l
++ date +%s
+ echo '1791498283   Batch 249 | 1992/5000 | ['\''0.345'\'', '\''0.410'\'', '\''0.250'\'', '\''0.410'\'', '\''0.470'\'', '\''0.360'\'', '\''0.395'\'', '\''0.450'\'']'
+ IFS=
+ read -r l
++ date +%s
+ echo '1791498290   Batch 250 | 2000/5000 | ['\''0.450'\'', '\''0.435'\'', '\''0.380'\'', '\''0.485'\'', '\''0.435'\'', '\''0.450'\'', '\''0.430'\'', '\''0.350'\'']'
+ IFS=
+ read -r l
++ date +%s
+ echo '1791498297   Batch 251 | 2008/5000 | ['\''0.455'\'', '\''0.415'\'', '\''0.390'\'', '\''0.470'\'', '\''0.425'\'', '\''0.345'\'', '\''0.465'\'', '\''0.410'\'']'
+ IFS=
+ read -r l
++ date +%s
+ echo '1791498304   Batch 252 | 2016/5000 | ['\''0.455'\'', '\''0.505'\'', '\''0.395'\'', '\''0.340'\'', '\''0.440'\'', '\''0.240'\'', '\''0.385'\'', '\''0.550'\'']'
+ IFS=
+ read -r l
++ date +%s
+ echo '1791498311   Batch 253 | 2024/5000 | ['\''0.370'\'', '\''0.355'\'', '\''0.390'\'', '\''0.365'\'', '\''0.425'\'', '\''0.345'\'', '\''0.375'\'', '\''0.445'\'']'
+ IFS=
+ read -r l
++ date +%s
+ echo '1791498317   Batch 254 | 2032/5000 | ['\''0.530'\'', '\''0.320'\'', '\''0.335'\'', '\''0.435'\'', '\''0.505'\'', '\''0.375'\'', '\''0.420'\'', '\''0.305'\'']'
+ IFS=
+ read -r l
++ date +%s
+ echo '1791498324   Batch 255 | 2040/5000 | ['\''0.430'\'', '\''0.395'\'', '\''0.435'\'', '\''0.415'\'', '\''0.360'\'', '\''0.425'\'', '\''0.465'\'', '\''0.285'\'']'
+ IFS=
+ read -r l
++ date +%s
+ echo '1791498330   Batch 256 | 2048/5000 | ['\''0.445'\'', '\''0.410'\'', '\''0.280'\'', '\''0.460'\'', '\''0.425'\'', '\''0.405'\'', '\''0.410'\'', '\''0.390'\'']'
+ IFS=
+ read -r l
++ date +%s
+ echo '1791498337   Batch 257 | 2056/5000 | ['\''0.490'\'', '\''0.435'\'', '\''0.455'\'', '\''0.430'\'', '\''0.400'\'', '\''0.410'\'', '\''0.440'\'', '\''0.295'\'']'
+ IFS=
+ read -r l
++ date +%s
+ echo '1791498343   Batch 258 | 2064/5000 | ['\''0.460'\'', '\''0.400'\'', '\''0.330'\'', '\''0.375'\'', '\''0.410'\'', '\''0.330'\'', '\''0.470'\'', '\''0.500'\'']'
+ IFS=
+ read -r l
++ date +%s
+ echo '1791498350   Batch 259 | 2072/5000 | ['\''0.470'\'', '\''0.475'\'', '\''0.370'\'', '\''0.315'\'', '\''0.480'\'', '\''0.335'\'', '\''0.240'\'', '\''0.460'\'']'
+ IFS=
+ read -r l
++ date +%s
+ echo '1791498356   Batch 260 | 2080/5000 | ['\''0.405'\'', '\''0.440'\'', '\''0.505'\'', '\''0.455'\'', '\''0.440'\'', '\''0.465'\'', '\''0.415'\'', '\''0.455'\'']'
+ IFS=
+ read -r l
++ date +%s
+ echo '1791498363   Batch 261 | 2088/5000 | ['\''0.435'\'', '\''0.325'\'', '\''0.375'\'', '\''0.380'\'', '\''0.350'\'', '\''0.430'\'', '\''0.365'\'', '\''0.435'\'']'
+ IFS=
+ read -r l
++ date +%s
+ echo '1791498369   Batch 262 | 2096/5000 | ['\''0.490'\'', '\''0.205'\'', '\''0.455'\'', '\''0.450'\'', '\''0.470'\'', '\''0.395'\'', '\''0.365'\'', '\''0.345'\'']'
+ IFS=
+ read -r l
++ date +%s
+ echo '1791498376   Batch 263 | 2104/5000 | ['\''0.410'\'', '\''0.445'\'', '\''0.380'\'', '\''0.450'\'', '\''0.350'\'', '\''0.385'\'', '\''0.405'\'', '\''0.350'\'']'
+ IFS=
+ read -r l
++ date +%s
+ echo '1791498382   Batch 264 | 2112/5000 | ['\''0.335'\'', '\''0.430'\'', '\''0.295'\'', '\''0.470'\'', '\''0.400'\'', '\''0.395'\'', '\''0.355'\'', '\''0.250'\'']'
+ IFS=
+ read -r l
++ date +%s
+ echo '1791498388   Batch 265 | 2120/5000 | ['\''0.450'\'', '\''0.330'\'', '\''0.395'\'', '\''0.460'\'', '\''0.420'\'', '\''0.475'\'', '\''0.350'\'', '\''0.380'\'']'
+ IFS=
+ read -r l
++ date +%s
+ echo '1791498395   Batch 266 | 2128/5000 | ['\''0.445'\'', '\''0.370'\'', '\''0.385'\'', '\''0.390'\'', '\''0.400'\'', '\''0.385'\'', '\''0.385'\'', '\''0.365'\'']'
+ IFS=
+ read -r l
++ date +%s
+ echo '1791498401   Batch 267 | 2136/5000 | ['\''0.410'\'', '\''0.390'\'', '\''0.385'\'', '\''0.480'\'', '\''0.490'\'', '\''0.395'\'', '\''0.380'\'', '\''0.460'\'']'
+ IFS=
+ read -r l
++ date +%s
+ echo '1791498407   Batch 268 | 2144/5000 | ['\''0.435'\'', '\''0.400'\'', '\''0.445'\'', '\''0.420'\'', '\''0.430'\'', '\''0.400'\'', '\''0.455'\'', '\''0.370'\'']'
+ IFS=
+ read -r l
++ date +%s
+ echo '1791498414   Batch 269 | 2152/5000 | ['\''0.410'\'', '\''0.375'\'', '\''0.380'\'', '\''0.405'\'', '\''0.355'\'', '\''0.440'\'', '\''0.435'\'', '\''0.380'\'']'
+ IFS=
+ read -r l
++ date +%s
+ echo '1791498420   Batch 270 | 2160/5000 | ['\''0.390'\'', '\''0.440'\'', '\''0.400'\'', '\''0.380'\'', '\''0.460'\'', '\''0.410'\'', '\''0.380'\'', '\''0.370'\'']'
+ IFS=
+ read -r l
++ date +%s
+ echo '1791498426   Batch 271 | 2168/5000 | ['\''0.380'\'', '\''0.430'\'', '\''0.470'\'', '\''0.475'\'', '\''0.430'\'', '\''0.300'\'', '\''0.280'\'', '\''0.370'\'']'
+ IFS=
+ read -r l
++ date +%s
+ echo '1791498433   Batch 272 | 2176/5000 | ['\''0.440'\'', '\''0.345'\'', '\''0.430'\'', '\''0.360'\'', '\''0.405'\'', '\''0.395'\'', '\''0.460'\'', '\''0.430'\'']'
+ IFS=
+ read -r l
++ date +%s
+ echo '1791498439   Batch 273 | 2184/5000 | ['\''0.490'\'', '\''0.485'\'', '\''0.505'\'', '\''0.440'\'', '\''0.330'\'', '\''0.365'\'', '\''0.435'\'', '\''0.355'\'']'
+ IFS=
+ read -r l
++ date +%s
+ echo '1791498446   Batch 274 | 2192/5000 | ['\''0.405'\'', '\''0.380'\'', '\''0.430'\'', '\''0.500'\'', '\''0.390'\'', '\''0.430'\'', '\''0.440'\'', '\''0.515'\'']'
+ IFS=
+ read -r l
++ date +%s
+ echo '1791498452   Batch 275 | 2200/5000 | ['\''0.430'\'', '\''0.500'\'', '\''0.375'\'', '\''0.390'\'', '\''0.490'\'', '\''0.390'\'', '\''0.425'\'', '\''0.460'\'']'
+ IFS=
+ read -r l
++ date +%s
+ echo '1791498459   Batch 276 | 2208/5000 | ['\''0.500'\'', '\''0.510'\'', '\''0.340'\'', '\''0.450'\'', '\''0.435'\'', '\''0.400'\'', '\''0.390'\'', '\''0.450'\'']'
+ IFS=
+ read -r l
++ date +%s
+ echo '1791498465   Batch 277 | 2216/5000 | ['\''0.460'\'', '\''0.435'\'', '\''0.445'\'', '\''0.380'\'', '\''0.510'\'', '\''0.450'\'', '\''0.385'\'', '\''0.415'\'']'
+ IFS=
+ read -r l
++ date +%s
+ echo '1791498472   Batch 278 | 2224/5000 | ['\''0.425'\'', '\''0.415'\'', '\''0.495'\'', '\''0.425'\'', '\''0.395'\'', '\''0.425'\'', '\''0.490'\'', '\''0.405'\'']'
+ IFS=
+ read -r l
++ date +%s
+ echo '1791498479   Batch 279 | 2232/5000 | ['\''0.435'\'', '\''0.405'\'', '\''0.420'\'', '\''0.420'\'', '\''0.490'\'', '\''0.375'\'', '\''0.370'\'', '\''0.430'\'']'
+ IFS=
+ read -r l
++ date +%s
+ echo '1791498485   Batch 280 | 2240/5000 | ['\''0.355'\'', '\''0.460'\'', '\''0.430'\'', '\''0.380'\'', '\''0.420'\'', '\''0.270'\'', '\''0.410'\'', '\''0.415'\'']'
+ IFS=
+ read -r l
++ date +%s
+ echo '1791498491   Batch 281 | 2248/5000 | ['\''0.415'\'', '\''0.410'\'', '\''0.365'\'', '\''0.490'\'', '\''0.375'\'', '\''0.415'\'', '\''0.495'\'', '\''0.430'\'']'
+ IFS=
+ read -r l
++ date +%s
+ echo '1791498498   Batch 282 | 2256/5000 | ['\''0.430'\'', '\''0.490'\'', '\''0.395'\'', '\''0.480'\'', '\''0.385'\'', '\''0.475'\'', '\''0.430'\'', '\''0.190'\'']'
+ IFS=
+ read -r l
++ date +%s
+ echo '1791498504   Batch 283 | 2264/5000 | ['\''0.400'\'', '\''0.405'\'', '\''0.415'\'', '\''0.460'\'', '\''0.405'\'', '\''0.400'\'', '\''0.410'\'', '\''0.415'\'']'
+ IFS=
+ read -r l
++ date +%s
+ echo '1791498510   Batch 284 | 2272/5000 | ['\''0.360'\'', '\''0.470'\'', '\''0.390'\'', '\''0.400'\'', '\''0.485'\'', '\''0.470'\'', '\''0.455'\'', '\''0.365'\'']'
+ IFS=
+ read -r l
++ date +%s
+ echo '1791498517   Batch 285 | 2280/5000 | ['\''0.415'\'', '\''0.415'\'', '\''0.415'\'', '\''0.465'\'', '\''0.455'\'', '\''0.445'\'', '\''0.370'\'', '\''0.410'\'']'
+ IFS=
+ read -r l
++ date +%s
+ echo '1791498523   Batch 286 | 2288/5000 | ['\''0.420'\'', '\''0.550'\'', '\''0.440'\'', '\''0.350'\'', '\''0.360'\'', '\''0.395'\'', '\''0.440'\'', '\''0.380'\'']'
+ IFS=
+ read -r l
++ date +%s
+ echo '1791498529   Batch 287 | 2296/5000 | ['\''0.400'\'', '\''0.355'\'', '\''0.330'\'', '\''0.265'\'', '\''0.560'\'', '\''0.405'\'', '\''0.505'\'', '\''0.450'\'']'
+ IFS=
+ read -r l
++ date +%s
+ echo '1791498536   Batch 288 | 2304/5000 | ['\''0.385'\'', '\''0.365'\'', '\''0.495'\'', '\''0.275'\'', '\''0.360'\'', '\''0.390'\'', '\''0.360'\'', '\''0.425'\'']'
+ IFS=
+ read -r l
++ date +%s
+ echo '1791498542   Batch 289 | 2312/5000 | ['\''0.505'\'', '\''0.450'\'', '\''0.470'\'', '\''0.505'\'', '\''0.465'\'', '\''0.335'\'', '\''0.415'\'', '\''0.380'\'']'
+ IFS=
+ read -r l
++ date +%s
+ echo '1791498548   Batch 290 | 2320/5000 | ['\''0.515'\'', '\''0.410'\'', '\''0.370'\'', '\''0.455'\'', '\''0.425'\'', '\''0.420'\'', '\''0.415'\'', '\''0.420'\'']'
+ IFS=
+ read -r l
++ date +%s
+ echo '1791498555   Batch 291 | 2328/5000 | ['\''0.400'\'', '\''0.510'\'', '\''0.390'\'', '\''0.455'\'', '\''0.320'\'', '\''0.510'\'', '\''0.405'\'', '\''0.435'\'']'
+ IFS=
+ read -r l
++ date +%s
+ echo '1791498561   Batch 292 | 2336/5000 | ['\''0.435'\'', '\''0.445'\'', '\''0.440'\'', '\''0.475'\'', '\''0.435'\'', '\''0.465'\'', '\''0.435'\'', '\''0.455'\'']'
+ IFS=
+ read -r l
++ date +%s
+ echo '1791498567   Batch 293 | 2344/5000 | ['\''0.470'\'', '\''0.410'\'', '\''0.395'\'', '\''0.380'\'', '\''0.410'\'', '\''0.455'\'', '\''0.440'\'', '\''0.415'\'']'
+ IFS=
+ read -r l
++ date +%s
+ echo '1791498573   Batch 294 | 2352/5000 | ['\''0.450'\'', '\''0.360'\'', '\''0.430'\'', '\''0.470'\'', '\''0.345'\'', '\''0.525'\'', '\''0.345'\'', '\''0.415'\'']'
+ IFS=
+ read -r l
++ date +%s
+ echo '1791498580   Batch 295 | 2360/5000 | ['\''0.285'\'', '\''0.305'\'', '\''0.300'\'', '\''0.500'\'', '\''0.465'\'', '\''0.445'\'', '\''0.445'\'', '\''0.400'\'']'
+ IFS=
+ read -r l
++ date +%s
+ echo '1791498586   Batch 296 | 2368/5000 | ['\''0.545'\'', '\''0.415'\'', '\''0.415'\'', '\''0.420'\'', '\''0.385'\'', '\''0.475'\'', '\''0.450'\'', '\''0.385'\'']'
+ IFS=
+ read -r l
++ date +%s
+ echo '1791498592   Batch 297 | 2376/5000 | ['\''0.330'\'', '\''0.310'\'', '\''0.430'\'', '\''0.390'\'', '\''0.320'\'', '\''0.430'\'', '\''0.330'\'', '\''0.425'\'']'
+ IFS=
+ read -r l
++ date +%s
+ echo '1791498599   Batch 298 | 2384/5000 | ['\''0.435'\'', '\''0.430'\'', '\''0.430'\'', '\''0.400'\'', '\''0.340'\'', '\''0.375'\'', '\''0.500'\'', '\''0.420'\'']'
+ IFS=
+ read -r l
++ date +%s
+ echo '1791498605   Batch 299 | 2392/5000 | ['\''0.440'\'', '\''0.315'\'', '\''0.445'\'', '\''0.340'\'', '\''0.425'\'', '\''0.340'\'', '\''0.505'\'', '\''0.385'\'']'
+ IFS=
+ read -r l
++ date +%s
+ echo '1791498611   Batch 300 | 2400/5000 | ['\''0.490'\'', '\''0.370'\'', '\''0.265'\'', '\''0.465'\'', '\''0.410'\'', '\''0.495'\'', '\''0.375'\'', '\''0.350'\'']'
+ IFS=
+ read -r l
++ date +%s
+ echo '1791498617   Batch 301 | 2408/5000 | ['\''0.370'\'', '\''0.430'\'', '\''0.295'\'', '\''0.490'\'', '\''0.410'\'', '\''0.420'\'', '\''0.375'\'', '\''0.375'\'']'
+ IFS=
+ read -r l
++ date +%s
+ echo '1791498624   Batch 302 | 2416/5000 | ['\''0.410'\'', '\''0.425'\'', '\''0.490'\'', '\''0.395'\'', '\''0.470'\'', '\''0.310'\'', '\''0.500'\'', '\''0.465'\'']'
+ IFS=
+ read -r l
++ date +%s
+ echo '1791498630   Batch 303 | 2424/5000 | ['\''0.370'\'', '\''0.420'\'', '\''0.360'\'', '\''0.420'\'', '\''0.335'\'', '\''0.405'\'', '\''0.405'\'', '\''0.425'\'']'
+ IFS=
+ read -r l
++ date +%s
+ echo '1791498636   Batch 304 | 2432/5000 | ['\''0.470'\'', '\''0.420'\'', '\''0.335'\'', '\''0.475'\'', '\''0.380'\'', '\''0.410'\'', '\''0.450'\'', '\''0.360'\'']'
+ IFS=
+ read -r l
++ date +%s
+ echo '1791498643   Batch 305 | 2440/5000 | ['\''0.425'\'', '\''0.410'\'', '\''0.340'\'', '\''0.485'\'', '\''0.390'\'', '\''0.405'\'', '\''0.470'\'', '\''0.500'\'']'
+ IFS=
+ read -r l
++ date +%s
+ echo '1791498649   Batch 306 | 2448/5000 | ['\''0.335'\'', '\''0.435'\'', '\''0.515'\'', '\''0.435'\'', '\''0.440'\'', '\''0.430'\'', '\''0.370'\'', '\''0.410'\'']'
+ IFS=
+ read -r l
++ date +%s
+ echo '1791498655   Batch 307 | 2456/5000 | ['\''0.455'\'', '\''0.380'\'', '\''0.445'\'', '\''0.445'\'', '\''0.395'\'', '\''0.505'\'', '\''0.405'\'', '\''0.405'\'']'
+ IFS=
+ read -r l
++ date +%s
+ echo '1791498661   Batch 308 | 2464/5000 | ['\''0.365'\'', '\''0.390'\'', '\''0.395'\'', '\''0.395'\'', '\''0.475'\'', '\''0.400'\'', '\''0.420'\'', '\''0.310'\'']'
+ IFS=
+ read -r l
++ date +%s
+ echo '1791498668   Batch 309 | 2472/5000 | ['\''0.465'\'', '\''0.445'\'', '\''0.465'\'', '\''0.500'\'', '\''0.320'\'', '\''0.420'\'', '\''0.475'\'', '\''0.360'\'']'
+ IFS=
+ read -r l
++ date +%s
+ echo '1791498674   Batch 310 | 2480/5000 | ['\''0.390'\'', '\''0.360'\'', '\''0.375'\'', '\''0.425'\'', '\''0.425'\'', '\''0.325'\'', '\''0.400'\'', '\''0.470'\'']'
+ IFS=
+ read -r l
++ date +%s
+ echo '1791498680   Batch 311 | 2488/5000 | ['\''0.375'\'', '\''0.365'\'', '\''0.380'\'', '\''0.415'\'', '\''0.420'\'', '\''0.370'\'', '\''0.350'\'', '\''0.430'\'']'
+ IFS=
+ read -r l
++ date +%s
+ echo '1791498687   Batch 312 | 2496/5000 | ['\''0.420'\'', '\''0.445'\'', '\''0.400'\'', '\''0.335'\'', '\''0.350'\'', '\''0.415'\'', '\''0.285'\'', '\''0.325'\'']'
+ IFS=
+ read -r l
++ date +%s
+ echo '1791498693   Batch 313 | 2504/5000 | ['\''0.490'\'', '\''0.420'\'', '\''0.420'\'', '\''0.455'\'', '\''0.500'\'', '\''0.315'\'', '\''0.455'\'', '\''0.375'\'']'
+ IFS=
+ read -r l
++ date +%s
+ echo '1791498700   Batch 314 | 2512/5000 | ['\''0.430'\'', '\''0.305'\'', '\''0.420'\'', '\''0.420'\'', '\''0.385'\'', '\''0.425'\'', '\''0.310'\'', '\''0.395'\'']'
+ IFS=
+ read -r l
++ date +%s
+ echo '1791498706   Batch 315 | 2520/5000 | ['\''0.375'\'', '\''0.260'\'', '\''0.370'\'', '\''0.400'\'', '\''0.435'\'', '\''0.430'\'', '\''0.420'\'', '\''0.420'\'']'
+ IFS=
+ read -r l
++ date +%s
+ echo '1791498713   Batch 316 | 2528/5000 | ['\''0.450'\'', '\''0.385'\'', '\''0.405'\'', '\''0.285'\'', '\''0.390'\'', '\''0.470'\'', '\''0.430'\'', '\''0.480'\'']'
+ IFS=
+ read -r l
++ date +%s
+ echo '1791498719   Batch 317 | 2536/5000 | ['\''0.300'\'', '\''0.475'\'', '\''0.375'\'', '\''0.405'\'', '\''0.315'\'', '\''0.445'\'', '\''0.415'\'', '\''0.390'\'']'
+ IFS=
+ read -r l
++ date +%s
+ echo '1791498726   Batch 318 | 2544/5000 | ['\''0.330'\'', '\''0.380'\'', '\''0.475'\'', '\''0.420'\'', '\''0.430'\'', '\''0.330'\'', '\''0.350'\'', '\''0.405'\'']'
+ IFS=
+ read -r l
++ date +%s
+ echo '1791498732   Batch 319 | 2552/5000 | ['\''0.370'\'', '\''0.400'\'', '\''0.405'\'', '\''0.300'\'', '\''0.410'\'', '\''0.350'\'', '\''0.400'\'', '\''0.325'\'']'
+ IFS=
+ read -r l
++ date +%s
+ echo '1791498738   Batch 320 | 2560/5000 | ['\''0.430'\'', '\''0.470'\'', '\''0.420'\'', '\''0.495'\'', '\''0.320'\'', '\''0.325'\'', '\''0.460'\'', '\''0.325'\'']'
+ IFS=
+ read -r l
++ date +%s
+ echo '1791498745   Batch 321 | 2568/5000 | ['\''0.450'\'', '\''0.425'\'', '\''0.395'\'', '\''0.285'\'', '\''0.375'\'', '\''0.395'\'', '\''0.335'\'', '\''0.425'\'']'
+ IFS=
+ read -r l
++ date +%s
+ echo '1791498751   Batch 322 | 2576/5000 | ['\''0.400'\'', '\''0.240'\'', '\''0.510'\'', '\''0.490'\'', '\''0.470'\'', '\''0.455'\'', '\''0.395'\'', '\''0.430'\'']'
+ IFS=
+ read -r l
++ date +%s
+ echo '1791498758   Batch 323 | 2584/5000 | ['\''0.435'\'', '\''0.425'\'', '\''0.410'\'', '\''0.425'\'', '\''0.350'\'', '\''0.410'\'', '\''0.225'\'', '\''0.485'\'']'
+ IFS=
+ read -r l
++ date +%s
+ echo '1791498764   Batch 324 | 2592/5000 | ['\''0.385'\'', '\''0.450'\'', '\''0.385'\'', '\''0.465'\'', '\''0.525'\'', '\''0.440'\'', '\''0.385'\'', '\''0.370'\'']'
+ IFS=
+ read -r l
++ date +%s
+ echo '1791498771   Batch 325 | 2600/5000 | ['\''0.355'\'', '\''0.420'\'', '\''0.410'\'', '\''0.370'\'', '\''0.370'\'', '\''0.515'\'', '\''0.470'\'', '\''0.485'\'']'
+ IFS=
+ read -r l
++ date +%s
+ echo '1791498777   Batch 326 | 2608/5000 | ['\''0.510'\'', '\''0.455'\'', '\''0.410'\'', '\''0.475'\'', '\''0.380'\'', '\''0.280'\'', '\''0.410'\'', '\''0.360'\'']'
+ IFS=
+ read -r l
++ date +%s
+ echo '1791498783   Batch 327 | 2616/5000 | ['\''0.450'\'', '\''0.295'\'', '\''0.275'\'', '\''0.465'\'', '\''0.360'\'', '\''0.350'\'', '\''0.455'\'', '\''0.350'\'']'
+ IFS=
+ read -r l
++ date +%s
+ echo '1791498790   Batch 328 | 2624/5000 | ['\''0.445'\'', '\''0.390'\'', '\''0.315'\'', '\''0.430'\'', '\''0.445'\'', '\''0.365'\'', '\''0.380'\'', '\''0.425'\'']'
+ IFS=
+ read -r l
++ date +%s
+ echo '1791498796   Batch 329 | 2632/5000 | ['\''0.425'\'', '\''0.425'\'', '\''0.465'\'', '\''0.490'\'', '\''0.410'\'', '\''0.440'\'', '\''0.365'\'', '\''0.335'\'']'
+ IFS=
+ read -r l
++ date +%s
+ echo '1791498802   Batch 330 | 2640/5000 | ['\''0.335'\'', '\''0.465'\'', '\''0.440'\'', '\''0.460'\'', '\''0.290'\'', '\''0.385'\'', '\''0.325'\'', '\''0.465'\'']'
+ IFS=
+ read -r l
++ date +%s
+ echo '1791498809   Batch 331 | 2648/5000 | ['\''0.290'\'', '\''0.350'\'', '\''0.290'\'', '\''0.460'\'', '\''0.430'\'', '\''0.410'\'', '\''0.370'\'', '\''0.420'\'']'
+ IFS=
+ read -r l
++ date +%s
+ echo '1791498815   Batch 332 | 2656/5000 | ['\''0.445'\'', '\''0.430'\'', '\''0.395'\'', '\''0.420'\'', '\''0.425'\'', '\''0.255'\'', '\''0.360'\'', '\''0.480'\'']'
+ IFS=
+ read -r l
++ date +%s
+ echo '1791498821   Batch 333 | 2664/5000 | ['\''0.445'\'', '\''0.340'\'', '\''0.280'\'', '\''0.420'\'', '\''0.420'\'', '\''0.345'\'', '\''0.460'\'', '\''0.390'\'']'
+ IFS=
+ read -r l
++ date +%s
+ echo '1791498828   Batch 334 | 2672/5000 | ['\''0.390'\'', '\''0.390'\'', '\''0.465'\'', '\''0.405'\'', '\''0.385'\'', '\''0.420'\'', '\''0.360'\'', '\''0.495'\'']'
+ IFS=
+ read -r l
++ date +%s
+ echo '1791498834   Batch 335 | 2680/5000 | ['\''0.465'\'', '\''0.415'\'', '\''0.360'\'', '\''0.400'\'', '\''0.350'\'', '\''0.415'\'', '\''0.400'\'', '\''0.430'\'']'
+ IFS=
+ read -r l
++ date +%s
+ echo '1791498841   Batch 336 | 2688/5000 | ['\''0.440'\'', '\''0.415'\'', '\''0.430'\'', '\''0.435'\'', '\''0.180'\'', '\''0.405'\'', '\''0.440'\'', '\''0.405'\'']'
+ IFS=
+ read -r l
++ date +%s
+ echo '1791498847   Batch 337 | 2696/5000 | ['\''0.385'\'', '\''0.305'\'', '\''0.470'\'', '\''0.455'\'', '\''0.395'\'', '\''0.450'\'', '\''0.295'\'', '\''0.360'\'']'
+ IFS=
+ read -r l
++ date +%s
+ echo '1791498854   Batch 338 | 2704/5000 | ['\''0.550'\'', '\''0.445'\'', '\''0.385'\'', '\''0.455'\'', '\''0.290'\'', '\''0.310'\'', '\''0.460'\'', '\''0.350'\'']'
+ IFS=
+ read -r l
++ date +%s
+ echo '1791498860   Batch 339 | 2712/5000 | ['\''0.355'\'', '\''0.385'\'', '\''0.420'\'', '\''0.445'\'', '\''0.395'\'', '\''0.395'\'', '\''0.375'\'', '\''0.420'\'']'
+ IFS=
+ read -r l
++ date +%s
+ echo '1791498867   Batch 340 | 2720/5000 | ['\''0.410'\'', '\''0.375'\'', '\''0.385'\'', '\''0.420'\'', '\''0.485'\'', '\''0.425'\'', '\''0.395'\'', '\''0.235'\'']'
+ IFS=
+ read -r l
++ date +%s
+ echo '1791498874   Batch 341 | 2728/5000 | ['\''0.430'\'', '\''0.410'\'', '\''0.315'\'', '\''0.410'\'', '\''0.375'\'', '\''0.315'\'', '\''0.420'\'', '\''0.290'\'']'
+ IFS=
+ read -r l
++ date +%s
+ echo '1791498880   Batch 342 | 2736/5000 | ['\''0.410'\'', '\''0.435'\'', '\''0.425'\'', '\''0.475'\'', '\''0.450'\'', '\''0.430'\'', '\''0.425'\'', '\''0.425'\'']'
+ IFS=
+ read -r l
++ date +%s
+ echo '1791498887   Batch 343 | 2744/5000 | ['\''0.470'\'', '\''0.395'\'', '\''0.400'\'', '\''0.450'\'', '\''0.390'\'', '\''0.400'\'', '\''0.535'\'', '\''0.375'\'']'
+ IFS=
+ read -r l
++ date +%s
+ echo '1791498893   Batch 344 | 2752/5000 | ['\''0.470'\'', '\''0.440'\'', '\''0.440'\'', '\''0.390'\'', '\''0.175'\'', '\''0.300'\'', '\''0.385'\'', '\''0.390'\'']'
+ IFS=
+ read -r l
++ date +%s
+ echo '1791498900   Batch 345 | 2760/5000 | ['\''0.440'\'', '\''0.455'\'', '\''0.390'\'', '\''0.305'\'', '\''0.410'\'', '\''0.405'\'', '\''0.460'\'', '\''0.510'\'']'
+ IFS=
+ read -r l
++ date +%s
+ echo '1791498906   Batch 346 | 2768/5000 | ['\''0.430'\'', '\''0.490'\'', '\''0.510'\'', '\''0.375'\'', '\''0.550'\'', '\''0.335'\'', '\''0.320'\'', '\''0.325'\'']'
+ IFS=
+ read -r l
++ date +%s
+ echo '1791498912   Batch 347 | 2776/5000 | ['\''0.340'\'', '\''0.375'\'', '\''0.345'\'', '\''0.370'\'', '\''0.345'\'', '\''0.395'\'', '\''0.415'\'', '\''0.425'\'']'
+ IFS=
+ read -r l
++ date +%s
+ echo '1791498918   Batch 348 | 2784/5000 | ['\''0.445'\'', '\''0.410'\'', '\''0.415'\'', '\''0.435'\'', '\''0.475'\'', '\''0.440'\'', '\''0.445'\'', '\''0.485'\'']'
+ IFS=
+ read -r l
++ date +%s
+ echo '1791498925   Batch 349 | 2792/5000 | ['\''0.385'\'', '\''0.385'\'', '\''0.365'\'', '\''0.485'\'', '\''0.455'\'', '\''0.330'\'', '\''0.420'\'', '\''0.375'\'']'
+ IFS=
+ read -r l
++ date +%s
+ echo '1791498931   Batch 350 | 2800/5000 | ['\''0.390'\'', '\''0.460'\'', '\''0.350'\'', '\''0.530'\'', '\''0.400'\'', '\''0.360'\'', '\''0.430'\'', '\''0.345'\'']'
+ IFS=
+ read -r l
++ date +%s
+ echo '1791498937   Batch 351 | 2808/5000 | ['\''0.400'\'', '\''0.405'\'', '\''0.410'\'', '\''0.430'\'', '\''0.365'\'', '\''0.500'\'', '\''0.405'\'', '\''0.365'\'']'
+ IFS=
+ read -r l
++ date +%s
+ echo '1791498943   Batch 352 | 2816/5000 | ['\''0.470'\'', '\''0.415'\'', '\''0.370'\'', '\''0.335'\'', '\''0.280'\'', '\''0.380'\'', '\''0.400'\'', '\''0.420'\'']'
+ IFS=
+ read -r l
++ date +%s
+ echo '1791498950   Batch 353 | 2824/5000 | ['\''0.410'\'', '\''0.440'\'', '\''0.480'\'', '\''0.465'\'', '\''0.405'\'', '\''0.430'\'', '\''0.450'\'', '\''0.450'\'']'
+ IFS=
+ read -r l
++ date +%s
+ echo '1791498956   Batch 354 | 2832/5000 | ['\''0.385'\'', '\''0.520'\'', '\''0.280'\'', '\''0.510'\'', '\''0.315'\'', '\''0.390'\'', '\''0.340'\'', '\''0.490'\'']'
+ IFS=
+ read -r l
++ date +%s
+ echo '1791498962   Batch 355 | 2840/5000 | ['\''0.450'\'', '\''0.390'\'', '\''0.440'\'', '\''0.450'\'', '\''0.410'\'', '\''0.435'\'', '\''0.485'\'', '\''0.420'\'']'
+ IFS=
+ read -r l
++ date +%s
+ echo '1791498968   Batch 356 | 2848/5000 | ['\''0.350'\'', '\''0.350'\'', '\''0.335'\'', '\''0.370'\'', '\''0.475'\'', '\''0.395'\'', '\''0.550'\'', '\''0.455'\'']'
+ IFS=
+ read -r l
++ date +%s
+ echo '1791498975   Batch 357 | 2856/5000 | ['\''0.400'\'', '\''0.430'\'', '\''0.370'\'', '\''0.375'\'', '\''0.450'\'', '\''0.420'\'', '\''0.410'\'', '\''0.415'\'']'
+ IFS=
+ read -r l
++ date +%s
+ echo '1791498981   Batch 358 | 2864/5000 | ['\''0.455'\'', '\''0.420'\'', '\''0.370'\'', '\''0.470'\'', '\''0.450'\'', '\''0.395'\'', '\''0.445'\'', '\''0.345'\'']'
+ IFS=
+ read -r l
++ date +%s
+ echo '1791498987   Batch 359 | 2872/5000 | ['\''0.405'\'', '\''0.395'\'', '\''0.425'\'', '\''0.370'\'', '\''0.450'\'', '\''0.300'\'', '\''0.515'\'', '\''0.410'\'']'
+ IFS=
+ read -r l
++ date +%s
+ echo '1791498993   Batch 360 | 2880/5000 | ['\''0.460'\'', '\''0.415'\'', '\''0.350'\'', '\''0.440'\'', '\''0.400'\'', '\''0.265'\'', '\''0.445'\'', '\''0.445'\'']'
+ IFS=
+ read -r l
++ date +%s
+ echo '1791498999   Batch 361 | 2888/5000 | ['\''0.400'\'', '\''0.535'\'', '\''0.355'\'', '\''0.370'\'', '\''0.480'\'', '\''0.405'\'', '\''0.330'\'', '\''0.395'\'']'
+ IFS=
+ read -r l
++ date +%s
+ echo '1791499006   Batch 362 | 2896/5000 | ['\''0.430'\'', '\''0.460'\'', '\''0.350'\'', '\''0.475'\'', '\''0.415'\'', '\''0.425'\'', '\''0.430'\'', '\''0.435'\'']'
+ IFS=
+ read -r l
++ date +%s
+ echo '1791499012   Batch 363 | 2904/5000 | ['\''0.370'\'', '\''0.460'\'', '\''0.395'\'', '\''0.390'\'', '\''0.440'\'', '\''0.430'\'', '\''0.385'\'', '\''0.390'\'']'
+ IFS=
+ read -r l
++ date +%s
+ echo '1791499018   Batch 364 | 2912/5000 | ['\''0.425'\'', '\''0.370'\'', '\''0.395'\'', '\''0.345'\'', '\''0.415'\'', '\''0.305'\'', '\''0.410'\'', '\''0.340'\'']'
+ IFS=
+ read -r l
++ date +%s
+ echo '1791499025   Batch 365 | 2920/5000 | ['\''0.265'\'', '\''0.280'\'', '\''0.315'\'', '\''0.485'\'', '\''0.440'\'', '\''0.405'\'', '\''0.385'\'', '\''0.405'\'']'
+ IFS=
+ read -r l
++ date +%s
+ echo '1791499031   Batch 366 | 2928/5000 | ['\''0.475'\'', '\''0.470'\'', '\''0.445'\'', '\''0.420'\'', '\''0.435'\'', '\''0.410'\'', '\''0.420'\'', '\''0.515'\'']'
+ IFS=
+ read -r l
++ date +%s
+ echo '1791499037   Batch 367 | 2936/5000 | ['\''0.395'\'', '\''0.385'\'', '\''0.390'\'', '\''0.345'\'', '\''0.375'\'', '\''0.430'\'', '\''0.435'\'', '\''0.440'\'']'
+ IFS=
+ read -r l
++ date +%s
+ echo '1791499043   Batch 368 | 2944/5000 | ['\''0.460'\'', '\''0.495'\'', '\''0.385'\'', '\''0.395'\'', '\''0.325'\'', '\''0.280'\'', '\''0.420'\'', '\''0.410'\'']'
+ IFS=
+ read -r l
++ date +%s
+ echo '1791499050   Batch 369 | 2952/5000 | ['\''0.450'\'', '\''0.370'\'', '\''0.360'\'', '\''0.305'\'', '\''0.410'\'', '\''0.460'\'', '\''0.375'\'', '\''0.465'\'']'
+ IFS=
+ read -r l
++ date +%s
+ echo '1791499056   Batch 370 | 2960/5000 | ['\''0.395'\'', '\''0.445'\'', '\''0.430'\'', '\''0.470'\'', '\''0.420'\'', '\''0.360'\'', '\''0.435'\'', '\''0.325'\'']'
+ IFS=
+ read -r l
++ date +%s
+ echo '1791499062   Batch 371 | 2968/5000 | ['\''0.480'\'', '\''0.395'\'', '\''0.385'\'', '\''0.405'\'', '\''0.445'\'', '\''0.465'\'', '\''0.385'\'', '\''0.475'\'']'
+ IFS=
+ read -r l
++ date +%s
+ echo '1791499068   Batch 372 | 2976/5000 | ['\''0.280'\'', '\''0.435'\'', '\''0.460'\'', '\''0.555'\'', '\''0.495'\'', '\''0.395'\'', '\''0.465'\'', '\''0.335'\'']'
+ IFS=
+ read -r l
++ date +%s
+ echo '1791499075   Batch 373 | 2984/5000 | ['\''0.370'\'', '\''0.395'\'', '\''0.425'\'', '\''0.400'\'', '\''0.505'\'', '\''0.400'\'', '\''0.500'\'', '\''0.395'\'']'
+ IFS=
+ read -r l
++ date +%s
+ echo '1791499081   Batch 374 | 2992/5000 | ['\''0.490'\'', '\''0.345'\'', '\''0.400'\'', '\''0.475'\'', '\''0.310'\'', '\''0.380'\'', '\''0.490'\'', '\''0.425'\'']'
+ IFS=
+ read -r l
++ date +%s
+ echo '1791499087   Batch 375 | 3000/5000 | ['\''0.440'\'', '\''0.415'\'', '\''0.435'\'', '\''0.400'\'', '\''0.430'\'', '\''0.340'\'', '\''0.410'\'', '\''0.370'\'']'
+ IFS=
+ read -r l
++ date +%s
+ echo '1791499093   Batch 376 | 3008/5000 | ['\''0.245'\'', '\''0.370'\'', '\''0.500'\'', '\''0.415'\'', '\''0.450'\'', '\''0.375'\'', '\''0.355'\'', '\''0.330'\'']'
+ IFS=
+ read -r l
++ date +%s
+ echo '1791499099   Batch 377 | 3016/5000 | ['\''0.165'\'', '\''0.430'\'', '\''0.200'\'', '\''0.385'\'', '\''0.400'\'', '\''0.420'\'', '\''0.420'\'', '\''0.430'\'']'
+ IFS=
+ read -r l
++ date +%s
+ echo '1791499106   Batch 378 | 3024/5000 | ['\''0.390'\'', '\''0.340'\'', '\''0.455'\'', '\''0.310'\'', '\''0.525'\'', '\''0.480'\'', '\''0.470'\'', '\''0.395'\'']'
+ IFS=
+ read -r l
++ date +%s
+ echo '1791499112   Batch 379 | 3032/5000 | ['\''0.400'\'', '\''0.485'\'', '\''0.395'\'', '\''0.440'\'', '\''0.410'\'', '\''0.430'\'', '\''0.350'\'', '\''0.420'\'']'
+ IFS=
+ read -r l
++ date +%s
+ echo '1791499118   Batch 380 | 3040/5000 | ['\''0.500'\'', '\''0.400'\'', '\''0.425'\'', '\''0.285'\'', '\''0.435'\'', '\''0.340'\'', '\''0.465'\'', '\''0.440'\'']'
+ IFS=
+ read -r l
++ date +%s
+ echo '1791499124   Batch 381 | 3048/5000 | ['\''0.490'\'', '\''0.385'\'', '\''0.475'\'', '\''0.415'\'', '\''0.370'\'', '\''0.330'\'', '\''0.395'\'', '\''0.515'\'']'
+ IFS=
+ read -r l
++ date +%s
+ echo '1791499130   Batch 382 | 3056/5000 | ['\''0.415'\'', '\''0.420'\'', '\''0.480'\'', '\''0.420'\'', '\''0.480'\'', '\''0.435'\'', '\''0.410'\'', '\''0.385'\'']'
+ IFS=
+ read -r l
++ date +%s
+ echo '1791499137   Batch 383 | 3064/5000 | ['\''0.425'\'', '\''0.455'\'', '\''0.330'\'', '\''0.385'\'', '\''0.430'\'', '\''0.375'\'', '\''0.395'\'', '\''0.320'\'']'
+ IFS=
+ read -r l
++ date +%s
+ echo '1791499143   Batch 384 | 3072/5000 | ['\''0.410'\'', '\''0.380'\'', '\''0.385'\'', '\''0.365'\'', '\''0.410'\'', '\''0.335'\'', '\''0.450'\'', '\''0.305'\'']'
+ IFS=
+ read -r l
++ date +%s
+ echo '1791499149   Batch 385 | 3080/5000 | ['\''0.465'\'', '\''0.365'\'', '\''0.420'\'', '\''0.310'\'', '\''0.310'\'', '\''0.400'\'', '\''0.430'\'', '\''0.480'\'']'
+ IFS=
+ read -r l
++ date +%s
+ echo '1791499155   Batch 386 | 3088/5000 | ['\''0.355'\'', '\''0.390'\'', '\''0.410'\'', '\''0.400'\'', '\''0.420'\'', '\''0.430'\'', '\''0.445'\'', '\''0.465'\'']'
+ IFS=
+ read -r l
++ date +%s
+ echo '1791499162   Batch 387 | 3096/5000 | ['\''0.345'\'', '\''0.225'\'', '\''0.415'\'', '\''0.405'\'', '\''0.365'\'', '\''0.395'\'', '\''0.465'\'', '\''0.380'\'']'
+ IFS=
+ read -r l
++ date +%s
+ echo '1791499168   Batch 388 | 3104/5000 | ['\''0.340'\'', '\''0.455'\'', '\''0.460'\'', '\''0.350'\'', '\''0.450'\'', '\''0.380'\'', '\''0.380'\'', '\''0.485'\'']'
+ IFS=
+ read -r l
++ date +%s
+ echo '1791499174   Batch 389 | 3112/5000 | ['\''0.375'\'', '\''0.375'\'', '\''0.490'\'', '\''0.430'\'', '\''0.405'\'', '\''0.440'\'', '\''0.440'\'', '\''0.360'\'']'
+ IFS=
+ read -r l
++ date +%s
+ echo '1791499180   Batch 390 | 3120/5000 | ['\''0.255'\'', '\''0.375'\'', '\''0.435'\'', '\''0.340'\'', '\''0.380'\'', '\''0.430'\'', '\''0.365'\'', '\''0.375'\'']'
+ IFS=
+ read -r l
++ date +%s
+ echo '1791499186   Batch 391 | 3128/5000 | ['\''0.390'\'', '\''0.380'\'', '\''0.450'\'', '\''0.430'\'', '\''0.445'\'', '\''0.425'\'', '\''0.445'\'', '\''0.455'\'']'
+ IFS=
+ read -r l
++ date +%s
+ echo '1791499193   Batch 392 | 3136/5000 | ['\''0.405'\'', '\''0.465'\'', '\''0.355'\'', '\''0.340'\'', '\''0.470'\'', '\''0.325'\'', '\''0.420'\'', '\''0.250'\'']'
+ IFS=
+ read -r l
++ date +%s
+ echo '1791499199   Batch 393 | 3144/5000 | ['\''0.425'\'', '\''0.375'\'', '\''0.430'\'', '\''0.315'\'', '\''0.465'\'', '\''0.430'\'', '\''0.285'\'', '\''0.390'\'']'
+ IFS=
+ read -r l
++ date +%s
+ echo '1791499205   Batch 394 | 3152/5000 | ['\''0.415'\'', '\''0.385'\'', '\''0.445'\'', '\''0.445'\'', '\''0.440'\'', '\''0.410'\'', '\''0.330'\'', '\''0.415'\'']'
+ IFS=
+ read -r l
++ date +%s
+ echo '1791499211   Batch 395 | 3160/5000 | ['\''0.455'\'', '\''0.375'\'', '\''0.390'\'', '\''0.440'\'', '\''0.455'\'', '\''0.390'\'', '\''0.535'\'', '\''0.345'\'']'
+ IFS=
+ read -r l
++ date +%s
+ echo '1791499218   Batch 396 | 3168/5000 | ['\''0.465'\'', '\''0.500'\'', '\''0.355'\'', '\''0.475'\'', '\''0.470'\'', '\''0.390'\'', '\''0.400'\'', '\''0.485'\'']'
+ IFS=
+ read -r l
++ date +%s
+ echo '1791499224   Batch 397 | 3176/5000 | ['\''0.470'\'', '\''0.360'\'', '\''0.460'\'', '\''0.365'\'', '\''0.430'\'', '\''0.400'\'', '\''0.425'\'', '\''0.435'\'']'
+ IFS=
+ read -r l
++ date +%s
+ echo '1791499230   Batch 398 | 3184/5000 | ['\''0.525'\'', '\''0.515'\'', '\''0.450'\'', '\''0.375'\'', '\''0.430'\'', '\''0.275'\'', '\''0.425'\'', '\''0.415'\'']'
+ IFS=
+ read -r l
++ date +%s
+ echo '1791499237   Batch 399 | 3192/5000 | ['\''0.290'\'', '\''0.305'\'', '\''0.530'\'', '\''0.405'\'', '\''0.320'\'', '\''0.365'\'', '\''0.470'\'', '\''0.365'\'']'
+ IFS=
+ read -r l
++ date +%s
+ echo '1791499243   Batch 400 | 3200/5000 | ['\''0.385'\'', '\''0.215'\'', '\''0.435'\'', '\''0.415'\'', '\''0.455'\'', '\''0.430'\'', '\''0.500'\'', '\''0.430'\'']'
+ IFS=
+ read -r l
++ date +%s
+ echo '1791499249   Batch 401 | 3208/5000 | ['\''0.410'\'', '\''0.480'\'', '\''0.420'\'', '\''0.445'\'', '\''0.375'\'', '\''0.425'\'', '\''0.385'\'', '\''0.275'\'']'
+ IFS=
+ read -r l
++ date +%s
+ echo '1791499255   Batch 402 | 3216/5000 | ['\''0.460'\'', '\''0.430'\'', '\''0.410'\'', '\''0.460'\'', '\''0.425'\'', '\''0.440'\'', '\''0.410'\'', '\''0.410'\'']'
+ IFS=
+ read -r l
++ date +%s
+ echo '1791499261   Batch 403 | 3224/5000 | ['\''0.395'\'', '\''0.420'\'', '\''0.430'\'', '\''0.395'\'', '\''0.430'\'', '\''0.440'\'', '\''0.370'\'', '\''0.315'\'']'
+ IFS=
+ read -r l
++ date +%s
+ echo '1791499268   Batch 404 | 3232/5000 | ['\''0.420'\'', '\''0.385'\'', '\''0.415'\'', '\''0.440'\'', '\''0.420'\'', '\''0.410'\'', '\''0.340'\'', '\''0.370'\'']'
+ IFS=
+ read -r l
++ date +%s
+ echo '1791499274   Batch 405 | 3240/5000 | ['\''0.470'\'', '\''0.440'\'', '\''0.370'\'', '\''0.435'\'', '\''0.380'\'', '\''0.510'\'', '\''0.460'\'', '\''0.375'\'']'
+ IFS=
+ read -r l
++ date +%s
+ echo '1791499281   Batch 406 | 3248/5000 | ['\''0.400'\'', '\''0.385'\'', '\''0.450'\'', '\''0.340'\'', '\''0.415'\'', '\''0.390'\'', '\''0.440'\'', '\''0.420'\'']'
+ IFS=
+ read -r l
++ date +%s
+ echo '1791499287   Batch 407 | 3256/5000 | ['\''0.495'\'', '\''0.500'\'', '\''0.390'\'', '\''0.385'\'', '\''0.450'\'', '\''0.460'\'', '\''0.320'\'', '\''0.475'\'']'
+ IFS=
+ read -r l
++ date +%s
+ echo '1791499293   Batch 408 | 3264/5000 | ['\''0.435'\'', '\''0.395'\'', '\''0.390'\'', '\''0.405'\'', '\''0.390'\'', '\''0.350'\'', '\''0.410'\'', '\''0.440'\'']'
+ IFS=
+ read -r l
++ date +%s
+ echo '1791499299   Batch 409 | 3272/5000 | ['\''0.415'\'', '\''0.300'\'', '\''0.315'\'', '\''0.435'\'', '\''0.340'\'', '\''0.380'\'', '\''0.470'\'', '\''0.400'\'']'
+ IFS=
+ read -r l
++ date +%s
+ echo '1791499305   Batch 410 | 3280/5000 | ['\''0.460'\'', '\''0.465'\'', '\''0.425'\'', '\''0.320'\'', '\''0.360'\'', '\''0.380'\'', '\''0.385'\'', '\''0.480'\'']'
+ IFS=
+ read -r l
++ date +%s
+ echo '1791499312   Batch 411 | 3288/5000 | ['\''0.335'\'', '\''0.395'\'', '\''0.470'\'', '\''0.415'\'', '\''0.430'\'', '\''0.400'\'', '\''0.385'\'', '\''0.385'\'']'
+ IFS=
+ read -r l
++ date +%s
+ echo '1791499318   Batch 412 | 3296/5000 | ['\''0.405'\'', '\''0.510'\'', '\''0.465'\'', '\''0.370'\'', '\''0.430'\'', '\''0.475'\'', '\''0.370'\'', '\''0.450'\'']'
+ IFS=
+ read -r l
++ date +%s
+ echo '1791499324   Batch 413 | 3304/5000 | ['\''0.440'\'', '\''0.540'\'', '\''0.405'\'', '\''0.355'\'', '\''0.400'\'', '\''0.390'\'', '\''0.445'\'', '\''0.350'\'']'
+ IFS=
+ read -r l
++ date +%s
+ echo '1791499330   Batch 414 | 3312/5000 | ['\''0.305'\'', '\''0.370'\'', '\''0.360'\'', '\''0.445'\'', '\''0.330'\'', '\''0.360'\'', '\''0.415'\'', '\''0.480'\'']'
+ IFS=
+ read -r l
++ date +%s
+ echo '1791499337   Batch 415 | 3320/5000 | ['\''0.415'\'', '\''0.455'\'', '\''0.305'\'', '\''0.345'\'', '\''0.480'\'', '\''0.425'\'', '\''0.425'\'', '\''0.370'\'']'
+ IFS=
+ read -r l
++ date +%s
+ echo '1791499343   Batch 416 | 3328/5000 | ['\''0.345'\'', '\''0.445'\'', '\''0.435'\'', '\''0.350'\'', '\''0.405'\'', '\''0.430'\'', '\''0.405'\'', '\''0.490'\'']'
+ IFS=
+ read -r l
++ date +%s
+ echo '1791499349   Batch 417 | 3336/5000 | ['\''0.550'\'', '\''0.455'\'', '\''0.410'\'', '\''0.405'\'', '\''0.500'\'', '\''0.255'\'', '\''0.460'\'', '\''0.310'\'']'
+ IFS=
+ read -r l
++ date +%s
+ echo '1791499356   Batch 418 | 3344/5000 | ['\''0.455'\'', '\''0.395'\'', '\''0.455'\'', '\''0.410'\'', '\''0.350'\'', '\''0.400'\'', '\''0.470'\'', '\''0.400'\'']'
+ IFS=
+ read -r l
++ date +%s
+ echo '1791499362   Batch 419 | 3352/5000 | ['\''0.365'\'', '\''0.345'\'', '\''0.340'\'', '\''0.430'\'', '\''0.300'\'', '\''0.360'\'', '\''0.375'\'', '\''0.415'\'']'
+ IFS=
+ read -r l
++ date +%s
+ echo '1791499368   Batch 420 | 3360/5000 | ['\''0.445'\'', '\''0.395'\'', '\''0.415'\'', '\''0.435'\'', '\''0.455'\'', '\''0.380'\'', '\''0.415'\'', '\''0.445'\'']'
+ IFS=
+ read -r l
++ date +%s
+ echo '1791499374   Batch 421 | 3368/5000 | ['\''0.335'\'', '\''0.395'\'', '\''0.420'\'', '\''0.440'\'', '\''0.350'\'', '\''0.505'\'', '\''0.430'\'', '\''0.375'\'']'
+ IFS=
+ read -r l
++ date +%s
+ echo '1791499380   Batch 422 | 3376/5000 | ['\''0.270'\'', '\''0.450'\'', '\''0.470'\'', '\''0.395'\'', '\''0.430'\'', '\''0.380'\'', '\''0.505'\'', '\''0.340'\'']'
+ IFS=
+ read -r l
++ date +%s
+ echo '1791499387   Batch 423 | 3384/5000 | ['\''0.475'\'', '\''0.385'\'', '\''0.430'\'', '\''0.365'\'', '\''0.415'\'', '\''0.420'\'', '\''0.455'\'', '\''0.365'\'']'
+ IFS=
+ read -r l
++ date +%s
+ echo '1791499393   Batch 424 | 3392/5000 | ['\''0.440'\'', '\''0.370'\'', '\''0.310'\'', '\''0.440'\'', '\''0.510'\'', '\''0.445'\'', '\''0.410'\'', '\''0.335'\'']'
+ IFS=
+ read -r l
++ date +%s
+ echo '1791499399   Batch 425 | 3400/5000 | ['\''0.310'\'', '\''0.475'\'', '\''0.375'\'', '\''0.390'\'', '\''0.370'\'', '\''0.520'\'', '\''0.400'\'', '\''0.395'\'']'
+ IFS=
+ read -r l
++ date +%s
+ echo '1791499405   Batch 426 | 3408/5000 | ['\''0.455'\'', '\''0.345'\'', '\''0.465'\'', '\''0.370'\'', '\''0.490'\'', '\''0.445'\'', '\''0.345'\'', '\''0.440'\'']'
+ IFS=
+ read -r l
++ date +%s
+ echo '1791499411   Batch 427 | 3416/5000 | ['\''0.425'\'', '\''0.345'\'', '\''0.460'\'', '\''0.340'\'', '\''0.380'\'', '\''0.240'\'', '\''0.355'\'', '\''0.410'\'']'
+ IFS=
+ read -r l
++ date +%s
+ echo '1791499417   Batch 428 | 3424/5000 | ['\''0.485'\'', '\''0.475'\'', '\''0.490'\'', '\''0.410'\'', '\''0.435'\'', '\''0.415'\'', '\''0.425'\'', '\''0.380'\'']'
+ IFS=
+ read -r l
++ date +%s
+ echo '1791499424   Batch 429 | 3432/5000 | ['\''0.465'\'', '\''0.415'\'', '\''0.355'\'', '\''0.490'\'', '\''0.490'\'', '\''0.470'\'', '\''0.495'\'', '\''0.365'\'']'
+ IFS=
+ read -r l
++ date +%s
+ echo '1791499430   Batch 430 | 3440/5000 | ['\''0.385'\'', '\''0.275'\'', '\''0.385'\'', '\''0.425'\'', '\''0.415'\'', '\''0.435'\'', '\''0.450'\'', '\''0.260'\'']'
+ IFS=
+ read -r l
++ date +%s
+ echo '1791499436   Batch 431 | 3448/5000 | ['\''0.385'\'', '\''0.435'\'', '\''0.350'\'', '\''0.450'\'', '\''0.300'\'', '\''0.405'\'', '\''0.485'\'', '\''0.465'\'']'
+ IFS=
+ read -r l
++ date +%s
+ echo '1791499442   Batch 432 | 3456/5000 | ['\''0.415'\'', '\''0.320'\'', '\''0.445'\'', '\''0.410'\'', '\''0.350'\'', '\''0.410'\'', '\''0.450'\'', '\''0.365'\'']'
+ IFS=
+ read -r l
++ date +%s
+ echo '1791499449   Batch 433 | 3464/5000 | ['\''0.455'\'', '\''0.380'\'', '\''0.430'\'', '\''0.415'\'', '\''0.375'\'', '\''0.425'\'', '\''0.305'\'', '\''0.355'\'']'
+ IFS=
+ read -r l
++ date +%s
+ echo '1791499455   Batch 434 | 3472/5000 | ['\''0.315'\'', '\''0.360'\'', '\''0.325'\'', '\''0.460'\'', '\''0.405'\'', '\''0.335'\'', '\''0.440'\'', '\''0.345'\'']'
+ IFS=
+ read -r l
++ date +%s
+ echo '1791499461   Batch 435 | 3480/5000 | ['\''0.550'\'', '\''0.405'\'', '\''0.395'\'', '\''0.375'\'', '\''0.435'\'', '\''0.425'\'', '\''0.410'\'', '\''0.370'\'']'
+ IFS=
+ read -r l
++ date +%s
+ echo '1791499467   Batch 436 | 3488/5000 | ['\''0.390'\'', '\''0.350'\'', '\''0.530'\'', '\''0.440'\'', '\''0.445'\'', '\''0.380'\'', '\''0.445'\'', '\''0.405'\'']'
+ IFS=
+ read -r l
++ date +%s
+ echo '1791499474   Batch 437 | 3496/5000 | ['\''0.360'\'', '\''0.445'\'', '\''0.445'\'', '\''0.350'\'', '\''0.465'\'', '\''0.470'\'', '\''0.410'\'', '\''0.445'\'']'
+ IFS=
+ read -r l
++ date +%s
+ echo '1791499480   Batch 438 | 3504/5000 | ['\''0.395'\'', '\''0.550'\'', '\''0.265'\'', '\''0.465'\'', '\''0.285'\'', '\''0.435'\'', '\''0.455'\'', '\''0.410'\'']'
+ IFS=
+ read -r l
++ date +%s
+ echo '1791499486   Batch 439 | 3512/5000 | ['\''0.390'\'', '\''0.445'\'', '\''0.445'\'', '\''0.435'\'', '\''0.445'\'', '\''0.390'\'', '\''0.415'\'', '\''0.265'\'']'
+ IFS=
+ read -r l
++ date +%s
+ echo '1791499492   Batch 440 | 3520/5000 | ['\''0.460'\'', '\''0.415'\'', '\''0.475'\'', '\''0.410'\'', '\''0.385'\'', '\''0.450'\'', '\''0.390'\'', '\''0.360'\'']'
+ IFS=
+ read -r l
++ date +%s
+ echo '1791499499   Batch 441 | 3528/5000 | ['\''0.415'\'', '\''0.265'\'', '\''0.360'\'', '\''0.420'\'', '\''0.455'\'', '\''0.270'\'', '\''0.380'\'', '\''0.485'\'']'
+ IFS=
+ read -r l
++ date +%s
+ echo '1791499505   Batch 442 | 3536/5000 | ['\''0.410'\'', '\''0.485'\'', '\''0.450'\'', '\''0.335'\'', '\''0.335'\'', '\''0.380'\'', '\''0.490'\'', '\''0.530'\'']'
+ IFS=
+ read -r l
++ date +%s
+ echo '1791499511   Batch 443 | 3544/5000 | ['\''0.420'\'', '\''0.375'\'', '\''0.190'\'', '\''0.385'\'', '\''0.435'\'', '\''0.470'\'', '\''0.375'\'', '\''0.410'\'']'
+ IFS=
+ read -r l
++ date +%s
+ echo '1791499517   Batch 444 | 3552/5000 | ['\''0.490'\'', '\''0.460'\'', '\''0.335'\'', '\''0.375'\'', '\''0.445'\'', '\''0.420'\'', '\''0.455'\'', '\''0.380'\'']'
+ IFS=
+ read -r l
++ date +%s
+ echo '1791499523   Batch 445 | 3560/5000 | ['\''0.305'\'', '\''0.485'\'', '\''0.450'\'', '\''0.435'\'', '\''0.410'\'', '\''0.395'\'', '\''0.360'\'', '\''0.365'\'']'
+ IFS=
+ read -r l
++ date +%s
+ echo '1791499530   Batch 446 | 3568/5000 | ['\''0.410'\'', '\''0.385'\'', '\''0.455'\'', '\''0.400'\'', '\''0.370'\'', '\''0.385'\'', '\''0.510'\'', '\''0.425'\'']'
+ IFS=
+ read -r l
++ date +%s
+ echo '1791499536   Batch 447 | 3576/5000 | ['\''0.360'\'', '\''0.320'\'', '\''0.460'\'', '\''0.425'\'', '\''0.435'\'', '\''0.400'\'', '\''0.290'\'', '\''0.370'\'']'
+ IFS=
+ read -r l
++ date +%s
+ echo '1791499542   Batch 448 | 3584/5000 | ['\''0.340'\'', '\''0.160'\'', '\''0.460'\'', '\''0.380'\'', '\''0.480'\'', '\''0.485'\'', '\''0.435'\'', '\''0.280'\'']'
+ IFS=
+ read -r l
++ date +%s
+ echo '1791499549   Batch 449 | 3592/5000 | ['\''0.400'\'', '\''0.410'\'', '\''0.405'\'', '\''0.345'\'', '\''0.375'\'', '\''0.375'\'', '\''0.490'\'', '\''0.420'\'']'
+ IFS=
+ read -r l
++ date +%s
+ echo '1791499555   Batch 450 | 3600/5000 | ['\''0.340'\'', '\''0.315'\'', '\''0.445'\'', '\''0.390'\'', '\''0.455'\'', '\''0.390'\'', '\''0.385'\'', '\''0.405'\'']'
+ IFS=
+ read -r l
++ date +%s
+ echo '1791499561   Batch 451 | 3608/5000 | ['\''0.430'\'', '\''0.380'\'', '\''0.550'\'', '\''0.380'\'', '\''0.435'\'', '\''0.470'\'', '\''0.395'\'', '\''0.355'\'']'
+ IFS=
+ read -r l
++ date +%s
+ echo '1791499567   Batch 452 | 3616/5000 | ['\''0.405'\'', '\''0.365'\'', '\''0.515'\'', '\''0.425'\'', '\''0.300'\'', '\''0.470'\'', '\''0.430'\'', '\''0.435'\'']'
+ IFS=
+ read -r l
++ date +%s
+ echo '1791499573   Batch 453 | 3624/5000 | ['\''0.420'\'', '\''0.380'\'', '\''0.420'\'', '\''0.435'\'', '\''0.490'\'', '\''0.440'\'', '\''0.485'\'', '\''0.390'\'']'
+ IFS=
+ read -r l
++ date +%s
+ echo '1791499580   Batch 454 | 3632/5000 | ['\''0.390'\'', '\''0.365'\'', '\''0.420'\'', '\''0.375'\'', '\''0.460'\'', '\''0.220'\'', '\''0.385'\'', '\''0.390'\'']'
+ IFS=
+ read -r l
++ date +%s
+ echo '1791499586   Batch 455 | 3640/5000 | ['\''0.370'\'', '\''0.410'\'', '\''0.420'\'', '\''0.535'\'', '\''0.415'\'', '\''0.425'\'', '\''0.360'\'', '\''0.400'\'']'
+ IFS=
+ read -r l
++ date +%s
+ echo '1791499592   Batch 456 | 3648/5000 | ['\''0.315'\'', '\''0.420'\'', '\''0.385'\'', '\''0.460'\'', '\''0.485'\'', '\''0.375'\'', '\''0.390'\'', '\''0.385'\'']'
+ IFS=
+ read -r l
++ date +%s
+ echo '1791499598   Batch 457 | 3656/5000 | ['\''0.355'\'', '\''0.265'\'', '\''0.325'\'', '\''0.365'\'', '\''0.425'\'', '\''0.470'\'', '\''0.365'\'', '\''0.410'\'']'
+ IFS=
+ read -r l
++ date +%s
+ echo '1791499604   Batch 458 | 3664/5000 | ['\''0.300'\'', '\''0.350'\'', '\''0.375'\'', '\''0.445'\'', '\''0.470'\'', '\''0.275'\'', '\''0.385'\'', '\''0.285'\'']'
+ IFS=
+ read -r l
++ date +%s
+ echo '1791499611   Batch 459 | 3672/5000 | ['\''0.365'\'', '\''0.380'\'', '\''0.430'\'', '\''0.365'\'', '\''0.415'\'', '\''0.405'\'', '\''0.415'\'', '\''0.380'\'']'
+ IFS=
+ read -r l
++ date +%s
+ echo '1791499617   Batch 460 | 3680/5000 | ['\''0.440'\'', '\''0.450'\'', '\''0.390'\'', '\''0.395'\'', '\''0.440'\'', '\''0.325'\'', '\''0.290'\'', '\''0.480'\'']'
+ IFS=
+ read -r l
++ date +%s
+ echo '1791499623   Batch 461 | 3688/5000 | ['\''0.480'\'', '\''0.415'\'', '\''0.355'\'', '\''0.500'\'', '\''0.470'\'', '\''0.330'\'', '\''0.225'\'', '\''0.445'\'']'
+ IFS=
+ read -r l
++ date +%s
+ echo '1791499629   Batch 462 | 3696/5000 | ['\''0.365'\'', '\''0.425'\'', '\''0.380'\'', '\''0.395'\'', '\''0.445'\'', '\''0.445'\'', '\''0.360'\'', '\''0.385'\'']'
+ IFS=
+ read -r l
++ date +%s
+ echo '1791499635   Batch 463 | 3704/5000 | ['\''0.400'\'', '\''0.345'\'', '\''0.405'\'', '\''0.450'\'', '\''0.385'\'', '\''0.415'\'', '\''0.440'\'', '\''0.395'\'']'
+ IFS=
+ read -r l
++ date +%s
+ echo '1791499642   Batch 464 | 3712/5000 | ['\''0.425'\'', '\''0.415'\'', '\''0.365'\'', '\''0.465'\'', '\''0.430'\'', '\''0.400'\'', '\''0.480'\'', '\''0.360'\'']'
+ IFS=
+ read -r l
++ date +%s
+ echo '1791499648   Batch 465 | 3720/5000 | ['\''0.470'\'', '\''0.195'\'', '\''0.445'\'', '\''0.385'\'', '\''0.380'\'', '\''0.400'\'', '\''0.455'\'', '\''0.485'\'']'
+ IFS=
+ read -r l
++ date +%s
+ echo '1791499654   Batch 466 | 3728/5000 | ['\''0.425'\'', '\''0.385'\'', '\''0.385'\'', '\''0.405'\'', '\''0.310'\'', '\''0.450'\'', '\''0.480'\'', '\''0.360'\'']'
+ IFS=
+ read -r l
++ date +%s
+ echo '1791499660   Batch 467 | 3736/5000 | ['\''0.370'\'', '\''0.405'\'', '\''0.475'\'', '\''0.380'\'', '\''0.310'\'', '\''0.390'\'', '\''0.380'\'', '\''0.535'\'']'
+ IFS=
+ read -r l
++ date +%s
+ echo '1791499667   Batch 468 | 3744/5000 | ['\''0.360'\'', '\''0.290'\'', '\''0.500'\'', '\''0.450'\'', '\''0.445'\'', '\''0.405'\'', '\''0.480'\'', '\''0.405'\'']'
+ IFS=
+ read -r l
++ date +%s
+ echo '1791499673   Batch 469 | 3752/5000 | ['\''0.495'\'', '\''0.415'\'', '\''0.295'\'', '\''0.385'\'', '\''0.350'\'', '\''0.385'\'', '\''0.355'\'', '\''0.465'\'']'
+ IFS=
+ read -r l
++ date +%s
+ echo '1791499679   Batch 470 | 3760/5000 | ['\''0.325'\'', '\''0.355'\'', '\''0.440'\'', '\''0.440'\'', '\''0.390'\'', '\''0.495'\'', '\''0.500'\'', '\''0.495'\'']'
+ IFS=
+ read -r l
++ date +%s
+ echo '1791499686   Batch 471 | 3768/5000 | ['\''0.410'\'', '\''0.475'\'', '\''0.380'\'', '\''0.390'\'', '\''0.435'\'', '\''0.425'\'', '\''0.365'\'', '\''0.400'\'']'
+ IFS=
+ read -r l
++ date +%s
+ echo '1791499692   Batch 472 | 3776/5000 | ['\''0.415'\'', '\''0.400'\'', '\''0.465'\'', '\''0.435'\'', '\''0.390'\'', '\''0.405'\'', '\''0.445'\'', '\''0.340'\'']'
+ IFS=
+ read -r l
++ date +%s
+ echo '1791499698   Batch 473 | 3784/5000 | ['\''0.395'\'', '\''0.385'\'', '\''0.395'\'', '\''0.320'\'', '\''0.400'\'', '\''0.370'\'', '\''0.355'\'', '\''0.500'\'']'
+ IFS=
+ read -r l
++ date +%s
+ echo '1791499704   Batch 474 | 3792/5000 | ['\''0.420'\'', '\''0.420'\'', '\''0.385'\'', '\''0.350'\'', '\''0.380'\'', '\''0.400'\'', '\''0.345'\'', '\''0.375'\'']'
+ IFS=
+ read -r l
++ date +%s
+ echo '1791499710   Batch 475 | 3800/5000 | ['\''0.440'\'', '\''0.240'\'', '\''0.420'\'', '\''0.345'\'', '\''0.450'\'', '\''0.405'\'', '\''0.495'\'', '\''0.450'\'']'
+ IFS=
+ read -r l
++ date +%s
+ echo '1791499716   Batch 476 | 3808/5000 | ['\''0.405'\'', '\''0.455'\'', '\''0.415'\'', '\''0.275'\'', '\''0.380'\'', '\''0.395'\'', '\''0.365'\'', '\''0.385'\'']'
+ IFS=
+ read -r l
++ date +%s
+ echo '1791499723   Batch 477 | 3816/5000 | ['\''0.485'\'', '\''0.360'\'', '\''0.300'\'', '\''0.445'\'', '\''0.485'\'', '\''0.425'\'', '\''0.385'\'', '\''0.440'\'']'
+ IFS=
+ read -r l
++ date +%s
+ echo '1791499729   Batch 478 | 3824/5000 | ['\''0.450'\'', '\''0.360'\'', '\''0.510'\'', '\''0.455'\'', '\''0.355'\'', '\''0.370'\'', '\''0.470'\'', '\''0.405'\'']'
+ IFS=
+ read -r l
++ date +%s
+ echo '1791499735   Batch 479 | 3832/5000 | ['\''0.465'\'', '\''0.365'\'', '\''0.415'\'', '\''0.425'\'', '\''0.440'\'', '\''0.440'\'', '\''0.435'\'', '\''0.410'\'']'
+ IFS=
+ read -r l
++ date +%s
+ echo '1791499741   Batch 480 | 3840/5000 | ['\''0.360'\'', '\''0.425'\'', '\''0.375'\'', '\''0.390'\'', '\''0.455'\'', '\''0.425'\'', '\''0.410'\'', '\''0.380'\'']'
+ IFS=
+ read -r l
++ date +%s
+ echo '1791499748   Batch 481 | 3848/5000 | ['\''0.425'\'', '\''0.485'\'', '\''0.485'\'', '\''0.480'\'', '\''0.465'\'', '\''0.435'\'', '\''0.405'\'', '\''0.440'\'']'
+ IFS=
+ read -r l
++ date +%s
+ echo '1791499754   Batch 482 | 3856/5000 | ['\''0.455'\'', '\''0.440'\'', '\''0.325'\'', '\''0.345'\'', '\''0.410'\'', '\''0.270'\'', '\''0.435'\'', '\''0.385'\'']'
+ IFS=
+ read -r l
++ date +%s
+ echo '1791499760   Batch 483 | 3864/5000 | ['\''0.330'\'', '\''0.435'\'', '\''0.455'\'', '\''0.365'\'', '\''0.510'\'', '\''0.375'\'', '\''0.380'\'', '\''0.335'\'']'
+ IFS=
+ read -r l
++ date +%s
+ echo '1791499767   Batch 484 | 3872/5000 | ['\''0.485'\'', '\''0.355'\'', '\''0.410'\'', '\''0.405'\'', '\''0.260'\'', '\''0.430'\'', '\''0.335'\'', '\''0.390'\'']'
+ IFS=
+ read -r l
++ date +%s
+ echo '1791499773   Batch 485 | 3880/5000 | ['\''0.300'\'', '\''0.400'\'', '\''0.525'\'', '\''0.320'\'', '\''0.405'\'', '\''0.470'\'', '\''0.470'\'', '\''0.295'\'']'
+ IFS=
+ read -r l
++ date +%s
+ echo '1791499779   Batch 486 | 3888/5000 | ['\''0.395'\'', '\''0.390'\'', '\''0.430'\'', '\''0.485'\'', '\''0.475'\'', '\''0.430'\'', '\''0.545'\'', '\''0.420'\'']'
+ IFS=
+ read -r l
++ date +%s
+ echo '1791499785   Batch 487 | 3896/5000 | ['\''0.405'\'', '\''0.405'\'', '\''0.415'\'', '\''0.500'\'', '\''0.360'\'', '\''0.340'\'', '\''0.355'\'', '\''0.365'\'']'
+ IFS=
+ read -r l
++ date +%s
+ echo '1791499792   Batch 488 | 3904/5000 | ['\''0.470'\'', '\''0.460'\'', '\''0.450'\'', '\''0.555'\'', '\''0.475'\'', '\''0.380'\'', '\''0.520'\'', '\''0.385'\'']'
+ IFS=
+ read -r l
++ date +%s
+ echo '1791499798   Batch 489 | 3912/5000 | ['\''0.380'\'', '\''0.345'\'', '\''0.395'\'', '\''0.450'\'', '\''0.280'\'', '\''0.430'\'', '\''0.430'\'', '\''0.370'\'']'
+ IFS=
+ read -r l
++ date +%s
+ echo '1791499804   Batch 490 | 3920/5000 | ['\''0.500'\'', '\''0.425'\'', '\''0.430'\'', '\''0.295'\'', '\''0.390'\'', '\''0.380'\'', '\''0.365'\'', '\''0.385'\'']'
+ IFS=
+ read -r l
++ date +%s
+ echo '1791499811   Batch 491 | 3928/5000 | ['\''0.200'\'', '\''0.415'\'', '\''0.480'\'', '\''0.495'\'', '\''0.370'\'', '\''0.305'\'', '\''0.445'\'', '\''0.415'\'']'
+ IFS=
+ read -r l
++ date +%s
+ echo '1791499817   Batch 492 | 3936/5000 | ['\''0.460'\'', '\''0.295'\'', '\''0.380'\'', '\''0.370'\'', '\''0.430'\'', '\''0.375'\'', '\''0.500'\'', '\''0.490'\'']'
+ IFS=
+ read -r l
++ date +%s
+ echo '1791499823   Batch 493 | 3944/5000 | ['\''0.370'\'', '\''0.475'\'', '\''0.465'\'', '\''0.425'\'', '\''0.565'\'', '\''0.300'\'', '\''0.455'\'', '\''0.305'\'']'
+ IFS=
+ read -r l
++ date +%s
+ echo '1791499829   Batch 494 | 3952/5000 | ['\''0.465'\'', '\''0.450'\'', '\''0.445'\'', '\''0.505'\'', '\''0.335'\'', '\''0.420'\'', '\''0.485'\'', '\''0.405'\'']'
+ IFS=
+ read -r l
++ date +%s
+ echo '1791499836   Batch 495 | 3960/5000 | ['\''0.415'\'', '\''0.440'\'', '\''0.440'\'', '\''0.420'\'', '\''0.460'\'', '\''0.400'\'', '\''0.470'\'', '\''0.410'\'']'
+ IFS=
+ read -r l
++ date +%s
+ echo '1791499842   Batch 496 | 3968/5000 | ['\''0.365'\'', '\''0.435'\'', '\''0.460'\'', '\''0.455'\'', '\''0.270'\'', '\''0.450'\'', '\''0.420'\'', '\''0.420'\'']'
+ IFS=
+ read -r l
++ date +%s
+ echo '1791499848   Batch 497 | 3976/5000 | ['\''0.395'\'', '\''0.295'\'', '\''0.420'\'', '\''0.395'\'', '\''0.290'\'', '\''0.425'\'', '\''0.350'\'', '\''0.520'\'']'
+ IFS=
+ read -r l
++ date +%s
+ echo '1791499855   Batch 498 | 3984/5000 | ['\''0.450'\'', '\''0.305'\'', '\''0.360'\'', '\''0.495'\'', '\''0.405'\'', '\''0.400'\'', '\''0.405'\'', '\''0.385'\'']'
+ IFS=
+ read -r l
++ date +%s
+ echo '1791499861   Batch 499 | 3992/5000 | ['\''0.415'\'', '\''0.300'\'', '\''0.395'\'', '\''0.435'\'', '\''0.430'\'', '\''0.440'\'', '\''0.430'\'', '\''0.450'\'']'
+ IFS=
+ read -r l
++ date +%s
+ echo '1791499867   Batch 500 | 4000/5000 | ['\''0.480'\'', '\''0.320'\'', '\''0.400'\'', '\''0.405'\'', '\''0.470'\'', '\''0.455'\'', '\''0.410'\'', '\''0.480'\'']'
+ IFS=
+ read -r l
++ date +%s
+ echo '1791499874   Batch 501 | 4008/5000 | ['\''0.485'\'', '\''0.375'\'', '\''0.390'\'', '\''0.400'\'', '\''0.485'\'', '\''0.430'\'', '\''0.445'\'', '\''0.410'\'']'
+ IFS=
+ read -r l
++ date +%s
+ echo '1791499880   Batch 502 | 4016/5000 | ['\''0.445'\'', '\''0.375'\'', '\''0.385'\'', '\''0.300'\'', '\''0.435'\'', '\''0.470'\'', '\''0.525'\'', '\''0.425'\'']'
+ IFS=
+ read -r l
++ date +%s
+ echo '1791499886   Batch 503 | 4024/5000 | ['\''0.430'\'', '\''0.415'\'', '\''0.465'\'', '\''0.440'\'', '\''0.480'\'', '\''0.450'\'', '\''0.455'\'', '\''0.420'\'']'
+ IFS=
+ read -r l
++ date +%s
+ echo '1791499892   Batch 504 | 4032/5000 | ['\''0.465'\'', '\''0.360'\'', '\''0.310'\'', '\''0.385'\'', '\''0.420'\'', '\''0.435'\'', '\''0.425'\'', '\''0.370'\'']'
+ IFS=
+ read -r l
++ date +%s
+ echo '1791499899   Batch 505 | 4040/5000 | ['\''0.490'\'', '\''0.395'\'', '\''0.460'\'', '\''0.325'\'', '\''0.470'\'', '\''0.345'\'', '\''0.390'\'', '\''0.450'\'']'
+ IFS=
+ read -r l
++ date +%s
+ echo '1791499905   Batch 506 | 4048/5000 | ['\''0.370'\'', '\''0.505'\'', '\''0.265'\'', '\''0.350'\'', '\''0.465'\'', '\''0.405'\'', '\''0.375'\'', '\''0.470'\'']'
+ IFS=
+ read -r l
++ date +%s
+ echo '1791499911   Batch 507 | 4056/5000 | ['\''0.440'\'', '\''0.395'\'', '\''0.475'\'', '\''0.455'\'', '\''0.365'\'', '\''0.370'\'', '\''0.335'\'', '\''0.380'\'']'
+ IFS=
+ read -r l
++ date +%s
+ echo '1791499917   Batch 508 | 4064/5000 | ['\''0.405'\'', '\''0.405'\'', '\''0.440'\'', '\''0.480'\'', '\''0.445'\'', '\''0.475'\'', '\''0.410'\'', '\''0.380'\'']'
+ IFS=
+ read -r l
++ date +%s
+ echo '1791499924   Batch 509 | 4072/5000 | ['\''0.375'\'', '\''0.415'\'', '\''0.385'\'', '\''0.420'\'', '\''0.335'\'', '\''0.305'\'', '\''0.430'\'', '\''0.405'\'']'
+ IFS=
+ read -r l
++ date +%s
+ echo '1791499930   Batch 510 | 4080/5000 | ['\''0.280'\'', '\''0.445'\'', '\''0.460'\'', '\''0.525'\'', '\''0.530'\'', '\''0.410'\'', '\''0.200'\'', '\''0.490'\'']'
+ IFS=
+ read -r l
++ date +%s
+ echo '1791499936   Batch 511 | 4088/5000 | ['\''0.455'\'', '\''0.445'\'', '\''0.330'\'', '\''0.355'\'', '\''0.430'\'', '\''0.335'\'', '\''0.395'\'', '\''0.340'\'']'
+ IFS=
+ read -r l
++ date +%s
+ echo '1791499943   Batch 512 | 4096/5000 | ['\''0.360'\'', '\''0.470'\'', '\''0.425'\'', '\''0.505'\'', '\''0.385'\'', '\''0.370'\'', '\''0.400'\'', '\''0.395'\'']'
+ IFS=
+ read -r l
++ date +%s
+ echo '1791499949   Batch 513 | 4104/5000 | ['\''0.430'\'', '\''0.330'\'', '\''0.435'\'', '\''0.415'\'', '\''0.350'\'', '\''0.420'\'', '\''0.470'\'', '\''0.380'\'']'
+ IFS=
+ read -r l
++ date +%s
+ echo '1791499955   Batch 514 | 4112/5000 | ['\''0.375'\'', '\''0.310'\'', '\''0.415'\'', '\''0.440'\'', '\''0.515'\'', '\''0.350'\'', '\''0.425'\'', '\''0.345'\'']'
+ IFS=
+ read -r l
++ date +%s
+ echo '1791499961   Batch 515 | 4120/5000 | ['\''0.455'\'', '\''0.395'\'', '\''0.490'\'', '\''0.485'\'', '\''0.450'\'', '\''0.460'\'', '\''0.445'\'', '\''0.430'\'']'
+ IFS=
+ read -r l
++ date +%s
+ echo '1791499968   Batch 516 | 4128/5000 | ['\''0.445'\'', '\''0.480'\'', '\''0.390'\'', '\''0.320'\'', '\''0.470'\'', '\''0.395'\'', '\''0.390'\'', '\''0.385'\'']'
+ IFS=
+ read -r l
++ date +%s
+ echo '1791499974   Batch 517 | 4136/5000 | ['\''0.360'\'', '\''0.420'\'', '\''0.440'\'', '\''0.485'\'', '\''0.485'\'', '\''0.510'\'', '\''0.445'\'', '\''0.485'\'']'
+ IFS=
+ read -r l
++ date +%s
+ echo '1791499980   Batch 518 | 4144/5000 | ['\''0.300'\'', '\''0.315'\'', '\''0.390'\'', '\''0.450'\'', '\''0.510'\'', '\''0.380'\'', '\''0.290'\'', '\''0.325'\'']'
+ IFS=
+ read -r l
++ date +%s
+ echo '1791499987   Batch 519 | 4152/5000 | ['\''0.425'\'', '\''0.420'\'', '\''0.355'\'', '\''0.490'\'', '\''0.425'\'', '\''0.435'\'', '\''0.335'\'', '\''0.435'\'']'
+ IFS=
+ read -r l
++ date +%s
+ echo '1791499993   Batch 520 | 4160/5000 | ['\''0.425'\'', '\''0.400'\'', '\''0.425'\'', '\''0.410'\'', '\''0.355'\'', '\''0.375'\'', '\''0.440'\'', '\''0.415'\'']'
+ IFS=
+ read -r l
++ date +%s
+ echo '1791499999   Batch 521 | 4168/5000 | ['\''0.340'\'', '\''0.535'\'', '\''0.375'\'', '\''0.435'\'', '\''0.440'\'', '\''0.385'\'', '\''0.490'\'', '\''0.255'\'']'
+ IFS=
+ read -r l
++ date +%s
+ echo '1791500005   Batch 522 | 4176/5000 | ['\''0.410'\'', '\''0.425'\'', '\''0.435'\'', '\''0.365'\'', '\''0.420'\'', '\''0.440'\'', '\''0.315'\'', '\''0.435'\'']'
+ IFS=
+ read -r l
++ date +%s
+ echo '1791500011   Batch 523 | 4184/5000 | ['\''0.450'\'', '\''0.460'\'', '\''0.410'\'', '\''0.385'\'', '\''0.495'\'', '\''0.415'\'', '\''0.415'\'', '\''0.455'\'']'
+ IFS=
+ read -r l
++ date +%s
+ echo '1791500018   Batch 524 | 4192/5000 | ['\''0.540'\'', '\''0.315'\'', '\''0.355'\'', '\''0.375'\'', '\''0.380'\'', '\''0.420'\'', '\''0.345'\'', '\''0.355'\'']'
+ IFS=
+ read -r l
++ date +%s
+ echo '1791500024   Batch 525 | 4200/5000 | ['\''0.370'\'', '\''0.500'\'', '\''0.475'\'', '\''0.395'\'', '\''0.370'\'', '\''0.435'\'', '\''0.410'\'', '\''0.405'\'']'
+ IFS=
+ read -r l
++ date +%s
+ echo '1791500030   Batch 526 | 4208/5000 | ['\''0.445'\'', '\''0.315'\'', '\''0.470'\'', '\''0.320'\'', '\''0.440'\'', '\''0.400'\'', '\''0.395'\'', '\''0.405'\'']'
+ IFS=
+ read -r l
++ date +%s
+ echo '1791500037   Batch 527 | 4216/5000 | ['\''0.395'\'', '\''0.350'\'', '\''0.435'\'', '\''0.450'\'', '\''0.355'\'', '\''0.460'\'', '\''0.430'\'', '\''0.205'\'']'
+ IFS=
+ read -r l
++ date +%s
+ echo '1791500043   Batch 528 | 4224/5000 | ['\''0.445'\'', '\''0.380'\'', '\''0.395'\'', '\''0.360'\'', '\''0.400'\'', '\''0.460'\'', '\''0.350'\'', '\''0.435'\'']'
+ IFS=
+ read -r l
++ date +%s
+ echo '1791500049   Batch 529 | 4232/5000 | ['\''0.560'\'', '\''0.420'\'', '\''0.445'\'', '\''0.460'\'', '\''0.335'\'', '\''0.405'\'', '\''0.460'\'', '\''0.360'\'']'
+ IFS=
+ read -r l
++ date +%s
+ echo '1791500055   Batch 530 | 4240/5000 | ['\''0.375'\'', '\''0.395'\'', '\''0.295'\'', '\''0.390'\'', '\''0.300'\'', '\''0.460'\'', '\''0.485'\'', '\''0.465'\'']'
+ IFS=
+ read -r l
++ date +%s
+ echo '1791500062   Batch 531 | 4248/5000 | ['\''0.395'\'', '\''0.390'\'', '\''0.475'\'', '\''0.335'\'', '\''0.440'\'', '\''0.400'\'', '\''0.525'\'', '\''0.330'\'']'
+ IFS=
+ read -r l
++ date +%s
+ echo '1791500068   Batch 532 | 4256/5000 | ['\''0.545'\'', '\''0.395'\'', '\''0.375'\'', '\''0.320'\'', '\''0.425'\'', '\''0.365'\'', '\''0.395'\'', '\''0.225'\'']'
+ IFS=
+ read -r l
++ date +%s
+ echo '1791500074   Batch 533 | 4264/5000 | ['\''0.400'\'', '\''0.470'\'', '\''0.465'\'', '\''0.475'\'', '\''0.445'\'', '\''0.370'\'', '\''0.380'\'', '\''0.455'\'']'
+ IFS=
+ read -r l
++ date +%s
+ echo '1791500080   Batch 534 | 4272/5000 | ['\''0.435'\'', '\''0.450'\'', '\''0.350'\'', '\''0.450'\'', '\''0.335'\'', '\''0.410'\'', '\''0.470'\'', '\''0.450'\'']'
+ IFS=
+ read -r l
++ date +%s
+ echo '1791500087   Batch 535 | 4280/5000 | ['\''0.395'\'', '\''0.425'\'', '\''0.390'\'', '\''0.320'\'', '\''0.445'\'', '\''0.370'\'', '\''0.305'\'', '\''0.515'\'']'
+ IFS=
+ read -r l
++ date +%s
+ echo '1791500093   Batch 536 | 4288/5000 | ['\''0.410'\'', '\''0.380'\'', '\''0.415'\'', '\''0.350'\'', '\''0.305'\'', '\''0.370'\'', '\''0.380'\'', '\''0.400'\'']'
+ IFS=
+ read -r l
++ date +%s
+ echo '1791500099   Batch 537 | 4296/5000 | ['\''0.460'\'', '\''0.410'\'', '\''0.380'\'', '\''0.395'\'', '\''0.410'\'', '\''0.415'\'', '\''0.430'\'', '\''0.435'\'']'
+ IFS=
+ read -r l
++ date +%s
+ echo '1791500105   Batch 538 | 4304/5000 | ['\''0.525'\'', '\''0.350'\'', '\''0.415'\'', '\''0.385'\'', '\''0.355'\'', '\''0.370'\'', '\''0.410'\'', '\''0.410'\'']'
+ IFS=
+ read -r l
++ date +%s
+ echo '1791500111   Batch 539 | 4312/5000 | ['\''0.325'\'', '\''0.420'\'', '\''0.310'\'', '\''0.325'\'', '\''0.300'\'', '\''0.480'\'', '\''0.455'\'', '\''0.455'\'']'
+ IFS=
+ read -r l
++ date +%s
+ echo '1791500118   Batch 540 | 4320/5000 | ['\''0.535'\'', '\''0.340'\'', '\''0.310'\'', '\''0.365'\'', '\''0.360'\'', '\''0.425'\'', '\''0.450'\'', '\''0.450'\'']'
+ IFS=
+ read -r l
++ date +%s
+ echo '1791500124   Batch 541 | 4328/5000 | ['\''0.410'\'', '\''0.315'\'', '\''0.395'\'', '\''0.380'\'', '\''0.345'\'', '\''0.370'\'', '\''0.390'\'', '\''0.490'\'']'
+ IFS=
+ read -r l
++ date +%s
+ echo '1791500130   Batch 542 | 4336/5000 | ['\''0.335'\'', '\''0.380'\'', '\''0.420'\'', '\''0.365'\'', '\''0.520'\'', '\''0.420'\'', '\''0.420'\'', '\''0.420'\'']'
+ IFS=
+ read -r l
++ date +%s
+ echo '1791500136   Batch 543 | 4344/5000 | ['\''0.385'\'', '\''0.470'\'', '\''0.500'\'', '\''0.370'\'', '\''0.335'\'', '\''0.435'\'', '\''0.465'\'', '\''0.360'\'']'
+ IFS=
+ read -r l
++ date +%s
+ echo '1791500143   Batch 544 | 4352/5000 | ['\''0.365'\'', '\''0.390'\'', '\''0.390'\'', '\''0.335'\'', '\''0.375'\'', '\''0.445'\'', '\''0.460'\'', '\''0.365'\'']'
+ IFS=
+ read -r l
++ date +%s
+ echo '1791500149   Batch 545 | 4360/5000 | ['\''0.435'\'', '\''0.320'\'', '\''0.425'\'', '\''0.450'\'', '\''0.340'\'', '\''0.485'\'', '\''0.470'\'', '\''0.470'\'']'
+ IFS=
+ read -r l
++ date +%s
+ echo '1791500155   Batch 546 | 4368/5000 | ['\''0.435'\'', '\''0.505'\'', '\''0.385'\'', '\''0.540'\'', '\''0.510'\'', '\''0.330'\'', '\''0.375'\'', '\''0.415'\'']'
+ IFS=
+ read -r l
++ date +%s
+ echo '1791500161   Batch 547 | 4376/5000 | ['\''0.475'\'', '\''0.370'\'', '\''0.430'\'', '\''0.370'\'', '\''0.310'\'', '\''0.270'\'', '\''0.420'\'', '\''0.485'\'']'
+ IFS=
+ read -r l
++ date +%s
+ echo '1791500168   Batch 548 | 4384/5000 | ['\''0.375'\'', '\''0.395'\'', '\''0.415'\'', '\''0.355'\'', '\''0.365'\'', '\''0.435'\'', '\''0.385'\'', '\''0.485'\'']'
+ IFS=
+ read -r l
++ date +%s
+ echo '1791500174   Batch 549 | 4392/5000 | ['\''0.415'\'', '\''0.395'\'', '\''0.420'\'', '\''0.365'\'', '\''0.365'\'', '\''0.445'\'', '\''0.315'\'', '\''0.355'\'']'
+ IFS=
+ read -r l
++ date +%s
+ echo '1791500180   Batch 550 | 4400/5000 | ['\''0.295'\'', '\''0.455'\'', '\''0.450'\'', '\''0.455'\'', '\''0.395'\'', '\''0.310'\'', '\''0.475'\'', '\''0.440'\'']'
+ IFS=
+ read -r l
++ date +%s
+ echo '1791500187   Batch 551 | 4408/5000 | ['\''0.490'\'', '\''0.365'\'', '\''0.455'\'', '\''0.380'\'', '\''0.280'\'', '\''0.240'\'', '\''0.450'\'', '\''0.305'\'']'
+ IFS=
+ read -r l
++ date +%s
+ echo '1791500193   Batch 552 | 4416/5000 | ['\''0.440'\'', '\''0.550'\'', '\''0.420'\'', '\''0.495'\'', '\''0.385'\'', '\''0.445'\'', '\''0.390'\'', '\''0.360'\'']'
+ IFS=
+ read -r l
++ date +%s
+ echo '1791500199   Batch 553 | 4424/5000 | ['\''0.445'\'', '\''0.445'\'', '\''0.450'\'', '\''0.365'\'', '\''0.340'\'', '\''0.365'\'', '\''0.385'\'', '\''0.390'\'']'
+ IFS=
+ read -r l
++ date +%s
+ echo '1791500205   Batch 554 | 4432/5000 | ['\''0.300'\'', '\''0.395'\'', '\''0.400'\'', '\''0.365'\'', '\''0.345'\'', '\''0.355'\'', '\''0.415'\'', '\''0.345'\'']'
+ IFS=
+ read -r l
++ date +%s
+ echo '1791500211   Batch 555 | 4440/5000 | ['\''0.445'\'', '\''0.300'\'', '\''0.285'\'', '\''0.435'\'', '\''0.265'\'', '\''0.315'\'', '\''0.400'\'', '\''0.400'\'']'
+ IFS=
+ read -r l
++ date +%s
+ echo '1791500218   Batch 556 | 4448/5000 | ['\''0.385'\'', '\''0.445'\'', '\''0.375'\'', '\''0.515'\'', '\''0.385'\'', '\''0.390'\'', '\''0.385'\'', '\''0.455'\'']'
+ IFS=
+ read -r l
++ date +%s
+ echo '1791500224   Batch 557 | 4456/5000 | ['\''0.400'\'', '\''0.245'\'', '\''0.360'\'', '\''0.475'\'', '\''0.430'\'', '\''0.395'\'', '\''0.450'\'', '\''0.435'\'']'
+ IFS=
+ read -r l
++ date +%s
+ echo '1791500230   Batch 558 | 4464/5000 | ['\''0.335'\'', '\''0.340'\'', '\''0.425'\'', '\''0.440'\'', '\''0.230'\'', '\''0.455'\'', '\''0.410'\'', '\''0.425'\'']'
+ IFS=
+ read -r l
++ date +%s
+ echo '1791500236   Batch 559 | 4472/5000 | ['\''0.390'\'', '\''0.335'\'', '\''0.455'\'', '\''0.385'\'', '\''0.415'\'', '\''0.335'\'', '\''0.355'\'', '\''0.435'\'']'
+ IFS=
+ read -r l
++ date +%s
+ echo '1791500242   Batch 560 | 4480/5000 | ['\''0.340'\'', '\''0.365'\'', '\''0.460'\'', '\''0.395'\'', '\''0.390'\'', '\''0.335'\'', '\''0.450'\'', '\''0.450'\'']'
+ IFS=
+ read -r l
++ date +%s
+ echo '1791500248   Batch 561 | 4488/5000 | ['\''0.490'\'', '\''0.445'\'', '\''0.405'\'', '\''0.425'\'', '\''0.385'\'', '\''0.375'\'', '\''0.385'\'', '\''0.410'\'']'
+ IFS=
+ read -r l
++ date +%s
+ echo '1791500255   Batch 562 | 4496/5000 | ['\''0.520'\'', '\''0.410'\'', '\''0.300'\'', '\''0.445'\'', '\''0.455'\'', '\''0.345'\'', '\''0.505'\'', '\''0.390'\'']'
+ IFS=
+ read -r l
++ date +%s
+ echo '1791500261   Batch 563 | 4504/5000 | ['\''0.460'\'', '\''0.370'\'', '\''0.465'\'', '\''0.435'\'', '\''0.425'\'', '\''0.330'\'', '\''0.395'\'', '\''0.325'\'']'
+ IFS=
+ read -r l
++ date +%s
+ echo '1791500267   Batch 564 | 4512/5000 | ['\''0.430'\'', '\''0.430'\'', '\''0.375'\'', '\''0.385'\'', '\''0.460'\'', '\''0.375'\'', '\''0.450'\'', '\''0.425'\'']'
+ IFS=
+ read -r l
++ date +%s
+ echo '1791500273   Batch 565 | 4520/5000 | ['\''0.350'\'', '\''0.445'\'', '\''0.290'\'', '\''0.295'\'', '\''0.380'\'', '\''0.370'\'', '\''0.290'\'', '\''0.425'\'']'
+ IFS=
+ read -r l
++ date +%s
+ echo '1791500280   Batch 566 | 4528/5000 | ['\''0.440'\'', '\''0.380'\'', '\''0.405'\'', '\''0.350'\'', '\''0.485'\'', '\''0.355'\'', '\''0.515'\'', '\''0.455'\'']'
+ IFS=
+ read -r l
++ date +%s
+ echo '1791500286   Batch 567 | 4536/5000 | ['\''0.370'\'', '\''0.185'\'', '\''0.390'\'', '\''0.380'\'', '\''0.395'\'', '\''0.475'\'', '\''0.455'\'', '\''0.340'\'']'
+ IFS=
+ read -r l
++ date +%s
+ echo '1791500292   Batch 568 | 4544/5000 | ['\''0.440'\'', '\''0.445'\'', '\''0.490'\'', '\''0.400'\'', '\''0.460'\'', '\''0.375'\'', '\''0.350'\'', '\''0.420'\'']'
+ IFS=
+ read -r l
++ date +%s
+ echo '1791500298   Batch 569 | 4552/5000 | ['\''0.515'\'', '\''0.335'\'', '\''0.375'\'', '\''0.375'\'', '\''0.405'\'', '\''0.340'\'', '\''0.330'\'', '\''0.410'\'']'
+ IFS=
+ read -r l
++ date +%s
+ echo '1791500305   Batch 570 | 4560/5000 | ['\''0.480'\'', '\''0.340'\'', '\''0.335'\'', '\''0.460'\'', '\''0.350'\'', '\''0.340'\'', '\''0.335'\'', '\''0.440'\'']'
+ IFS=
+ read -r l
++ date +%s
+ echo '1791500311   Batch 571 | 4568/5000 | ['\''0.365'\'', '\''0.375'\'', '\''0.380'\'', '\''0.400'\'', '\''0.420'\'', '\''0.375'\'', '\''0.400'\'', '\''0.495'\'']'
+ IFS=
+ read -r l
++ date +%s
+ echo '1791500317   Batch 572 | 4576/5000 | ['\''0.475'\'', '\''0.400'\'', '\''0.420'\'', '\''0.425'\'', '\''0.420'\'', '\''0.410'\'', '\''0.425'\'', '\''0.450'\'']'
+ IFS=
+ read -r l
++ date +%s
+ echo '1791500323   Batch 573 | 4584/5000 | ['\''0.430'\'', '\''0.410'\'', '\''0.305'\'', '\''0.335'\'', '\''0.410'\'', '\''0.430'\'', '\''0.465'\'', '\''0.375'\'']'
+ IFS=
+ read -r l
++ date +%s
+ echo '1791500329   Batch 574 | 4592/5000 | ['\''0.385'\'', '\''0.390'\'', '\''0.225'\'', '\''0.455'\'', '\''0.450'\'', '\''0.410'\'', '\''0.375'\'', '\''0.435'\'']'
+ IFS=
+ read -r l
++ date +%s
+ echo '1791500336   Batch 575 | 4600/5000 | ['\''0.440'\'', '\''0.400'\'', '\''0.430'\'', '\''0.385'\'', '\''0.380'\'', '\''0.400'\'', '\''0.290'\'', '\''0.475'\'']'
+ IFS=
+ read -r l
++ date +%s
+ echo '1791500342   Batch 576 | 4608/5000 | ['\''0.355'\'', '\''0.430'\'', '\''0.330'\'', '\''0.320'\'', '\''0.445'\'', '\''0.450'\'', '\''0.275'\'', '\''0.405'\'']'
+ IFS=
+ read -r l
++ date +%s
+ echo '1791500348   Batch 577 | 4616/5000 | ['\''0.370'\'', '\''0.405'\'', '\''0.460'\'', '\''0.395'\'', '\''0.445'\'', '\''0.395'\'', '\''0.440'\'', '\''0.460'\'']'
+ IFS=
+ read -r l
++ date +%s
+ echo '1791500354   Batch 578 | 4624/5000 | ['\''0.310'\'', '\''0.480'\'', '\''0.405'\'', '\''0.365'\'', '\''0.390'\'', '\''0.405'\'', '\''0.480'\'', '\''0.425'\'']'
+ IFS=
+ read -r l
++ date +%s
+ echo '1791500360   Batch 579 | 4632/5000 | ['\''0.305'\'', '\''0.395'\'', '\''0.385'\'', '\''0.345'\'', '\''0.430'\'', '\''0.370'\'', '\''0.420'\'', '\''0.395'\'']'
+ IFS=
+ read -r l
++ date +%s
+ echo '1791500366   Batch 580 | 4640/5000 | ['\''0.340'\'', '\''0.420'\'', '\''0.295'\'', '\''0.470'\'', '\''0.445'\'', '\''0.335'\'', '\''0.390'\'', '\''0.405'\'']'
+ IFS=
+ read -r l
++ date +%s
+ echo '1791500373   Batch 581 | 4648/5000 | ['\''0.405'\'', '\''0.425'\'', '\''0.475'\'', '\''0.350'\'', '\''0.415'\'', '\''0.465'\'', '\''0.420'\'', '\''0.435'\'']'
+ IFS=
+ read -r l
++ date +%s
+ echo '1791500379   Batch 582 | 4656/5000 | ['\''0.485'\'', '\''0.450'\'', '\''0.425'\'', '\''0.325'\'', '\''0.490'\'', '\''0.430'\'', '\''0.450'\'', '\''0.445'\'']'
+ IFS=
+ read -r l
++ date +%s
+ echo '1791500385   Batch 583 | 4664/5000 | ['\''0.320'\'', '\''0.480'\'', '\''0.405'\'', '\''0.340'\'', '\''0.480'\'', '\''0.365'\'', '\''0.465'\'', '\''0.395'\'']'
+ IFS=
+ read -r l
++ date +%s
+ echo '1791500392   Batch 584 | 4672/5000 | ['\''0.435'\'', '\''0.490'\'', '\''0.470'\'', '\''0.450'\'', '\''0.375'\'', '\''0.485'\'', '\''0.360'\'', '\''0.510'\'']'
+ IFS=
+ read -r l
++ date +%s
+ echo '1791500398   Batch 585 | 4680/5000 | ['\''0.520'\'', '\''0.435'\'', '\''0.400'\'', '\''0.320'\'', '\''0.460'\'', '\''0.360'\'', '\''0.400'\'', '\''0.480'\'']'
+ IFS=
+ read -r l
++ date +%s
+ echo '1791500404   Batch 586 | 4688/5000 | ['\''0.345'\'', '\''0.400'\'', '\''0.355'\'', '\''0.430'\'', '\''0.415'\'', '\''0.395'\'', '\''0.455'\'', '\''0.440'\'']'
+ IFS=
+ read -r l
++ date +%s
+ echo '1791500410   Batch 587 | 4696/5000 | ['\''0.350'\'', '\''0.325'\'', '\''0.435'\'', '\''0.455'\'', '\''0.470'\'', '\''0.435'\'', '\''0.515'\'', '\''0.225'\'']'
+ IFS=
+ read -r l
++ date +%s
+ echo '1791500416   Batch 588 | 4704/5000 | ['\''0.335'\'', '\''0.345'\'', '\''0.385'\'', '\''0.430'\'', '\''0.400'\'', '\''0.440'\'', '\''0.420'\'', '\''0.325'\'']'
+ IFS=
+ read -r l
++ date +%s
+ echo '1791500423   Batch 589 | 4712/5000 | ['\''0.385'\'', '\''0.370'\'', '\''0.330'\'', '\''0.455'\'', '\''0.365'\'', '\''0.390'\'', '\''0.475'\'', '\''0.440'\'']'
+ IFS=
+ read -r l
++ date +%s
+ echo '1791500429   Batch 590 | 4720/5000 | ['\''0.350'\'', '\''0.415'\'', '\''0.345'\'', '\''0.430'\'', '\''0.445'\'', '\''0.315'\'', '\''0.435'\'', '\''0.375'\'']'
+ IFS=
+ read -r l
++ date +%s
+ echo '1791500435   Batch 591 | 4728/5000 | ['\''0.440'\'', '\''0.355'\'', '\''0.425'\'', '\''0.335'\'', '\''0.415'\'', '\''0.360'\'', '\''0.280'\'', '\''0.430'\'']'
+ IFS=
+ read -r l
++ date +%s
+ echo '1791500441   Batch 592 | 4736/5000 | ['\''0.445'\'', '\''0.380'\'', '\''0.410'\'', '\''0.425'\'', '\''0.440'\'', '\''0.395'\'', '\''0.425'\'', '\''0.470'\'']'
+ IFS=
+ read -r l
++ date +%s
+ echo '1791500447   Batch 593 | 4744/5000 | ['\''0.465'\'', '\''0.320'\'', '\''0.335'\'', '\''0.325'\'', '\''0.375'\'', '\''0.445'\'', '\''0.415'\'', '\''0.360'\'']'
+ IFS=
+ read -r l
++ date +%s
+ echo '1791500454   Batch 594 | 4752/5000 | ['\''0.490'\'', '\''0.455'\'', '\''0.335'\'', '\''0.390'\'', '\''0.265'\'', '\''0.420'\'', '\''0.440'\'', '\''0.410'\'']'
+ IFS=
+ read -r l
++ date +%s
+ echo '1791500460   Batch 595 | 4760/5000 | ['\''0.425'\'', '\''0.430'\'', '\''0.500'\'', '\''0.345'\'', '\''0.420'\'', '\''0.460'\'', '\''0.390'\'', '\''0.460'\'']'
+ IFS=
+ read -r l
++ date +%s
+ echo '1791500466   Batch 596 | 4768/5000 | ['\''0.395'\'', '\''0.245'\'', '\''0.380'\'', '\''0.540'\'', '\''0.395'\'', '\''0.475'\'', '\''0.395'\'', '\''0.385'\'']'
+ IFS=
+ read -r l
++ date +%s
+ echo '1791500472   Batch 597 | 4776/5000 | ['\''0.420'\'', '\''0.365'\'', '\''0.390'\'', '\''0.355'\'', '\''0.495'\'', '\''0.315'\'', '\''0.490'\'', '\''0.340'\'']'
+ IFS=
+ read -r l
++ date +%s
+ echo '1791500478   Batch 598 | 4784/5000 | ['\''0.425'\'', '\''0.465'\'', '\''0.375'\'', '\''0.435'\'', '\''0.385'\'', '\''0.400'\'', '\''0.450'\'', '\''0.430'\'']'
+ IFS=
+ read -r l
++ date +%s
+ echo '1791500485   Batch 599 | 4792/5000 | ['\''0.390'\'', '\''0.350'\'', '\''0.420'\'', '\''0.415'\'', '\''0.275'\'', '\''0.190'\'', '\''0.425'\'', '\''0.315'\'']'
+ IFS=
+ read -r l
++ date +%s
+ echo '1791500491   Batch 600 | 4800/5000 | ['\''0.410'\'', '\''0.395'\'', '\''0.475'\'', '\''0.345'\'', '\''0.395'\'', '\''0.450'\'', '\''0.430'\'', '\''0.465'\'']'
+ IFS=
+ read -r l
++ date +%s
+ echo '1791500497   Batch 601 | 4808/5000 | ['\''0.465'\'', '\''0.510'\'', '\''0.430'\'', '\''0.365'\'', '\''0.405'\'', '\''0.395'\'', '\''0.465'\'', '\''0.260'\'']'
+ IFS=
+ read -r l
++ date +%s
+ echo '1791500504   Batch 602 | 4816/5000 | ['\''0.510'\'', '\''0.450'\'', '\''0.395'\'', '\''0.360'\'', '\''0.345'\'', '\''0.415'\'', '\''0.385'\'', '\''0.435'\'']'
+ IFS=
+ read -r l
++ date +%s
+ echo '1791500510   Batch 603 | 4824/5000 | ['\''0.340'\'', '\''0.290'\'', '\''0.265'\'', '\''0.400'\'', '\''0.405'\'', '\''0.395'\'', '\''0.430'\'', '\''0.510'\'']'
+ IFS=
+ read -r l
++ date +%s
+ echo '1791500516   Batch 604 | 4832/5000 | ['\''0.385'\'', '\''0.330'\'', '\''0.475'\'', '\''0.360'\'', '\''0.330'\'', '\''0.360'\'', '\''0.310'\'', '\''0.470'\'']'
+ IFS=
+ read -r l
++ date +%s
+ echo '1791500522   Batch 605 | 4840/5000 | ['\''0.390'\'', '\''0.400'\'', '\''0.365'\'', '\''0.415'\'', '\''0.385'\'', '\''0.325'\'', '\''0.390'\'', '\''0.435'\'']'
+ IFS=
+ read -r l
++ date +%s
+ echo '1791500529   Batch 606 | 4848/5000 | ['\''0.445'\'', '\''0.375'\'', '\''0.410'\'', '\''0.470'\'', '\''0.380'\'', '\''0.420'\'', '\''0.460'\'', '\''0.360'\'']'
+ IFS=
+ read -r l
++ date +%s
+ echo '1791500535   Batch 607 | 4856/5000 | ['\''0.275'\'', '\''0.435'\'', '\''0.530'\'', '\''0.375'\'', '\''0.415'\'', '\''0.440'\'', '\''0.460'\'', '\''0.490'\'']'
+ IFS=
+ read -r l
++ date +%s
+ echo '1791500542   Batch 608 | 4864/5000 | ['\''0.370'\'', '\''0.430'\'', '\''0.335'\'', '\''0.280'\'', '\''0.475'\'', '\''0.395'\'', '\''0.470'\'', '\''0.390'\'']'
+ IFS=
+ read -r l
++ date +%s
+ echo '1791500548   Batch 609 | 4872/5000 | ['\''0.405'\'', '\''0.400'\'', '\''0.320'\'', '\''0.420'\'', '\''0.410'\'', '\''0.420'\'', '\''0.440'\'', '\''0.415'\'']'
+ IFS=
+ read -r l
++ date +%s
+ echo '1791500554   Batch 610 | 4880/5000 | ['\''0.445'\'', '\''0.445'\'', '\''0.465'\'', '\''0.450'\'', '\''0.480'\'', '\''0.395'\'', '\''0.385'\'', '\''0.410'\'']'
+ IFS=
+ read -r l
++ date +%s
+ echo '1791500560   Batch 611 | 4888/5000 | ['\''0.305'\'', '\''0.290'\'', '\''0.495'\'', '\''0.400'\'', '\''0.375'\'', '\''0.375'\'', '\''0.270'\'', '\''0.385'\'']'
+ IFS=
+ read -r l
++ date +%s
+ echo '1791500566   Batch 612 | 4896/5000 | ['\''0.445'\'', '\''0.320'\'', '\''0.355'\'', '\''0.405'\'', '\''0.430'\'', '\''0.280'\'', '\''0.485'\'', '\''0.435'\'']'
+ IFS=
+ read -r l
++ date +%s
+ echo '1791500573   Batch 613 | 4904/5000 | ['\''0.450'\'', '\''0.420'\'', '\''0.360'\'', '\''0.410'\'', '\''0.365'\'', '\''0.445'\'', '\''0.480'\'', '\''0.475'\'']'
+ IFS=
+ read -r l
++ date +%s
+ echo '1791500579   Batch 614 | 4912/5000 | ['\''0.390'\'', '\''0.375'\'', '\''0.365'\'', '\''0.310'\'', '\''0.390'\'', '\''0.400'\'', '\''0.190'\'', '\''0.380'\'']'
+ IFS=
+ read -r l
++ date +%s
+ echo '1791500585   Batch 615 | 4920/5000 | ['\''0.400'\'', '\''0.435'\'', '\''0.395'\'', '\''0.455'\'', '\''0.300'\'', '\''0.460'\'', '\''0.385'\'', '\''0.340'\'']'
+ IFS=
+ read -r l
++ date +%s
+ echo '1791500591   Batch 616 | 4928/5000 | ['\''0.415'\'', '\''0.445'\'', '\''0.445'\'', '\''0.385'\'', '\''0.430'\'', '\''0.455'\'', '\''0.410'\'', '\''0.440'\'']'
+ IFS=
+ read -r l
++ date +%s
+ echo '1791500597   Batch 617 | 4936/5000 | ['\''0.385'\'', '\''0.415'\'', '\''0.305'\'', '\''0.340'\'', '\''0.315'\'', '\''0.405'\'', '\''0.465'\'', '\''0.410'\'']'
+ IFS=
+ read -r l
++ date +%s
+ echo '1791500604   Batch 618 | 4944/5000 | ['\''0.355'\'', '\''0.375'\'', '\''0.460'\'', '\''0.365'\'', '\''0.405'\'', '\''0.490'\'', '\''0.445'\'', '\''0.450'\'']'
+ IFS=
+ read -r l
++ date +%s
+ echo '1791500610   Batch 619 | 4952/5000 | ['\''0.420'\'', '\''0.350'\'', '\''0.360'\'', '\''0.245'\'', '\''0.280'\'', '\''0.395'\'', '\''0.440'\'', '\''0.435'\'']'
+ IFS=
+ read -r l
++ date +%s
+ echo '1791500616   Batch 620 | 4960/5000 | ['\''0.300'\'', '\''0.390'\'', '\''0.295'\'', '\''0.480'\'', '\''0.410'\'', '\''0.415'\'', '\''0.415'\'', '\''0.500'\'']'
+ IFS=
+ read -r l
++ date +%s
+ echo '1791500623   Batch 621 | 4968/5000 | ['\''0.385'\'', '\''0.360'\'', '\''0.495'\'', '\''0.425'\'', '\''0.295'\'', '\''0.425'\'', '\''0.485'\'', '\''0.435'\'']'
+ IFS=
+ read -r l
++ date +%s
+ echo '1791500629   Batch 622 | 4976/5000 | ['\''0.365'\'', '\''0.440'\'', '\''0.445'\'', '\''0.440'\'', '\''0.445'\'', '\''0.390'\'', '\''0.445'\'', '\''0.405'\'']'
+ IFS=
+ read -r l
++ date +%s
+ echo '1791500635   Batch 623 | 4984/5000 | ['\''0.360'\'', '\''0.280'\'', '\''0.440'\'', '\''0.375'\'', '\''0.500'\'', '\''0.365'\'', '\''0.420'\'', '\''0.300'\'']'
+ IFS=
+ read -r l
++ date +%s
+ echo '1791500641   Batch 624 | 4992/5000 | ['\''0.460'\'', '\''0.420'\'', '\''0.390'\'', '\''0.390'\'', '\''0.360'\'', '\''0.405'\'', '\''0.415'\'', '\''0.470'\'']'
+ IFS=
+ read -r l
++ date +%s
+ echo '1791500648   Batch 625 | 5000/5000 | ['\''0.515'\'', '\''0.370'\'', '\''0.405'\'', '\''0.375'\'', '\''0.455'\'', '\''0.465'\'', '\''0.390'\'', '\''0.465'\'']'
+ IFS=
+ read -r l
++ date +%s
+ echo '1791500648 '
+ IFS=
+ read -r l
++ date +%s
+ echo '1791500648 Sampling done.'
+ IFS=
+ read -r l
++ date +%s
+ echo '1791500648 '
+ IFS=
+ read -r l
++ date +%s
+ echo '1791500648 ============================================================'
+ IFS=
+ read -r l
++ date +%s
+ echo '1791500648 SAMPLING COMPLETE'
+ IFS=
+ read -r l
++ date +%s
+ echo '1791500648 ============================================================'
+ IFS=
+ read -r l
++ date +%s
+ echo '1791500648   σ=0.0005: mean=0.4118, n=1670'
+ IFS=
+ read -r l
++ date +%s
+ echo '1791500648   σ=0.001: mean=0.4042, n=1717'
+ IFS=
+ read -r l
++ date +%s
+ echo '1791500648   σ=0.002: mean=0.4020, n=1613'
+ IFS=
+ read -r l
++ date +%s
+ echo '1791500648 '
+ IFS=
+ read -r l
++ date +%s
+ echo '1791500648 ★ Best sigma: 0.0005'
+ IFS=
+ read -r l
++ date +%s
+ echo '1791500648 '
+ IFS=
+ read -r l
++ date +%s
+ echo '1791500648 ============================================================'
+ IFS=
+ read -r l
++ date +%s
+ echo '1791500648 SELECTION'
+ IFS=
+ read -r l
++ date +%s
+ echo '1791500648 ============================================================'
+ IFS=
+ read -r l
++ date +%s
+ echo '1791500648 Selected top-50 from 5000 perturbations'
+ IFS=
+ read -r l
++ date +%s
+ echo '1791500648 '
+ IFS=
+ read -r l
++ date +%s
+ echo '1791500648 === Top-50 Perturbations ==='
+ IFS=
+ read -r l
++ date +%s
+ echo '1791500648   1. seed=2103607702, σ=0.002: 0.5900'
+ IFS=
+ read -r l
++ date +%s
+ echo '1791500648   2. seed=2136346681, σ=0.002: 0.5650'
+ IFS=
+ read -r l
++ date +%s
+ echo '1791500648   3. seed=1091279303, σ=0.001: 0.5650'
+ IFS=
+ read -r l
++ date +%s
+ echo '1791500648   4. seed=1093740010, σ=0.001: 0.5600'
+ IFS=
+ read -r l
++ date +%s
+ echo '1791500648   5. seed=2120236697, σ=0.001: 0.5600'
+ IFS=
+ read -r l
++ date +%s
+ echo '1791500648   6. seed=424486224, σ=0.001: 0.5550'
+ IFS=
+ read -r l
++ date +%s
+ echo '1791500648   7. seed=77658678, σ=0.002: 0.5550'
+ IFS=
+ read -r l
++ date +%s
+ echo '1791500648   8. seed=893700171, σ=0.001: 0.5550'
+ IFS=
+ read -r l
++ date +%s
+ echo '1791500648   9. seed=1860451193, σ=0.002: 0.5550'
+ IFS=
+ read -r l
++ date +%s
+ echo '1791500648   10. seed=758599731, σ=0.002: 0.5550'
+ IFS=
+ read -r l
++ date +%s
+ echo '1791500648 '
+ IFS=
+ read -r l
++ date +%s
+ echo '1791500648 ============================================================'
+ IFS=
+ read -r l
++ date +%s
+ echo '1791500648 ENSEMBLE EVALUATION'
+ IFS=
+ read -r l
++ date +%s
+ echo '1791500648 ============================================================'
+ IFS=
+ read -r l
++ date +%s
+ echo '1791500648 K values: [50, 10] | Test samples: 1319'
+ IFS=
+ read -r l
++ date +%s
+ echo '1791500648   Batch 1/7 (8 models)...'
+ IFS=
+ read -r l
++ date +%s
+ echo '1791500731   Batch 7/7 (2 models)...'
+ IFS=
+ read -r l
++ date +%s
+ echo '1791500744 '
+ IFS=
+ read -r l
++ date +%s
+ echo '1791500744 Generation completed.'
+ IFS=
+ read -r l
++ date +%s
+ echo '1791500744 '
+ IFS=
+ read -r l
++ date +%s
+ echo '1791500744 Majority voting...'
+ IFS=
+ read -r l
++ date +%s
+ echo '1791500744   K=50: 52.46% (692/1319) [+17.21%]'
+ IFS=
+ read -r l
++ date +%s
+ echo '1791500744   K=10: 50.11% (661/1319) [+14.86%]'
+ IFS=
+ read -r l
++ date +%s
+ echo '1791500744 '
+ IFS=
+ read -r l
++ date +%s
+ echo '1791500744 === Saving Results ==='
+ IFS=
+ read -r l
++ date +%s
+ echo '1791500744 Results saved to /workspace/o1/out/expdir/gsm8k_20261008_215525/'
+ IFS=
+ read -r l
++ date +%s
+ echo '1791500744 [36m(RayWorkerWrapper pid=14281)[0m WARNING 10-08 21:55:51 [cudagraph_dispatcher.py:106] cudagraph dispatching keys are not initialized. No cudagraph will be used.[32m [repeated 7x across cluster][0m'
+ IFS=
+ read -r l
++ date +%s
+ echo '1791500744 [36m(RayWorkerWrapper pid=14281)[0m Loading safetensors checkpoint shards:   0% Completed | 0/1 [00:00<?, ?it/s][32m [repeated 7x across cluster][0m'
+ IFS=
+ read -r l
++ date +%s
+ echo '1791500744 [36m(RayWorkerWrapper pid=14281)[0m Loading safetensors checkpoint shards: 100% Completed | 1/1 [00:00<00:00,  2.18it/s][32m [repeated 14x across cluster][0m'
+ IFS=
+ read -r l
+ return 0
+ grep -E 'Test accuracy|K=' /workspace/o1/out/randopt.log
+ tail -4
1791496573 Test accuracy: 35.25% (465/1319)
1791500744   K=50: 52.46% (692/1319) [+17.21%]
1791500744   K=10: 50.11% (661/1319) [+14.86%]
