winner,is_9504111,sel_gain,held_gain,uniform_held,test_gain
25a60f0b59f103ebf782a31f94bb569d897a652a0bc1bd95c5cdc5521418b843,True,10.0,6.0,0.759999999999998,-2.6737967914438503
76cef14153e1d850214cd9285b883b193d95539ff95708c26223e2a60f833198,False,5.0,0.0,2.719999999999999,-0.35650623885918004
25a60f0b59f103ebf782a31f94bb569d897a652a0bc1bd95c5cdc5521418b843,True,8.0,8.0,2.240000000000002,-2.6737967914438503
25a60f0b59f103ebf782a31f94bb569d897a652a0bc1bd95c5cdc5521418b843,True,7.0,9.0,2.4200000000000017,-2.6737967914438503
25a60f0b59f103ebf782a31f94bb569d897a652a0bc1bd95c5cdc5521418b843,True,8.0,8.0,-0.03999999999999915,-2.6737967914438503
ab90b43f348253a578dcb95935f52c00eb11253a5d50f45fb540cf45626d0620,False,8.0,0.0,-0.17999999999999972,-0.7130124777183601
25a60f0b59f103ebf782a31f94bb569d897a652a0bc1bd95c5cdc5521418b843,True,8.0,8.0,0.759999999999998,-2.6737967914438503
25a60f0b59f103ebf782a31f94bb569d897a652a0bc1bd95c5cdc5521418b843,True,8.0,8.0,1.8400000000000034,-2.6737967914438503
25a60f0b59f103ebf782a31f94bb569d897a652a0bc1bd95c5cdc5521418b843,True,7.0,9.0,2.700000000000003,-2.6737967914438503
2a688dce9ee3f6910a66c8306e45a673347e6c2da97ca4f612e37eadc34f421f,False,9.0,2.0,1.8999999999999986,-0.8912655971479501
25a60f0b59f103ebf782a31f94bb569d897a652a0bc1bd95c5cdc5521418b843,True,10.0,6.0,1.759999999999998,-2.6737967914438503
25a60f0b59f103ebf782a31f94bb569d897a652a0bc1bd95c5cdc5521418b843,True,8.0,8.0,3.280000000000001,-2.6737967914438503
25a60f0b59f103ebf782a31f94bb569d897a652a0bc1bd95c5cdc5521418b843,True,8.0,8.0,1.6400000000000006,-2.6737967914438503
9b314dbaab24207ccb63b6994337f27fd505f1c0ef868166102def484737fe46,False,6.0,1.0,1.2199999999999989,-0.17825311942959002
25a60f0b59f103ebf782a31f94bb569d897a652a0bc1bd95c5cdc5521418b843,True,10.0,6.0,0.7000000000000028,-2.6737967914438503
25a60f0b59f103ebf782a31f94bb569d897a652a0bc1bd95c5cdc5521418b843,True,4.0,12.0,3.4200000000000017,-2.6737967914438503
25a60f0b59f103ebf782a31f94bb569d897a652a0bc1bd95c5cdc5521418b843,True,10.0,6.0,0.7000000000000028,-2.6737967914438503
76fd1e2470419b464aa575afb0710800da330763a86d4deb65102df4412cfb61,False,6.0,3.0,2.039999999999999,-0.7130124777183601
76fd1e2470419b464aa575afb0710800da330763a86d4deb65102df4412cfb61,False,7.0,2.0,2.9200000000000017,-0.7130124777183601
76fd1e2470419b464aa575afb0710800da330763a86d4deb65102df4412cfb61,False,5.0,4.0,2.6400000000000006,-0.7130124777183601
b93b3e639207b61066839c0c4c5d4b187f3648ac0893403e393788147d3cf641,False,8.0,-1.0,0.6599999999999966,-0.5347593582887701
2a688dce9ee3f6910a66c8306e45a673347e6c2da97ca4f612e37eadc34f421f,False,8.0,3.0,0.46000000000000085,-0.8912655971479501
25a60f0b59f103ebf782a31f94bb569d897a652a0bc1bd95c5cdc5521418b843,True,9.0,7.0,0.6000000000000014,-2.6737967914438503
76fd1e2470419b464aa575afb0710800da330763a86d4deb65102df4412cfb61,False,7.0,2.0,1.3999999999999986,-0.7130124777183601
25a60f0b59f103ebf782a31f94bb569d897a652a0bc1bd95c5cdc5521418b843,True,9.0,7.0,2.9600000000000013,-2.6737967914438503
25a60f0b59f103ebf782a31f94bb569d897a652a0bc1bd95c5cdc5521418b843,True,12.0,4.0,2.0,-2.6737967914438503
76fd1e2470419b464aa575afb0710800da330763a86d4deb65102df4412cfb61,False,4.0,5.0,2.5,-0.7130124777183601
25a60f0b59f103ebf782a31f94bb569d897a652a0bc1bd95c5cdc5521418b843,True,12.0,4.0,-0.259999999999998,-2.6737967914438503
25a60f0b59f103ebf782a31f94bb569d897a652a0bc1bd95c5cdc5521418b843,True,11.0,5.0,-0.03999999999999915,-2.6737967914438503
76fd1e2470419b464aa575afb0710800da330763a86d4deb65102df4412cfb61,False,6.0,3.0,1.7199999999999989,-0.7130124777183601
25a60f0b59f103ebf782a31f94bb569d897a652a0bc1bd95c5cdc5521418b843,True,10.0,6.0,-0.28000000000000114,-2.6737967914438503
25a60f0b59f103ebf782a31f94bb569d897a652a0bc1bd95c5cdc5521418b843,True,8.0,8.0,0.03999999999999915,-2.6737967914438503
25a60f0b59f103ebf782a31f94bb569d897a652a0bc1bd95c5cdc5521418b843,True,6.0,10.0,0.9799999999999969,-2.6737967914438503
25a60f0b59f103ebf782a31f94bb569d897a652a0bc1bd95c5cdc5521418b843,True,10.0,6.0,0.6599999999999966,-2.6737967914438503
25a60f0b59f103ebf782a31f94bb569d897a652a0bc1bd95c5cdc5521418b843,True,9.0,7.0,2.1799999999999997,-2.6737967914438503
25a60f0b59f103ebf782a31f94bb569d897a652a0bc1bd95c5cdc5521418b843,True,11.0,5.0,1.8400000000000034,-2.6737967914438503
2a688dce9ee3f6910a66c8306e45a673347e6c2da97ca4f612e37eadc34f421f,False,9.0,2.0,-0.240000000000002,-0.8912655971479501
25a60f0b59f103ebf782a31f94bb569d897a652a0bc1bd95c5cdc5521418b843,True,11.0,5.0,0.7000000000000028,-2.6737967914438503
f6856a3437439e58b35ad8fedba5c2f1cabd89bb5550dc0db11d0fd01247215d,False,6.0,2.0,0.9600000000000009,-1.7825311942959001
25a60f0b59f103ebf782a31f94bb569d897a652a0bc1bd95c5cdc5521418b843,True,6.0,10.0,1.9799999999999969,-2.6737967914438503
2a688dce9ee3f6910a66c8306e45a673347e6c2da97ca4f612e37eadc34f421f,False,8.0,3.0,0.7199999999999989,-0.8912655971479501
9b314dbaab24207ccb63b6994337f27fd505f1c0ef868166102def484737fe46,False,9.0,-2.0,-0.020000000000003126,-0.17825311942959002
25a60f0b59f103ebf782a31f94bb569d897a652a0bc1bd95c5cdc5521418b843,True,9.0,7.0,2.520000000000003,-2.6737967914438503
25a60f0b59f103ebf782a31f94bb569d897a652a0bc1bd95c5cdc5521418b843,True,5.0,11.0,2.0799999999999983,-2.6737967914438503
25a60f0b59f103ebf782a31f94bb569d897a652a0bc1bd95c5cdc5521418b843,True,8.0,8.0,1.5,-2.6737967914438503
25a60f0b59f103ebf782a31f94bb569d897a652a0bc1bd95c5cdc5521418b843,True,9.0,7.0,1.2999999999999972,-2.6737967914438503
25a60f0b59f103ebf782a31f94bb569d897a652a0bc1bd95c5cdc5521418b843,True,8.0,8.0,0.8800000000000026,-2.6737967914438503
2a688dce9ee3f6910a66c8306e45a673347e6c2da97ca4f612e37eadc34f421f,False,8.0,3.0,-0.3999999999999986,-0.8912655971479501
25a60f0b59f103ebf782a31f94bb569d897a652a0bc1bd95c5cdc5521418b843,True,7.0,9.0,2.1000000000000014,-2.6737967914438503
2a688dce9ee3f6910a66c8306e45a673347e6c2da97ca4f612e37eadc34f421f,False,8.0,3.0,0.6799999999999997,-0.8912655971479501
25a60f0b59f103ebf782a31f94bb569d897a652a0bc1bd95c5cdc5521418b843,True,8.0,8.0,0.9600000000000009,-2.6737967914438503
25a60f0b59f103ebf782a31f94bb569d897a652a0bc1bd95c5cdc5521418b843,True,11.0,5.0,-0.1599999999999966,-2.6737967914438503
ab90b43f348253a578dcb95935f52c00eb11253a5d50f45fb540cf45626d0620,False,8.0,0.0,0.0,-0.7130124777183601
25a60f0b59f103ebf782a31f94bb569d897a652a0bc1bd95c5cdc5521418b843,True,9.0,7.0,1.0399999999999991,-2.6737967914438503
25a60f0b59f103ebf782a31f94bb569d897a652a0bc1bd95c5cdc5521418b843,True,11.0,5.0,2.479999999999997,-2.6737967914438503
25a60f0b59f103ebf782a31f94bb569d897a652a0bc1bd95c5cdc5521418b843,True,9.0,7.0,1.8599999999999994,-2.6737967914438503
f6856a3437439e58b35ad8fedba5c2f1cabd89bb5550dc0db11d0fd01247215d,False,6.0,2.0,1.3400000000000034,-1.7825311942959001
76fd1e2470419b464aa575afb0710800da330763a86d4deb65102df4412cfb61,False,7.0,2.0,2.5,-0.7130124777183601
97b28df35b811f0a5dba92060bfa9d60f1cc23fb3123298c2b14a461bea2df00,False,6.0,-1.0,2.3599999999999994,1.0695187165775402
25a60f0b59f103ebf782a31f94bb569d897a652a0bc1bd95c5cdc5521418b843,True,10.0,6.0,1.0399999999999991,-2.6737967914438503
25a60f0b59f103ebf782a31f94bb569d897a652a0bc1bd95c5cdc5521418b843,True,8.0,8.0,1.259999999999998,-2.6737967914438503
25a60f0b59f103ebf782a31f94bb569d897a652a0bc1bd95c5cdc5521418b843,True,11.0,5.0,3.0799999999999983,-2.6737967914438503
25a60f0b59f103ebf782a31f94bb569d897a652a0bc1bd95c5cdc5521418b843,True,7.0,9.0,1.8200000000000003,-2.6737967914438503
25a60f0b59f103ebf782a31f94bb569d897a652a0bc1bd95c5cdc5521418b843,True,10.0,6.0,2.1000000000000014,-2.6737967914438503
25a60f0b59f103ebf782a31f94bb569d897a652a0bc1bd95c5cdc5521418b843,True,7.0,9.0,2.9200000000000017,-2.6737967914438503
2a688dce9ee3f6910a66c8306e45a673347e6c2da97ca4f612e37eadc34f421f,False,4.0,7.0,3.2599999999999976,-0.8912655971479501
25a60f0b59f103ebf782a31f94bb569d897a652a0bc1bd95c5cdc5521418b843,True,7.0,9.0,2.6400000000000006,-2.6737967914438503
f6856a3437439e58b35ad8fedba5c2f1cabd89bb5550dc0db11d0fd01247215d,False,10.0,-2.0,-0.8999999999999986,-1.7825311942959001
25a60f0b59f103ebf782a31f94bb569d897a652a0bc1bd95c5cdc5521418b843,True,11.0,5.0,-0.10000000000000142,-2.6737967914438503
f6856a3437439e58b35ad8fedba5c2f1cabd89bb5550dc0db11d0fd01247215d,False,8.0,0.0,0.3999999999999986,-1.7825311942959001
25a60f0b59f103ebf782a31f94bb569d897a652a0bc1bd95c5cdc5521418b843,True,7.0,9.0,2.7400000000000024,-2.6737967914438503
f6856a3437439e58b35ad8fedba5c2f1cabd89bb5550dc0db11d0fd01247215d,False,10.0,-2.0,-0.4799999999999969,-1.7825311942959001
25a60f0b59f103ebf782a31f94bb569d897a652a0bc1bd95c5cdc5521418b843,True,10.0,6.0,1.7199999999999989,-2.6737967914438503
25a60f0b59f103ebf782a31f94bb569d897a652a0bc1bd95c5cdc5521418b843,True,9.0,7.0,0.240000000000002,-2.6737967914438503
25a60f0b59f103ebf782a31f94bb569d897a652a0bc1bd95c5cdc5521418b843,True,11.0,5.0,1.0200000000000031,-2.6737967914438503
25a60f0b59f103ebf782a31f94bb569d897a652a0bc1bd95c5cdc5521418b843,True,15.0,1.0,-1.3599999999999994,-2.6737967914438503
ab90b43f348253a578dcb95935f52c00eb11253a5d50f45fb540cf45626d0620,False,7.0,1.0,1.240000000000002,-0.7130124777183601
25a60f0b59f103ebf782a31f94bb569d897a652a0bc1bd95c5cdc5521418b843,True,8.0,8.0,1.8599999999999994,-2.6737967914438503
25a60f0b59f103ebf782a31f94bb569d897a652a0bc1bd95c5cdc5521418b843,True,9.0,7.0,2.4399999999999977,-2.6737967914438503
2a688dce9ee3f6910a66c8306e45a673347e6c2da97ca4f612e37eadc34f421f,False,8.0,3.0,1.2199999999999989,-0.8912655971479501
25a60f0b59f103ebf782a31f94bb569d897a652a0bc1bd95c5cdc5521418b843,True,9.0,7.0,1.1799999999999997,-2.6737967914438503
25a60f0b59f103ebf782a31f94bb569d897a652a0bc1bd95c5cdc5521418b843,True,7.0,9.0,2.240000000000002,-2.6737967914438503
a3a9766514890add553eb639947da5ae68bd92450572e8ba728a23d86c0aea11,False,4.0,3.0,2.600000000000001,0.5347593582887701
25a60f0b59f103ebf782a31f94bb569d897a652a0bc1bd95c5cdc5521418b843,True,9.0,7.0,0.259999999999998,-2.6737967914438503
25a60f0b59f103ebf782a31f94bb569d897a652a0bc1bd95c5cdc5521418b843,True,13.0,3.0,0.5600000000000023,-2.6737967914438503
18e38dc4225a11e2a43c1a7abd32ddeea5ac0a0bcf35f6f5854fbf708e98f5ca,False,7.0,1.0,0.740000000000002,-1.0695187165775402
ab90b43f348253a578dcb95935f52c00eb11253a5d50f45fb540cf45626d0620,False,4.0,4.0,3.4200000000000017,-0.7130124777183601
25a60f0b59f103ebf782a31f94bb569d897a652a0bc1bd95c5cdc5521418b843,True,11.0,5.0,0.21999999999999886,-2.6737967914438503
25a60f0b59f103ebf782a31f94bb569d897a652a0bc1bd95c5cdc5521418b843,True,7.0,9.0,1.3200000000000003,-2.6737967914438503
25a60f0b59f103ebf782a31f94bb569d897a652a0bc1bd95c5cdc5521418b843,True,8.0,8.0,2.5,-2.6737967914438503
ab90b43f348253a578dcb95935f52c00eb11253a5d50f45fb540cf45626d0620,False,7.0,1.0,0.10000000000000142,-0.7130124777183601
25a60f0b59f103ebf782a31f94bb569d897a652a0bc1bd95c5cdc5521418b843,True,6.0,10.0,2.7400000000000024,-2.6737967914438503
25a60f0b59f103ebf782a31f94bb569d897a652a0bc1bd95c5cdc5521418b843,True,9.0,7.0,-0.21999999999999886,-2.6737967914438503
ab90b43f348253a578dcb95935f52c00eb11253a5d50f45fb540cf45626d0620,False,8.0,0.0,-0.11999999999999744,-0.7130124777183601
25a60f0b59f103ebf782a31f94bb569d897a652a0bc1bd95c5cdc5521418b843,True,9.0,7.0,1.2800000000000011,-2.6737967914438503
adf172831755d5b68b20bd41481d7665e21425c51d614aae18c17d25d300847e,False,6.0,-3.0,2.020000000000003,-0.8912655971479501
25a60f0b59f103ebf782a31f94bb569d897a652a0bc1bd95c5cdc5521418b843,True,9.0,7.0,1.740000000000002,-2.6737967914438503
25a60f0b59f103ebf782a31f94bb569d897a652a0bc1bd95c5cdc5521418b843,True,12.0,4.0,-0.5,-2.6737967914438503
25a60f0b59f103ebf782a31f94bb569d897a652a0bc1bd95c5cdc5521418b843,True,11.0,5.0,-0.21999999999999886,-2.6737967914438503
25a60f0b59f103ebf782a31f94bb569d897a652a0bc1bd95c5cdc5521418b843,True,8.0,8.0,3.2400000000000024,-2.6737967914438503
25a60f0b59f103ebf782a31f94bb569d897a652a0bc1bd95c5cdc5521418b843,True,9.0,7.0,1.0799999999999983,-2.6737967914438503
25a60f0b59f103ebf782a31f94bb569d897a652a0bc1bd95c5cdc5521418b843,True,9.0,7.0,1.4200000000000017,-2.6737967914438503
25a60f0b59f103ebf782a31f94bb569d897a652a0bc1bd95c5cdc5521418b843,True,11.0,5.0,-2.020000000000003,-2.6737967914438503
25a60f0b59f103ebf782a31f94bb569d897a652a0bc1bd95c5cdc5521418b843,True,8.0,8.0,0.7199999999999989,-2.6737967914438503
25a60f0b59f103ebf782a31f94bb569d897a652a0bc1bd95c5cdc5521418b843,True,5.0,11.0,2.9200000000000017,-2.6737967914438503
25a60f0b59f103ebf782a31f94bb569d897a652a0bc1bd95c5cdc5521418b843,True,12.0,4.0,1.9600000000000009,-2.6737967914438503
25a60f0b59f103ebf782a31f94bb569d897a652a0bc1bd95c5cdc5521418b843,True,12.0,4.0,1.0600000000000023,-2.6737967914438503
25a60f0b59f103ebf782a31f94bb569d897a652a0bc1bd95c5cdc5521418b843,True,9.0,7.0,1.1400000000000006,-2.6737967914438503
2a688dce9ee3f6910a66c8306e45a673347e6c2da97ca4f612e37eadc34f421f,False,12.0,-1.0,-0.740000000000002,-0.8912655971479501
25a60f0b59f103ebf782a31f94bb569d897a652a0bc1bd95c5cdc5521418b843,True,11.0,5.0,0.9399999999999977,-2.6737967914438503
25a60f0b59f103ebf782a31f94bb569d897a652a0bc1bd95c5cdc5521418b843,True,7.0,9.0,1.6599999999999966,-2.6737967914438503
76fd1e2470419b464aa575afb0710800da330763a86d4deb65102df4412cfb61,False,8.0,1.0,1.3200000000000003,-0.7130124777183601
f6856a3437439e58b35ad8fedba5c2f1cabd89bb5550dc0db11d0fd01247215d,False,7.0,1.0,1.7999999999999972,-1.7825311942959001
25a60f0b59f103ebf782a31f94bb569d897a652a0bc1bd95c5cdc5521418b843,True,10.0,6.0,1.1799999999999997,-2.6737967914438503
76fd1e2470419b464aa575afb0710800da330763a86d4deb65102df4412cfb61,False,6.0,3.0,1.240000000000002,-0.7130124777183601
25a60f0b59f103ebf782a31f94bb569d897a652a0bc1bd95c5cdc5521418b843,True,14.0,2.0,-0.740000000000002,-2.6737967914438503
25a60f0b59f103ebf782a31f94bb569d897a652a0bc1bd95c5cdc5521418b843,True,10.0,6.0,0.9200000000000017,-2.6737967914438503
25a60f0b59f103ebf782a31f94bb569d897a652a0bc1bd95c5cdc5521418b843,True,10.0,6.0,0.28000000000000114,-2.6737967914438503
25a60f0b59f103ebf782a31f94bb569d897a652a0bc1bd95c5cdc5521418b843,True,10.0,6.0,1.6400000000000006,-2.6737967914438503
25a60f0b59f103ebf782a31f94bb569d897a652a0bc1bd95c5cdc5521418b843,True,12.0,4.0,0.5399999999999991,-2.6737967914438503
25a60f0b59f103ebf782a31f94bb569d897a652a0bc1bd95c5cdc5521418b843,True,7.0,9.0,1.0399999999999991,-2.6737967914438503
25a60f0b59f103ebf782a31f94bb569d897a652a0bc1bd95c5cdc5521418b843,True,8.0,8.0,1.9200000000000017,-2.6737967914438503
25a60f0b59f103ebf782a31f94bb569d897a652a0bc1bd95c5cdc5521418b843,True,9.0,7.0,0.3400000000000034,-2.6737967914438503
25a60f0b59f103ebf782a31f94bb569d897a652a0bc1bd95c5cdc5521418b843,True,12.0,4.0,-0.21999999999999886,-2.6737967914438503
25a60f0b59f103ebf782a31f94bb569d897a652a0bc1bd95c5cdc5521418b843,True,8.0,8.0,1.3800000000000026,-2.6737967914438503
76fd1e2470419b464aa575afb0710800da330763a86d4deb65102df4412cfb61,False,7.0,2.0,2.619999999999998,-0.7130124777183601
25a60f0b59f103ebf782a31f94bb569d897a652a0bc1bd95c5cdc5521418b843,True,7.0,9.0,2.280000000000001,-2.6737967914438503
22a7ea37d049fb3796d1d62374d85880b5088534ee983f628589c0cb8e859d91,False,5.0,-2.0,2.6400000000000006,-1.7825311942959001
25a60f0b59f103ebf782a31f94bb569d897a652a0bc1bd95c5cdc5521418b843,True,9.0,7.0,2.299999999999997,-2.6737967914438503
f6856a3437439e58b35ad8fedba5c2f1cabd89bb5550dc0db11d0fd01247215d,False,9.0,-1.0,0.6400000000000006,-1.7825311942959001
25a60f0b59f103ebf782a31f94bb569d897a652a0bc1bd95c5cdc5521418b843,True,9.0,7.0,2.6400000000000006,-2.6737967914438503
25a60f0b59f103ebf782a31f94bb569d897a652a0bc1bd95c5cdc5521418b843,True,8.0,8.0,1.9600000000000009,-2.6737967914438503
2a688dce9ee3f6910a66c8306e45a673347e6c2da97ca4f612e37eadc34f421f,False,5.0,6.0,3.899999999999999,-0.8912655971479501
25a60f0b59f103ebf782a31f94bb569d897a652a0bc1bd95c5cdc5521418b843,True,10.0,6.0,1.7000000000000028,-2.6737967914438503
76fd1e2470419b464aa575afb0710800da330763a86d4deb65102df4412cfb61,False,8.0,1.0,0.8800000000000026,-0.7130124777183601
25a60f0b59f103ebf782a31f94bb569d897a652a0bc1bd95c5cdc5521418b843,True,8.0,8.0,2.3200000000000003,-2.6737967914438503
25a60f0b59f103ebf782a31f94bb569d897a652a0bc1bd95c5cdc5521418b843,True,9.0,7.0,1.240000000000002,-2.6737967914438503
25a60f0b59f103ebf782a31f94bb569d897a652a0bc1bd95c5cdc5521418b843,True,10.0,6.0,1.4600000000000009,-2.6737967914438503
25a60f0b59f103ebf782a31f94bb569d897a652a0bc1bd95c5cdc5521418b843,True,12.0,4.0,0.10000000000000142,-2.6737967914438503
76fd1e2470419b464aa575afb0710800da330763a86d4deb65102df4412cfb61,False,4.0,5.0,4.079999999999998,-0.7130124777183601
f6856a3437439e58b35ad8fedba5c2f1cabd89bb5550dc0db11d0fd01247215d,False,3.0,5.0,2.6400000000000006,-1.7825311942959001
18e38dc4225a11e2a43c1a7abd32ddeea5ac0a0bcf35f6f5854fbf708e98f5ca,False,7.0,1.0,0.5600000000000023,-1.0695187165775402
25a60f0b59f103ebf782a31f94bb569d897a652a0bc1bd95c5cdc5521418b843,True,7.0,9.0,2.020000000000003,-2.6737967914438503
25a60f0b59f103ebf782a31f94bb569d897a652a0bc1bd95c5cdc5521418b843,True,9.0,7.0,0.4200000000000017,-2.6737967914438503
25a60f0b59f103ebf782a31f94bb569d897a652a0bc1bd95c5cdc5521418b843,True,9.0,7.0,1.5600000000000023,-2.6737967914438503
25a60f0b59f103ebf782a31f94bb569d897a652a0bc1bd95c5cdc5521418b843,True,9.0,7.0,0.6799999999999997,-2.6737967914438503
25a60f0b59f103ebf782a31f94bb569d897a652a0bc1bd95c5cdc5521418b843,True,4.0,12.0,2.899999999999999,-2.6737967914438503
25a60f0b59f103ebf782a31f94bb569d897a652a0bc1bd95c5cdc5521418b843,True,6.0,10.0,2.240000000000002,-2.6737967914438503
25a60f0b59f103ebf782a31f94bb569d897a652a0bc1bd95c5cdc5521418b843,True,7.0,9.0,2.7400000000000024,-2.6737967914438503
25a60f0b59f103ebf782a31f94bb569d897a652a0bc1bd95c5cdc5521418b843,True,7.0,9.0,1.8400000000000034,-2.6737967914438503
25a60f0b59f103ebf782a31f94bb569d897a652a0bc1bd95c5cdc5521418b843,True,7.0,9.0,3.0600000000000023,-2.6737967914438503
25a60f0b59f103ebf782a31f94bb569d897a652a0bc1bd95c5cdc5521418b843,True,9.0,7.0,2.880000000000002,-2.6737967914438503
25a60f0b59f103ebf782a31f94bb569d897a652a0bc1bd95c5cdc5521418b843,True,8.0,8.0,2.259999999999998,-2.6737967914438503
ab90b43f348253a578dcb95935f52c00eb11253a5d50f45fb540cf45626d0620,False,10.0,-2.0,0.5399999999999991,-0.7130124777183601
25a60f0b59f103ebf782a31f94bb569d897a652a0bc1bd95c5cdc5521418b843,True,8.0,8.0,2.200000000000003,-2.6737967914438503
25a60f0b59f103ebf782a31f94bb569d897a652a0bc1bd95c5cdc5521418b843,True,11.0,5.0,0.3999999999999986,-2.6737967914438503
25a60f0b59f103ebf782a31f94bb569d897a652a0bc1bd95c5cdc5521418b843,True,9.0,7.0,1.6599999999999966,-2.6737967914438503
25a60f0b59f103ebf782a31f94bb569d897a652a0bc1bd95c5cdc5521418b843,True,9.0,7.0,1.1199999999999974,-2.6737967914438503
25a60f0b59f103ebf782a31f94bb569d897a652a0bc1bd95c5cdc5521418b843,True,12.0,4.0,-0.4200000000000017,-2.6737967914438503
25a60f0b59f103ebf782a31f94bb569d897a652a0bc1bd95c5cdc5521418b843,True,7.0,9.0,1.0399999999999991,-2.6737967914438503
25a60f0b59f103ebf782a31f94bb569d897a652a0bc1bd95c5cdc5521418b843,True,7.0,9.0,2.799999999999997,-2.6737967914438503
97b28df35b811f0a5dba92060bfa9d60f1cc23fb3123298c2b14a461bea2df00,False,5.0,0.0,2.1199999999999974,1.0695187165775402
2a688dce9ee3f6910a66c8306e45a673347e6c2da97ca4f612e37eadc34f421f,False,5.0,6.0,2.8599999999999994,-0.8912655971479501
25a60f0b59f103ebf782a31f94bb569d897a652a0bc1bd95c5cdc5521418b843,True,10.0,6.0,0.29999999999999716,-2.6737967914438503
76fd1e2470419b464aa575afb0710800da330763a86d4deb65102df4412cfb61,False,7.0,2.0,1.1199999999999974,-0.7130124777183601
25a60f0b59f103ebf782a31f94bb569d897a652a0bc1bd95c5cdc5521418b843,True,8.0,8.0,1.8599999999999994,-2.6737967914438503
ab90b43f348253a578dcb95935f52c00eb11253a5d50f45fb540cf45626d0620,False,6.0,2.0,1.6000000000000014,-0.7130124777183601
25a60f0b59f103ebf782a31f94bb569d897a652a0bc1bd95c5cdc5521418b843,True,8.0,8.0,2.9399999999999977,-2.6737967914438503
25a60f0b59f103ebf782a31f94bb569d897a652a0bc1bd95c5cdc5521418b843,True,15.0,1.0,-0.03999999999999915,-2.6737967914438503
25a60f0b59f103ebf782a31f94bb569d897a652a0bc1bd95c5cdc5521418b843,True,7.0,9.0,0.6199999999999974,-2.6737967914438503
25a60f0b59f103ebf782a31f94bb569d897a652a0bc1bd95c5cdc5521418b843,True,10.0,6.0,0.7199999999999989,-2.6737967914438503
76fd1e2470419b464aa575afb0710800da330763a86d4deb65102df4412cfb61,False,6.0,3.0,2.719999999999999,-0.7130124777183601
76fd1e2470419b464aa575afb0710800da330763a86d4deb65102df4412cfb61,False,6.0,3.0,3.899999999999999,-0.7130124777183601
2a688dce9ee3f6910a66c8306e45a673347e6c2da97ca4f612e37eadc34f421f,False,9.0,2.0,-0.3200000000000003,-0.8912655971479501
76fd1e2470419b464aa575afb0710800da330763a86d4deb65102df4412cfb61,False,8.0,1.0,1.8400000000000034,-0.7130124777183601
25a60f0b59f103ebf782a31f94bb569d897a652a0bc1bd95c5cdc5521418b843,True,9.0,7.0,1.5,-2.6737967914438503
f6856a3437439e58b35ad8fedba5c2f1cabd89bb5550dc0db11d0fd01247215d,False,8.0,0.0,-0.5399999999999991,-1.7825311942959001
25a60f0b59f103ebf782a31f94bb569d897a652a0bc1bd95c5cdc5521418b843,True,8.0,8.0,1.6400000000000006,-2.6737967914438503
25a60f0b59f103ebf782a31f94bb569d897a652a0bc1bd95c5cdc5521418b843,True,8.0,8.0,1.2999999999999972,-2.6737967914438503
25a60f0b59f103ebf782a31f94bb569d897a652a0bc1bd95c5cdc5521418b843,True,11.0,5.0,0.5200000000000031,-2.6737967914438503
2a688dce9ee3f6910a66c8306e45a673347e6c2da97ca4f612e37eadc34f421f,False,7.0,4.0,2.3999999999999986,-0.8912655971479501
25a60f0b59f103ebf782a31f94bb569d897a652a0bc1bd95c5cdc5521418b843,True,8.0,8.0,1.0799999999999983,-2.6737967914438503
25a60f0b59f103ebf782a31f94bb569d897a652a0bc1bd95c5cdc5521418b843,True,10.0,6.0,0.0,-2.6737967914438503
25a60f0b59f103ebf782a31f94bb569d897a652a0bc1bd95c5cdc5521418b843,True,10.0,6.0,1.240000000000002,-2.6737967914438503
25a60f0b59f103ebf782a31f94bb569d897a652a0bc1bd95c5cdc5521418b843,True,8.0,8.0,1.6000000000000014,-2.6737967914438503
25a60f0b59f103ebf782a31f94bb569d897a652a0bc1bd95c5cdc5521418b843,True,5.0,11.0,1.5200000000000031,-2.6737967914438503
25a60f0b59f103ebf782a31f94bb569d897a652a0bc1bd95c5cdc5521418b843,True,9.0,7.0,1.0399999999999991,-2.6737967914438503
76fd1e2470419b464aa575afb0710800da330763a86d4deb65102df4412cfb61,False,5.0,4.0,2.1000000000000014,-0.7130124777183601
18e38dc4225a11e2a43c1a7abd32ddeea5ac0a0bcf35f6f5854fbf708e98f5ca,False,6.0,2.0,1.4200000000000017,-1.0695187165775402
25a60f0b59f103ebf782a31f94bb569d897a652a0bc1bd95c5cdc5521418b843,True,10.0,6.0,3.4600000000000013,-2.6737967914438503
25a60f0b59f103ebf782a31f94bb569d897a652a0bc1bd95c5cdc5521418b843,True,10.0,6.0,1.9200000000000017,-2.6737967914438503
25a60f0b59f103ebf782a31f94bb569d897a652a0bc1bd95c5cdc5521418b843,True,5.0,11.0,2.68,-2.6737967914438503
25a60f0b59f103ebf782a31f94bb569d897a652a0bc1bd95c5cdc5521418b843,True,6.0,10.0,2.299999999999997,-2.6737967914438503
2a688dce9ee3f6910a66c8306e45a673347e6c2da97ca4f612e37eadc34f421f,False,10.0,1.0,0.0799999999999983,-0.8912655971479501
f6856a3437439e58b35ad8fedba5c2f1cabd89bb5550dc0db11d0fd01247215d,False,7.0,1.0,-0.35999999999999943,-1.7825311942959001
25a60f0b59f103ebf782a31f94bb569d897a652a0bc1bd95c5cdc5521418b843,True,6.0,10.0,2.880000000000002,-2.6737967914438503
25a60f0b59f103ebf782a31f94bb569d897a652a0bc1bd95c5cdc5521418b843,True,9.0,7.0,0.9600000000000009,-2.6737967914438503
25a60f0b59f103ebf782a31f94bb569d897a652a0bc1bd95c5cdc5521418b843,True,11.0,5.0,0.35999999999999943,-2.6737967914438503
25a60f0b59f103ebf782a31f94bb569d897a652a0bc1bd95c5cdc5521418b843,True,9.0,7.0,1.1000000000000014,-2.6737967914438503
18e38dc4225a11e2a43c1a7abd32ddeea5ac0a0bcf35f6f5854fbf708e98f5ca,False,6.0,2.0,1.4600000000000009,-1.0695187165775402
f6856a3437439e58b35ad8fedba5c2f1cabd89bb5550dc0db11d0fd01247215d,False,7.0,1.0,2.68,-1.7825311942959001
25a60f0b59f103ebf782a31f94bb569d897a652a0bc1bd95c5cdc5521418b843,True,8.0,8.0,1.6199999999999974,-2.6737967914438503
25a60f0b59f103ebf782a31f94bb569d897a652a0bc1bd95c5cdc5521418b843,True,7.0,9.0,2.8400000000000034,-2.6737967914438503
18e38dc4225a11e2a43c1a7abd32ddeea5ac0a0bcf35f6f5854fbf708e98f5ca,False,5.0,3.0,3.68,-1.0695187165775402
25a60f0b59f103ebf782a31f94bb569d897a652a0bc1bd95c5cdc5521418b843,True,8.0,8.0,1.0799999999999983,-2.6737967914438503
25a60f0b59f103ebf782a31f94bb569d897a652a0bc1bd95c5cdc5521418b843,True,8.0,8.0,1.6000000000000014,-2.6737967914438503
76fd1e2470419b464aa575afb0710800da330763a86d4deb65102df4412cfb61,False,7.0,2.0,1.3999999999999986,-0.7130124777183601
ab90b43f348253a578dcb95935f52c00eb11253a5d50f45fb540cf45626d0620,False,5.0,3.0,0.8800000000000026,-0.7130124777183601
25a60f0b59f103ebf782a31f94bb569d897a652a0bc1bd95c5cdc5521418b843,True,9.0,7.0,1.5,-2.6737967914438503
25a60f0b59f103ebf782a31f94bb569d897a652a0bc1bd95c5cdc5521418b843,True,6.0,10.0,2.9799999999999964,-2.6737967914438503
76fd1e2470419b464aa575afb0710800da330763a86d4deb65102df4412cfb61,False,7.0,2.0,1.6000000000000014,-0.7130124777183601
25a60f0b59f103ebf782a31f94bb569d897a652a0bc1bd95c5cdc5521418b843,True,11.0,5.0,0.3400000000000034,-2.6737967914438503
25a60f0b59f103ebf782a31f94bb569d897a652a0bc1bd95c5cdc5521418b843,True,8.0,8.0,1.0200000000000031,-2.6737967914438503
25a60f0b59f103ebf782a31f94bb569d897a652a0bc1bd95c5cdc5521418b843,True,7.0,9.0,3.3599999999999994,-2.6737967914438503
2a688dce9ee3f6910a66c8306e45a673347e6c2da97ca4f612e37eadc34f421f,False,8.0,3.0,0.6400000000000006,-0.8912655971479501
25a60f0b59f103ebf782a31f94bb569d897a652a0bc1bd95c5cdc5521418b843,True,3.0,13.0,3.8599999999999994,-2.6737967914438503
25a60f0b59f103ebf782a31f94bb569d897a652a0bc1bd95c5cdc5521418b843,True,11.0,5.0,1.5600000000000023,-2.6737967914438503
76fd1e2470419b464aa575afb0710800da330763a86d4deb65102df4412cfb61,False,7.0,2.0,2.200000000000003,-0.7130124777183601
25a60f0b59f103ebf782a31f94bb569d897a652a0bc1bd95c5cdc5521418b843,True,10.0,6.0,-0.0799999999999983,-2.6737967914438503
25a60f0b59f103ebf782a31f94bb569d897a652a0bc1bd95c5cdc5521418b843,True,12.0,4.0,1.740000000000002,-2.6737967914438503
25a60f0b59f103ebf782a31f94bb569d897a652a0bc1bd95c5cdc5521418b843,True,9.0,7.0,0.5,-2.6737967914438503
25a60f0b59f103ebf782a31f94bb569d897a652a0bc1bd95c5cdc5521418b843,True,9.0,7.0,1.3800000000000026,-2.6737967914438503
25a60f0b59f103ebf782a31f94bb569d897a652a0bc1bd95c5cdc5521418b843,True,11.0,5.0,1.759999999999998,-2.6737967914438503
25a60f0b59f103ebf782a31f94bb569d897a652a0bc1bd95c5cdc5521418b843,True,7.0,9.0,1.259999999999998,-2.6737967914438503
25a60f0b59f103ebf782a31f94bb569d897a652a0bc1bd95c5cdc5521418b843,True,10.0,6.0,1.6599999999999966,-2.6737967914438503
76fd1e2470419b464aa575afb0710800da330763a86d4deb65102df4412cfb61,False,5.0,4.0,3.600000000000001,-0.7130124777183601
25a60f0b59f103ebf782a31f94bb569d897a652a0bc1bd95c5cdc5521418b843,True,12.0,4.0,-0.1599999999999966,-2.6737967914438503
25a60f0b59f103ebf782a31f94bb569d897a652a0bc1bd95c5cdc5521418b843,True,9.0,7.0,0.5,-2.6737967914438503
25a60f0b59f103ebf782a31f94bb569d897a652a0bc1bd95c5cdc5521418b843,True,12.0,4.0,-0.38000000000000256,-2.6737967914438503
25a60f0b59f103ebf782a31f94bb569d897a652a0bc1bd95c5cdc5521418b843,True,11.0,5.0,-1.0799999999999983,-2.6737967914438503
2a688dce9ee3f6910a66c8306e45a673347e6c2da97ca4f612e37eadc34f421f,False,9.0,2.0,1.0,-0.8912655971479501
f6856a3437439e58b35ad8fedba5c2f1cabd89bb5550dc0db11d0fd01247215d,False,7.0,1.0,1.6400000000000006,-1.7825311942959001
25a60f0b59f103ebf782a31f94bb569d897a652a0bc1bd95c5cdc5521418b843,True,14.0,2.0,-0.29999999999999716,-2.6737967914438503
25a60f0b59f103ebf782a31f94bb569d897a652a0bc1bd95c5cdc5521418b843,True,9.0,7.0,2.3400000000000034,-2.6737967914438503
25a60f0b59f103ebf782a31f94bb569d897a652a0bc1bd95c5cdc5521418b843,True,6.0,10.0,1.6000000000000014,-2.6737967914438503
2a688dce9ee3f6910a66c8306e45a673347e6c2da97ca4f612e37eadc34f421f,False,9.0,2.0,0.759999999999998,-0.8912655971479501
25a60f0b59f103ebf782a31f94bb569d897a652a0bc1bd95c5cdc5521418b843,True,4.0,12.0,2.9200000000000017,-2.6737967914438503
18e38dc4225a11e2a43c1a7abd32ddeea5ac0a0bcf35f6f5854fbf708e98f5ca,False,9.0,-1.0,0.46000000000000085,-1.0695187165775402
25a60f0b59f103ebf782a31f94bb569d897a652a0bc1bd95c5cdc5521418b843,True,12.0,4.0,0.8800000000000026,-2.6737967914438503
25a60f0b59f103ebf782a31f94bb569d897a652a0bc1bd95c5cdc5521418b843,True,9.0,7.0,-1.4399999999999977,-2.6737967914438503
25a60f0b59f103ebf782a31f94bb569d897a652a0bc1bd95c5cdc5521418b843,True,10.0,6.0,0.060000000000002274,-2.6737967914438503
18e38dc4225a11e2a43c1a7abd32ddeea5ac0a0bcf35f6f5854fbf708e98f5ca,False,4.0,4.0,2.520000000000003,-1.0695187165775402
25a60f0b59f103ebf782a31f94bb569d897a652a0bc1bd95c5cdc5521418b843,True,8.0,8.0,3.0600000000000023,-2.6737967914438503
25a60f0b59f103ebf782a31f94bb569d897a652a0bc1bd95c5cdc5521418b843,True,5.0,11.0,4.719999999999999,-2.6737967914438503
18e38dc4225a11e2a43c1a7abd32ddeea5ac0a0bcf35f6f5854fbf708e98f5ca,False,12.0,-4.0,0.240000000000002,-1.0695187165775402
25a60f0b59f103ebf782a31f94bb569d897a652a0bc1bd95c5cdc5521418b843,True,9.0,7.0,1.2800000000000011,-2.6737967914438503
b93b3e639207b61066839c0c4c5d4b187f3648ac0893403e393788147d3cf641,False,6.0,1.0,2.039999999999999,-0.5347593582887701
25a60f0b59f103ebf782a31f94bb569d897a652a0bc1bd95c5cdc5521418b843,True,11.0,5.0,-0.10000000000000142,-2.6737967914438503
2a688dce9ee3f6910a66c8306e45a673347e6c2da97ca4f612e37eadc34f421f,False,8.0,3.0,1.5600000000000023,-0.8912655971479501
25a60f0b59f103ebf782a31f94bb569d897a652a0bc1bd95c5cdc5521418b843,True,8.0,8.0,0.5600000000000023,-2.6737967914438503
18e38dc4225a11e2a43c1a7abd32ddeea5ac0a0bcf35f6f5854fbf708e98f5ca,False,7.0,1.0,0.7199999999999989,-1.0695187165775402
76fd1e2470419b464aa575afb0710800da330763a86d4deb65102df4412cfb61,False,6.0,3.0,1.2999999999999972,-0.7130124777183601
25a60f0b59f103ebf782a31f94bb569d897a652a0bc1bd95c5cdc5521418b843,True,9.0,7.0,1.1199999999999974,-2.6737967914438503
25a60f0b59f103ebf782a31f94bb569d897a652a0bc1bd95c5cdc5521418b843,True,11.0,5.0,-0.03999999999999915,-2.6737967914438503
25a60f0b59f103ebf782a31f94bb569d897a652a0bc1bd95c5cdc5521418b843,True,10.0,6.0,0.5200000000000031,-2.6737967914438503
25a60f0b59f103ebf782a31f94bb569d897a652a0bc1bd95c5cdc5521418b843,True,10.0,6.0,2.1199999999999974,-2.6737967914438503
25a60f0b59f103ebf782a31f94bb569d897a652a0bc1bd95c5cdc5521418b843,True,11.0,5.0,0.14000000000000057,-2.6737967914438503
2a688dce9ee3f6910a66c8306e45a673347e6c2da97ca4f612e37eadc34f421f,False,6.0,5.0,0.14000000000000057,-0.8912655971479501
25a60f0b59f103ebf782a31f94bb569d897a652a0bc1bd95c5cdc5521418b843,True,8.0,8.0,2.1199999999999974,-2.6737967914438503
25a60f0b59f103ebf782a31f94bb569d897a652a0bc1bd95c5cdc5521418b843,True,8.0,8.0,2.520000000000003,-2.6737967914438503
25a60f0b59f103ebf782a31f94bb569d897a652a0bc1bd95c5cdc5521418b843,True,6.0,10.0,2.719999999999999,-2.6737967914438503
25a60f0b59f103ebf782a31f94bb569d897a652a0bc1bd95c5cdc5521418b843,True,9.0,7.0,1.3599999999999994,-2.6737967914438503
25a60f0b59f103ebf782a31f94bb569d897a652a0bc1bd95c5cdc5521418b843,True,9.0,7.0,1.4399999999999977,-2.6737967914438503
25a60f0b59f103ebf782a31f94bb569d897a652a0bc1bd95c5cdc5521418b843,True,11.0,5.0,1.3200000000000003,-2.6737967914438503
25a60f0b59f103ebf782a31f94bb569d897a652a0bc1bd95c5cdc5521418b843,True,8.0,8.0,2.539999999999999,-2.6737967914438503
25a60f0b59f103ebf782a31f94bb569d897a652a0bc1bd95c5cdc5521418b843,True,13.0,3.0,-0.6000000000000014,-2.6737967914438503
25a60f0b59f103ebf782a31f94bb569d897a652a0bc1bd95c5cdc5521418b843,True,9.0,7.0,1.3999999999999986,-2.6737967914438503
25a60f0b59f103ebf782a31f94bb569d897a652a0bc1bd95c5cdc5521418b843,True,9.0,7.0,0.5799999999999983,-2.6737967914438503
25a60f0b59f103ebf782a31f94bb569d897a652a0bc1bd95c5cdc5521418b843,True,8.0,8.0,2.619999999999998,-2.6737967914438503
f6856a3437439e58b35ad8fedba5c2f1cabd89bb5550dc0db11d0fd01247215d,False,13.0,-5.0,-1.3200000000000003,-1.7825311942959001
25a60f0b59f103ebf782a31f94bb569d897a652a0bc1bd95c5cdc5521418b843,True,4.0,12.0,4.0,-2.6737967914438503
661a2f1f1c8be0f7325fe0b664192bfa46380843fe52b675bf11075e1c265699,False,4.0,1.0,3.0600000000000023,-0.8912655971479501
25a60f0b59f103ebf782a31f94bb569d897a652a0bc1bd95c5cdc5521418b843,True,12.0,4.0,-1.8999999999999986,-2.6737967914438503
25a60f0b59f103ebf782a31f94bb569d897a652a0bc1bd95c5cdc5521418b843,True,9.0,7.0,0.8599999999999994,-2.6737967914438503
25a60f0b59f103ebf782a31f94bb569d897a652a0bc1bd95c5cdc5521418b843,True,9.0,7.0,2.020000000000003,-2.6737967914438503
76fd1e2470419b464aa575afb0710800da330763a86d4deb65102df4412cfb61,False,5.0,4.0,2.3400000000000034,-0.7130124777183601
2a688dce9ee3f6910a66c8306e45a673347e6c2da97ca4f612e37eadc34f421f,False,6.0,5.0,2.600000000000001,-0.8912655971479501
ab90b43f348253a578dcb95935f52c00eb11253a5d50f45fb540cf45626d0620,False,7.0,1.0,0.9200000000000017,-0.7130124777183601
25a60f0b59f103ebf782a31f94bb569d897a652a0bc1bd95c5cdc5521418b843,True,8.0,8.0,2.039999999999999,-2.6737967914438503
25a60f0b59f103ebf782a31f94bb569d897a652a0bc1bd95c5cdc5521418b843,True,7.0,9.0,1.4399999999999977,-2.6737967914438503
25a60f0b59f103ebf782a31f94bb569d897a652a0bc1bd95c5cdc5521418b843,True,7.0,9.0,1.8200000000000003,-2.6737967914438503
ab90b43f348253a578dcb95935f52c00eb11253a5d50f45fb540cf45626d0620,False,8.0,0.0,1.0399999999999991,-0.7130124777183601
f6856a3437439e58b35ad8fedba5c2f1cabd89bb5550dc0db11d0fd01247215d,False,5.0,3.0,2.9200000000000017,-1.7825311942959001
97b28df35b811f0a5dba92060bfa9d60f1cc23fb3123298c2b14a461bea2df00,False,6.0,-1.0,1.7199999999999989,1.0695187165775402
76fd1e2470419b464aa575afb0710800da330763a86d4deb65102df4412cfb61,False,6.0,3.0,2.7400000000000024,-0.7130124777183601
f6856a3437439e58b35ad8fedba5c2f1cabd89bb5550dc0db11d0fd01247215d,False,9.0,-1.0,0.21999999999999886,-1.7825311942959001
25a60f0b59f103ebf782a31f94bb569d897a652a0bc1bd95c5cdc5521418b843,True,8.0,8.0,1.0600000000000023,-2.6737967914438503
25a60f0b59f103ebf782a31f94bb569d897a652a0bc1bd95c5cdc5521418b843,True,10.0,6.0,0.3400000000000034,-2.6737967914438503
25a60f0b59f103ebf782a31f94bb569d897a652a0bc1bd95c5cdc5521418b843,True,8.0,8.0,2.880000000000002,-2.6737967914438503
25a60f0b59f103ebf782a31f94bb569d897a652a0bc1bd95c5cdc5521418b843,True,7.0,9.0,0.8999999999999986,-2.6737967914438503
2a688dce9ee3f6910a66c8306e45a673347e6c2da97ca4f612e37eadc34f421f,False,8.0,3.0,0.28000000000000114,-0.8912655971479501
2a688dce9ee3f6910a66c8306e45a673347e6c2da97ca4f612e37eadc34f421f,False,3.0,8.0,3.3400000000000034,-0.8912655971479501
25a60f0b59f103ebf782a31f94bb569d897a652a0bc1bd95c5cdc5521418b843,True,5.0,11.0,3.1599999999999966,-2.6737967914438503
25a60f0b59f103ebf782a31f94bb569d897a652a0bc1bd95c5cdc5521418b843,True,10.0,6.0,1.3200000000000003,-2.6737967914438503
2a688dce9ee3f6910a66c8306e45a673347e6c2da97ca4f612e37eadc34f421f,False,6.0,5.0,1.8200000000000003,-0.8912655971479501
25a60f0b59f103ebf782a31f94bb569d897a652a0bc1bd95c5cdc5521418b843,True,9.0,7.0,0.759999999999998,-2.6737967914438503
25a60f0b59f103ebf782a31f94bb569d897a652a0bc1bd95c5cdc5521418b843,True,10.0,6.0,1.5200000000000031,-2.6737967914438503
25a60f0b59f103ebf782a31f94bb569d897a652a0bc1bd95c5cdc5521418b843,True,6.0,10.0,2.7400000000000024,-2.6737967914438503
25a60f0b59f103ebf782a31f94bb569d897a652a0bc1bd95c5cdc5521418b843,True,9.0,7.0,2.539999999999999,-2.6737967914438503
25a60f0b59f103ebf782a31f94bb569d897a652a0bc1bd95c5cdc5521418b843,True,9.0,7.0,1.4600000000000009,-2.6737967914438503
25a60f0b59f103ebf782a31f94bb569d897a652a0bc1bd95c5cdc5521418b843,True,10.0,6.0,1.7800000000000011,-2.6737967914438503
f6856a3437439e58b35ad8fedba5c2f1cabd89bb5550dc0db11d0fd01247215d,False,10.0,-2.0,-0.4799999999999969,-1.7825311942959001
18e38dc4225a11e2a43c1a7abd32ddeea5ac0a0bcf35f6f5854fbf708e98f5ca,False,6.0,2.0,1.3800000000000026,-1.0695187165775402
18e38dc4225a11e2a43c1a7abd32ddeea5ac0a0bcf35f6f5854fbf708e98f5ca,False,6.0,2.0,1.7800000000000011,-1.0695187165775402
25a60f0b59f103ebf782a31f94bb569d897a652a0bc1bd95c5cdc5521418b843,True,10.0,6.0,0.8200000000000003,-2.6737967914438503
2a688dce9ee3f6910a66c8306e45a673347e6c2da97ca4f612e37eadc34f421f,False,4.0,7.0,2.880000000000002,-0.8912655971479501
76fd1e2470419b464aa575afb0710800da330763a86d4deb65102df4412cfb61,False,7.0,2.0,1.8999999999999986,-0.7130124777183601
25a60f0b59f103ebf782a31f94bb569d897a652a0bc1bd95c5cdc5521418b843,True,8.0,8.0,2.1199999999999974,-2.6737967914438503
18e38dc4225a11e2a43c1a7abd32ddeea5ac0a0bcf35f6f5854fbf708e98f5ca,False,8.0,0.0,1.5600000000000023,-1.0695187165775402
25a60f0b59f103ebf782a31f94bb569d897a652a0bc1bd95c5cdc5521418b843,True,6.0,10.0,3.0799999999999983,-2.6737967914438503
25a60f0b59f103ebf782a31f94bb569d897a652a0bc1bd95c5cdc5521418b843,True,10.0,6.0,0.0799999999999983,-2.6737967914438503
25a60f0b59f103ebf782a31f94bb569d897a652a0bc1bd95c5cdc5521418b843,True,11.0,5.0,0.240000000000002,-2.6737967914438503
25a60f0b59f103ebf782a31f94bb569d897a652a0bc1bd95c5cdc5521418b843,True,7.0,9.0,2.200000000000003,-2.6737967914438503
25a60f0b59f103ebf782a31f94bb569d897a652a0bc1bd95c5cdc5521418b843,True,14.0,2.0,-1.5799999999999983,-2.6737967914438503
18e38dc4225a11e2a43c1a7abd32ddeea5ac0a0bcf35f6f5854fbf708e98f5ca,False,10.0,-2.0,-0.6599999999999966,-1.0695187165775402
25a60f0b59f103ebf782a31f94bb569d897a652a0bc1bd95c5cdc5521418b843,True,6.0,10.0,2.299999999999997,-2.6737967914438503
2a688dce9ee3f6910a66c8306e45a673347e6c2da97ca4f612e37eadc34f421f,False,9.0,2.0,0.8400000000000034,-0.8912655971479501
adf172831755d5b68b20bd41481d7665e21425c51d614aae18c17d25d300847e,False,7.0,-4.0,1.2000000000000028,-0.8912655971479501
25a60f0b59f103ebf782a31f94bb569d897a652a0bc1bd95c5cdc5521418b843,True,6.0,10.0,2.479999999999997,-2.6737967914438503
25a60f0b59f103ebf782a31f94bb569d897a652a0bc1bd95c5cdc5521418b843,True,8.0,8.0,1.7999999999999972,-2.6737967914438503
f6856a3437439e58b35ad8fedba5c2f1cabd89bb5550dc0db11d0fd01247215d,False,7.0,1.0,-0.03999999999999915,-1.7825311942959001
2a688dce9ee3f6910a66c8306e45a673347e6c2da97ca4f612e37eadc34f421f,False,3.0,8.0,4.259999999999998,-0.8912655971479501
f6856a3437439e58b35ad8fedba5c2f1cabd89bb5550dc0db11d0fd01247215d,False,10.0,-2.0,-1.0,-1.7825311942959001
25a60f0b59f103ebf782a31f94bb569d897a652a0bc1bd95c5cdc5521418b843,True,8.0,8.0,4.140000000000001,-2.6737967914438503
f6856a3437439e58b35ad8fedba5c2f1cabd89bb5550dc0db11d0fd01247215d,False,7.0,1.0,0.240000000000002,-1.7825311942959001
76fd1e2470419b464aa575afb0710800da330763a86d4deb65102df4412cfb61,False,8.0,1.0,1.5200000000000031,-0.7130124777183601
25a60f0b59f103ebf782a31f94bb569d897a652a0bc1bd95c5cdc5521418b843,True,7.0,9.0,1.0600000000000023,-2.6737967914438503
25a60f0b59f103ebf782a31f94bb569d897a652a0bc1bd95c5cdc5521418b843,True,10.0,6.0,2.1400000000000006,-2.6737967914438503
25a60f0b59f103ebf782a31f94bb569d897a652a0bc1bd95c5cdc5521418b843,True,14.0,2.0,-0.46000000000000085,-2.6737967914438503
25a60f0b59f103ebf782a31f94bb569d897a652a0bc1bd95c5cdc5521418b843,True,8.0,8.0,1.7199999999999989,-2.6737967914438503
2a688dce9ee3f6910a66c8306e45a673347e6c2da97ca4f612e37eadc34f421f,False,7.0,4.0,1.5799999999999983,-0.8912655971479501
2a688dce9ee3f6910a66c8306e45a673347e6c2da97ca4f612e37eadc34f421f,False,7.0,4.0,1.0799999999999983,-0.8912655971479501
ab90b43f348253a578dcb95935f52c00eb11253a5d50f45fb540cf45626d0620,False,7.0,1.0,0.9200000000000017,-0.7130124777183601
25a60f0b59f103ebf782a31f94bb569d897a652a0bc1bd95c5cdc5521418b843,True,6.0,10.0,3.6599999999999966,-2.6737967914438503
76fd1e2470419b464aa575afb0710800da330763a86d4deb65102df4412cfb61,False,6.0,3.0,2.0,-0.7130124777183601
f6856a3437439e58b35ad8fedba5c2f1cabd89bb5550dc0db11d0fd01247215d,False,8.0,0.0,0.060000000000002274,-1.7825311942959001
25a60f0b59f103ebf782a31f94bb569d897a652a0bc1bd95c5cdc5521418b843,True,8.0,8.0,1.9799999999999969,-2.6737967914438503
18e38dc4225a11e2a43c1a7abd32ddeea5ac0a0bcf35f6f5854fbf708e98f5ca,False,9.0,-1.0,0.21999999999999886,-1.0695187165775402
25a60f0b59f103ebf782a31f94bb569d897a652a0bc1bd95c5cdc5521418b843,True,13.0,3.0,1.7800000000000011,-2.6737967914438503
b93b3e639207b61066839c0c4c5d4b187f3648ac0893403e393788147d3cf641,False,6.0,1.0,3.6400000000000006,-0.5347593582887701
25a60f0b59f103ebf782a31f94bb569d897a652a0bc1bd95c5cdc5521418b843,True,10.0,6.0,0.259999999999998,-2.6737967914438503
25a60f0b59f103ebf782a31f94bb569d897a652a0bc1bd95c5cdc5521418b843,True,7.0,9.0,2.520000000000003,-2.6737967914438503
25a60f0b59f103ebf782a31f94bb569d897a652a0bc1bd95c5cdc5521418b843,True,8.0,8.0,2.1799999999999997,-2.6737967914438503
25a60f0b59f103ebf782a31f94bb569d897a652a0bc1bd95c5cdc5521418b843,True,12.0,4.0,0.3200000000000003,-2.6737967914438503
f6856a3437439e58b35ad8fedba5c2f1cabd89bb5550dc0db11d0fd01247215d,False,8.0,0.0,1.5399999999999991,-1.7825311942959001
25a60f0b59f103ebf782a31f94bb569d897a652a0bc1bd95c5cdc5521418b843,True,10.0,6.0,-0.5200000000000031,-2.6737967914438503
f6856a3437439e58b35ad8fedba5c2f1cabd89bb5550dc0db11d0fd01247215d,False,4.0,4.0,2.9200000000000017,-1.7825311942959001
25a60f0b59f103ebf782a31f94bb569d897a652a0bc1bd95c5cdc5521418b843,True,13.0,3.0,-1.3599999999999994,-2.6737967914438503
25a60f0b59f103ebf782a31f94bb569d897a652a0bc1bd95c5cdc5521418b843,True,9.0,7.0,0.38000000000000256,-2.6737967914438503
25a60f0b59f103ebf782a31f94bb569d897a652a0bc1bd95c5cdc5521418b843,True,10.0,6.0,1.7000000000000028,-2.6737967914438503
25a60f0b59f103ebf782a31f94bb569d897a652a0bc1bd95c5cdc5521418b843,True,9.0,7.0,0.9799999999999969,-2.6737967914438503
25a60f0b59f103ebf782a31f94bb569d897a652a0bc1bd95c5cdc5521418b843,True,6.0,10.0,2.4200000000000017,-2.6737967914438503
25a60f0b59f103ebf782a31f94bb569d897a652a0bc1bd95c5cdc5521418b843,True,8.0,8.0,2.0,-2.6737967914438503
25a60f0b59f103ebf782a31f94bb569d897a652a0bc1bd95c5cdc5521418b843,True,9.0,7.0,0.7999999999999972,-2.6737967914438503
25a60f0b59f103ebf782a31f94bb569d897a652a0bc1bd95c5cdc5521418b843,True,8.0,8.0,2.299999999999997,-2.6737967914438503
ab90b43f348253a578dcb95935f52c00eb11253a5d50f45fb540cf45626d0620,False,9.0,-1.0,1.0799999999999983,-0.7130124777183601
25a60f0b59f103ebf782a31f94bb569d897a652a0bc1bd95c5cdc5521418b843,True,10.0,6.0,0.5600000000000023,-2.6737967914438503
25a60f0b59f103ebf782a31f94bb569d897a652a0bc1bd95c5cdc5521418b843,True,8.0,8.0,3.0600000000000023,-2.6737967914438503
25a60f0b59f103ebf782a31f94bb569d897a652a0bc1bd95c5cdc5521418b843,True,8.0,8.0,2.619999999999998,-2.6737967914438503
ab90b43f348253a578dcb95935f52c00eb11253a5d50f45fb540cf45626d0620,False,8.0,0.0,0.759999999999998,-0.7130124777183601
25a60f0b59f103ebf782a31f94bb569d897a652a0bc1bd95c5cdc5521418b843,True,7.0,9.0,1.3599999999999994,-2.6737967914438503
25a60f0b59f103ebf782a31f94bb569d897a652a0bc1bd95c5cdc5521418b843,True,12.0,4.0,-0.5600000000000023,-2.6737967914438503
ab90b43f348253a578dcb95935f52c00eb11253a5d50f45fb540cf45626d0620,False,7.0,1.0,1.4399999999999977,-0.7130124777183601
b93b3e639207b61066839c0c4c5d4b187f3648ac0893403e393788147d3cf641,False,4.0,3.0,2.719999999999999,-0.5347593582887701
25a60f0b59f103ebf782a31f94bb569d897a652a0bc1bd95c5cdc5521418b843,True,5.0,11.0,3.219999999999999,-2.6737967914438503
f6856a3437439e58b35ad8fedba5c2f1cabd89bb5550dc0db11d0fd01247215d,False,7.0,1.0,1.7000000000000028,-1.7825311942959001
f6856a3437439e58b35ad8fedba5c2f1cabd89bb5550dc0db11d0fd01247215d,False,4.0,4.0,3.119999999999998,-1.7825311942959001
76fd1e2470419b464aa575afb0710800da330763a86d4deb65102df4412cfb61,False,11.0,-2.0,0.0,-0.7130124777183601
25a60f0b59f103ebf782a31f94bb569d897a652a0bc1bd95c5cdc5521418b843,True,6.0,10.0,2.3800000000000026,-2.6737967914438503
25a60f0b59f103ebf782a31f94bb569d897a652a0bc1bd95c5cdc5521418b843,True,7.0,9.0,1.0399999999999991,-2.6737967914438503
2a688dce9ee3f6910a66c8306e45a673347e6c2da97ca4f612e37eadc34f421f,False,8.0,3.0,0.6799999999999997,-0.8912655971479501
25a60f0b59f103ebf782a31f94bb569d897a652a0bc1bd95c5cdc5521418b843,True,8.0,8.0,1.1199999999999974,-2.6737967914438503
76fd1e2470419b464aa575afb0710800da330763a86d4deb65102df4412cfb61,False,3.0,6.0,4.18,-0.7130124777183601
ab90b43f348253a578dcb95935f52c00eb11253a5d50f45fb540cf45626d0620,False,8.0,0.0,0.5,-0.7130124777183601
25a60f0b59f103ebf782a31f94bb569d897a652a0bc1bd95c5cdc5521418b843,True,9.0,7.0,1.7199999999999989,-2.6737967914438503
25a60f0b59f103ebf782a31f94bb569d897a652a0bc1bd95c5cdc5521418b843,True,11.0,5.0,0.240000000000002,-2.6737967914438503
661a2f1f1c8be0f7325fe0b664192bfa46380843fe52b675bf11075e1c265699,False,10.0,-5.0,-0.3400000000000034,-0.8912655971479501
25a60f0b59f103ebf782a31f94bb569d897a652a0bc1bd95c5cdc5521418b843,True,11.0,5.0,0.9799999999999969,-2.6737967914438503
25a60f0b59f103ebf782a31f94bb569d897a652a0bc1bd95c5cdc5521418b843,True,10.0,6.0,1.3999999999999986,-2.6737967914438503
25a60f0b59f103ebf782a31f94bb569d897a652a0bc1bd95c5cdc5521418b843,True,7.0,9.0,2.240000000000002,-2.6737967914438503
2a688dce9ee3f6910a66c8306e45a673347e6c2da97ca4f612e37eadc34f421f,False,7.0,4.0,2.700000000000003,-0.8912655971479501
25a60f0b59f103ebf782a31f94bb569d897a652a0bc1bd95c5cdc5521418b843,True,6.0,10.0,3.5399999999999987,-2.6737967914438503
25a60f0b59f103ebf782a31f94bb569d897a652a0bc1bd95c5cdc5521418b843,True,6.0,10.0,1.9399999999999977,-2.6737967914438503
25a60f0b59f103ebf782a31f94bb569d897a652a0bc1bd95c5cdc5521418b843,True,9.0,7.0,1.3200000000000003,-2.6737967914438503
25a60f0b59f103ebf782a31f94bb569d897a652a0bc1bd95c5cdc5521418b843,True,12.0,4.0,0.259999999999998,-2.6737967914438503
25a60f0b59f103ebf782a31f94bb569d897a652a0bc1bd95c5cdc5521418b843,True,5.0,11.0,2.600000000000001,-2.6737967914438503
25a60f0b59f103ebf782a31f94bb569d897a652a0bc1bd95c5cdc5521418b843,True,10.0,6.0,0.240000000000002,-2.6737967914438503
2a688dce9ee3f6910a66c8306e45a673347e6c2da97ca4f612e37eadc34f421f,False,5.0,6.0,3.3400000000000034,-0.8912655971479501
2a688dce9ee3f6910a66c8306e45a673347e6c2da97ca4f612e37eadc34f421f,False,7.0,4.0,1.1199999999999974,-0.8912655971479501
25a60f0b59f103ebf782a31f94bb569d897a652a0bc1bd95c5cdc5521418b843,True,10.0,6.0,0.8200000000000003,-2.6737967914438503
25a60f0b59f103ebf782a31f94bb569d897a652a0bc1bd95c5cdc5521418b843,True,5.0,11.0,3.0600000000000023,-2.6737967914438503
25a60f0b59f103ebf782a31f94bb569d897a652a0bc1bd95c5cdc5521418b843,True,8.0,8.0,1.6400000000000006,-2.6737967914438503
2a688dce9ee3f6910a66c8306e45a673347e6c2da97ca4f612e37eadc34f421f,False,7.0,4.0,2.039999999999999,-0.8912655971479501
25a60f0b59f103ebf782a31f94bb569d897a652a0bc1bd95c5cdc5521418b843,True,8.0,8.0,2.039999999999999,-2.6737967914438503
25a60f0b59f103ebf782a31f94bb569d897a652a0bc1bd95c5cdc5521418b843,True,12.0,4.0,-1.2800000000000011,-2.6737967914438503
adf172831755d5b68b20bd41481d7665e21425c51d614aae18c17d25d300847e,False,5.0,-2.0,2.0,-0.8912655971479501
25a60f0b59f103ebf782a31f94bb569d897a652a0bc1bd95c5cdc5521418b843,True,5.0,11.0,3.7400000000000024,-2.6737967914438503
25a60f0b59f103ebf782a31f94bb569d897a652a0bc1bd95c5cdc5521418b843,True,10.0,6.0,2.1599999999999966,-2.6737967914438503
25a60f0b59f103ebf782a31f94bb569d897a652a0bc1bd95c5cdc5521418b843,True,10.0,6.0,1.3999999999999986,-2.6737967914438503
25a60f0b59f103ebf782a31f94bb569d897a652a0bc1bd95c5cdc5521418b843,True,8.0,8.0,2.539999999999999,-2.6737967914438503
25a60f0b59f103ebf782a31f94bb569d897a652a0bc1bd95c5cdc5521418b843,True,9.0,7.0,1.2000000000000028,-2.6737967914438503
ab90b43f348253a578dcb95935f52c00eb11253a5d50f45fb540cf45626d0620,False,4.0,4.0,3.399999999999999,-0.7130124777183601
76fd1e2470419b464aa575afb0710800da330763a86d4deb65102df4412cfb61,False,7.0,2.0,2.039999999999999,-0.7130124777183601
25a60f0b59f103ebf782a31f94bb569d897a652a0bc1bd95c5cdc5521418b843,True,12.0,4.0,-1.5200000000000031,-2.6737967914438503
25a60f0b59f103ebf782a31f94bb569d897a652a0bc1bd95c5cdc5521418b843,True,11.0,5.0,1.2800000000000011,-2.6737967914438503
ab90b43f348253a578dcb95935f52c00eb11253a5d50f45fb540cf45626d0620,False,6.0,2.0,1.8599999999999994,-0.7130124777183601
ab90b43f348253a578dcb95935f52c00eb11253a5d50f45fb540cf45626d0620,False,7.0,1.0,0.6199999999999974,-0.7130124777183601
f6856a3437439e58b35ad8fedba5c2f1cabd89bb5550dc0db11d0fd01247215d,False,8.0,0.0,1.6599999999999966,-1.7825311942959001
76fd1e2470419b464aa575afb0710800da330763a86d4deb65102df4412cfb61,False,5.0,4.0,2.9399999999999977,-0.7130124777183601
25a60f0b59f103ebf782a31f94bb569d897a652a0bc1bd95c5cdc5521418b843,True,12.0,4.0,-0.9600000000000009,-2.6737967914438503
25a60f0b59f103ebf782a31f94bb569d897a652a0bc1bd95c5cdc5521418b843,True,9.0,7.0,1.2999999999999972,-2.6737967914438503
76fd1e2470419b464aa575afb0710800da330763a86d4deb65102df4412cfb61,False,7.0,2.0,1.5200000000000031,-0.7130124777183601
25a60f0b59f103ebf782a31f94bb569d897a652a0bc1bd95c5cdc5521418b843,True,7.0,9.0,3.4399999999999977,-2.6737967914438503
76fd1e2470419b464aa575afb0710800da330763a86d4deb65102df4412cfb61,False,8.0,1.0,1.5799999999999983,-0.7130124777183601
76fd1e2470419b464aa575afb0710800da330763a86d4deb65102df4412cfb61,False,6.0,3.0,1.0200000000000031,-0.7130124777183601
25a60f0b59f103ebf782a31f94bb569d897a652a0bc1bd95c5cdc5521418b843,True,10.0,6.0,1.8400000000000034,-2.6737967914438503
25a60f0b59f103ebf782a31f94bb569d897a652a0bc1bd95c5cdc5521418b843,True,6.0,10.0,2.719999999999999,-2.6737967914438503
25a60f0b59f103ebf782a31f94bb569d897a652a0bc1bd95c5cdc5521418b843,True,9.0,7.0,0.4200000000000017,-2.6737967914438503
25a60f0b59f103ebf782a31f94bb569d897a652a0bc1bd95c5cdc5521418b843,True,10.0,6.0,2.3599999999999994,-2.6737967914438503
ab90b43f348253a578dcb95935f52c00eb11253a5d50f45fb540cf45626d0620,False,7.0,1.0,0.5399999999999991,-0.7130124777183601
25a60f0b59f103ebf782a31f94bb569d897a652a0bc1bd95c5cdc5521418b843,True,8.0,8.0,2.299999999999997,-2.6737967914438503
25a60f0b59f103ebf782a31f94bb569d897a652a0bc1bd95c5cdc5521418b843,True,7.0,9.0,2.1599999999999966,-2.6737967914438503
25a60f0b59f103ebf782a31f94bb569d897a652a0bc1bd95c5cdc5521418b843,True,8.0,8.0,1.7000000000000028,-2.6737967914438503
b93b3e639207b61066839c0c4c5d4b187f3648ac0893403e393788147d3cf641,False,4.0,3.0,2.520000000000003,-0.5347593582887701
25a60f0b59f103ebf782a31f94bb569d897a652a0bc1bd95c5cdc5521418b843,True,7.0,9.0,2.1400000000000006,-2.6737967914438503
25a60f0b59f103ebf782a31f94bb569d897a652a0bc1bd95c5cdc5521418b843,True,11.0,5.0,-0.060000000000002274,-2.6737967914438503
25a60f0b59f103ebf782a31f94bb569d897a652a0bc1bd95c5cdc5521418b843,True,12.0,4.0,2.0799999999999983,-2.6737967914438503
25a60f0b59f103ebf782a31f94bb569d897a652a0bc1bd95c5cdc5521418b843,True,10.0,6.0,0.7800000000000011,-2.6737967914438503
25a60f0b59f103ebf782a31f94bb569d897a652a0bc1bd95c5cdc5521418b843,True,10.0,6.0,1.9200000000000017,-2.6737967914438503
18e38dc4225a11e2a43c1a7abd32ddeea5ac0a0bcf35f6f5854fbf708e98f5ca,False,9.0,-1.0,0.03999999999999915,-1.0695187165775402
25a60f0b59f103ebf782a31f94bb569d897a652a0bc1bd95c5cdc5521418b843,True,12.0,4.0,1.2199999999999989,-2.6737967914438503
76fd1e2470419b464aa575afb0710800da330763a86d4deb65102df4412cfb61,False,8.0,1.0,-0.14000000000000057,-0.7130124777183601
18e38dc4225a11e2a43c1a7abd32ddeea5ac0a0bcf35f6f5854fbf708e98f5ca,False,10.0,-2.0,-0.6000000000000014,-1.0695187165775402
25a60f0b59f103ebf782a31f94bb569d897a652a0bc1bd95c5cdc5521418b843,True,8.0,8.0,2.3200000000000003,-2.6737967914438503
25a60f0b59f103ebf782a31f94bb569d897a652a0bc1bd95c5cdc5521418b843,True,9.0,7.0,0.5600000000000023,-2.6737967914438503
18e38dc4225a11e2a43c1a7abd32ddeea5ac0a0bcf35f6f5854fbf708e98f5ca,False,9.0,-1.0,1.1400000000000006,-1.0695187165775402
25a60f0b59f103ebf782a31f94bb569d897a652a0bc1bd95c5cdc5521418b843,True,8.0,8.0,1.5600000000000023,-2.6737967914438503
2a688dce9ee3f6910a66c8306e45a673347e6c2da97ca4f612e37eadc34f421f,False,9.0,2.0,1.1400000000000006,-0.8912655971479501
25a60f0b59f103ebf782a31f94bb569d897a652a0bc1bd95c5cdc5521418b843,True,9.0,7.0,0.6799999999999997,-2.6737967914438503
25a60f0b59f103ebf782a31f94bb569d897a652a0bc1bd95c5cdc5521418b843,True,8.0,8.0,1.7199999999999989,-2.6737967914438503
25a60f0b59f103ebf782a31f94bb569d897a652a0bc1bd95c5cdc5521418b843,True,7.0,9.0,2.3200000000000003,-2.6737967914438503
25a60f0b59f103ebf782a31f94bb569d897a652a0bc1bd95c5cdc5521418b843,True,5.0,11.0,3.8400000000000034,-2.6737967914438503
25a60f0b59f103ebf782a31f94bb569d897a652a0bc1bd95c5cdc5521418b843,True,8.0,8.0,0.8800000000000026,-2.6737967914438503
25a60f0b59f103ebf782a31f94bb569d897a652a0bc1bd95c5cdc5521418b843,True,10.0,6.0,1.9200000000000017,-2.6737967914438503
76fd1e2470419b464aa575afb0710800da330763a86d4deb65102df4412cfb61,False,7.0,2.0,0.6400000000000006,-0.7130124777183601
25a60f0b59f103ebf782a31f94bb569d897a652a0bc1bd95c5cdc5521418b843,True,10.0,6.0,1.740000000000002,-2.6737967914438503
25a60f0b59f103ebf782a31f94bb569d897a652a0bc1bd95c5cdc5521418b843,True,8.0,8.0,1.8599999999999994,-2.6737967914438503
25a60f0b59f103ebf782a31f94bb569d897a652a0bc1bd95c5cdc5521418b843,True,4.0,12.0,4.420000000000002,-2.6737967914438503
25a60f0b59f103ebf782a31f94bb569d897a652a0bc1bd95c5cdc5521418b843,True,9.0,7.0,2.299999999999997,-2.6737967914438503
25a60f0b59f103ebf782a31f94bb569d897a652a0bc1bd95c5cdc5521418b843,True,12.0,4.0,0.14000000000000057,-2.6737967914438503
25a60f0b59f103ebf782a31f94bb569d897a652a0bc1bd95c5cdc5521418b843,True,11.0,5.0,-0.21999999999999886,-2.6737967914438503
18e38dc4225a11e2a43c1a7abd32ddeea5ac0a0bcf35f6f5854fbf708e98f5ca,False,10.0,-2.0,1.7999999999999972,-1.0695187165775402
18e38dc4225a11e2a43c1a7abd32ddeea5ac0a0bcf35f6f5854fbf708e98f5ca,False,6.0,2.0,3.4399999999999977,-1.0695187165775402
2a688dce9ee3f6910a66c8306e45a673347e6c2da97ca4f612e37eadc34f421f,False,8.0,3.0,1.4600000000000009,-0.8912655971479501
25a60f0b59f103ebf782a31f94bb569d897a652a0bc1bd95c5cdc5521418b843,True,9.0,7.0,0.5399999999999991,-2.6737967914438503
2a688dce9ee3f6910a66c8306e45a673347e6c2da97ca4f612e37eadc34f421f,False,5.0,6.0,4.039999999999999,-0.8912655971479501
25a60f0b59f103ebf782a31f94bb569d897a652a0bc1bd95c5cdc5521418b843,True,5.0,11.0,3.7599999999999976,-2.6737967914438503
25a60f0b59f103ebf782a31f94bb569d897a652a0bc1bd95c5cdc5521418b843,True,9.0,7.0,0.020000000000003126,-2.6737967914438503
25a60f0b59f103ebf782a31f94bb569d897a652a0bc1bd95c5cdc5521418b843,True,8.0,8.0,2.259999999999998,-2.6737967914438503
25a60f0b59f103ebf782a31f94bb569d897a652a0bc1bd95c5cdc5521418b843,True,5.0,11.0,2.219999999999999,-2.6737967914438503
25a60f0b59f103ebf782a31f94bb569d897a652a0bc1bd95c5cdc5521418b843,True,10.0,6.0,2.0600000000000023,-2.6737967914438503
25a60f0b59f103ebf782a31f94bb569d897a652a0bc1bd95c5cdc5521418b843,True,11.0,5.0,-0.3400000000000034,-2.6737967914438503
25a60f0b59f103ebf782a31f94bb569d897a652a0bc1bd95c5cdc5521418b843,True,7.0,9.0,2.8599999999999994,-2.6737967914438503
76fd1e2470419b464aa575afb0710800da330763a86d4deb65102df4412cfb61,False,6.0,3.0,1.6199999999999974,-0.7130124777183601
25a60f0b59f103ebf782a31f94bb569d897a652a0bc1bd95c5cdc5521418b843,True,9.0,7.0,1.6799999999999997,-2.6737967914438503
25a60f0b59f103ebf782a31f94bb569d897a652a0bc1bd95c5cdc5521418b843,True,9.0,7.0,0.6799999999999997,-2.6737967914438503
2a688dce9ee3f6910a66c8306e45a673347e6c2da97ca4f612e37eadc34f421f,False,10.0,1.0,-0.3400000000000034,-0.8912655971479501
25a60f0b59f103ebf782a31f94bb569d897a652a0bc1bd95c5cdc5521418b843,True,8.0,8.0,1.6400000000000006,-2.6737967914438503
25a60f0b59f103ebf782a31f94bb569d897a652a0bc1bd95c5cdc5521418b843,True,11.0,5.0,-0.9200000000000017,-2.6737967914438503
25a60f0b59f103ebf782a31f94bb569d897a652a0bc1bd95c5cdc5521418b843,True,11.0,5.0,1.3200000000000003,-2.6737967914438503
25a60f0b59f103ebf782a31f94bb569d897a652a0bc1bd95c5cdc5521418b843,True,8.0,8.0,2.0799999999999983,-2.6737967914438503
25a60f0b59f103ebf782a31f94bb569d897a652a0bc1bd95c5cdc5521418b843,True,9.0,7.0,0.9200000000000017,-2.6737967914438503
25a60f0b59f103ebf782a31f94bb569d897a652a0bc1bd95c5cdc5521418b843,True,7.0,9.0,2.479999999999997,-2.6737967914438503
ab90b43f348253a578dcb95935f52c00eb11253a5d50f45fb540cf45626d0620,False,6.0,2.0,1.4399999999999977,-0.7130124777183601
25a60f0b59f103ebf782a31f94bb569d897a652a0bc1bd95c5cdc5521418b843,True,11.0,5.0,0.8200000000000003,-2.6737967914438503
25a60f0b59f103ebf782a31f94bb569d897a652a0bc1bd95c5cdc5521418b843,True,7.0,9.0,1.9600000000000009,-2.6737967914438503
25a60f0b59f103ebf782a31f94bb569d897a652a0bc1bd95c5cdc5521418b843,True,7.0,9.0,2.719999999999999,-2.6737967914438503
76fd1e2470419b464aa575afb0710800da330763a86d4deb65102df4412cfb61,False,9.0,0.0,-0.35999999999999943,-0.7130124777183601
25a60f0b59f103ebf782a31f94bb569d897a652a0bc1bd95c5cdc5521418b843,True,8.0,8.0,1.9399999999999977,-2.6737967914438503
25a60f0b59f103ebf782a31f94bb569d897a652a0bc1bd95c5cdc5521418b843,True,9.0,7.0,2.1599999999999966,-2.6737967914438503
76fd1e2470419b464aa575afb0710800da330763a86d4deb65102df4412cfb61,False,6.0,3.0,3.9200000000000017,-0.7130124777183601
18e38dc4225a11e2a43c1a7abd32ddeea5ac0a0bcf35f6f5854fbf708e98f5ca,False,9.0,-1.0,1.740000000000002,-1.0695187165775402
76fd1e2470419b464aa575afb0710800da330763a86d4deb65102df4412cfb61,False,7.0,2.0,0.3200000000000003,-0.7130124777183601
ab90b43f348253a578dcb95935f52c00eb11253a5d50f45fb540cf45626d0620,False,9.0,-1.0,-0.11999999999999744,-0.7130124777183601
25a60f0b59f103ebf782a31f94bb569d897a652a0bc1bd95c5cdc5521418b843,True,11.0,5.0,-0.7999999999999972,-2.6737967914438503
25a60f0b59f103ebf782a31f94bb569d897a652a0bc1bd95c5cdc5521418b843,True,11.0,5.0,1.759999999999998,-2.6737967914438503
661a2f1f1c8be0f7325fe0b664192bfa46380843fe52b675bf11075e1c265699,False,10.0,-5.0,-0.7999999999999972,-0.8912655971479501
25a60f0b59f103ebf782a31f94bb569d897a652a0bc1bd95c5cdc5521418b843,True,11.0,5.0,0.35999999999999943,-2.6737967914438503
25a60f0b59f103ebf782a31f94bb569d897a652a0bc1bd95c5cdc5521418b843,True,9.0,7.0,1.1599999999999966,-2.6737967914438503
76fd1e2470419b464aa575afb0710800da330763a86d4deb65102df4412cfb61,False,7.0,2.0,2.1599999999999966,-0.7130124777183601
18e38dc4225a11e2a43c1a7abd32ddeea5ac0a0bcf35f6f5854fbf708e98f5ca,False,12.0,-4.0,-1.1199999999999974,-1.0695187165775402
2a688dce9ee3f6910a66c8306e45a673347e6c2da97ca4f612e37eadc34f421f,False,7.0,4.0,1.0600000000000023,-0.8912655971479501
25a60f0b59f103ebf782a31f94bb569d897a652a0bc1bd95c5cdc5521418b843,True,13.0,3.0,1.2800000000000011,-2.6737967914438503
18e38dc4225a11e2a43c1a7abd32ddeea5ac0a0bcf35f6f5854fbf708e98f5ca,False,7.0,1.0,2.3800000000000026,-1.0695187165775402
25a60f0b59f103ebf782a31f94bb569d897a652a0bc1bd95c5cdc5521418b843,True,6.0,10.0,2.520000000000003,-2.6737967914438503
18e38dc4225a11e2a43c1a7abd32ddeea5ac0a0bcf35f6f5854fbf708e98f5ca,False,10.0,-2.0,-0.6599999999999966,-1.0695187165775402
97b28df35b811f0a5dba92060bfa9d60f1cc23fb3123298c2b14a461bea2df00,False,7.0,-2.0,0.9600000000000009,1.0695187165775402
25a60f0b59f103ebf782a31f94bb569d897a652a0bc1bd95c5cdc5521418b843,True,7.0,9.0,1.7800000000000011,-2.6737967914438503
25a60f0b59f103ebf782a31f94bb569d897a652a0bc1bd95c5cdc5521418b843,True,12.0,4.0,-0.7199999999999989,-2.6737967914438503
97b28df35b811f0a5dba92060bfa9d60f1cc23fb3123298c2b14a461bea2df00,False,9.0,-4.0,0.6599999999999966,1.0695187165775402
2a688dce9ee3f6910a66c8306e45a673347e6c2da97ca4f612e37eadc34f421f,False,5.0,6.0,2.719999999999999,-0.8912655971479501
25a60f0b59f103ebf782a31f94bb569d897a652a0bc1bd95c5cdc5521418b843,True,7.0,9.0,0.9399999999999977,-2.6737967914438503
76fd1e2470419b464aa575afb0710800da330763a86d4deb65102df4412cfb61,False,6.0,3.0,0.6599999999999966,-0.7130124777183601
2a688dce9ee3f6910a66c8306e45a673347e6c2da97ca4f612e37eadc34f421f,False,9.0,2.0,1.5,-0.8912655971479501
25a60f0b59f103ebf782a31f94bb569d897a652a0bc1bd95c5cdc5521418b843,True,9.0,7.0,0.7199999999999989,-2.6737967914438503
25a60f0b59f103ebf782a31f94bb569d897a652a0bc1bd95c5cdc5521418b843,True,6.0,10.0,1.4399999999999977,-2.6737967914438503
25a60f0b59f103ebf782a31f94bb569d897a652a0bc1bd95c5cdc5521418b843,True,15.0,1.0,0.3400000000000034,-2.6737967914438503
ff40caff9436adbf9bd38cd8dd2a07eed72cc198918166d6ec73cd19617b2ff6,False,8.0,-3.0,0.3999999999999986,-1.0695187165775402
25a60f0b59f103ebf782a31f94bb569d897a652a0bc1bd95c5cdc5521418b843,True,9.0,7.0,0.38000000000000256,-2.6737967914438503
25a60f0b59f103ebf782a31f94bb569d897a652a0bc1bd95c5cdc5521418b843,True,9.0,7.0,2.219999999999999,-2.6737967914438503
25a60f0b59f103ebf782a31f94bb569d897a652a0bc1bd95c5cdc5521418b843,True,10.0,6.0,0.3200000000000003,-2.6737967914438503
25a60f0b59f103ebf782a31f94bb569d897a652a0bc1bd95c5cdc5521418b843,True,8.0,8.0,2.299999999999997,-2.6737967914438503
25a60f0b59f103ebf782a31f94bb569d897a652a0bc1bd95c5cdc5521418b843,True,10.0,6.0,2.1400000000000006,-2.6737967914438503
76fd1e2470419b464aa575afb0710800da330763a86d4deb65102df4412cfb61,False,8.0,1.0,0.740000000000002,-0.7130124777183601
76fd1e2470419b464aa575afb0710800da330763a86d4deb65102df4412cfb61,False,7.0,2.0,2.4399999999999977,-0.7130124777183601
25a60f0b59f103ebf782a31f94bb569d897a652a0bc1bd95c5cdc5521418b843,True,10.0,6.0,2.0600000000000023,-2.6737967914438503
ab90b43f348253a578dcb95935f52c00eb11253a5d50f45fb540cf45626d0620,False,10.0,-2.0,0.8200000000000003,-0.7130124777183601
25a60f0b59f103ebf782a31f94bb569d897a652a0bc1bd95c5cdc5521418b843,True,14.0,2.0,-0.35999999999999943,-2.6737967914438503
25a60f0b59f103ebf782a31f94bb569d897a652a0bc1bd95c5cdc5521418b843,True,11.0,5.0,0.4399999999999977,-2.6737967914438503
76fd1e2470419b464aa575afb0710800da330763a86d4deb65102df4412cfb61,False,8.0,1.0,1.6199999999999974,-0.7130124777183601
25a60f0b59f103ebf782a31f94bb569d897a652a0bc1bd95c5cdc5521418b843,True,10.0,6.0,-0.17999999999999972,-2.6737967914438503
25a60f0b59f103ebf782a31f94bb569d897a652a0bc1bd95c5cdc5521418b843,True,12.0,4.0,-0.240000000000002,-2.6737967914438503
25a60f0b59f103ebf782a31f94bb569d897a652a0bc1bd95c5cdc5521418b843,True,7.0,9.0,0.240000000000002,-2.6737967914438503
25a60f0b59f103ebf782a31f94bb569d897a652a0bc1bd95c5cdc5521418b843,True,11.0,5.0,-0.28000000000000114,-2.6737967914438503
25a60f0b59f103ebf782a31f94bb569d897a652a0bc1bd95c5cdc5521418b843,True,11.0,5.0,0.7199999999999989,-2.6737967914438503
25a60f0b59f103ebf782a31f94bb569d897a652a0bc1bd95c5cdc5521418b843,True,12.0,4.0,-0.9399999999999977,-2.6737967914438503
25a60f0b59f103ebf782a31f94bb569d897a652a0bc1bd95c5cdc5521418b843,True,12.0,4.0,1.0600000000000023,-2.6737967914438503
25a60f0b59f103ebf782a31f94bb569d897a652a0bc1bd95c5cdc5521418b843,True,5.0,11.0,3.0799999999999983,-2.6737967914438503
2a688dce9ee3f6910a66c8306e45a673347e6c2da97ca4f612e37eadc34f421f,False,7.0,4.0,1.8400000000000034,-0.8912655971479501
25a60f0b59f103ebf782a31f94bb569d897a652a0bc1bd95c5cdc5521418b843,True,10.0,6.0,0.9399999999999977,-2.6737967914438503
b93b3e639207b61066839c0c4c5d4b187f3648ac0893403e393788147d3cf641,False,6.0,1.0,1.4799999999999969,-0.5347593582887701
25a60f0b59f103ebf782a31f94bb569d897a652a0bc1bd95c5cdc5521418b843,True,8.0,8.0,3.32,-2.6737967914438503
25a60f0b59f103ebf782a31f94bb569d897a652a0bc1bd95c5cdc5521418b843,True,8.0,8.0,2.8400000000000034,-2.6737967914438503
2a688dce9ee3f6910a66c8306e45a673347e6c2da97ca4f612e37eadc34f421f,False,6.0,5.0,1.0600000000000023,-0.8912655971479501
25a60f0b59f103ebf782a31f94bb569d897a652a0bc1bd95c5cdc5521418b843,True,6.0,10.0,2.7599999999999976,-2.6737967914438503
25a60f0b59f103ebf782a31f94bb569d897a652a0bc1bd95c5cdc5521418b843,True,8.0,8.0,1.5399999999999991,-2.6737967914438503
25a60f0b59f103ebf782a31f94bb569d897a652a0bc1bd95c5cdc5521418b843,True,7.0,9.0,2.1799999999999997,-2.6737967914438503
2a688dce9ee3f6910a66c8306e45a673347e6c2da97ca4f612e37eadc34f421f,False,6.0,5.0,1.0,-0.8912655971479501
25a60f0b59f103ebf782a31f94bb569d897a652a0bc1bd95c5cdc5521418b843,True,10.0,6.0,0.03999999999999915,-2.6737967914438503
25a60f0b59f103ebf782a31f94bb569d897a652a0bc1bd95c5cdc5521418b843,True,13.0,3.0,0.020000000000003126,-2.6737967914438503
18e38dc4225a11e2a43c1a7abd32ddeea5ac0a0bcf35f6f5854fbf708e98f5ca,False,10.0,-2.0,0.4799999999999969,-1.0695187165775402
ab90b43f348253a578dcb95935f52c00eb11253a5d50f45fb540cf45626d0620,False,7.0,1.0,1.8200000000000003,-0.7130124777183601
25a60f0b59f103ebf782a31f94bb569d897a652a0bc1bd95c5cdc5521418b843,True,9.0,7.0,1.0,-2.6737967914438503
76fd1e2470419b464aa575afb0710800da330763a86d4deb65102df4412cfb61,False,10.0,-1.0,-0.4399999999999977,-0.7130124777183601
25a60f0b59f103ebf782a31f94bb569d897a652a0bc1bd95c5cdc5521418b843,True,10.0,6.0,2.1400000000000006,-2.6737967914438503
25a60f0b59f103ebf782a31f94bb569d897a652a0bc1bd95c5cdc5521418b843,True,11.0,5.0,1.6400000000000006,-2.6737967914438503
25a60f0b59f103ebf782a31f94bb569d897a652a0bc1bd95c5cdc5521418b843,True,13.0,3.0,0.740000000000002,-2.6737967914438503
76fd1e2470419b464aa575afb0710800da330763a86d4deb65102df4412cfb61,False,9.0,0.0,1.0600000000000023,-0.7130124777183601
25a60f0b59f103ebf782a31f94bb569d897a652a0bc1bd95c5cdc5521418b843,True,7.0,9.0,1.8599999999999994,-2.6737967914438503
2a688dce9ee3f6910a66c8306e45a673347e6c2da97ca4f612e37eadc34f421f,False,8.0,3.0,2.4200000000000017,-0.8912655971479501
25a60f0b59f103ebf782a31f94bb569d897a652a0bc1bd95c5cdc5521418b843,True,10.0,6.0,1.4600000000000009,-2.6737967914438503
25a60f0b59f103ebf782a31f94bb569d897a652a0bc1bd95c5cdc5521418b843,True,10.0,6.0,0.7800000000000011,-2.6737967914438503
b93b3e639207b61066839c0c4c5d4b187f3648ac0893403e393788147d3cf641,False,2.0,5.0,5.079999999999998,-0.5347593582887701
25a60f0b59f103ebf782a31f94bb569d897a652a0bc1bd95c5cdc5521418b843,True,8.0,8.0,1.6400000000000006,-2.6737967914438503
25a60f0b59f103ebf782a31f94bb569d897a652a0bc1bd95c5cdc5521418b843,True,6.0,10.0,1.9600000000000009,-2.6737967914438503
25a60f0b59f103ebf782a31f94bb569d897a652a0bc1bd95c5cdc5521418b843,True,10.0,6.0,1.3400000000000034,-2.6737967914438503
25a60f0b59f103ebf782a31f94bb569d897a652a0bc1bd95c5cdc5521418b843,True,9.0,7.0,1.5,-2.6737967914438503
25a60f0b59f103ebf782a31f94bb569d897a652a0bc1bd95c5cdc5521418b843,True,8.0,8.0,1.1000000000000014,-2.6737967914438503
76fd1e2470419b464aa575afb0710800da330763a86d4deb65102df4412cfb61,False,8.0,1.0,0.28000000000000114,-0.7130124777183601
25a60f0b59f103ebf782a31f94bb569d897a652a0bc1bd95c5cdc5521418b843,True,8.0,8.0,1.3400000000000034,-2.6737967914438503
25a60f0b59f103ebf782a31f94bb569d897a652a0bc1bd95c5cdc5521418b843,True,11.0,5.0,-0.4799999999999969,-2.6737967914438503
25a60f0b59f103ebf782a31f94bb569d897a652a0bc1bd95c5cdc5521418b843,True,10.0,6.0,-0.8400000000000034,-2.6737967914438503
76fd1e2470419b464aa575afb0710800da330763a86d4deb65102df4412cfb61,False,8.0,1.0,1.4200000000000017,-0.7130124777183601
25a60f0b59f103ebf782a31f94bb569d897a652a0bc1bd95c5cdc5521418b843,True,9.0,7.0,1.6400000000000006,-2.6737967914438503
18e38dc4225a11e2a43c1a7abd32ddeea5ac0a0bcf35f6f5854fbf708e98f5ca,False,9.0,-1.0,0.5600000000000023,-1.0695187165775402
25a60f0b59f103ebf782a31f94bb569d897a652a0bc1bd95c5cdc5521418b843,True,10.0,6.0,1.7999999999999972,-2.6737967914438503
2a688dce9ee3f6910a66c8306e45a673347e6c2da97ca4f612e37eadc34f421f,False,6.0,5.0,2.6599999999999966,-0.8912655971479501
25a60f0b59f103ebf782a31f94bb569d897a652a0bc1bd95c5cdc5521418b843,True,10.0,6.0,0.5799999999999983,-2.6737967914438503
76fd1e2470419b464aa575afb0710800da330763a86d4deb65102df4412cfb61,False,7.0,2.0,2.200000000000003,-0.7130124777183601
ab90b43f348253a578dcb95935f52c00eb11253a5d50f45fb540cf45626d0620,False,6.0,2.0,0.9600000000000009,-0.7130124777183601
76fd1e2470419b464aa575afb0710800da330763a86d4deb65102df4412cfb61,False,7.0,2.0,1.7199999999999989,-0.7130124777183601
f6856a3437439e58b35ad8fedba5c2f1cabd89bb5550dc0db11d0fd01247215d,False,5.0,3.0,2.1000000000000014,-1.7825311942959001
25a60f0b59f103ebf782a31f94bb569d897a652a0bc1bd95c5cdc5521418b843,True,9.0,7.0,1.5200000000000031,-2.6737967914438503
25a60f0b59f103ebf782a31f94bb569d897a652a0bc1bd95c5cdc5521418b843,True,9.0,7.0,1.0799999999999983,-2.6737967914438503
25a60f0b59f103ebf782a31f94bb569d897a652a0bc1bd95c5cdc5521418b843,True,10.0,6.0,0.5200000000000031,-2.6737967914438503
25a60f0b59f103ebf782a31f94bb569d897a652a0bc1bd95c5cdc5521418b843,True,10.0,6.0,2.460000000000001,-2.6737967914438503
25a60f0b59f103ebf782a31f94bb569d897a652a0bc1bd95c5cdc5521418b843,True,10.0,6.0,0.28000000000000114,-2.6737967914438503
25a60f0b59f103ebf782a31f94bb569d897a652a0bc1bd95c5cdc5521418b843,True,7.0,9.0,2.700000000000003,-2.6737967914438503
25a60f0b59f103ebf782a31f94bb569d897a652a0bc1bd95c5cdc5521418b843,True,8.0,8.0,2.240000000000002,-2.6737967914438503
25a60f0b59f103ebf782a31f94bb569d897a652a0bc1bd95c5cdc5521418b843,True,8.0,8.0,0.4799999999999969,-2.6737967914438503
25a60f0b59f103ebf782a31f94bb569d897a652a0bc1bd95c5cdc5521418b843,True,8.0,8.0,2.82,-2.6737967914438503
2a688dce9ee3f6910a66c8306e45a673347e6c2da97ca4f612e37eadc34f421f,False,8.0,3.0,1.9399999999999977,-0.8912655971479501
25a60f0b59f103ebf782a31f94bb569d897a652a0bc1bd95c5cdc5521418b843,True,7.0,9.0,1.7999999999999972,-2.6737967914438503
25a60f0b59f103ebf782a31f94bb569d897a652a0bc1bd95c5cdc5521418b843,True,6.0,10.0,2.1199999999999974,-2.6737967914438503
25a60f0b59f103ebf782a31f94bb569d897a652a0bc1bd95c5cdc5521418b843,True,13.0,3.0,-0.17999999999999972,-2.6737967914438503
76fd1e2470419b464aa575afb0710800da330763a86d4deb65102df4412cfb61,False,6.0,3.0,2.600000000000001,-0.7130124777183601
ab90b43f348253a578dcb95935f52c00eb11253a5d50f45fb540cf45626d0620,False,7.0,1.0,1.9200000000000017,-0.7130124777183601
25a60f0b59f103ebf782a31f94bb569d897a652a0bc1bd95c5cdc5521418b843,True,7.0,9.0,1.7199999999999989,-2.6737967914438503
25a60f0b59f103ebf782a31f94bb569d897a652a0bc1bd95c5cdc5521418b843,True,7.0,9.0,2.4399999999999977,-2.6737967914438503
25a60f0b59f103ebf782a31f94bb569d897a652a0bc1bd95c5cdc5521418b843,True,10.0,6.0,2.460000000000001,-2.6737967914438503
25a60f0b59f103ebf782a31f94bb569d897a652a0bc1bd95c5cdc5521418b843,True,8.0,8.0,2.5600000000000023,-2.6737967914438503
25a60f0b59f103ebf782a31f94bb569d897a652a0bc1bd95c5cdc5521418b843,True,7.0,9.0,2.0600000000000023,-2.6737967914438503
25a60f0b59f103ebf782a31f94bb569d897a652a0bc1bd95c5cdc5521418b843,True,9.0,7.0,2.3400000000000034,-2.6737967914438503
25a60f0b59f103ebf782a31f94bb569d897a652a0bc1bd95c5cdc5521418b843,True,11.0,5.0,0.240000000000002,-2.6737967914438503
25a60f0b59f103ebf782a31f94bb569d897a652a0bc1bd95c5cdc5521418b843,True,9.0,7.0,1.5,-2.6737967914438503
25a60f0b59f103ebf782a31f94bb569d897a652a0bc1bd95c5cdc5521418b843,True,11.0,5.0,-0.6799999999999997,-2.6737967914438503
661a2f1f1c8be0f7325fe0b664192bfa46380843fe52b675bf11075e1c265699,False,6.0,-1.0,1.8400000000000034,-0.8912655971479501
25a60f0b59f103ebf782a31f94bb569d897a652a0bc1bd95c5cdc5521418b843,True,7.0,9.0,2.9399999999999977,-2.6737967914438503
25a60f0b59f103ebf782a31f94bb569d897a652a0bc1bd95c5cdc5521418b843,True,10.0,6.0,0.7999999999999972,-2.6737967914438503
18e38dc4225a11e2a43c1a7abd32ddeea5ac0a0bcf35f6f5854fbf708e98f5ca,False,7.0,1.0,0.28000000000000114,-1.0695187165775402
b93b3e639207b61066839c0c4c5d4b187f3648ac0893403e393788147d3cf641,False,10.0,-3.0,-0.5,-0.5347593582887701
25a60f0b59f103ebf782a31f94bb569d897a652a0bc1bd95c5cdc5521418b843,True,9.0,7.0,0.6599999999999966,-2.6737967914438503
25a60f0b59f103ebf782a31f94bb569d897a652a0bc1bd95c5cdc5521418b843,True,7.0,9.0,0.7199999999999989,-2.6737967914438503
25a60f0b59f103ebf782a31f94bb569d897a652a0bc1bd95c5cdc5521418b843,True,8.0,8.0,1.3599999999999994,-2.6737967914438503
25a60f0b59f103ebf782a31f94bb569d897a652a0bc1bd95c5cdc5521418b843,True,7.0,9.0,0.20000000000000284,-2.6737967914438503
661a2f1f1c8be0f7325fe0b664192bfa46380843fe52b675bf11075e1c265699,False,8.0,-3.0,0.240000000000002,-0.8912655971479501
2a688dce9ee3f6910a66c8306e45a673347e6c2da97ca4f612e37eadc34f421f,False,5.0,6.0,2.299999999999997,-0.8912655971479501
2a688dce9ee3f6910a66c8306e45a673347e6c2da97ca4f612e37eadc34f421f,False,9.0,2.0,0.5,-0.8912655971479501
2a688dce9ee3f6910a66c8306e45a673347e6c2da97ca4f612e37eadc34f421f,False,10.0,1.0,1.3599999999999994,-0.8912655971479501
25a60f0b59f103ebf782a31f94bb569d897a652a0bc1bd95c5cdc5521418b843,True,9.0,7.0,1.4399999999999977,-2.6737967914438503
25a60f0b59f103ebf782a31f94bb569d897a652a0bc1bd95c5cdc5521418b843,True,10.0,6.0,1.4200000000000017,-2.6737967914438503
f6856a3437439e58b35ad8fedba5c2f1cabd89bb5550dc0db11d0fd01247215d,False,8.0,0.0,0.240000000000002,-1.7825311942959001
76fd1e2470419b464aa575afb0710800da330763a86d4deb65102df4412cfb61,False,7.0,2.0,2.3400000000000034,-0.7130124777183601
25a60f0b59f103ebf782a31f94bb569d897a652a0bc1bd95c5cdc5521418b843,True,10.0,6.0,0.8599999999999994,-2.6737967914438503
25a60f0b59f103ebf782a31f94bb569d897a652a0bc1bd95c5cdc5521418b843,True,11.0,5.0,1.1599999999999966,-2.6737967914438503
25a60f0b59f103ebf782a31f94bb569d897a652a0bc1bd95c5cdc5521418b843,True,8.0,8.0,1.5200000000000031,-2.6737967914438503
f6856a3437439e58b35ad8fedba5c2f1cabd89bb5550dc0db11d0fd01247215d,False,7.0,1.0,1.7199999999999989,-1.7825311942959001
25a60f0b59f103ebf782a31f94bb569d897a652a0bc1bd95c5cdc5521418b843,True,10.0,6.0,1.8800000000000026,-2.6737967914438503
25a60f0b59f103ebf782a31f94bb569d897a652a0bc1bd95c5cdc5521418b843,True,10.0,6.0,1.2999999999999972,-2.6737967914438503
b93b3e639207b61066839c0c4c5d4b187f3648ac0893403e393788147d3cf641,False,7.0,0.0,2.3999999999999986,-0.5347593582887701
25a60f0b59f103ebf782a31f94bb569d897a652a0bc1bd95c5cdc5521418b843,True,8.0,8.0,1.240000000000002,-2.6737967914438503
f6856a3437439e58b35ad8fedba5c2f1cabd89bb5550dc0db11d0fd01247215d,False,4.0,4.0,3.380000000000002,-1.7825311942959001
25a60f0b59f103ebf782a31f94bb569d897a652a0bc1bd95c5cdc5521418b843,True,12.0,4.0,1.9200000000000017,-2.6737967914438503
25a60f0b59f103ebf782a31f94bb569d897a652a0bc1bd95c5cdc5521418b843,True,10.0,6.0,0.8200000000000003,-2.6737967914438503
25a60f0b59f103ebf782a31f94bb569d897a652a0bc1bd95c5cdc5521418b843,True,7.0,9.0,3.3400000000000034,-2.6737967914438503
f6856a3437439e58b35ad8fedba5c2f1cabd89bb5550dc0db11d0fd01247215d,False,8.0,0.0,0.3999999999999986,-1.7825311942959001
25a60f0b59f103ebf782a31f94bb569d897a652a0bc1bd95c5cdc5521418b843,True,10.0,6.0,-0.46000000000000085,-2.6737967914438503
25a60f0b59f103ebf782a31f94bb569d897a652a0bc1bd95c5cdc5521418b843,True,10.0,6.0,0.6400000000000006,-2.6737967914438503
25a60f0b59f103ebf782a31f94bb569d897a652a0bc1bd95c5cdc5521418b843,True,11.0,5.0,1.2800000000000011,-2.6737967914438503
76fd1e2470419b464aa575afb0710800da330763a86d4deb65102df4412cfb61,False,8.0,1.0,2.4200000000000017,-0.7130124777183601
25a60f0b59f103ebf782a31f94bb569d897a652a0bc1bd95c5cdc5521418b843,True,8.0,8.0,1.1599999999999966,-2.6737967914438503
2a688dce9ee3f6910a66c8306e45a673347e6c2da97ca4f612e37eadc34f421f,False,6.0,5.0,0.8200000000000003,-0.8912655971479501
f6856a3437439e58b35ad8fedba5c2f1cabd89bb5550dc0db11d0fd01247215d,False,3.0,5.0,3.18,-1.7825311942959001
25a60f0b59f103ebf782a31f94bb569d897a652a0bc1bd95c5cdc5521418b843,True,9.0,7.0,0.1599999999999966,-2.6737967914438503
25a60f0b59f103ebf782a31f94bb569d897a652a0bc1bd95c5cdc5521418b843,True,8.0,8.0,1.8400000000000034,-2.6737967914438503
25a60f0b59f103ebf782a31f94bb569d897a652a0bc1bd95c5cdc5521418b843,True,7.0,9.0,2.0,-2.6737967914438503
25a60f0b59f103ebf782a31f94bb569d897a652a0bc1bd95c5cdc5521418b843,True,10.0,6.0,0.20000000000000284,-2.6737967914438503
25a60f0b59f103ebf782a31f94bb569d897a652a0bc1bd95c5cdc5521418b843,True,9.0,7.0,1.0399999999999991,-2.6737967914438503
25a60f0b59f103ebf782a31f94bb569d897a652a0bc1bd95c5cdc5521418b843,True,8.0,8.0,1.8599999999999994,-2.6737967914438503
25a60f0b59f103ebf782a31f94bb569d897a652a0bc1bd95c5cdc5521418b843,True,10.0,6.0,1.0799999999999983,-2.6737967914438503
54eabf11f0ff8ce5bd00815f6625e45782a329579e500435eec1622edaff51d5,False,6.0,-7.0,0.8599999999999994,1.2477718360071302
25a60f0b59f103ebf782a31f94bb569d897a652a0bc1bd95c5cdc5521418b843,True,8.0,8.0,2.020000000000003,-2.6737967914438503
18e38dc4225a11e2a43c1a7abd32ddeea5ac0a0bcf35f6f5854fbf708e98f5ca,False,4.0,4.0,2.5,-1.0695187165775402
f6856a3437439e58b35ad8fedba5c2f1cabd89bb5550dc0db11d0fd01247215d,False,6.0,2.0,2.280000000000001,-1.7825311942959001
18e38dc4225a11e2a43c1a7abd32ddeea5ac0a0bcf35f6f5854fbf708e98f5ca,False,6.0,2.0,1.9200000000000017,-1.0695187165775402
2a688dce9ee3f6910a66c8306e45a673347e6c2da97ca4f612e37eadc34f421f,False,10.0,1.0,-0.28000000000000114,-0.8912655971479501
76fd1e2470419b464aa575afb0710800da330763a86d4deb65102df4412cfb61,False,8.0,1.0,2.600000000000001,-0.7130124777183601
25a60f0b59f103ebf782a31f94bb569d897a652a0bc1bd95c5cdc5521418b843,True,11.0,5.0,0.6400000000000006,-2.6737967914438503
25a60f0b59f103ebf782a31f94bb569d897a652a0bc1bd95c5cdc5521418b843,True,6.0,10.0,2.5,-2.6737967914438503
25a60f0b59f103ebf782a31f94bb569d897a652a0bc1bd95c5cdc5521418b843,True,7.0,9.0,2.6400000000000006,-2.6737967914438503
25a60f0b59f103ebf782a31f94bb569d897a652a0bc1bd95c5cdc5521418b843,True,12.0,4.0,0.0799999999999983,-2.6737967914438503
25a60f0b59f103ebf782a31f94bb569d897a652a0bc1bd95c5cdc5521418b843,True,10.0,6.0,0.35999999999999943,-2.6737967914438503
2a688dce9ee3f6910a66c8306e45a673347e6c2da97ca4f612e37eadc34f421f,False,5.0,6.0,2.520000000000003,-0.8912655971479501
25a60f0b59f103ebf782a31f94bb569d897a652a0bc1bd95c5cdc5521418b843,True,9.0,7.0,2.9600000000000013,-2.6737967914438503
25a60f0b59f103ebf782a31f94bb569d897a652a0bc1bd95c5cdc5521418b843,True,9.0,7.0,1.1799999999999997,-2.6737967914438503
25a60f0b59f103ebf782a31f94bb569d897a652a0bc1bd95c5cdc5521418b843,True,11.0,5.0,0.3999999999999986,-2.6737967914438503
25a60f0b59f103ebf782a31f94bb569d897a652a0bc1bd95c5cdc5521418b843,True,7.0,9.0,3.18,-2.6737967914438503
ab90b43f348253a578dcb95935f52c00eb11253a5d50f45fb540cf45626d0620,False,4.0,4.0,1.3999999999999986,-0.7130124777183601
25a60f0b59f103ebf782a31f94bb569d897a652a0bc1bd95c5cdc5521418b843,True,7.0,9.0,2.4399999999999977,-2.6737967914438503
2a688dce9ee3f6910a66c8306e45a673347e6c2da97ca4f612e37eadc34f421f,False,5.0,6.0,3.880000000000002,-0.8912655971479501
25a60f0b59f103ebf782a31f94bb569d897a652a0bc1bd95c5cdc5521418b843,True,8.0,8.0,1.4799999999999969,-2.6737967914438503
f6856a3437439e58b35ad8fedba5c2f1cabd89bb5550dc0db11d0fd01247215d,False,4.0,4.0,2.539999999999999,-1.7825311942959001
25a60f0b59f103ebf782a31f94bb569d897a652a0bc1bd95c5cdc5521418b843,True,7.0,9.0,1.7800000000000011,-2.6737967914438503
25a60f0b59f103ebf782a31f94bb569d897a652a0bc1bd95c5cdc5521418b843,True,9.0,7.0,0.8800000000000026,-2.6737967914438503
25a60f0b59f103ebf782a31f94bb569d897a652a0bc1bd95c5cdc5521418b843,True,11.0,5.0,0.28000000000000114,-2.6737967914438503
25a60f0b59f103ebf782a31f94bb569d897a652a0bc1bd95c5cdc5521418b843,True,11.0,5.0,1.3599999999999994,-2.6737967914438503
25a60f0b59f103ebf782a31f94bb569d897a652a0bc1bd95c5cdc5521418b843,True,8.0,8.0,2.460000000000001,-2.6737967914438503
25a60f0b59f103ebf782a31f94bb569d897a652a0bc1bd95c5cdc5521418b843,True,9.0,7.0,1.0,-2.6737967914438503
2a688dce9ee3f6910a66c8306e45a673347e6c2da97ca4f612e37eadc34f421f,False,8.0,3.0,0.7800000000000011,-0.8912655971479501
25a60f0b59f103ebf782a31f94bb569d897a652a0bc1bd95c5cdc5521418b843,True,8.0,8.0,1.3599999999999994,-2.6737967914438503
25a60f0b59f103ebf782a31f94bb569d897a652a0bc1bd95c5cdc5521418b843,True,8.0,8.0,0.28000000000000114,-2.6737967914438503
25a60f0b59f103ebf782a31f94bb569d897a652a0bc1bd95c5cdc5521418b843,True,11.0,5.0,-0.6000000000000014,-2.6737967914438503
18e38dc4225a11e2a43c1a7abd32ddeea5ac0a0bcf35f6f5854fbf708e98f5ca,False,7.0,1.0,1.1199999999999974,-1.0695187165775402
25a60f0b59f103ebf782a31f94bb569d897a652a0bc1bd95c5cdc5521418b843,True,7.0,9.0,1.8400000000000034,-2.6737967914438503
25a60f0b59f103ebf782a31f94bb569d897a652a0bc1bd95c5cdc5521418b843,True,9.0,7.0,2.4200000000000017,-2.6737967914438503
25a60f0b59f103ebf782a31f94bb569d897a652a0bc1bd95c5cdc5521418b843,True,7.0,9.0,2.479999999999997,-2.6737967914438503
18e38dc4225a11e2a43c1a7abd32ddeea5ac0a0bcf35f6f5854fbf708e98f5ca,False,9.0,-1.0,1.240000000000002,-1.0695187165775402
25a60f0b59f103ebf782a31f94bb569d897a652a0bc1bd95c5cdc5521418b843,True,8.0,8.0,3.2400000000000024,-2.6737967914438503
25a60f0b59f103ebf782a31f94bb569d897a652a0bc1bd95c5cdc5521418b843,True,11.0,5.0,-0.6400000000000006,-2.6737967914438503
25a60f0b59f103ebf782a31f94bb569d897a652a0bc1bd95c5cdc5521418b843,True,8.0,8.0,2.7599999999999976,-2.6737967914438503
25a60f0b59f103ebf782a31f94bb569d897a652a0bc1bd95c5cdc5521418b843,True,8.0,8.0,1.4600000000000009,-2.6737967914438503
ab90b43f348253a578dcb95935f52c00eb11253a5d50f45fb540cf45626d0620,False,6.0,2.0,1.3800000000000026,-0.7130124777183601
25a60f0b59f103ebf782a31f94bb569d897a652a0bc1bd95c5cdc5521418b843,True,8.0,8.0,1.8999999999999986,-2.6737967914438503
76fd1e2470419b464aa575afb0710800da330763a86d4deb65102df4412cfb61,False,6.0,3.0,3.0399999999999987,-0.7130124777183601
25a60f0b59f103ebf782a31f94bb569d897a652a0bc1bd95c5cdc5521418b843,True,10.0,6.0,1.6799999999999997,-2.6737967914438503
76fd1e2470419b464aa575afb0710800da330763a86d4deb65102df4412cfb61,False,8.0,1.0,1.5399999999999991,-0.7130124777183601
2a688dce9ee3f6910a66c8306e45a673347e6c2da97ca4f612e37eadc34f421f,False,8.0,3.0,0.9600000000000009,-0.8912655971479501
25a60f0b59f103ebf782a31f94bb569d897a652a0bc1bd95c5cdc5521418b843,True,7.0,9.0,0.8200000000000003,-2.6737967914438503
76fd1e2470419b464aa575afb0710800da330763a86d4deb65102df4412cfb61,False,7.0,2.0,1.8999999999999986,-0.7130124777183601
2a688dce9ee3f6910a66c8306e45a673347e6c2da97ca4f612e37eadc34f421f,False,8.0,3.0,1.740000000000002,-0.8912655971479501
25a60f0b59f103ebf782a31f94bb569d897a652a0bc1bd95c5cdc5521418b843,True,11.0,5.0,1.759999999999998,-2.6737967914438503
25a60f0b59f103ebf782a31f94bb569d897a652a0bc1bd95c5cdc5521418b843,True,8.0,8.0,0.7000000000000028,-2.6737967914438503
25a60f0b59f103ebf782a31f94bb569d897a652a0bc1bd95c5cdc5521418b843,True,9.0,7.0,0.38000000000000256,-2.6737967914438503
25a60f0b59f103ebf782a31f94bb569d897a652a0bc1bd95c5cdc5521418b843,True,8.0,8.0,2.520000000000003,-2.6737967914438503
25a60f0b59f103ebf782a31f94bb569d897a652a0bc1bd95c5cdc5521418b843,True,8.0,8.0,2.299999999999997,-2.6737967914438503
adf172831755d5b68b20bd41481d7665e21425c51d614aae18c17d25d300847e,False,6.0,-3.0,0.6400000000000006,-0.8912655971479501
25a60f0b59f103ebf782a31f94bb569d897a652a0bc1bd95c5cdc5521418b843,True,6.0,10.0,1.9200000000000017,-2.6737967914438503
25a60f0b59f103ebf782a31f94bb569d897a652a0bc1bd95c5cdc5521418b843,True,6.0,10.0,2.0799999999999983,-2.6737967914438503
25a60f0b59f103ebf782a31f94bb569d897a652a0bc1bd95c5cdc5521418b843,True,8.0,8.0,0.740000000000002,-2.6737967914438503
25a60f0b59f103ebf782a31f94bb569d897a652a0bc1bd95c5cdc5521418b843,True,7.0,9.0,1.259999999999998,-2.6737967914438503
25a60f0b59f103ebf782a31f94bb569d897a652a0bc1bd95c5cdc5521418b843,True,6.0,10.0,3.3400000000000034,-2.6737967914438503
25a60f0b59f103ebf782a31f94bb569d897a652a0bc1bd95c5cdc5521418b843,True,8.0,8.0,1.9799999999999969,-2.6737967914438503
25a60f0b59f103ebf782a31f94bb569d897a652a0bc1bd95c5cdc5521418b843,True,10.0,6.0,1.0600000000000023,-2.6737967914438503
25a60f0b59f103ebf782a31f94bb569d897a652a0bc1bd95c5cdc5521418b843,True,11.0,5.0,1.0,-2.6737967914438503
25a60f0b59f103ebf782a31f94bb569d897a652a0bc1bd95c5cdc5521418b843,True,11.0,5.0,1.6599999999999966,-2.6737967914438503
25a60f0b59f103ebf782a31f94bb569d897a652a0bc1bd95c5cdc5521418b843,True,8.0,8.0,1.240000000000002,-2.6737967914438503
18e38dc4225a11e2a43c1a7abd32ddeea5ac0a0bcf35f6f5854fbf708e98f5ca,False,9.0,-1.0,0.0,-1.0695187165775402
25a60f0b59f103ebf782a31f94bb569d897a652a0bc1bd95c5cdc5521418b843,True,9.0,7.0,1.3400000000000034,-2.6737967914438503
25a60f0b59f103ebf782a31f94bb569d897a652a0bc1bd95c5cdc5521418b843,True,10.0,6.0,0.5600000000000023,-2.6737967914438503
25a60f0b59f103ebf782a31f94bb569d897a652a0bc1bd95c5cdc5521418b843,True,7.0,9.0,1.9600000000000009,-2.6737967914438503
25a60f0b59f103ebf782a31f94bb569d897a652a0bc1bd95c5cdc5521418b843,True,8.0,8.0,1.759999999999998,-2.6737967914438503
25a60f0b59f103ebf782a31f94bb569d897a652a0bc1bd95c5cdc5521418b843,True,6.0,10.0,2.520000000000003,-2.6737967914438503
f6856a3437439e58b35ad8fedba5c2f1cabd89bb5550dc0db11d0fd01247215d,False,8.0,0.0,1.8400000000000034,-1.7825311942959001
25a60f0b59f103ebf782a31f94bb569d897a652a0bc1bd95c5cdc5521418b843,True,6.0,10.0,1.759999999999998,-2.6737967914438503
25a60f0b59f103ebf782a31f94bb569d897a652a0bc1bd95c5cdc5521418b843,True,6.0,10.0,2.619999999999998,-2.6737967914438503
25a60f0b59f103ebf782a31f94bb569d897a652a0bc1bd95c5cdc5521418b843,True,7.0,9.0,2.1799999999999997,-2.6737967914438503
a3243ce7707a2a3682e9edb42f661751af7593e49dee8391462be0e0e7feca5b,False,6.0,-2.0,1.1199999999999974,0.0
25a60f0b59f103ebf782a31f94bb569d897a652a0bc1bd95c5cdc5521418b843,True,10.0,6.0,1.1000000000000014,-2.6737967914438503
25a60f0b59f103ebf782a31f94bb569d897a652a0bc1bd95c5cdc5521418b843,True,7.0,9.0,2.020000000000003,-2.6737967914438503
76fd1e2470419b464aa575afb0710800da330763a86d4deb65102df4412cfb61,False,4.0,5.0,3.2599999999999976,-0.7130124777183601
76fd1e2470419b464aa575afb0710800da330763a86d4deb65102df4412cfb61,False,7.0,2.0,2.0799999999999983,-0.7130124777183601
25a60f0b59f103ebf782a31f94bb569d897a652a0bc1bd95c5cdc5521418b843,True,9.0,7.0,0.8599999999999994,-2.6737967914438503
25a60f0b59f103ebf782a31f94bb569d897a652a0bc1bd95c5cdc5521418b843,True,9.0,7.0,1.7800000000000011,-2.6737967914438503
25a60f0b59f103ebf782a31f94bb569d897a652a0bc1bd95c5cdc5521418b843,True,7.0,9.0,2.3999999999999986,-2.6737967914438503
25a60f0b59f103ebf782a31f94bb569d897a652a0bc1bd95c5cdc5521418b843,True,11.0,5.0,-0.5600000000000023,-2.6737967914438503
2a688dce9ee3f6910a66c8306e45a673347e6c2da97ca4f612e37eadc34f421f,False,11.0,0.0,0.8400000000000034,-0.8912655971479501
2a688dce9ee3f6910a66c8306e45a673347e6c2da97ca4f612e37eadc34f421f,False,9.0,2.0,0.7199999999999989,-0.8912655971479501
25a60f0b59f103ebf782a31f94bb569d897a652a0bc1bd95c5cdc5521418b843,True,12.0,4.0,-1.5,-2.6737967914438503
25a60f0b59f103ebf782a31f94bb569d897a652a0bc1bd95c5cdc5521418b843,True,11.0,5.0,0.6000000000000014,-2.6737967914438503
9b314dbaab24207ccb63b6994337f27fd505f1c0ef868166102def484737fe46,False,6.0,1.0,1.9200000000000017,-0.17825311942959002
25a60f0b59f103ebf782a31f94bb569d897a652a0bc1bd95c5cdc5521418b843,True,9.0,7.0,0.6799999999999997,-2.6737967914438503
25a60f0b59f103ebf782a31f94bb569d897a652a0bc1bd95c5cdc5521418b843,True,7.0,9.0,2.280000000000001,-2.6737967914438503
25a60f0b59f103ebf782a31f94bb569d897a652a0bc1bd95c5cdc5521418b843,True,10.0,6.0,1.759999999999998,-2.6737967914438503
25a60f0b59f103ebf782a31f94bb569d897a652a0bc1bd95c5cdc5521418b843,True,8.0,8.0,1.259999999999998,-2.6737967914438503
a3a9766514890add553eb639947da5ae68bd92450572e8ba728a23d86c0aea11,False,6.0,1.0,1.6799999999999997,0.5347593582887701
2a688dce9ee3f6910a66c8306e45a673347e6c2da97ca4f612e37eadc34f421f,False,9.0,2.0,1.2000000000000028,-0.8912655971479501
76fd1e2470419b464aa575afb0710800da330763a86d4deb65102df4412cfb61,False,5.0,4.0,1.9799999999999969,-0.7130124777183601
25a60f0b59f103ebf782a31f94bb569d897a652a0bc1bd95c5cdc5521418b843,True,11.0,5.0,-0.9399999999999977,-2.6737967914438503
25a60f0b59f103ebf782a31f94bb569d897a652a0bc1bd95c5cdc5521418b843,True,6.0,10.0,1.8999999999999986,-2.6737967914438503
25a60f0b59f103ebf782a31f94bb569d897a652a0bc1bd95c5cdc5521418b843,True,11.0,5.0,1.0,-2.6737967914438503
25a60f0b59f103ebf782a31f94bb569d897a652a0bc1bd95c5cdc5521418b843,True,8.0,8.0,0.38000000000000256,-2.6737967914438503
25a60f0b59f103ebf782a31f94bb569d897a652a0bc1bd95c5cdc5521418b843,True,9.0,7.0,1.9799999999999969,-2.6737967914438503
25a60f0b59f103ebf782a31f94bb569d897a652a0bc1bd95c5cdc5521418b843,True,8.0,8.0,2.1799999999999997,-2.6737967914438503
25a60f0b59f103ebf782a31f94bb569d897a652a0bc1bd95c5cdc5521418b843,True,11.0,5.0,0.240000000000002,-2.6737967914438503
25a60f0b59f103ebf782a31f94bb569d897a652a0bc1bd95c5cdc5521418b843,True,9.0,7.0,-0.17999999999999972,-2.6737967914438503
25a60f0b59f103ebf782a31f94bb569d897a652a0bc1bd95c5cdc5521418b843,True,14.0,2.0,0.21999999999999886,-2.6737967914438503
76fd1e2470419b464aa575afb0710800da330763a86d4deb65102df4412cfb61,False,6.0,3.0,2.6400000000000006,-0.7130124777183601
25a60f0b59f103ebf782a31f94bb569d897a652a0bc1bd95c5cdc5521418b843,True,9.0,7.0,2.539999999999999,-2.6737967914438503
25a60f0b59f103ebf782a31f94bb569d897a652a0bc1bd95c5cdc5521418b843,True,7.0,9.0,2.020000000000003,-2.6737967914438503
f6856a3437439e58b35ad8fedba5c2f1cabd89bb5550dc0db11d0fd01247215d,False,6.0,2.0,1.2199999999999989,-1.7825311942959001
25a60f0b59f103ebf782a31f94bb569d897a652a0bc1bd95c5cdc5521418b843,True,10.0,6.0,-0.5600000000000023,-2.6737967914438503
2a688dce9ee3f6910a66c8306e45a673347e6c2da97ca4f612e37eadc34f421f,False,7.0,4.0,0.3999999999999986,-0.8912655971479501
ab90b43f348253a578dcb95935f52c00eb11253a5d50f45fb540cf45626d0620,False,6.0,2.0,1.759999999999998,-0.7130124777183601
76fd1e2470419b464aa575afb0710800da330763a86d4deb65102df4412cfb61,False,7.0,2.0,0.6400000000000006,-0.7130124777183601
25a60f0b59f103ebf782a31f94bb569d897a652a0bc1bd95c5cdc5521418b843,True,8.0,8.0,1.2000000000000028,-2.6737967914438503
25a60f0b59f103ebf782a31f94bb569d897a652a0bc1bd95c5cdc5521418b843,True,12.0,4.0,-0.20000000000000284,-2.6737967914438503
25a60f0b59f103ebf782a31f94bb569d897a652a0bc1bd95c5cdc5521418b843,True,7.0,9.0,1.4799999999999969,-2.6737967914438503
18e38dc4225a11e2a43c1a7abd32ddeea5ac0a0bcf35f6f5854fbf708e98f5ca,False,7.0,1.0,0.5,-1.0695187165775402
25a60f0b59f103ebf782a31f94bb569d897a652a0bc1bd95c5cdc5521418b843,True,9.0,7.0,0.10000000000000142,-2.6737967914438503
25a60f0b59f103ebf782a31f94bb569d897a652a0bc1bd95c5cdc5521418b843,True,10.0,6.0,0.240000000000002,-2.6737967914438503
2a688dce9ee3f6910a66c8306e45a673347e6c2da97ca4f612e37eadc34f421f,False,7.0,4.0,1.7999999999999972,-0.8912655971479501
25a60f0b59f103ebf782a31f94bb569d897a652a0bc1bd95c5cdc5521418b843,True,8.0,8.0,1.8200000000000003,-2.6737967914438503
25a60f0b59f103ebf782a31f94bb569d897a652a0bc1bd95c5cdc5521418b843,True,9.0,7.0,0.5600000000000023,-2.6737967914438503
76fd1e2470419b464aa575afb0710800da330763a86d4deb65102df4412cfb61,False,6.0,3.0,2.9600000000000013,-0.7130124777183601
25a60f0b59f103ebf782a31f94bb569d897a652a0bc1bd95c5cdc5521418b843,True,10.0,6.0,0.8999999999999986,-2.6737967914438503
9b314dbaab24207ccb63b6994337f27fd505f1c0ef868166102def484737fe46,False,7.0,0.0,0.10000000000000142,-0.17825311942959002
2a688dce9ee3f6910a66c8306e45a673347e6c2da97ca4f612e37eadc34f421f,False,8.0,3.0,1.5200000000000031,-0.8912655971479501
ab90b43f348253a578dcb95935f52c00eb11253a5d50f45fb540cf45626d0620,False,7.0,1.0,0.8800000000000026,-0.7130124777183601
25a60f0b59f103ebf782a31f94bb569d897a652a0bc1bd95c5cdc5521418b843,True,8.0,8.0,1.8200000000000003,-2.6737967914438503
f6856a3437439e58b35ad8fedba5c2f1cabd89bb5550dc0db11d0fd01247215d,False,7.0,1.0,0.9399999999999977,-1.7825311942959001
2a688dce9ee3f6910a66c8306e45a673347e6c2da97ca4f612e37eadc34f421f,False,9.0,2.0,0.1599999999999966,-0.8912655971479501
2a688dce9ee3f6910a66c8306e45a673347e6c2da97ca4f612e37eadc34f421f,False,8.0,3.0,1.7999999999999972,-0.8912655971479501
b93b3e639207b61066839c0c4c5d4b187f3648ac0893403e393788147d3cf641,False,8.0,-1.0,1.7000000000000028,-0.5347593582887701
25a60f0b59f103ebf782a31f94bb569d897a652a0bc1bd95c5cdc5521418b843,True,10.0,6.0,0.5799999999999983,-2.6737967914438503
25a60f0b59f103ebf782a31f94bb569d897a652a0bc1bd95c5cdc5521418b843,True,8.0,8.0,0.28000000000000114,-2.6737967914438503
2a688dce9ee3f6910a66c8306e45a673347e6c2da97ca4f612e37eadc34f421f,False,7.0,4.0,1.0,-0.8912655971479501
76fd1e2470419b464aa575afb0710800da330763a86d4deb65102df4412cfb61,False,5.0,4.0,2.899999999999999,-0.7130124777183601
25a60f0b59f103ebf782a31f94bb569d897a652a0bc1bd95c5cdc5521418b843,True,8.0,8.0,1.8400000000000034,-2.6737967914438503
25a60f0b59f103ebf782a31f94bb569d897a652a0bc1bd95c5cdc5521418b843,True,8.0,8.0,0.38000000000000256,-2.6737967914438503
25a60f0b59f103ebf782a31f94bb569d897a652a0bc1bd95c5cdc5521418b843,True,13.0,3.0,-1.0,-2.6737967914438503
25a60f0b59f103ebf782a31f94bb569d897a652a0bc1bd95c5cdc5521418b843,True,10.0,6.0,1.6000000000000014,-2.6737967914438503
f6856a3437439e58b35ad8fedba5c2f1cabd89bb5550dc0db11d0fd01247215d,False,6.0,2.0,1.740000000000002,-1.7825311942959001
ab90b43f348253a578dcb95935f52c00eb11253a5d50f45fb540cf45626d0620,False,5.0,3.0,1.740000000000002,-0.7130124777183601
25a60f0b59f103ebf782a31f94bb569d897a652a0bc1bd95c5cdc5521418b843,True,11.0,5.0,1.240000000000002,-2.6737967914438503
2a688dce9ee3f6910a66c8306e45a673347e6c2da97ca4f612e37eadc34f421f,False,10.0,1.0,-1.259999999999998,-0.8912655971479501
76fd1e2470419b464aa575afb0710800da330763a86d4deb65102df4412cfb61,False,5.0,4.0,3.1400000000000006,-0.7130124777183601
2a688dce9ee3f6910a66c8306e45a673347e6c2da97ca4f612e37eadc34f421f,False,9.0,2.0,0.6000000000000014,-0.8912655971479501
25a60f0b59f103ebf782a31f94bb569d897a652a0bc1bd95c5cdc5521418b843,True,8.0,8.0,1.3599999999999994,-2.6737967914438503
25a60f0b59f103ebf782a31f94bb569d897a652a0bc1bd95c5cdc5521418b843,True,9.0,7.0,1.8599999999999994,-2.6737967914438503
2a688dce9ee3f6910a66c8306e45a673347e6c2da97ca4f612e37eadc34f421f,False,4.0,7.0,4.140000000000001,-0.8912655971479501
25a60f0b59f103ebf782a31f94bb569d897a652a0bc1bd95c5cdc5521418b843,True,9.0,7.0,0.5,-2.6737967914438503
25a60f0b59f103ebf782a31f94bb569d897a652a0bc1bd95c5cdc5521418b843,True,6.0,10.0,3.600000000000001,-2.6737967914438503
25a60f0b59f103ebf782a31f94bb569d897a652a0bc1bd95c5cdc5521418b843,True,12.0,4.0,2.0799999999999983,-2.6737967914438503
ab90b43f348253a578dcb95935f52c00eb11253a5d50f45fb540cf45626d0620,False,8.0,0.0,0.8200000000000003,-0.7130124777183601
25a60f0b59f103ebf782a31f94bb569d897a652a0bc1bd95c5cdc5521418b843,True,7.0,9.0,2.219999999999999,-2.6737967914438503
2a688dce9ee3f6910a66c8306e45a673347e6c2da97ca4f612e37eadc34f421f,False,9.0,2.0,2.0600000000000023,-0.8912655971479501
18e38dc4225a11e2a43c1a7abd32ddeea5ac0a0bcf35f6f5854fbf708e98f5ca,False,10.0,-2.0,0.5399999999999991,-1.0695187165775402
25a60f0b59f103ebf782a31f94bb569d897a652a0bc1bd95c5cdc5521418b843,True,7.0,9.0,1.3200000000000003,-2.6737967914438503
25a60f0b59f103ebf782a31f94bb569d897a652a0bc1bd95c5cdc5521418b843,True,9.0,7.0,1.4200000000000017,-2.6737967914438503
25a60f0b59f103ebf782a31f94bb569d897a652a0bc1bd95c5cdc5521418b843,True,7.0,9.0,1.759999999999998,-2.6737967914438503
76fd1e2470419b464aa575afb0710800da330763a86d4deb65102df4412cfb61,False,6.0,3.0,1.9200000000000017,-0.7130124777183601
18e38dc4225a11e2a43c1a7abd32ddeea5ac0a0bcf35f6f5854fbf708e98f5ca,False,10.0,-2.0,1.5799999999999983,-1.0695187165775402
25a60f0b59f103ebf782a31f94bb569d897a652a0bc1bd95c5cdc5521418b843,True,8.0,8.0,2.619999999999998,-2.6737967914438503
25a60f0b59f103ebf782a31f94bb569d897a652a0bc1bd95c5cdc5521418b843,True,11.0,5.0,0.6199999999999974,-2.6737967914438503
25a60f0b59f103ebf782a31f94bb569d897a652a0bc1bd95c5cdc5521418b843,True,9.0,7.0,2.020000000000003,-2.6737967914438503
25a60f0b59f103ebf782a31f94bb569d897a652a0bc1bd95c5cdc5521418b843,True,12.0,4.0,0.6400000000000006,-2.6737967914438503
76fd1e2470419b464aa575afb0710800da330763a86d4deb65102df4412cfb61,False,4.0,5.0,2.6400000000000006,-0.7130124777183601
25a60f0b59f103ebf782a31f94bb569d897a652a0bc1bd95c5cdc5521418b843,True,8.0,8.0,2.700000000000003,-2.6737967914438503
18e38dc4225a11e2a43c1a7abd32ddeea5ac0a0bcf35f6f5854fbf708e98f5ca,False,9.0,-1.0,-0.3200000000000003,-1.0695187165775402
18e38dc4225a11e2a43c1a7abd32ddeea5ac0a0bcf35f6f5854fbf708e98f5ca,False,8.0,0.0,-0.3200000000000003,-1.0695187165775402
18e38dc4225a11e2a43c1a7abd32ddeea5ac0a0bcf35f6f5854fbf708e98f5ca,False,9.0,-1.0,0.7000000000000028,-1.0695187165775402
25a60f0b59f103ebf782a31f94bb569d897a652a0bc1bd95c5cdc5521418b843,True,9.0,7.0,0.8400000000000034,-2.6737967914438503
f6856a3437439e58b35ad8fedba5c2f1cabd89bb5550dc0db11d0fd01247215d,False,4.0,4.0,2.82,-1.7825311942959001
25a60f0b59f103ebf782a31f94bb569d897a652a0bc1bd95c5cdc5521418b843,True,5.0,11.0,3.880000000000002,-2.6737967914438503
25a60f0b59f103ebf782a31f94bb569d897a652a0bc1bd95c5cdc5521418b843,True,13.0,3.0,-0.29999999999999716,-2.6737967914438503
76fd1e2470419b464aa575afb0710800da330763a86d4deb65102df4412cfb61,False,7.0,2.0,1.0799999999999983,-0.7130124777183601
25a60f0b59f103ebf782a31f94bb569d897a652a0bc1bd95c5cdc5521418b843,True,6.0,10.0,2.799999999999997,-2.6737967914438503
25a60f0b59f103ebf782a31f94bb569d897a652a0bc1bd95c5cdc5521418b843,True,13.0,3.0,1.5399999999999991,-2.6737967914438503
25a60f0b59f103ebf782a31f94bb569d897a652a0bc1bd95c5cdc5521418b843,True,10.0,6.0,0.9600000000000009,-2.6737967914438503
2a688dce9ee3f6910a66c8306e45a673347e6c2da97ca4f612e37eadc34f421f,False,5.0,6.0,2.240000000000002,-0.8912655971479501
25a60f0b59f103ebf782a31f94bb569d897a652a0bc1bd95c5cdc5521418b843,True,8.0,8.0,0.5,-2.6737967914438503
25a60f0b59f103ebf782a31f94bb569d897a652a0bc1bd95c5cdc5521418b843,True,8.0,8.0,2.1599999999999966,-2.6737967914438503
25a60f0b59f103ebf782a31f94bb569d897a652a0bc1bd95c5cdc5521418b843,True,8.0,8.0,0.3400000000000034,-2.6737967914438503
25a60f0b59f103ebf782a31f94bb569d897a652a0bc1bd95c5cdc5521418b843,True,8.0,8.0,2.780000000000001,-2.6737967914438503
18e38dc4225a11e2a43c1a7abd32ddeea5ac0a0bcf35f6f5854fbf708e98f5ca,False,6.0,2.0,0.9799999999999969,-1.0695187165775402
25a60f0b59f103ebf782a31f94bb569d897a652a0bc1bd95c5cdc5521418b843,True,7.0,9.0,4.079999999999998,-2.6737967914438503
25a60f0b59f103ebf782a31f94bb569d897a652a0bc1bd95c5cdc5521418b843,True,10.0,6.0,0.8800000000000026,-2.6737967914438503
25a60f0b59f103ebf782a31f94bb569d897a652a0bc1bd95c5cdc5521418b843,True,7.0,9.0,1.740000000000002,-2.6737967914438503
25a60f0b59f103ebf782a31f94bb569d897a652a0bc1bd95c5cdc5521418b843,True,8.0,8.0,1.7999999999999972,-2.6737967914438503
25a60f0b59f103ebf782a31f94bb569d897a652a0bc1bd95c5cdc5521418b843,True,9.0,7.0,0.7199999999999989,-2.6737967914438503
18e38dc4225a11e2a43c1a7abd32ddeea5ac0a0bcf35f6f5854fbf708e98f5ca,False,7.0,1.0,1.5,-1.0695187165775402
25a60f0b59f103ebf782a31f94bb569d897a652a0bc1bd95c5cdc5521418b843,True,10.0,6.0,2.619999999999998,-2.6737967914438503
25a60f0b59f103ebf782a31f94bb569d897a652a0bc1bd95c5cdc5521418b843,True,9.0,7.0,0.6199999999999974,-2.6737967914438503
f6856a3437439e58b35ad8fedba5c2f1cabd89bb5550dc0db11d0fd01247215d,False,6.0,2.0,2.1199999999999974,-1.7825311942959001
97b28df35b811f0a5dba92060bfa9d60f1cc23fb3123298c2b14a461bea2df00,False,8.0,-3.0,0.259999999999998,1.0695187165775402
25a60f0b59f103ebf782a31f94bb569d897a652a0bc1bd95c5cdc5521418b843,True,7.0,9.0,1.8400000000000034,-2.6737967914438503
25a60f0b59f103ebf782a31f94bb569d897a652a0bc1bd95c5cdc5521418b843,True,6.0,10.0,1.6799999999999997,-2.6737967914438503
9b314dbaab24207ccb63b6994337f27fd505f1c0ef868166102def484737fe46,False,7.0,0.0,1.0399999999999991,-0.17825311942959002
76fd1e2470419b464aa575afb0710800da330763a86d4deb65102df4412cfb61,False,7.0,2.0,2.8599999999999994,-0.7130124777183601
25a60f0b59f103ebf782a31f94bb569d897a652a0bc1bd95c5cdc5521418b843,True,8.0,8.0,1.2199999999999989,-2.6737967914438503
25a60f0b59f103ebf782a31f94bb569d897a652a0bc1bd95c5cdc5521418b843,True,10.0,6.0,2.0,-2.6737967914438503
25a60f0b59f103ebf782a31f94bb569d897a652a0bc1bd95c5cdc5521418b843,True,11.0,5.0,0.3400000000000034,-2.6737967914438503
25a60f0b59f103ebf782a31f94bb569d897a652a0bc1bd95c5cdc5521418b843,True,9.0,7.0,1.1400000000000006,-2.6737967914438503
25a60f0b59f103ebf782a31f94bb569d897a652a0bc1bd95c5cdc5521418b843,True,9.0,7.0,1.5399999999999991,-2.6737967914438503
25a60f0b59f103ebf782a31f94bb569d897a652a0bc1bd95c5cdc5521418b843,True,6.0,10.0,1.259999999999998,-2.6737967914438503
25a60f0b59f103ebf782a31f94bb569d897a652a0bc1bd95c5cdc5521418b843,True,8.0,8.0,1.5799999999999983,-2.6737967914438503
25a60f0b59f103ebf782a31f94bb569d897a652a0bc1bd95c5cdc5521418b843,True,10.0,6.0,0.29999999999999716,-2.6737967914438503
18e38dc4225a11e2a43c1a7abd32ddeea5ac0a0bcf35f6f5854fbf708e98f5ca,False,10.0,-2.0,-0.759999999999998,-1.0695187165775402
18e38dc4225a11e2a43c1a7abd32ddeea5ac0a0bcf35f6f5854fbf708e98f5ca,False,9.0,-1.0,0.10000000000000142,-1.0695187165775402
25a60f0b59f103ebf782a31f94bb569d897a652a0bc1bd95c5cdc5521418b843,True,6.0,10.0,2.1599999999999966,-2.6737967914438503
25a60f0b59f103ebf782a31f94bb569d897a652a0bc1bd95c5cdc5521418b843,True,11.0,5.0,0.17999999999999972,-2.6737967914438503
ab90b43f348253a578dcb95935f52c00eb11253a5d50f45fb540cf45626d0620,False,9.0,-1.0,0.060000000000002274,-0.7130124777183601
25a60f0b59f103ebf782a31f94bb569d897a652a0bc1bd95c5cdc5521418b843,True,8.0,8.0,1.7800000000000011,-2.6737967914438503
97b28df35b811f0a5dba92060bfa9d60f1cc23fb3123298c2b14a461bea2df00,False,7.0,-2.0,0.8400000000000034,1.0695187165775402
18e38dc4225a11e2a43c1a7abd32ddeea5ac0a0bcf35f6f5854fbf708e98f5ca,False,8.0,0.0,1.8400000000000034,-1.0695187165775402
25a60f0b59f103ebf782a31f94bb569d897a652a0bc1bd95c5cdc5521418b843,True,7.0,9.0,2.600000000000001,-2.6737967914438503
25a60f0b59f103ebf782a31f94bb569d897a652a0bc1bd95c5cdc5521418b843,True,8.0,8.0,1.6000000000000014,-2.6737967914438503
25a60f0b59f103ebf782a31f94bb569d897a652a0bc1bd95c5cdc5521418b843,True,9.0,7.0,1.8599999999999994,-2.6737967914438503
25a60f0b59f103ebf782a31f94bb569d897a652a0bc1bd95c5cdc5521418b843,True,7.0,9.0,3.399999999999999,-2.6737967914438503
25a60f0b59f103ebf782a31f94bb569d897a652a0bc1bd95c5cdc5521418b843,True,8.0,8.0,1.9799999999999969,-2.6737967914438503
25a60f0b59f103ebf782a31f94bb569d897a652a0bc1bd95c5cdc5521418b843,True,11.0,5.0,1.8400000000000034,-2.6737967914438503
25a60f0b59f103ebf782a31f94bb569d897a652a0bc1bd95c5cdc5521418b843,True,8.0,8.0,1.8599999999999994,-2.6737967914438503
25a60f0b59f103ebf782a31f94bb569d897a652a0bc1bd95c5cdc5521418b843,True,8.0,8.0,0.7199999999999989,-2.6737967914438503
25a60f0b59f103ebf782a31f94bb569d897a652a0bc1bd95c5cdc5521418b843,True,8.0,8.0,1.0600000000000023,-2.6737967914438503
76fd1e2470419b464aa575afb0710800da330763a86d4deb65102df4412cfb61,False,6.0,3.0,3.619999999999998,-0.7130124777183601
ab90b43f348253a578dcb95935f52c00eb11253a5d50f45fb540cf45626d0620,False,6.0,2.0,1.7199999999999989,-0.7130124777183601
25a60f0b59f103ebf782a31f94bb569d897a652a0bc1bd95c5cdc5521418b843,True,10.0,6.0,0.7199999999999989,-2.6737967914438503
2a688dce9ee3f6910a66c8306e45a673347e6c2da97ca4f612e37eadc34f421f,False,4.0,7.0,3.5,-0.8912655971479501
25a60f0b59f103ebf782a31f94bb569d897a652a0bc1bd95c5cdc5521418b843,True,7.0,9.0,1.3200000000000003,-2.6737967914438503
76fd1e2470419b464aa575afb0710800da330763a86d4deb65102df4412cfb61,False,7.0,2.0,1.1799999999999997,-0.7130124777183601
76fd1e2470419b464aa575afb0710800da330763a86d4deb65102df4412cfb61,False,9.0,0.0,1.8800000000000026,-0.7130124777183601
25a60f0b59f103ebf782a31f94bb569d897a652a0bc1bd95c5cdc5521418b843,True,12.0,4.0,0.21999999999999886,-2.6737967914438503
25a60f0b59f103ebf782a31f94bb569d897a652a0bc1bd95c5cdc5521418b843,True,10.0,6.0,1.7800000000000011,-2.6737967914438503
25a60f0b59f103ebf782a31f94bb569d897a652a0bc1bd95c5cdc5521418b843,True,5.0,11.0,2.3800000000000026,-2.6737967914438503
25a60f0b59f103ebf782a31f94bb569d897a652a0bc1bd95c5cdc5521418b843,True,6.0,10.0,3.700000000000003,-2.6737967914438503
76fd1e2470419b464aa575afb0710800da330763a86d4deb65102df4412cfb61,False,10.0,-1.0,0.8599999999999994,-0.7130124777183601
25a60f0b59f103ebf782a31f94bb569d897a652a0bc1bd95c5cdc5521418b843,True,9.0,7.0,1.6000000000000014,-2.6737967914438503
2a688dce9ee3f6910a66c8306e45a673347e6c2da97ca4f612e37eadc34f421f,False,8.0,3.0,0.7800000000000011,-0.8912655971479501
18e38dc4225a11e2a43c1a7abd32ddeea5ac0a0bcf35f6f5854fbf708e98f5ca,False,13.0,-5.0,-1.2199999999999989,-1.0695187165775402
25a60f0b59f103ebf782a31f94bb569d897a652a0bc1bd95c5cdc5521418b843,True,13.0,3.0,-1.7999999999999972,-2.6737967914438503
25a60f0b59f103ebf782a31f94bb569d897a652a0bc1bd95c5cdc5521418b843,True,6.0,10.0,2.799999999999997,-2.6737967914438503
2a688dce9ee3f6910a66c8306e45a673347e6c2da97ca4f612e37eadc34f421f,False,5.0,6.0,2.9799999999999964,-0.8912655971479501
25a60f0b59f103ebf782a31f94bb569d897a652a0bc1bd95c5cdc5521418b843,True,9.0,7.0,1.0,-2.6737967914438503
25a60f0b59f103ebf782a31f94bb569d897a652a0bc1bd95c5cdc5521418b843,True,9.0,7.0,3.2400000000000024,-2.6737967914438503
25a60f0b59f103ebf782a31f94bb569d897a652a0bc1bd95c5cdc5521418b843,True,8.0,8.0,2.5,-2.6737967914438503
b93b3e639207b61066839c0c4c5d4b187f3648ac0893403e393788147d3cf641,False,4.0,3.0,4.259999999999998,-0.5347593582887701
25a60f0b59f103ebf782a31f94bb569d897a652a0bc1bd95c5cdc5521418b843,True,9.0,7.0,1.3599999999999994,-2.6737967914438503
25a60f0b59f103ebf782a31f94bb569d897a652a0bc1bd95c5cdc5521418b843,True,8.0,8.0,1.4399999999999977,-2.6737967914438503
25a60f0b59f103ebf782a31f94bb569d897a652a0bc1bd95c5cdc5521418b843,True,9.0,7.0,1.3200000000000003,-2.6737967914438503
2a688dce9ee3f6910a66c8306e45a673347e6c2da97ca4f612e37eadc34f421f,False,9.0,2.0,-0.29999999999999716,-0.8912655971479501
25a60f0b59f103ebf782a31f94bb569d897a652a0bc1bd95c5cdc5521418b843,True,12.0,4.0,-0.17999999999999972,-2.6737967914438503
25a60f0b59f103ebf782a31f94bb569d897a652a0bc1bd95c5cdc5521418b843,True,6.0,10.0,3.0399999999999987,-2.6737967914438503
25a60f0b59f103ebf782a31f94bb569d897a652a0bc1bd95c5cdc5521418b843,True,9.0,7.0,0.4799999999999969,-2.6737967914438503
76fd1e2470419b464aa575afb0710800da330763a86d4deb65102df4412cfb61,False,6.0,3.0,2.259999999999998,-0.7130124777183601
25a60f0b59f103ebf782a31f94bb569d897a652a0bc1bd95c5cdc5521418b843,True,7.0,9.0,2.3400000000000034,-2.6737967914438503
25a60f0b59f103ebf782a31f94bb569d897a652a0bc1bd95c5cdc5521418b843,True,9.0,7.0,0.9399999999999977,-2.6737967914438503
ab90b43f348253a578dcb95935f52c00eb11253a5d50f45fb540cf45626d0620,False,4.0,4.0,1.9799999999999969,-0.7130124777183601
25a60f0b59f103ebf782a31f94bb569d897a652a0bc1bd95c5cdc5521418b843,True,9.0,7.0,0.6400000000000006,-2.6737967914438503
25a60f0b59f103ebf782a31f94bb569d897a652a0bc1bd95c5cdc5521418b843,True,12.0,4.0,-0.240000000000002,-2.6737967914438503
25a60f0b59f103ebf782a31f94bb569d897a652a0bc1bd95c5cdc5521418b843,True,8.0,8.0,1.2999999999999972,-2.6737967914438503
2a688dce9ee3f6910a66c8306e45a673347e6c2da97ca4f612e37eadc34f421f,False,11.0,0.0,-0.3400000000000034,-0.8912655971479501
25a60f0b59f103ebf782a31f94bb569d897a652a0bc1bd95c5cdc5521418b843,True,11.0,5.0,0.0,-2.6737967914438503
ab90b43f348253a578dcb95935f52c00eb11253a5d50f45fb540cf45626d0620,False,7.0,1.0,0.6199999999999974,-0.7130124777183601
25a60f0b59f103ebf782a31f94bb569d897a652a0bc1bd95c5cdc5521418b843,True,6.0,10.0,2.6599999999999966,-2.6737967914438503
25a60f0b59f103ebf782a31f94bb569d897a652a0bc1bd95c5cdc5521418b843,True,13.0,3.0,-1.259999999999998,-2.6737967914438503
25a60f0b59f103ebf782a31f94bb569d897a652a0bc1bd95c5cdc5521418b843,True,6.0,10.0,3.5,-2.6737967914438503
25a60f0b59f103ebf782a31f94bb569d897a652a0bc1bd95c5cdc5521418b843,True,10.0,6.0,1.240000000000002,-2.6737967914438503
9b314dbaab24207ccb63b6994337f27fd505f1c0ef868166102def484737fe46,False,6.0,1.0,1.740000000000002,-0.17825311942959002
ab90b43f348253a578dcb95935f52c00eb11253a5d50f45fb540cf45626d0620,False,10.0,-2.0,-0.9200000000000017,-0.7130124777183601
18e38dc4225a11e2a43c1a7abd32ddeea5ac0a0bcf35f6f5854fbf708e98f5ca,False,10.0,-2.0,-0.11999999999999744,-1.0695187165775402
25a60f0b59f103ebf782a31f94bb569d897a652a0bc1bd95c5cdc5521418b843,True,8.0,8.0,1.5,-2.6737967914438503
25a60f0b59f103ebf782a31f94bb569d897a652a0bc1bd95c5cdc5521418b843,True,8.0,8.0,1.0799999999999983,-2.6737967914438503
76fd1e2470419b464aa575afb0710800da330763a86d4deb65102df4412cfb61,False,5.0,4.0,3.4799999999999964,-0.7130124777183601
a3a9766514890add553eb639947da5ae68bd92450572e8ba728a23d86c0aea11,False,8.0,-1.0,-0.759999999999998,0.5347593582887701
b93b3e639207b61066839c0c4c5d4b187f3648ac0893403e393788147d3cf641,False,5.0,2.0,2.200000000000003,-0.5347593582887701
25a60f0b59f103ebf782a31f94bb569d897a652a0bc1bd95c5cdc5521418b843,True,8.0,8.0,1.3400000000000034,-2.6737967914438503
25a60f0b59f103ebf782a31f94bb569d897a652a0bc1bd95c5cdc5521418b843,True,10.0,6.0,0.9200000000000017,-2.6737967914438503
25a60f0b59f103ebf782a31f94bb569d897a652a0bc1bd95c5cdc5521418b843,True,13.0,3.0,0.7000000000000028,-2.6737967914438503
2a688dce9ee3f6910a66c8306e45a673347e6c2da97ca4f612e37eadc34f421f,False,6.0,5.0,2.0,-0.8912655971479501
25a60f0b59f103ebf782a31f94bb569d897a652a0bc1bd95c5cdc5521418b843,True,9.0,7.0,-0.060000000000002274,-2.6737967914438503
25a60f0b59f103ebf782a31f94bb569d897a652a0bc1bd95c5cdc5521418b843,True,8.0,8.0,1.1400000000000006,-2.6737967914438503
25a60f0b59f103ebf782a31f94bb569d897a652a0bc1bd95c5cdc5521418b843,True,12.0,4.0,0.7800000000000011,-2.6737967914438503
25a60f0b59f103ebf782a31f94bb569d897a652a0bc1bd95c5cdc5521418b843,True,8.0,8.0,2.4399999999999977,-2.6737967914438503
2a688dce9ee3f6910a66c8306e45a673347e6c2da97ca4f612e37eadc34f421f,False,3.0,8.0,2.5600000000000023,-0.8912655971479501
25a60f0b59f103ebf782a31f94bb569d897a652a0bc1bd95c5cdc5521418b843,True,6.0,10.0,2.9399999999999977,-2.6737967914438503
25a60f0b59f103ebf782a31f94bb569d897a652a0bc1bd95c5cdc5521418b843,True,6.0,10.0,2.3400000000000034,-2.6737967914438503
76fd1e2470419b464aa575afb0710800da330763a86d4deb65102df4412cfb61,False,5.0,4.0,3.5600000000000023,-0.7130124777183601
ab90b43f348253a578dcb95935f52c00eb11253a5d50f45fb540cf45626d0620,False,9.0,-1.0,0.740000000000002,-0.7130124777183601
25a60f0b59f103ebf782a31f94bb569d897a652a0bc1bd95c5cdc5521418b843,True,7.0,9.0,2.4399999999999977,-2.6737967914438503
2a688dce9ee3f6910a66c8306e45a673347e6c2da97ca4f612e37eadc34f421f,False,9.0,2.0,0.29999999999999716,-0.8912655971479501
25a60f0b59f103ebf782a31f94bb569d897a652a0bc1bd95c5cdc5521418b843,True,10.0,6.0,1.3400000000000034,-2.6737967914438503
76fd1e2470419b464aa575afb0710800da330763a86d4deb65102df4412cfb61,False,7.0,2.0,0.7999999999999972,-0.7130124777183601
25a60f0b59f103ebf782a31f94bb569d897a652a0bc1bd95c5cdc5521418b843,True,10.0,6.0,0.46000000000000085,-2.6737967914438503
b93b3e639207b61066839c0c4c5d4b187f3648ac0893403e393788147d3cf641,False,7.0,0.0,2.1400000000000006,-0.5347593582887701
f6856a3437439e58b35ad8fedba5c2f1cabd89bb5550dc0db11d0fd01247215d,False,10.0,-2.0,1.259999999999998,-1.7825311942959001
76fd1e2470419b464aa575afb0710800da330763a86d4deb65102df4412cfb61,False,6.0,3.0,3.8400000000000034,-0.7130124777183601
25a60f0b59f103ebf782a31f94bb569d897a652a0bc1bd95c5cdc5521418b843,True,8.0,8.0,1.740000000000002,-2.6737967914438503
25a60f0b59f103ebf782a31f94bb569d897a652a0bc1bd95c5cdc5521418b843,True,9.0,7.0,1.1799999999999997,-2.6737967914438503
2a688dce9ee3f6910a66c8306e45a673347e6c2da97ca4f612e37eadc34f421f,False,9.0,2.0,0.8999999999999986,-0.8912655971479501
25a60f0b59f103ebf782a31f94bb569d897a652a0bc1bd95c5cdc5521418b843,True,9.0,7.0,0.8599999999999994,-2.6737967914438503
25a60f0b59f103ebf782a31f94bb569d897a652a0bc1bd95c5cdc5521418b843,True,6.0,10.0,2.9200000000000017,-2.6737967914438503
25a60f0b59f103ebf782a31f94bb569d897a652a0bc1bd95c5cdc5521418b843,True,11.0,5.0,1.5,-2.6737967914438503
25a60f0b59f103ebf782a31f94bb569d897a652a0bc1bd95c5cdc5521418b843,True,8.0,8.0,3.399999999999999,-2.6737967914438503
25a60f0b59f103ebf782a31f94bb569d897a652a0bc1bd95c5cdc5521418b843,True,12.0,4.0,0.5399999999999991,-2.6737967914438503
25a60f0b59f103ebf782a31f94bb569d897a652a0bc1bd95c5cdc5521418b843,True,6.0,10.0,3.4799999999999964,-2.6737967914438503
25a60f0b59f103ebf782a31f94bb569d897a652a0bc1bd95c5cdc5521418b843,True,11.0,5.0,1.4600000000000009,-2.6737967914438503
97b28df35b811f0a5dba92060bfa9d60f1cc23fb3123298c2b14a461bea2df00,False,8.0,-3.0,0.17999999999999972,1.0695187165775402
25a60f0b59f103ebf782a31f94bb569d897a652a0bc1bd95c5cdc5521418b843,True,7.0,9.0,2.0600000000000023,-2.6737967914438503
25a60f0b59f103ebf782a31f94bb569d897a652a0bc1bd95c5cdc5521418b843,True,10.0,6.0,1.8800000000000026,-2.6737967914438503
25a60f0b59f103ebf782a31f94bb569d897a652a0bc1bd95c5cdc5521418b843,True,8.0,8.0,2.5600000000000023,-2.6737967914438503
25a60f0b59f103ebf782a31f94bb569d897a652a0bc1bd95c5cdc5521418b843,True,11.0,5.0,0.240000000000002,-2.6737967914438503
25a60f0b59f103ebf782a31f94bb569d897a652a0bc1bd95c5cdc5521418b843,True,11.0,5.0,1.1199999999999974,-2.6737967914438503
25a60f0b59f103ebf782a31f94bb569d897a652a0bc1bd95c5cdc5521418b843,True,12.0,4.0,1.4399999999999977,-2.6737967914438503
25a60f0b59f103ebf782a31f94bb569d897a652a0bc1bd95c5cdc5521418b843,True,7.0,9.0,0.8400000000000034,-2.6737967914438503
18e38dc4225a11e2a43c1a7abd32ddeea5ac0a0bcf35f6f5854fbf708e98f5ca,False,3.0,5.0,3.9600000000000013,-1.0695187165775402
25a60f0b59f103ebf782a31f94bb569d897a652a0bc1bd95c5cdc5521418b843,True,13.0,3.0,-1.240000000000002,-2.6737967914438503
f6856a3437439e58b35ad8fedba5c2f1cabd89bb5550dc0db11d0fd01247215d,False,9.0,-1.0,-0.8200000000000003,-1.7825311942959001
25a60f0b59f103ebf782a31f94bb569d897a652a0bc1bd95c5cdc5521418b843,True,5.0,11.0,1.6199999999999974,-2.6737967914438503
25a60f0b59f103ebf782a31f94bb569d897a652a0bc1bd95c5cdc5521418b843,True,8.0,8.0,1.1799999999999997,-2.6737967914438503
2a688dce9ee3f6910a66c8306e45a673347e6c2da97ca4f612e37eadc34f421f,False,6.0,5.0,2.1799999999999997,-0.8912655971479501
25a60f0b59f103ebf782a31f94bb569d897a652a0bc1bd95c5cdc5521418b843,True,10.0,6.0,1.6400000000000006,-2.6737967914438503
25a60f0b59f103ebf782a31f94bb569d897a652a0bc1bd95c5cdc5521418b843,True,4.0,12.0,3.880000000000002,-2.6737967914438503
25a60f0b59f103ebf782a31f94bb569d897a652a0bc1bd95c5cdc5521418b843,True,11.0,5.0,1.3800000000000026,-2.6737967914438503
25a60f0b59f103ebf782a31f94bb569d897a652a0bc1bd95c5cdc5521418b843,True,10.0,6.0,-0.10000000000000142,-2.6737967914438503
25a60f0b59f103ebf782a31f94bb569d897a652a0bc1bd95c5cdc5521418b843,True,7.0,9.0,2.1400000000000006,-2.6737967914438503
76cef14153e1d850214cd9285b883b193d95539ff95708c26223e2a60f833198,False,8.0,-3.0,0.1599999999999966,-0.35650623885918004
2a688dce9ee3f6910a66c8306e45a673347e6c2da97ca4f612e37eadc34f421f,False,6.0,5.0,1.7199999999999989,-0.8912655971479501
25a60f0b59f103ebf782a31f94bb569d897a652a0bc1bd95c5cdc5521418b843,True,8.0,8.0,0.8599999999999994,-2.6737967914438503
76fd1e2470419b464aa575afb0710800da330763a86d4deb65102df4412cfb61,False,9.0,0.0,1.5600000000000023,-0.7130124777183601
25a60f0b59f103ebf782a31f94bb569d897a652a0bc1bd95c5cdc5521418b843,True,9.0,7.0,2.619999999999998,-2.6737967914438503
25a60f0b59f103ebf782a31f94bb569d897a652a0bc1bd95c5cdc5521418b843,True,11.0,5.0,0.4399999999999977,-2.6737967914438503
25a60f0b59f103ebf782a31f94bb569d897a652a0bc1bd95c5cdc5521418b843,True,11.0,5.0,-0.38000000000000256,-2.6737967914438503
f6856a3437439e58b35ad8fedba5c2f1cabd89bb5550dc0db11d0fd01247215d,False,9.0,-1.0,-0.9600000000000009,-1.7825311942959001
25a60f0b59f103ebf782a31f94bb569d897a652a0bc1bd95c5cdc5521418b843,True,9.0,7.0,1.3599999999999994,-2.6737967914438503
25a60f0b59f103ebf782a31f94bb569d897a652a0bc1bd95c5cdc5521418b843,True,9.0,7.0,1.3400000000000034,-2.6737967914438503
18e38dc4225a11e2a43c1a7abd32ddeea5ac0a0bcf35f6f5854fbf708e98f5ca,False,9.0,-1.0,0.6000000000000014,-1.0695187165775402
25a60f0b59f103ebf782a31f94bb569d897a652a0bc1bd95c5cdc5521418b843,True,8.0,8.0,1.4399999999999977,-2.6737967914438503
25a60f0b59f103ebf782a31f94bb569d897a652a0bc1bd95c5cdc5521418b843,True,9.0,7.0,-0.7000000000000028,-2.6737967914438503
25a60f0b59f103ebf782a31f94bb569d897a652a0bc1bd95c5cdc5521418b843,True,9.0,7.0,0.240000000000002,-2.6737967914438503
25a60f0b59f103ebf782a31f94bb569d897a652a0bc1bd95c5cdc5521418b843,True,12.0,4.0,-1.2199999999999989,-2.6737967914438503
25a60f0b59f103ebf782a31f94bb569d897a652a0bc1bd95c5cdc5521418b843,True,8.0,8.0,1.7999999999999972,-2.6737967914438503
25a60f0b59f103ebf782a31f94bb569d897a652a0bc1bd95c5cdc5521418b843,True,4.0,12.0,2.899999999999999,-2.6737967914438503
25a60f0b59f103ebf782a31f94bb569d897a652a0bc1bd95c5cdc5521418b843,True,8.0,8.0,0.7999999999999972,-2.6737967914438503
25a60f0b59f103ebf782a31f94bb569d897a652a0bc1bd95c5cdc5521418b843,True,8.0,8.0,1.8200000000000003,-2.6737967914438503
25a60f0b59f103ebf782a31f94bb569d897a652a0bc1bd95c5cdc5521418b843,True,7.0,9.0,1.4399999999999977,-2.6737967914438503
25a60f0b59f103ebf782a31f94bb569d897a652a0bc1bd95c5cdc5521418b843,True,5.0,11.0,3.100000000000001,-2.6737967914438503
25a60f0b59f103ebf782a31f94bb569d897a652a0bc1bd95c5cdc5521418b843,True,7.0,9.0,2.899999999999999,-2.6737967914438503
ab90b43f348253a578dcb95935f52c00eb11253a5d50f45fb540cf45626d0620,False,5.0,3.0,1.740000000000002,-0.7130124777183601
25a60f0b59f103ebf782a31f94bb569d897a652a0bc1bd95c5cdc5521418b843,True,8.0,8.0,1.6599999999999966,-2.6737967914438503
76fd1e2470419b464aa575afb0710800da330763a86d4deb65102df4412cfb61,False,7.0,2.0,3.5200000000000036,-0.7130124777183601
25a60f0b59f103ebf782a31f94bb569d897a652a0bc1bd95c5cdc5521418b843,True,6.0,10.0,2.9399999999999977,-2.6737967914438503
25a60f0b59f103ebf782a31f94bb569d897a652a0bc1bd95c5cdc5521418b843,True,9.0,7.0,2.3400000000000034,-2.6737967914438503
2a688dce9ee3f6910a66c8306e45a673347e6c2da97ca4f612e37eadc34f421f,False,9.0,2.0,0.6199999999999974,-0.8912655971479501
25a60f0b59f103ebf782a31f94bb569d897a652a0bc1bd95c5cdc5521418b843,True,6.0,10.0,4.299999999999997,-2.6737967914438503
25a60f0b59f103ebf782a31f94bb569d897a652a0bc1bd95c5cdc5521418b843,True,14.0,2.0,-1.1599999999999966,-2.6737967914438503
25a60f0b59f103ebf782a31f94bb569d897a652a0bc1bd95c5cdc5521418b843,True,10.0,6.0,0.5200000000000031,-2.6737967914438503
25a60f0b59f103ebf782a31f94bb569d897a652a0bc1bd95c5cdc5521418b843,True,10.0,6.0,0.35999999999999943,-2.6737967914438503
25a60f0b59f103ebf782a31f94bb569d897a652a0bc1bd95c5cdc5521418b843,True,8.0,8.0,2.6599999999999966,-2.6737967914438503
25a60f0b59f103ebf782a31f94bb569d897a652a0bc1bd95c5cdc5521418b843,True,9.0,7.0,1.2999999999999972,-2.6737967914438503
f6856a3437439e58b35ad8fedba5c2f1cabd89bb5550dc0db11d0fd01247215d,False,6.0,2.0,1.9600000000000009,-1.7825311942959001
25a60f0b59f103ebf782a31f94bb569d897a652a0bc1bd95c5cdc5521418b843,True,12.0,4.0,-0.46000000000000085,-2.6737967914438503
25a60f0b59f103ebf782a31f94bb569d897a652a0bc1bd95c5cdc5521418b843,True,9.0,7.0,1.6400000000000006,-2.6737967914438503
b93b3e639207b61066839c0c4c5d4b187f3648ac0893403e393788147d3cf641,False,6.0,1.0,2.539999999999999,-0.5347593582887701
25a60f0b59f103ebf782a31f94bb569d897a652a0bc1bd95c5cdc5521418b843,True,8.0,8.0,0.6000000000000014,-2.6737967914438503
25a60f0b59f103ebf782a31f94bb569d897a652a0bc1bd95c5cdc5521418b843,True,5.0,11.0,2.9799999999999964,-2.6737967914438503
ab90b43f348253a578dcb95935f52c00eb11253a5d50f45fb540cf45626d0620,False,6.0,2.0,1.7999999999999972,-0.7130124777183601
18e38dc4225a11e2a43c1a7abd32ddeea5ac0a0bcf35f6f5854fbf708e98f5ca,False,8.0,0.0,1.3800000000000026,-1.0695187165775402
f6856a3437439e58b35ad8fedba5c2f1cabd89bb5550dc0db11d0fd01247215d,False,8.0,0.0,0.740000000000002,-1.7825311942959001
76fd1e2470419b464aa575afb0710800da330763a86d4deb65102df4412cfb61,False,7.0,2.0,2.299999999999997,-0.7130124777183601
25a60f0b59f103ebf782a31f94bb569d897a652a0bc1bd95c5cdc5521418b843,True,8.0,8.0,1.0200000000000031,-2.6737967914438503
25a60f0b59f103ebf782a31f94bb569d897a652a0bc1bd95c5cdc5521418b843,True,7.0,9.0,1.7999999999999972,-2.6737967914438503
25a60f0b59f103ebf782a31f94bb569d897a652a0bc1bd95c5cdc5521418b843,True,11.0,5.0,1.8400000000000034,-2.6737967914438503
f6856a3437439e58b35ad8fedba5c2f1cabd89bb5550dc0db11d0fd01247215d,False,6.0,2.0,1.5200000000000031,-1.7825311942959001
25a60f0b59f103ebf782a31f94bb569d897a652a0bc1bd95c5cdc5521418b843,True,15.0,1.0,0.17999999999999972,-2.6737967914438503
18e38dc4225a11e2a43c1a7abd32ddeea5ac0a0bcf35f6f5854fbf708e98f5ca,False,10.0,-2.0,-0.259999999999998,-1.0695187165775402
ab90b43f348253a578dcb95935f52c00eb11253a5d50f45fb540cf45626d0620,False,6.0,2.0,1.3200000000000003,-0.7130124777183601
2a688dce9ee3f6910a66c8306e45a673347e6c2da97ca4f612e37eadc34f421f,False,7.0,4.0,1.9799999999999969,-0.8912655971479501
76fd1e2470419b464aa575afb0710800da330763a86d4deb65102df4412cfb61,False,5.0,4.0,4.600000000000001,-0.7130124777183601
f6856a3437439e58b35ad8fedba5c2f1cabd89bb5550dc0db11d0fd01247215d,False,7.0,1.0,1.1799999999999997,-1.7825311942959001
2a688dce9ee3f6910a66c8306e45a673347e6c2da97ca4f612e37eadc34f421f,False,7.0,4.0,0.5600000000000023,-0.8912655971479501
25a60f0b59f103ebf782a31f94bb569d897a652a0bc1bd95c5cdc5521418b843,True,5.0,11.0,1.3999999999999986,-2.6737967914438503
2a688dce9ee3f6910a66c8306e45a673347e6c2da97ca4f612e37eadc34f421f,False,8.0,3.0,1.1000000000000014,-0.8912655971479501
25a60f0b59f103ebf782a31f94bb569d897a652a0bc1bd95c5cdc5521418b843,True,8.0,8.0,0.7999999999999972,-2.6737967914438503
ab90b43f348253a578dcb95935f52c00eb11253a5d50f45fb540cf45626d0620,False,8.0,0.0,0.3200000000000003,-0.7130124777183601
25a60f0b59f103ebf782a31f94bb569d897a652a0bc1bd95c5cdc5521418b843,True,11.0,5.0,-1.0,-2.6737967914438503
76fd1e2470419b464aa575afb0710800da330763a86d4deb65102df4412cfb61,False,9.0,0.0,1.0399999999999991,-0.7130124777183601
25a60f0b59f103ebf782a31f94bb569d897a652a0bc1bd95c5cdc5521418b843,True,10.0,6.0,0.3999999999999986,-2.6737967914438503
25a60f0b59f103ebf782a31f94bb569d897a652a0bc1bd95c5cdc5521418b843,True,6.0,10.0,1.2800000000000011,-2.6737967914438503
25a60f0b59f103ebf782a31f94bb569d897a652a0bc1bd95c5cdc5521418b843,True,9.0,7.0,0.7800000000000011,-2.6737967914438503
25a60f0b59f103ebf782a31f94bb569d897a652a0bc1bd95c5cdc5521418b843,True,7.0,9.0,1.7199999999999989,-2.6737967914438503
2a688dce9ee3f6910a66c8306e45a673347e6c2da97ca4f612e37eadc34f421f,False,7.0,4.0,1.3400000000000034,-0.8912655971479501
25a60f0b59f103ebf782a31f94bb569d897a652a0bc1bd95c5cdc5521418b843,True,7.0,9.0,1.7999999999999972,-2.6737967914438503
25a60f0b59f103ebf782a31f94bb569d897a652a0bc1bd95c5cdc5521418b843,True,5.0,11.0,3.100000000000001,-2.6737967914438503
18e38dc4225a11e2a43c1a7abd32ddeea5ac0a0bcf35f6f5854fbf708e98f5ca,False,7.0,1.0,0.6000000000000014,-1.0695187165775402
2a688dce9ee3f6910a66c8306e45a673347e6c2da97ca4f612e37eadc34f421f,False,9.0,2.0,2.1199999999999974,-0.8912655971479501
9b314dbaab24207ccb63b6994337f27fd505f1c0ef868166102def484737fe46,False,6.0,1.0,2.1400000000000006,-0.17825311942959002
25a60f0b59f103ebf782a31f94bb569d897a652a0bc1bd95c5cdc5521418b843,True,8.0,8.0,0.9200000000000017,-2.6737967914438503
25a60f0b59f103ebf782a31f94bb569d897a652a0bc1bd95c5cdc5521418b843,True,10.0,6.0,0.8400000000000034,-2.6737967914438503
25a60f0b59f103ebf782a31f94bb569d897a652a0bc1bd95c5cdc5521418b843,True,11.0,5.0,0.3999999999999986,-2.6737967914438503
25a60f0b59f103ebf782a31f94bb569d897a652a0bc1bd95c5cdc5521418b843,True,6.0,10.0,2.799999999999997,-2.6737967914438503
ab90b43f348253a578dcb95935f52c00eb11253a5d50f45fb540cf45626d0620,False,4.0,4.0,3.5799999999999983,-0.7130124777183601
76fd1e2470419b464aa575afb0710800da330763a86d4deb65102df4412cfb61,False,6.0,3.0,3.18,-0.7130124777183601
25a60f0b59f103ebf782a31f94bb569d897a652a0bc1bd95c5cdc5521418b843,True,5.0,11.0,2.799999999999997,-2.6737967914438503
25a60f0b59f103ebf782a31f94bb569d897a652a0bc1bd95c5cdc5521418b843,True,6.0,10.0,3.200000000000003,-2.6737967914438503
25a60f0b59f103ebf782a31f94bb569d897a652a0bc1bd95c5cdc5521418b843,True,5.0,11.0,2.0799999999999983,-2.6737967914438503
25a60f0b59f103ebf782a31f94bb569d897a652a0bc1bd95c5cdc5521418b843,True,9.0,7.0,0.020000000000003126,-2.6737967914438503
ab90b43f348253a578dcb95935f52c00eb11253a5d50f45fb540cf45626d0620,False,5.0,3.0,3.2599999999999976,-0.7130124777183601
25a60f0b59f103ebf782a31f94bb569d897a652a0bc1bd95c5cdc5521418b843,True,9.0,7.0,1.1400000000000006,-2.6737967914438503
25a60f0b59f103ebf782a31f94bb569d897a652a0bc1bd95c5cdc5521418b843,True,8.0,8.0,1.6199999999999974,-2.6737967914438503
25a60f0b59f103ebf782a31f94bb569d897a652a0bc1bd95c5cdc5521418b843,True,9.0,7.0,0.9600000000000009,-2.6737967914438503
25a60f0b59f103ebf782a31f94bb569d897a652a0bc1bd95c5cdc5521418b843,True,6.0,10.0,3.0200000000000036,-2.6737967914438503
ab90b43f348253a578dcb95935f52c00eb11253a5d50f45fb540cf45626d0620,False,6.0,2.0,2.5600000000000023,-0.7130124777183601
25a60f0b59f103ebf782a31f94bb569d897a652a0bc1bd95c5cdc5521418b843,True,8.0,8.0,2.3400000000000034,-2.6737967914438503
25a60f0b59f103ebf782a31f94bb569d897a652a0bc1bd95c5cdc5521418b843,True,10.0,6.0,0.28000000000000114,-2.6737967914438503
25a60f0b59f103ebf782a31f94bb569d897a652a0bc1bd95c5cdc5521418b843,True,14.0,2.0,-1.2999999999999972,-2.6737967914438503
ab90b43f348253a578dcb95935f52c00eb11253a5d50f45fb540cf45626d0620,False,6.0,2.0,0.8599999999999994,-0.7130124777183601
18e38dc4225a11e2a43c1a7abd32ddeea5ac0a0bcf35f6f5854fbf708e98f5ca,False,5.0,3.0,1.6599999999999966,-1.0695187165775402
25a60f0b59f103ebf782a31f94bb569d897a652a0bc1bd95c5cdc5521418b843,True,10.0,6.0,0.740000000000002,-2.6737967914438503
76fd1e2470419b464aa575afb0710800da330763a86d4deb65102df4412cfb61,False,9.0,0.0,0.46000000000000085,-0.7130124777183601
25a60f0b59f103ebf782a31f94bb569d897a652a0bc1bd95c5cdc5521418b843,True,10.0,6.0,0.3999999999999986,-2.6737967914438503
25a60f0b59f103ebf782a31f94bb569d897a652a0bc1bd95c5cdc5521418b843,True,9.0,7.0,0.7999999999999972,-2.6737967914438503
25a60f0b59f103ebf782a31f94bb569d897a652a0bc1bd95c5cdc5521418b843,True,7.0,9.0,1.6799999999999997,-2.6737967914438503
25a60f0b59f103ebf782a31f94bb569d897a652a0bc1bd95c5cdc5521418b843,True,12.0,4.0,0.4399999999999977,-2.6737967914438503
25a60f0b59f103ebf782a31f94bb569d897a652a0bc1bd95c5cdc5521418b843,True,7.0,9.0,2.8400000000000034,-2.6737967914438503
25a60f0b59f103ebf782a31f94bb569d897a652a0bc1bd95c5cdc5521418b843,True,8.0,8.0,0.6400000000000006,-2.6737967914438503
f6856a3437439e58b35ad8fedba5c2f1cabd89bb5550dc0db11d0fd01247215d,False,5.0,3.0,2.700000000000003,-1.7825311942959001
ab90b43f348253a578dcb95935f52c00eb11253a5d50f45fb540cf45626d0620,False,6.0,2.0,1.8200000000000003,-0.7130124777183601
25a60f0b59f103ebf782a31f94bb569d897a652a0bc1bd95c5cdc5521418b843,True,11.0,5.0,-1.2999999999999972,-2.6737967914438503
25a60f0b59f103ebf782a31f94bb569d897a652a0bc1bd95c5cdc5521418b843,True,7.0,9.0,1.5399999999999991,-2.6737967914438503
25a60f0b59f103ebf782a31f94bb569d897a652a0bc1bd95c5cdc5521418b843,True,6.0,10.0,2.9799999999999964,-2.6737967914438503
76fd1e2470419b464aa575afb0710800da330763a86d4deb65102df4412cfb61,False,7.0,2.0,1.3200000000000003,-0.7130124777183601
25a60f0b59f103ebf782a31f94bb569d897a652a0bc1bd95c5cdc5521418b843,True,13.0,3.0,-1.6799999999999997,-2.6737967914438503
25a60f0b59f103ebf782a31f94bb569d897a652a0bc1bd95c5cdc5521418b843,True,8.0,8.0,0.5399999999999991,-2.6737967914438503
25a60f0b59f103ebf782a31f94bb569d897a652a0bc1bd95c5cdc5521418b843,True,11.0,5.0,0.9200000000000017,-2.6737967914438503
25a60f0b59f103ebf782a31f94bb569d897a652a0bc1bd95c5cdc5521418b843,True,9.0,7.0,0.6199999999999974,-2.6737967914438503
25a60f0b59f103ebf782a31f94bb569d897a652a0bc1bd95c5cdc5521418b843,True,10.0,6.0,1.6400000000000006,-2.6737967914438503
76fd1e2470419b464aa575afb0710800da330763a86d4deb65102df4412cfb61,False,9.0,0.0,-0.46000000000000085,-0.7130124777183601
25a60f0b59f103ebf782a31f94bb569d897a652a0bc1bd95c5cdc5521418b843,True,8.0,8.0,1.5200000000000031,-2.6737967914438503
25a60f0b59f103ebf782a31f94bb569d897a652a0bc1bd95c5cdc5521418b843,True,9.0,7.0,0.29999999999999716,-2.6737967914438503
25a60f0b59f103ebf782a31f94bb569d897a652a0bc1bd95c5cdc5521418b843,True,9.0,7.0,1.2199999999999989,-2.6737967914438503
25a60f0b59f103ebf782a31f94bb569d897a652a0bc1bd95c5cdc5521418b843,True,11.0,5.0,0.20000000000000284,-2.6737967914438503
25a60f0b59f103ebf782a31f94bb569d897a652a0bc1bd95c5cdc5521418b843,True,5.0,11.0,2.0799999999999983,-2.6737967914438503
25a60f0b59f103ebf782a31f94bb569d897a652a0bc1bd95c5cdc5521418b843,True,9.0,7.0,-0.20000000000000284,-2.6737967914438503
25a60f0b59f103ebf782a31f94bb569d897a652a0bc1bd95c5cdc5521418b843,True,5.0,11.0,3.32,-2.6737967914438503
25a60f0b59f103ebf782a31f94bb569d897a652a0bc1bd95c5cdc5521418b843,True,12.0,4.0,-0.4799999999999969,-2.6737967914438503
18e38dc4225a11e2a43c1a7abd32ddeea5ac0a0bcf35f6f5854fbf708e98f5ca,False,9.0,-1.0,0.6000000000000014,-1.0695187165775402
25a60f0b59f103ebf782a31f94bb569d897a652a0bc1bd95c5cdc5521418b843,True,9.0,7.0,2.039999999999999,-2.6737967914438503
76fd1e2470419b464aa575afb0710800da330763a86d4deb65102df4412cfb61,False,3.0,6.0,3.9399999999999977,-0.7130124777183601
25a60f0b59f103ebf782a31f94bb569d897a652a0bc1bd95c5cdc5521418b843,True,10.0,6.0,0.6599999999999966,-2.6737967914438503
d57523a1ce45d74f69d618053a3cb8d0526b46e2798dba5cbb96086599cb54ea,False,4.0,-2.0,2.259999999999998,0.5347593582887701
25a60f0b59f103ebf782a31f94bb569d897a652a0bc1bd95c5cdc5521418b843,True,6.0,10.0,3.0799999999999983,-2.6737967914438503
18e38dc4225a11e2a43c1a7abd32ddeea5ac0a0bcf35f6f5854fbf708e98f5ca,False,9.0,-1.0,0.6400000000000006,-1.0695187165775402
25a60f0b59f103ebf782a31f94bb569d897a652a0bc1bd95c5cdc5521418b843,True,6.0,10.0,2.880000000000002,-2.6737967914438503
25a60f0b59f103ebf782a31f94bb569d897a652a0bc1bd95c5cdc5521418b843,True,12.0,4.0,-0.020000000000003126,-2.6737967914438503
25a60f0b59f103ebf782a31f94bb569d897a652a0bc1bd95c5cdc5521418b843,True,8.0,8.0,2.7599999999999976,-2.6737967914438503
25a60f0b59f103ebf782a31f94bb569d897a652a0bc1bd95c5cdc5521418b843,True,7.0,9.0,1.0200000000000031,-2.6737967914438503
25a60f0b59f103ebf782a31f94bb569d897a652a0bc1bd95c5cdc5521418b843,True,9.0,7.0,-0.28000000000000114,-2.6737967914438503
25a60f0b59f103ebf782a31f94bb569d897a652a0bc1bd95c5cdc5521418b843,True,9.0,7.0,1.4200000000000017,-2.6737967914438503
f6856a3437439e58b35ad8fedba5c2f1cabd89bb5550dc0db11d0fd01247215d,False,7.0,1.0,1.7999999999999972,-1.7825311942959001
25a60f0b59f103ebf782a31f94bb569d897a652a0bc1bd95c5cdc5521418b843,True,10.0,6.0,0.6599999999999966,-2.6737967914438503
25a60f0b59f103ebf782a31f94bb569d897a652a0bc1bd95c5cdc5521418b843,True,12.0,4.0,0.6599999999999966,-2.6737967914438503
25a60f0b59f103ebf782a31f94bb569d897a652a0bc1bd95c5cdc5521418b843,True,14.0,2.0,-0.020000000000003126,-2.6737967914438503
25a60f0b59f103ebf782a31f94bb569d897a652a0bc1bd95c5cdc5521418b843,True,8.0,8.0,1.6199999999999974,-2.6737967914438503
25a60f0b59f103ebf782a31f94bb569d897a652a0bc1bd95c5cdc5521418b843,True,7.0,9.0,1.4799999999999969,-2.6737967914438503
25a60f0b59f103ebf782a31f94bb569d897a652a0bc1bd95c5cdc5521418b843,True,11.0,5.0,2.299999999999997,-2.6737967914438503
25a60f0b59f103ebf782a31f94bb569d897a652a0bc1bd95c5cdc5521418b843,True,8.0,8.0,1.6199999999999974,-2.6737967914438503
25a60f0b59f103ebf782a31f94bb569d897a652a0bc1bd95c5cdc5521418b843,True,6.0,10.0,3.18,-2.6737967914438503
25a60f0b59f103ebf782a31f94bb569d897a652a0bc1bd95c5cdc5521418b843,True,8.0,8.0,1.5799999999999983,-2.6737967914438503
b93b3e639207b61066839c0c4c5d4b187f3648ac0893403e393788147d3cf641,False,7.0,0.0,2.039999999999999,-0.5347593582887701
25a60f0b59f103ebf782a31f94bb569d897a652a0bc1bd95c5cdc5521418b843,True,6.0,10.0,2.4200000000000017,-2.6737967914438503
2a688dce9ee3f6910a66c8306e45a673347e6c2da97ca4f612e37eadc34f421f,False,8.0,3.0,2.479999999999997,-0.8912655971479501
25a60f0b59f103ebf782a31f94bb569d897a652a0bc1bd95c5cdc5521418b843,True,7.0,9.0,1.8999999999999986,-2.6737967914438503
25a60f0b59f103ebf782a31f94bb569d897a652a0bc1bd95c5cdc5521418b843,True,8.0,8.0,2.1599999999999966,-2.6737967914438503
ef5ccd9e100038eaeca590bb86f90622b26afb602bebc9512c60f4a108b50adc,False,7.0,-4.0,0.20000000000000284,-1.4260249554367201
25a60f0b59f103ebf782a31f94bb569d897a652a0bc1bd95c5cdc5521418b843,True,10.0,6.0,1.2800000000000011,-2.6737967914438503
25a60f0b59f103ebf782a31f94bb569d897a652a0bc1bd95c5cdc5521418b843,True,9.0,7.0,1.1599999999999966,-2.6737967914438503
25a60f0b59f103ebf782a31f94bb569d897a652a0bc1bd95c5cdc5521418b843,True,7.0,9.0,1.6400000000000006,-2.6737967914438503
2a688dce9ee3f6910a66c8306e45a673347e6c2da97ca4f612e37eadc34f421f,False,8.0,3.0,0.5600000000000023,-0.8912655971479501
25a60f0b59f103ebf782a31f94bb569d897a652a0bc1bd95c5cdc5521418b843,True,7.0,9.0,4.5,-2.6737967914438503
18e38dc4225a11e2a43c1a7abd32ddeea5ac0a0bcf35f6f5854fbf708e98f5ca,False,6.0,2.0,1.4800000000000006,-1.0695187165775402
25a60f0b59f103ebf782a31f94bb569d897a652a0bc1bd95c5cdc5521418b843,True,8.0,8.0,1.8599999999999994,-2.6737967914438503
25a60f0b59f103ebf782a31f94bb569d897a652a0bc1bd95c5cdc5521418b843,True,9.0,7.0,0.4200000000000017,-2.6737967914438503
25a60f0b59f103ebf782a31f94bb569d897a652a0bc1bd95c5cdc5521418b843,True,8.0,8.0,3.200000000000003,-2.6737967914438503
25a60f0b59f103ebf782a31f94bb569d897a652a0bc1bd95c5cdc5521418b843,True,6.0,10.0,3.5600000000000023,-2.6737967914438503
661a2f1f1c8be0f7325fe0b664192bfa46380843fe52b675bf11075e1c265699,False,8.0,-3.0,0.8200000000000003,-0.8912655971479501
25a60f0b59f103ebf782a31f94bb569d897a652a0bc1bd95c5cdc5521418b843,True,10.0,6.0,0.6000000000000014,-2.6737967914438503
b93b3e639207b61066839c0c4c5d4b187f3648ac0893403e393788147d3cf641,False,6.0,1.0,1.2199999999999989,-0.5347593582887701
25a60f0b59f103ebf782a31f94bb569d897a652a0bc1bd95c5cdc5521418b843,True,8.0,8.0,0.9200000000000017,-2.6737967914438503
25a60f0b59f103ebf782a31f94bb569d897a652a0bc1bd95c5cdc5521418b843,True,9.0,7.0,1.5399999999999991,-2.6737967914438503
2a688dce9ee3f6910a66c8306e45a673347e6c2da97ca4f612e37eadc34f421f,False,9.0,2.0,1.5399999999999991,-0.8912655971479501
25a60f0b59f103ebf782a31f94bb569d897a652a0bc1bd95c5cdc5521418b843,True,7.0,9.0,1.4600000000000009,-2.6737967914438503
25a60f0b59f103ebf782a31f94bb569d897a652a0bc1bd95c5cdc5521418b843,True,7.0,9.0,3.0,-2.6737967914438503
25a60f0b59f103ebf782a31f94bb569d897a652a0bc1bd95c5cdc5521418b843,True,8.0,8.0,2.020000000000003,-2.6737967914438503
25a60f0b59f103ebf782a31f94bb569d897a652a0bc1bd95c5cdc5521418b843,True,8.0,8.0,0.759999999999998,-2.6737967914438503
25a60f0b59f103ebf782a31f94bb569d897a652a0bc1bd95c5cdc5521418b843,True,8.0,8.0,1.0600000000000023,-2.6737967914438503
25a60f0b59f103ebf782a31f94bb569d897a652a0bc1bd95c5cdc5521418b843,True,5.0,11.0,4.600000000000001,-2.6737967914438503
25a60f0b59f103ebf782a31f94bb569d897a652a0bc1bd95c5cdc5521418b843,True,8.0,8.0,2.3599999999999994,-2.6737967914438503
25a60f0b59f103ebf782a31f94bb569d897a652a0bc1bd95c5cdc5521418b843,True,7.0,9.0,1.1199999999999974,-2.6737967914438503
76fd1e2470419b464aa575afb0710800da330763a86d4deb65102df4412cfb61,False,6.0,3.0,2.719999999999999,-0.7130124777183601
25a60f0b59f103ebf782a31f94bb569d897a652a0bc1bd95c5cdc5521418b843,True,10.0,6.0,0.5399999999999991,-2.6737967914438503
25a60f0b59f103ebf782a31f94bb569d897a652a0bc1bd95c5cdc5521418b843,True,10.0,6.0,0.9799999999999969,-2.6737967914438503
25a60f0b59f103ebf782a31f94bb569d897a652a0bc1bd95c5cdc5521418b843,True,11.0,5.0,2.1000000000000014,-2.6737967914438503
18e38dc4225a11e2a43c1a7abd32ddeea5ac0a0bcf35f6f5854fbf708e98f5ca,False,9.0,-1.0,0.4799999999999969,-1.0695187165775402
2a688dce9ee3f6910a66c8306e45a673347e6c2da97ca4f612e37eadc34f421f,False,6.0,5.0,2.4399999999999977,-0.8912655971479501
25a60f0b59f103ebf782a31f94bb569d897a652a0bc1bd95c5cdc5521418b843,True,10.0,6.0,0.38000000000000256,-2.6737967914438503
25a60f0b59f103ebf782a31f94bb569d897a652a0bc1bd95c5cdc5521418b843,True,7.0,9.0,2.1599999999999966,-2.6737967914438503
2a688dce9ee3f6910a66c8306e45a673347e6c2da97ca4f612e37eadc34f421f,False,7.0,4.0,3.619999999999998,-0.8912655971479501
76fd1e2470419b464aa575afb0710800da330763a86d4deb65102df4412cfb61,False,8.0,1.0,1.0,-0.7130124777183601
25a60f0b59f103ebf782a31f94bb569d897a652a0bc1bd95c5cdc5521418b843,True,8.0,8.0,0.4399999999999977,-2.6737967914438503
25a60f0b59f103ebf782a31f94bb569d897a652a0bc1bd95c5cdc5521418b843,True,11.0,5.0,-0.6799999999999997,-2.6737967914438503
25a60f0b59f103ebf782a31f94bb569d897a652a0bc1bd95c5cdc5521418b843,True,7.0,9.0,2.880000000000002,-2.6737967914438503
25a60f0b59f103ebf782a31f94bb569d897a652a0bc1bd95c5cdc5521418b843,True,11.0,5.0,-1.2000000000000028,-2.6737967914438503
25a60f0b59f103ebf782a31f94bb569d897a652a0bc1bd95c5cdc5521418b843,True,10.0,6.0,0.7000000000000028,-2.6737967914438503
25a60f0b59f103ebf782a31f94bb569d897a652a0bc1bd95c5cdc5521418b843,True,4.0,12.0,3.380000000000002,-2.6737967914438503
25a60f0b59f103ebf782a31f94bb569d897a652a0bc1bd95c5cdc5521418b843,True,10.0,6.0,1.0399999999999991,-2.6737967914438503
25a60f0b59f103ebf782a31f94bb569d897a652a0bc1bd95c5cdc5521418b843,True,11.0,5.0,1.2199999999999989,-2.6737967914438503
25a60f0b59f103ebf782a31f94bb569d897a652a0bc1bd95c5cdc5521418b843,True,6.0,10.0,2.8400000000000034,-2.6737967914438503
ab90b43f348253a578dcb95935f52c00eb11253a5d50f45fb540cf45626d0620,False,6.0,2.0,1.6199999999999974,-0.7130124777183601
25a60f0b59f103ebf782a31f94bb569d897a652a0bc1bd95c5cdc5521418b843,True,8.0,8.0,0.20000000000000284,-2.6737967914438503
2a688dce9ee3f6910a66c8306e45a673347e6c2da97ca4f612e37eadc34f421f,False,6.0,5.0,2.82,-0.8912655971479501
25a60f0b59f103ebf782a31f94bb569d897a652a0bc1bd95c5cdc5521418b843,True,8.0,8.0,1.3200000000000003,-2.6737967914438503
25a60f0b59f103ebf782a31f94bb569d897a652a0bc1bd95c5cdc5521418b843,True,7.0,9.0,2.3400000000000034,-2.6737967914438503
a3a9766514890add553eb639947da5ae68bd92450572e8ba728a23d86c0aea11,False,4.0,3.0,2.7599999999999976,0.5347593582887701
25a60f0b59f103ebf782a31f94bb569d897a652a0bc1bd95c5cdc5521418b843,True,12.0,4.0,-0.020000000000003126,-2.6737967914438503
25a60f0b59f103ebf782a31f94bb569d897a652a0bc1bd95c5cdc5521418b843,True,5.0,11.0,2.299999999999997,-2.6737967914438503
25a60f0b59f103ebf782a31f94bb569d897a652a0bc1bd95c5cdc5521418b843,True,7.0,9.0,2.799999999999997,-2.6737967914438503
25a60f0b59f103ebf782a31f94bb569d897a652a0bc1bd95c5cdc5521418b843,True,10.0,6.0,0.0,-2.6737967914438503
76fd1e2470419b464aa575afb0710800da330763a86d4deb65102df4412cfb61,False,4.0,5.0,3.380000000000002,-0.7130124777183601
25a60f0b59f103ebf782a31f94bb569d897a652a0bc1bd95c5cdc5521418b843,True,8.0,8.0,2.3599999999999994,-2.6737967914438503
2a688dce9ee3f6910a66c8306e45a673347e6c2da97ca4f612e37eadc34f421f,False,8.0,3.0,1.6799999999999997,-0.8912655971479501
76fd1e2470419b464aa575afb0710800da330763a86d4deb65102df4412cfb61,False,9.0,0.0,-0.10000000000000142,-0.7130124777183601
25a60f0b59f103ebf782a31f94bb569d897a652a0bc1bd95c5cdc5521418b843,True,6.0,10.0,4.119999999999997,-2.6737967914438503
f6856a3437439e58b35ad8fedba5c2f1cabd89bb5550dc0db11d0fd01247215d,False,7.0,1.0,0.8800000000000026,-1.7825311942959001
ef5ccd9e100038eaeca590bb86f90622b26afb602bebc9512c60f4a108b50adc,False,7.0,-4.0,0.8999999999999986,-1.4260249554367201
18e38dc4225a11e2a43c1a7abd32ddeea5ac0a0bcf35f6f5854fbf708e98f5ca,False,9.0,-1.0,0.6000000000000014,-1.0695187165775402
76fd1e2470419b464aa575afb0710800da330763a86d4deb65102df4412cfb61,False,5.0,4.0,3.0600000000000023,-0.7130124777183601
2a688dce9ee3f6910a66c8306e45a673347e6c2da97ca4f612e37eadc34f421f,False,6.0,5.0,1.7000000000000028,-0.8912655971479501
25a60f0b59f103ebf782a31f94bb569d897a652a0bc1bd95c5cdc5521418b843,True,5.0,11.0,3.6400000000000006,-2.6737967914438503
25a60f0b59f103ebf782a31f94bb569d897a652a0bc1bd95c5cdc5521418b843,True,9.0,7.0,0.14000000000000057,-2.6737967914438503
25a60f0b59f103ebf782a31f94bb569d897a652a0bc1bd95c5cdc5521418b843,True,8.0,8.0,1.8200000000000003,-2.6737967914438503
18e38dc4225a11e2a43c1a7abd32ddeea5ac0a0bcf35f6f5854fbf708e98f5ca,False,8.0,0.0,1.0200000000000031,-1.0695187165775402
22a7ea37d049fb3796d1d62374d85880b5088534ee983f628589c0cb8e859d91,False,6.0,-3.0,1.6599999999999966,-1.7825311942959001
25a60f0b59f103ebf782a31f94bb569d897a652a0bc1bd95c5cdc5521418b843,True,10.0,6.0,0.3200000000000003,-2.6737967914438503
25a60f0b59f103ebf782a31f94bb569d897a652a0bc1bd95c5cdc5521418b843,True,6.0,10.0,2.799999999999997,-2.6737967914438503
ab90b43f348253a578dcb95935f52c00eb11253a5d50f45fb540cf45626d0620,False,6.0,2.0,2.1000000000000014,-0.7130124777183601
25a60f0b59f103ebf782a31f94bb569d897a652a0bc1bd95c5cdc5521418b843,True,11.0,5.0,0.5200000000000031,-2.6737967914438503
2a688dce9ee3f6910a66c8306e45a673347e6c2da97ca4f612e37eadc34f421f,False,6.0,5.0,2.7400000000000024,-0.8912655971479501
25a60f0b59f103ebf782a31f94bb569d897a652a0bc1bd95c5cdc5521418b843,True,6.0,10.0,4.219999999999999,-2.6737967914438503
f6856a3437439e58b35ad8fedba5c2f1cabd89bb5550dc0db11d0fd01247215d,False,8.0,0.0,-0.28000000000000114,-1.7825311942959001
25a60f0b59f103ebf782a31f94bb569d897a652a0bc1bd95c5cdc5521418b843,True,7.0,9.0,2.1599999999999966,-2.6737967914438503
a3243ce7707a2a3682e9edb42f661751af7593e49dee8391462be0e0e7feca5b,False,8.0,-4.0,0.35999999999999943,0.0
25a60f0b59f103ebf782a31f94bb569d897a652a0bc1bd95c5cdc5521418b843,True,8.0,8.0,2.539999999999999,-2.6737967914438503
2a688dce9ee3f6910a66c8306e45a673347e6c2da97ca4f612e37eadc34f421f,False,8.0,3.0,1.0799999999999983,-0.8912655971479501
25a60f0b59f103ebf782a31f94bb569d897a652a0bc1bd95c5cdc5521418b843,True,7.0,9.0,3.0,-2.6737967914438503
25a60f0b59f103ebf782a31f94bb569d897a652a0bc1bd95c5cdc5521418b843,True,11.0,5.0,1.3599999999999994,-2.6737967914438503
25a60f0b59f103ebf782a31f94bb569d897a652a0bc1bd95c5cdc5521418b843,True,11.0,5.0,-0.5799999999999983,-2.6737967914438503
25a60f0b59f103ebf782a31f94bb569d897a652a0bc1bd95c5cdc5521418b843,True,13.0,3.0,0.9399999999999977,-2.6737967914438503
25a60f0b59f103ebf782a31f94bb569d897a652a0bc1bd95c5cdc5521418b843,True,7.0,9.0,0.7800000000000011,-2.6737967914438503
2a688dce9ee3f6910a66c8306e45a673347e6c2da97ca4f612e37eadc34f421f,False,6.0,5.0,2.9399999999999977,-0.8912655971479501
25a60f0b59f103ebf782a31f94bb569d897a652a0bc1bd95c5cdc5521418b843,True,9.0,7.0,2.3200000000000003,-2.6737967914438503
ab90b43f348253a578dcb95935f52c00eb11253a5d50f45fb540cf45626d0620,False,7.0,1.0,0.9600000000000009,-0.7130124777183601
2a688dce9ee3f6910a66c8306e45a673347e6c2da97ca4f612e37eadc34f421f,False,6.0,5.0,1.2999999999999972,-0.8912655971479501
25a60f0b59f103ebf782a31f94bb569d897a652a0bc1bd95c5cdc5521418b843,True,9.0,7.0,2.520000000000003,-2.6737967914438503
25a60f0b59f103ebf782a31f94bb569d897a652a0bc1bd95c5cdc5521418b843,True,8.0,8.0,2.799999999999997,-2.6737967914438503
25a60f0b59f103ebf782a31f94bb569d897a652a0bc1bd95c5cdc5521418b843,True,6.0,10.0,2.4399999999999977,-2.6737967914438503
2a688dce9ee3f6910a66c8306e45a673347e6c2da97ca4f612e37eadc34f421f,False,3.0,8.0,3.880000000000002,-0.8912655971479501
25a60f0b59f103ebf782a31f94bb569d897a652a0bc1bd95c5cdc5521418b843,True,5.0,11.0,2.7400000000000024,-2.6737967914438503
25a60f0b59f103ebf782a31f94bb569d897a652a0bc1bd95c5cdc5521418b843,True,4.0,12.0,2.7400000000000024,-2.6737967914438503
25a60f0b59f103ebf782a31f94bb569d897a652a0bc1bd95c5cdc5521418b843,True,10.0,6.0,0.6400000000000006,-2.6737967914438503
25a60f0b59f103ebf782a31f94bb569d897a652a0bc1bd95c5cdc5521418b843,True,6.0,10.0,2.1199999999999974,-2.6737967914438503
25a60f0b59f103ebf782a31f94bb569d897a652a0bc1bd95c5cdc5521418b843,True,10.0,6.0,1.6000000000000014,-2.6737967914438503
2a688dce9ee3f6910a66c8306e45a673347e6c2da97ca4f612e37eadc34f421f,False,7.0,4.0,1.5799999999999983,-0.8912655971479501
f6856a3437439e58b35ad8fedba5c2f1cabd89bb5550dc0db11d0fd01247215d,False,6.0,2.0,2.479999999999997,-1.7825311942959001
25a60f0b59f103ebf782a31f94bb569d897a652a0bc1bd95c5cdc5521418b843,True,10.0,6.0,0.9600000000000009,-2.6737967914438503
2a688dce9ee3f6910a66c8306e45a673347e6c2da97ca4f612e37eadc34f421f,False,7.0,4.0,1.2199999999999989,-0.8912655971479501
25a60f0b59f103ebf782a31f94bb569d897a652a0bc1bd95c5cdc5521418b843,True,10.0,6.0,-0.9600000000000009,-2.6737967914438503
76fd1e2470419b464aa575afb0710800da330763a86d4deb65102df4412cfb61,False,7.0,2.0,1.7199999999999989,-0.7130124777183601
97b28df35b811f0a5dba92060bfa9d60f1cc23fb3123298c2b14a461bea2df00,False,6.0,-1.0,2.1000000000000014,1.0695187165775402
f6856a3437439e58b35ad8fedba5c2f1cabd89bb5550dc0db11d0fd01247215d,False,6.0,2.0,1.240000000000002,-1.7825311942959001
25a60f0b59f103ebf782a31f94bb569d897a652a0bc1bd95c5cdc5521418b843,True,7.0,9.0,2.0799999999999983,-2.6737967914438503
25a60f0b59f103ebf782a31f94bb569d897a652a0bc1bd95c5cdc5521418b843,True,11.0,5.0,1.0200000000000031,-2.6737967914438503
18e38dc4225a11e2a43c1a7abd32ddeea5ac0a0bcf35f6f5854fbf708e98f5ca,False,11.0,-3.0,0.6000000000000014,-1.0695187165775402
25a60f0b59f103ebf782a31f94bb569d897a652a0bc1bd95c5cdc5521418b843,True,7.0,9.0,1.6599999999999966,-2.6737967914438503
25a60f0b59f103ebf782a31f94bb569d897a652a0bc1bd95c5cdc5521418b843,True,7.0,9.0,2.3400000000000034,-2.6737967914438503
25a60f0b59f103ebf782a31f94bb569d897a652a0bc1bd95c5cdc5521418b843,True,14.0,2.0,-0.29999999999999716,-2.6737967914438503
25a60f0b59f103ebf782a31f94bb569d897a652a0bc1bd95c5cdc5521418b843,True,7.0,9.0,2.219999999999999,-2.6737967914438503
25a60f0b59f103ebf782a31f94bb569d897a652a0bc1bd95c5cdc5521418b843,True,9.0,7.0,1.759999999999998,-2.6737967914438503
25a60f0b59f103ebf782a31f94bb569d897a652a0bc1bd95c5cdc5521418b843,True,7.0,9.0,2.479999999999997,-2.6737967914438503
25a60f0b59f103ebf782a31f94bb569d897a652a0bc1bd95c5cdc5521418b843,True,6.0,10.0,1.9200000000000017,-2.6737967914438503
25a60f0b59f103ebf782a31f94bb569d897a652a0bc1bd95c5cdc5521418b843,True,6.0,10.0,2.240000000000002,-2.6737967914438503
25a60f0b59f103ebf782a31f94bb569d897a652a0bc1bd95c5cdc5521418b843,True,9.0,7.0,0.4200000000000017,-2.6737967914438503
25a60f0b59f103ebf782a31f94bb569d897a652a0bc1bd95c5cdc5521418b843,True,10.0,6.0,2.6400000000000006,-2.6737967914438503
76fd1e2470419b464aa575afb0710800da330763a86d4deb65102df4412cfb61,False,7.0,2.0,0.9399999999999977,-0.7130124777183601
b93b3e639207b61066839c0c4c5d4b187f3648ac0893403e393788147d3cf641,False,7.0,0.0,0.9399999999999977,-0.5347593582887701
25a60f0b59f103ebf782a31f94bb569d897a652a0bc1bd95c5cdc5521418b843,True,13.0,3.0,-0.7999999999999972,-2.6737967914438503
25a60f0b59f103ebf782a31f94bb569d897a652a0bc1bd95c5cdc5521418b843,True,8.0,8.0,2.4399999999999977,-2.6737967914438503
25a60f0b59f103ebf782a31f94bb569d897a652a0bc1bd95c5cdc5521418b843,True,6.0,10.0,1.4399999999999977,-2.6737967914438503
25a60f0b59f103ebf782a31f94bb569d897a652a0bc1bd95c5cdc5521418b843,True,5.0,11.0,3.9399999999999977,-2.6737967914438503
76fd1e2470419b464aa575afb0710800da330763a86d4deb65102df4412cfb61,False,8.0,1.0,1.2000000000000028,-0.7130124777183601
25a60f0b59f103ebf782a31f94bb569d897a652a0bc1bd95c5cdc5521418b843,True,11.0,5.0,0.6199999999999974,-2.6737967914438503
ab90b43f348253a578dcb95935f52c00eb11253a5d50f45fb540cf45626d0620,False,9.0,-1.0,0.1599999999999966,-0.7130124777183601
25a60f0b59f103ebf782a31f94bb569d897a652a0bc1bd95c5cdc5521418b843,True,4.0,12.0,3.8400000000000034,-2.6737967914438503
25a60f0b59f103ebf782a31f94bb569d897a652a0bc1bd95c5cdc5521418b843,True,9.0,7.0,1.6400000000000006,-2.6737967914438503
25a60f0b59f103ebf782a31f94bb569d897a652a0bc1bd95c5cdc5521418b843,True,9.0,7.0,1.7199999999999989,-2.6737967914438503
25a60f0b59f103ebf782a31f94bb569d897a652a0bc1bd95c5cdc5521418b843,True,8.0,8.0,1.0200000000000031,-2.6737967914438503
25a60f0b59f103ebf782a31f94bb569d897a652a0bc1bd95c5cdc5521418b843,True,13.0,3.0,0.46000000000000085,-2.6737967914438503
18e38dc4225a11e2a43c1a7abd32ddeea5ac0a0bcf35f6f5854fbf708e98f5ca,False,11.0,-3.0,-1.759999999999998,-1.0695187165775402
76fd1e2470419b464aa575afb0710800da330763a86d4deb65102df4412cfb61,False,9.0,0.0,1.8599999999999994,-0.7130124777183601
25a60f0b59f103ebf782a31f94bb569d897a652a0bc1bd95c5cdc5521418b843,True,14.0,2.0,-0.9200000000000017,-2.6737967914438503
25a60f0b59f103ebf782a31f94bb569d897a652a0bc1bd95c5cdc5521418b843,True,8.0,8.0,1.5,-2.6737967914438503
25a60f0b59f103ebf782a31f94bb569d897a652a0bc1bd95c5cdc5521418b843,True,12.0,4.0,0.3400000000000034,-2.6737967914438503
25a60f0b59f103ebf782a31f94bb569d897a652a0bc1bd95c5cdc5521418b843,True,11.0,5.0,0.4200000000000017,-2.6737967914438503
25a60f0b59f103ebf782a31f94bb569d897a652a0bc1bd95c5cdc5521418b843,True,7.0,9.0,1.4600000000000009,-2.6737967914438503
2a688dce9ee3f6910a66c8306e45a673347e6c2da97ca4f612e37eadc34f421f,False,8.0,3.0,1.3599999999999994,-0.8912655971479501
25a60f0b59f103ebf782a31f94bb569d897a652a0bc1bd95c5cdc5521418b843,True,9.0,7.0,0.4200000000000017,-2.6737967914438503
25a60f0b59f103ebf782a31f94bb569d897a652a0bc1bd95c5cdc5521418b843,True,10.0,6.0,0.7199999999999989,-2.6737967914438503
ab90b43f348253a578dcb95935f52c00eb11253a5d50f45fb540cf45626d0620,False,8.0,0.0,0.3400000000000034,-0.7130124777183601
25a60f0b59f103ebf782a31f94bb569d897a652a0bc1bd95c5cdc5521418b843,True,10.0,6.0,1.6400000000000006,-2.6737967914438503
25a60f0b59f103ebf782a31f94bb569d897a652a0bc1bd95c5cdc5521418b843,True,8.0,8.0,2.9799999999999964,-2.6737967914438503
25a60f0b59f103ebf782a31f94bb569d897a652a0bc1bd95c5cdc5521418b843,True,9.0,7.0,2.68,-2.6737967914438503
18e38dc4225a11e2a43c1a7abd32ddeea5ac0a0bcf35f6f5854fbf708e98f5ca,False,6.0,2.0,2.3200000000000003,-1.0695187165775402
25a60f0b59f103ebf782a31f94bb569d897a652a0bc1bd95c5cdc5521418b843,True,7.0,9.0,3.0,-2.6737967914438503
25a60f0b59f103ebf782a31f94bb569d897a652a0bc1bd95c5cdc5521418b843,True,10.0,6.0,1.259999999999998,-2.6737967914438503
25a60f0b59f103ebf782a31f94bb569d897a652a0bc1bd95c5cdc5521418b843,True,8.0,8.0,1.0799999999999983,-2.6737967914438503
25a60f0b59f103ebf782a31f94bb569d897a652a0bc1bd95c5cdc5521418b843,True,7.0,9.0,1.5200000000000031,-2.6737967914438503
25a60f0b59f103ebf782a31f94bb569d897a652a0bc1bd95c5cdc5521418b843,True,8.0,8.0,3.299999999999997,-2.6737967914438503
25a60f0b59f103ebf782a31f94bb569d897a652a0bc1bd95c5cdc5521418b843,True,10.0,6.0,1.259999999999998,-2.6737967914438503
25a60f0b59f103ebf782a31f94bb569d897a652a0bc1bd95c5cdc5521418b843,True,9.0,7.0,0.5799999999999983,-2.6737967914438503
2a688dce9ee3f6910a66c8306e45a673347e6c2da97ca4f612e37eadc34f421f,False,6.0,5.0,2.68,-0.8912655971479501
f6856a3437439e58b35ad8fedba5c2f1cabd89bb5550dc0db11d0fd01247215d,False,7.0,1.0,1.2999999999999972,-1.7825311942959001
25a60f0b59f103ebf782a31f94bb569d897a652a0bc1bd95c5cdc5521418b843,True,8.0,8.0,1.6000000000000014,-2.6737967914438503
25a60f0b59f103ebf782a31f94bb569d897a652a0bc1bd95c5cdc5521418b843,True,10.0,6.0,2.5,-2.6737967914438503
25a60f0b59f103ebf782a31f94bb569d897a652a0bc1bd95c5cdc5521418b843,True,13.0,3.0,0.5,-2.6737967914438503
25a60f0b59f103ebf782a31f94bb569d897a652a0bc1bd95c5cdc5521418b843,True,14.0,2.0,-1.9200000000000017,-2.6737967914438503
2a688dce9ee3f6910a66c8306e45a673347e6c2da97ca4f612e37eadc34f421f,False,8.0,3.0,0.4200000000000017,-0.8912655971479501
18e38dc4225a11e2a43c1a7abd32ddeea5ac0a0bcf35f6f5854fbf708e98f5ca,False,10.0,-2.0,-0.28000000000000114,-1.0695187165775402
25a60f0b59f103ebf782a31f94bb569d897a652a0bc1bd95c5cdc5521418b843,True,14.0,2.0,-1.5600000000000023,-2.6737967914438503
2a688dce9ee3f6910a66c8306e45a673347e6c2da97ca4f612e37eadc34f421f,False,8.0,3.0,0.8200000000000003,-0.8912655971479501
18e38dc4225a11e2a43c1a7abd32ddeea5ac0a0bcf35f6f5854fbf708e98f5ca,False,8.0,0.0,1.1400000000000006,-1.0695187165775402
76fd1e2470419b464aa575afb0710800da330763a86d4deb65102df4412cfb61,False,5.0,4.0,2.3800000000000026,-0.7130124777183601
25a60f0b59f103ebf782a31f94bb569d897a652a0bc1bd95c5cdc5521418b843,True,13.0,3.0,-1.5600000000000023,-2.6737967914438503
25a60f0b59f103ebf782a31f94bb569d897a652a0bc1bd95c5cdc5521418b843,True,12.0,4.0,2.219999999999999,-2.6737967914438503
9b314dbaab24207ccb63b6994337f27fd505f1c0ef868166102def484737fe46,False,4.0,3.0,3.4399999999999977,-0.17825311942959002
25a60f0b59f103ebf782a31f94bb569d897a652a0bc1bd95c5cdc5521418b843,True,10.0,6.0,0.5600000000000023,-2.6737967914438503
25a60f0b59f103ebf782a31f94bb569d897a652a0bc1bd95c5cdc5521418b843,True,11.0,5.0,-0.9799999999999969,-2.6737967914438503
25a60f0b59f103ebf782a31f94bb569d897a652a0bc1bd95c5cdc5521418b843,True,7.0,9.0,2.520000000000003,-2.6737967914438503
25a60f0b59f103ebf782a31f94bb569d897a652a0bc1bd95c5cdc5521418b843,True,9.0,7.0,2.039999999999999,-2.6737967914438503
25a60f0b59f103ebf782a31f94bb569d897a652a0bc1bd95c5cdc5521418b843,True,7.0,9.0,0.9799999999999969,-2.6737967914438503
76fd1e2470419b464aa575afb0710800da330763a86d4deb65102df4412cfb61,False,6.0,3.0,2.880000000000002,-0.7130124777183601
25a60f0b59f103ebf782a31f94bb569d897a652a0bc1bd95c5cdc5521418b843,True,9.0,7.0,2.0,-2.6737967914438503
2a688dce9ee3f6910a66c8306e45a673347e6c2da97ca4f612e37eadc34f421f,False,10.0,1.0,0.5600000000000023,-0.8912655971479501
b93b3e639207b61066839c0c4c5d4b187f3648ac0893403e393788147d3cf641,False,12.0,-5.0,-0.3200000000000003,-0.5347593582887701
18e38dc4225a11e2a43c1a7abd32ddeea5ac0a0bcf35f6f5854fbf708e98f5ca,False,8.0,0.0,1.1799999999999997,-1.0695187165775402
25a60f0b59f103ebf782a31f94bb569d897a652a0bc1bd95c5cdc5521418b843,True,7.0,9.0,1.9200000000000017,-2.6737967914438503
76fd1e2470419b464aa575afb0710800da330763a86d4deb65102df4412cfb61,False,10.0,-1.0,-0.5600000000000023,-0.7130124777183601
76fd1e2470419b464aa575afb0710800da330763a86d4deb65102df4412cfb61,False,8.0,1.0,1.6199999999999974,-0.7130124777183601
2a688dce9ee3f6910a66c8306e45a673347e6c2da97ca4f612e37eadc34f421f,False,11.0,0.0,-0.8999999999999986,-0.8912655971479501
25a60f0b59f103ebf782a31f94bb569d897a652a0bc1bd95c5cdc5521418b843,True,6.0,10.0,2.4200000000000017,-2.6737967914438503
25a60f0b59f103ebf782a31f94bb569d897a652a0bc1bd95c5cdc5521418b843,True,8.0,8.0,1.3200000000000003,-2.6737967914438503
25a60f0b59f103ebf782a31f94bb569d897a652a0bc1bd95c5cdc5521418b843,True,12.0,4.0,-0.020000000000003126,-2.6737967914438503
25a60f0b59f103ebf782a31f94bb569d897a652a0bc1bd95c5cdc5521418b843,True,7.0,9.0,2.3800000000000026,-2.6737967914438503
25a60f0b59f103ebf782a31f94bb569d897a652a0bc1bd95c5cdc5521418b843,True,8.0,8.0,1.2000000000000028,-2.6737967914438503
b93b3e639207b61066839c0c4c5d4b187f3648ac0893403e393788147d3cf641,False,6.0,1.0,1.7999999999999972,-0.5347593582887701
25a60f0b59f103ebf782a31f94bb569d897a652a0bc1bd95c5cdc5521418b843,True,10.0,6.0,2.240000000000002,-2.6737967914438503
2a688dce9ee3f6910a66c8306e45a673347e6c2da97ca4f612e37eadc34f421f,False,11.0,0.0,0.21999999999999886,-0.8912655971479501
2a688dce9ee3f6910a66c8306e45a673347e6c2da97ca4f612e37eadc34f421f,False,7.0,4.0,2.82,-0.8912655971479501
25a60f0b59f103ebf782a31f94bb569d897a652a0bc1bd95c5cdc5521418b843,True,10.0,6.0,2.0,-2.6737967914438503
18e38dc4225a11e2a43c1a7abd32ddeea5ac0a0bcf35f6f5854fbf708e98f5ca,False,8.0,0.0,3.1400000000000006,-1.0695187165775402
25a60f0b59f103ebf782a31f94bb569d897a652a0bc1bd95c5cdc5521418b843,True,6.0,10.0,3.1599999999999966,-2.6737967914438503
25a60f0b59f103ebf782a31f94bb569d897a652a0bc1bd95c5cdc5521418b843,True,7.0,9.0,1.9399999999999977,-2.6737967914438503
25a60f0b59f103ebf782a31f94bb569d897a652a0bc1bd95c5cdc5521418b843,True,10.0,6.0,1.5,-2.6737967914438503
2a688dce9ee3f6910a66c8306e45a673347e6c2da97ca4f612e37eadc34f421f,False,8.0,3.0,-0.29999999999999716,-0.8912655971479501
25a60f0b59f103ebf782a31f94bb569d897a652a0bc1bd95c5cdc5521418b843,True,9.0,7.0,1.6400000000000006,-2.6737967914438503
f6856a3437439e58b35ad8fedba5c2f1cabd89bb5550dc0db11d0fd01247215d,False,7.0,1.0,0.29999999999999716,-1.7825311942959001
25a60f0b59f103ebf782a31f94bb569d897a652a0bc1bd95c5cdc5521418b843,True,8.0,8.0,0.7199999999999989,-2.6737967914438503
25a60f0b59f103ebf782a31f94bb569d897a652a0bc1bd95c5cdc5521418b843,True,9.0,7.0,0.0799999999999983,-2.6737967914438503
ab90b43f348253a578dcb95935f52c00eb11253a5d50f45fb540cf45626d0620,False,9.0,-1.0,-1.3200000000000003,-0.7130124777183601
2a688dce9ee3f6910a66c8306e45a673347e6c2da97ca4f612e37eadc34f421f,False,6.0,5.0,1.740000000000002,-0.8912655971479501
18e38dc4225a11e2a43c1a7abd32ddeea5ac0a0bcf35f6f5854fbf708e98f5ca,False,11.0,-3.0,-1.6000000000000014,-1.0695187165775402
25a60f0b59f103ebf782a31f94bb569d897a652a0bc1bd95c5cdc5521418b843,True,9.0,7.0,0.5799999999999983,-2.6737967914438503
2a688dce9ee3f6910a66c8306e45a673347e6c2da97ca4f612e37eadc34f421f,False,5.0,6.0,2.240000000000002,-0.8912655971479501
25a60f0b59f103ebf782a31f94bb569d897a652a0bc1bd95c5cdc5521418b843,True,11.0,5.0,0.03999999999999915,-2.6737967914438503
25a60f0b59f103ebf782a31f94bb569d897a652a0bc1bd95c5cdc5521418b843,True,9.0,7.0,2.1000000000000014,-2.6737967914438503
25a60f0b59f103ebf782a31f94bb569d897a652a0bc1bd95c5cdc5521418b843,True,7.0,9.0,2.6400000000000006,-2.6737967914438503
25a60f0b59f103ebf782a31f94bb569d897a652a0bc1bd95c5cdc5521418b843,True,8.0,8.0,1.4200000000000017,-2.6737967914438503
25a60f0b59f103ebf782a31f94bb569d897a652a0bc1bd95c5cdc5521418b843,True,10.0,6.0,1.5399999999999991,-2.6737967914438503
76fd1e2470419b464aa575afb0710800da330763a86d4deb65102df4412cfb61,False,7.0,2.0,2.219999999999999,-0.7130124777183601
f6856a3437439e58b35ad8fedba5c2f1cabd89bb5550dc0db11d0fd01247215d,False,6.0,2.0,1.9600000000000009,-1.7825311942959001
25a60f0b59f103ebf782a31f94bb569d897a652a0bc1bd95c5cdc5521418b843,True,10.0,6.0,1.6000000000000014,-2.6737967914438503
25a60f0b59f103ebf782a31f94bb569d897a652a0bc1bd95c5cdc5521418b843,True,10.0,6.0,2.520000000000003,-2.6737967914438503
25a60f0b59f103ebf782a31f94bb569d897a652a0bc1bd95c5cdc5521418b843,True,9.0,7.0,0.8599999999999994,-2.6737967914438503
25a60f0b59f103ebf782a31f94bb569d897a652a0bc1bd95c5cdc5521418b843,True,8.0,8.0,0.7999999999999972,-2.6737967914438503
25a60f0b59f103ebf782a31f94bb569d897a652a0bc1bd95c5cdc5521418b843,True,10.0,6.0,1.3400000000000034,-2.6737967914438503
25a60f0b59f103ebf782a31f94bb569d897a652a0bc1bd95c5cdc5521418b843,True,9.0,7.0,3.18,-2.6737967914438503
25a60f0b59f103ebf782a31f94bb569d897a652a0bc1bd95c5cdc5521418b843,True,6.0,10.0,3.6599999999999966,-2.6737967914438503
25a60f0b59f103ebf782a31f94bb569d897a652a0bc1bd95c5cdc5521418b843,True,5.0,11.0,3.0799999999999983,-2.6737967914438503
25a60f0b59f103ebf782a31f94bb569d897a652a0bc1bd95c5cdc5521418b843,True,12.0,4.0,-1.1199999999999974,-2.6737967914438503
25a60f0b59f103ebf782a31f94bb569d897a652a0bc1bd95c5cdc5521418b843,True,8.0,8.0,2.6400000000000006,-2.6737967914438503
25a60f0b59f103ebf782a31f94bb569d897a652a0bc1bd95c5cdc5521418b843,True,5.0,11.0,1.4799999999999969,-2.6737967914438503
25a60f0b59f103ebf782a31f94bb569d897a652a0bc1bd95c5cdc5521418b843,True,8.0,8.0,3.799999999999997,-2.6737967914438503
25a60f0b59f103ebf782a31f94bb569d897a652a0bc1bd95c5cdc5521418b843,True,10.0,6.0,1.0600000000000023,-2.6737967914438503
25a60f0b59f103ebf782a31f94bb569d897a652a0bc1bd95c5cdc5521418b843,True,8.0,8.0,1.5600000000000023,-2.6737967914438503
18e38dc4225a11e2a43c1a7abd32ddeea5ac0a0bcf35f6f5854fbf708e98f5ca,False,8.0,0.0,-0.10000000000000142,-1.0695187165775402
25a60f0b59f103ebf782a31f94bb569d897a652a0bc1bd95c5cdc5521418b843,True,8.0,8.0,2.0799999999999983,-2.6737967914438503
76fd1e2470419b464aa575afb0710800da330763a86d4deb65102df4412cfb61,False,4.0,5.0,2.3599999999999994,-0.7130124777183601
25a60f0b59f103ebf782a31f94bb569d897a652a0bc1bd95c5cdc5521418b843,True,9.0,7.0,1.5799999999999983,-2.6737967914438503
25a60f0b59f103ebf782a31f94bb569d897a652a0bc1bd95c5cdc5521418b843,True,13.0,3.0,-1.0200000000000031,-2.6737967914438503
25a60f0b59f103ebf782a31f94bb569d897a652a0bc1bd95c5cdc5521418b843,True,7.0,9.0,1.3599999999999994,-2.6737967914438503
ab90b43f348253a578dcb95935f52c00eb11253a5d50f45fb540cf45626d0620,False,11.0,-3.0,0.6199999999999974,-0.7130124777183601
25a60f0b59f103ebf782a31f94bb569d897a652a0bc1bd95c5cdc5521418b843,True,10.0,6.0,1.0799999999999983,-2.6737967914438503
25a60f0b59f103ebf782a31f94bb569d897a652a0bc1bd95c5cdc5521418b843,True,9.0,7.0,1.6199999999999974,-2.6737967914438503
25a60f0b59f103ebf782a31f94bb569d897a652a0bc1bd95c5cdc5521418b843,True,7.0,9.0,3.1599999999999966,-2.6737967914438503
f6856a3437439e58b35ad8fedba5c2f1cabd89bb5550dc0db11d0fd01247215d,False,11.0,-3.0,0.38000000000000256,-1.7825311942959001
25a60f0b59f103ebf782a31f94bb569d897a652a0bc1bd95c5cdc5521418b843,True,11.0,5.0,1.0200000000000031,-2.6737967914438503
25a60f0b59f103ebf782a31f94bb569d897a652a0bc1bd95c5cdc5521418b843,True,7.0,9.0,3.18,-2.6737967914438503
25a60f0b59f103ebf782a31f94bb569d897a652a0bc1bd95c5cdc5521418b843,True,9.0,7.0,1.759999999999998,-2.6737967914438503
25a60f0b59f103ebf782a31f94bb569d897a652a0bc1bd95c5cdc5521418b843,True,7.0,9.0,1.7000000000000028,-2.6737967914438503
25a60f0b59f103ebf782a31f94bb569d897a652a0bc1bd95c5cdc5521418b843,True,6.0,10.0,3.219999999999999,-2.6737967914438503
25a60f0b59f103ebf782a31f94bb569d897a652a0bc1bd95c5cdc5521418b843,True,9.0,7.0,1.9200000000000017,-2.6737967914438503
25a60f0b59f103ebf782a31f94bb569d897a652a0bc1bd95c5cdc5521418b843,True,8.0,8.0,2.0,-2.6737967914438503
25a60f0b59f103ebf782a31f94bb569d897a652a0bc1bd95c5cdc5521418b843,True,9.0,7.0,1.0799999999999983,-2.6737967914438503
18e38dc4225a11e2a43c1a7abd32ddeea5ac0a0bcf35f6f5854fbf708e98f5ca,False,9.0,-1.0,0.6599999999999966,-1.0695187165775402
25a60f0b59f103ebf782a31f94bb569d897a652a0bc1bd95c5cdc5521418b843,True,9.0,7.0,3.3599999999999994,-2.6737967914438503
25a60f0b59f103ebf782a31f94bb569d897a652a0bc1bd95c5cdc5521418b843,True,16.0,0.0,-3.5399999999999987,-2.6737967914438503
25a60f0b59f103ebf782a31f94bb569d897a652a0bc1bd95c5cdc5521418b843,True,11.0,5.0,-0.5200000000000031,-2.6737967914438503
18e38dc4225a11e2a43c1a7abd32ddeea5ac0a0bcf35f6f5854fbf708e98f5ca,False,7.0,1.0,0.6400000000000006,-1.0695187165775402
25a60f0b59f103ebf782a31f94bb569d897a652a0bc1bd95c5cdc5521418b843,True,10.0,6.0,1.1400000000000006,-2.6737967914438503
f6856a3437439e58b35ad8fedba5c2f1cabd89bb5550dc0db11d0fd01247215d,False,5.0,3.0,2.4200000000000017,-1.7825311942959001
2a688dce9ee3f6910a66c8306e45a673347e6c2da97ca4f612e37eadc34f421f,False,7.0,4.0,2.1000000000000014,-0.8912655971479501
25a60f0b59f103ebf782a31f94bb569d897a652a0bc1bd95c5cdc5521418b843,True,9.0,7.0,0.020000000000003126,-2.6737967914438503
25a60f0b59f103ebf782a31f94bb569d897a652a0bc1bd95c5cdc5521418b843,True,10.0,6.0,-0.3400000000000034,-2.6737967914438503
25a60f0b59f103ebf782a31f94bb569d897a652a0bc1bd95c5cdc5521418b843,True,10.0,6.0,-0.9399999999999977,-2.6737967914438503
25a60f0b59f103ebf782a31f94bb569d897a652a0bc1bd95c5cdc5521418b843,True,10.0,6.0,1.4600000000000009,-2.6737967914438503
25a60f0b59f103ebf782a31f94bb569d897a652a0bc1bd95c5cdc5521418b843,True,7.0,9.0,1.4399999999999977,-2.6737967914438503
2a688dce9ee3f6910a66c8306e45a673347e6c2da97ca4f612e37eadc34f421f,False,9.0,2.0,0.7199999999999989,-0.8912655971479501
25a60f0b59f103ebf782a31f94bb569d897a652a0bc1bd95c5cdc5521418b843,True,9.0,7.0,1.1400000000000006,-2.6737967914438503
25a60f0b59f103ebf782a31f94bb569d897a652a0bc1bd95c5cdc5521418b843,True,7.0,9.0,1.6799999999999997,-2.6737967914438503
25a60f0b59f103ebf782a31f94bb569d897a652a0bc1bd95c5cdc5521418b843,True,8.0,8.0,1.8400000000000034,-2.6737967914438503
25a60f0b59f103ebf782a31f94bb569d897a652a0bc1bd95c5cdc5521418b843,True,10.0,6.0,1.4399999999999977,-2.6737967914438503
76fd1e2470419b464aa575afb0710800da330763a86d4deb65102df4412cfb61,False,8.0,1.0,0.10000000000000142,-0.7130124777183601
25a60f0b59f103ebf782a31f94bb569d897a652a0bc1bd95c5cdc5521418b843,True,7.0,9.0,3.100000000000001,-2.6737967914438503
25a60f0b59f103ebf782a31f94bb569d897a652a0bc1bd95c5cdc5521418b843,True,12.0,4.0,1.6199999999999974,-2.6737967914438503
18e38dc4225a11e2a43c1a7abd32ddeea5ac0a0bcf35f6f5854fbf708e98f5ca,False,11.0,-3.0,-0.9799999999999969,-1.0695187165775402
18e38dc4225a11e2a43c1a7abd32ddeea5ac0a0bcf35f6f5854fbf708e98f5ca,False,9.0,-1.0,0.28000000000000114,-1.0695187165775402
25a60f0b59f103ebf782a31f94bb569d897a652a0bc1bd95c5cdc5521418b843,True,8.0,8.0,1.5,-2.6737967914438503
25a60f0b59f103ebf782a31f94bb569d897a652a0bc1bd95c5cdc5521418b843,True,13.0,3.0,-0.020000000000003126,-2.6737967914438503
2a688dce9ee3f6910a66c8306e45a673347e6c2da97ca4f612e37eadc34f421f,False,3.0,8.0,3.7599999999999976,-0.8912655971479501
97b28df35b811f0a5dba92060bfa9d60f1cc23fb3123298c2b14a461bea2df00,False,9.0,-4.0,-0.5799999999999983,1.0695187165775402
25a60f0b59f103ebf782a31f94bb569d897a652a0bc1bd95c5cdc5521418b843,True,9.0,7.0,0.020000000000003126,-2.6737967914438503
25a60f0b59f103ebf782a31f94bb569d897a652a0bc1bd95c5cdc5521418b843,True,9.0,7.0,-0.240000000000002,-2.6737967914438503
76fd1e2470419b464aa575afb0710800da330763a86d4deb65102df4412cfb61,False,9.0,0.0,1.759999999999998,-0.7130124777183601
2a688dce9ee3f6910a66c8306e45a673347e6c2da97ca4f612e37eadc34f421f,False,5.0,6.0,3.0600000000000023,-0.8912655971479501
2a688dce9ee3f6910a66c8306e45a673347e6c2da97ca4f612e37eadc34f421f,False,5.0,6.0,2.039999999999999,-0.8912655971479501
25a60f0b59f103ebf782a31f94bb569d897a652a0bc1bd95c5cdc5521418b843,True,10.0,6.0,1.7800000000000011,-2.6737967914438503
25a60f0b59f103ebf782a31f94bb569d897a652a0bc1bd95c5cdc5521418b843,True,8.0,8.0,2.5,-2.6737967914438503
25a60f0b59f103ebf782a31f94bb569d897a652a0bc1bd95c5cdc5521418b843,True,5.0,11.0,3.4799999999999964,-2.6737967914438503
2a688dce9ee3f6910a66c8306e45a673347e6c2da97ca4f612e37eadc34f421f,False,6.0,5.0,0.8800000000000026,-0.8912655971479501
76fd1e2470419b464aa575afb0710800da330763a86d4deb65102df4412cfb61,False,7.0,2.0,2.1599999999999966,-0.7130124777183601
25a60f0b59f103ebf782a31f94bb569d897a652a0bc1bd95c5cdc5521418b843,True,10.0,6.0,1.259999999999998,-2.6737967914438503
76fd1e2470419b464aa575afb0710800da330763a86d4deb65102df4412cfb61,False,8.0,1.0,1.9200000000000017,-0.7130124777183601
25a60f0b59f103ebf782a31f94bb569d897a652a0bc1bd95c5cdc5521418b843,True,8.0,8.0,2.880000000000002,-2.6737967914438503
25a60f0b59f103ebf782a31f94bb569d897a652a0bc1bd95c5cdc5521418b843,True,13.0,3.0,-0.9600000000000009,-2.6737967914438503
2a688dce9ee3f6910a66c8306e45a673347e6c2da97ca4f612e37eadc34f421f,False,10.0,1.0,0.20000000000000284,-0.8912655971479501
25a60f0b59f103ebf782a31f94bb569d897a652a0bc1bd95c5cdc5521418b843,True,9.0,7.0,0.5399999999999991,-2.6737967914438503
25a60f0b59f103ebf782a31f94bb569d897a652a0bc1bd95c5cdc5521418b843,True,10.0,6.0,0.17999999999999972,-2.6737967914438503
2a688dce9ee3f6910a66c8306e45a673347e6c2da97ca4f612e37eadc34f421f,False,9.0,2.0,0.6599999999999966,-0.8912655971479501
9b314dbaab24207ccb63b6994337f27fd505f1c0ef868166102def484737fe46,False,7.0,0.0,0.38000000000000256,-0.17825311942959002
76fd1e2470419b464aa575afb0710800da330763a86d4deb65102df4412cfb61,False,10.0,-1.0,-1.8200000000000003,-0.7130124777183601
25a60f0b59f103ebf782a31f94bb569d897a652a0bc1bd95c5cdc5521418b843,True,11.0,5.0,0.6000000000000014,-2.6737967914438503
25a60f0b59f103ebf782a31f94bb569d897a652a0bc1bd95c5cdc5521418b843,True,5.0,11.0,3.3400000000000034,-2.6737967914438503
76fd1e2470419b464aa575afb0710800da330763a86d4deb65102df4412cfb61,False,7.0,2.0,1.7999999999999972,-0.7130124777183601
25a60f0b59f103ebf782a31f94bb569d897a652a0bc1bd95c5cdc5521418b843,True,5.0,11.0,1.9200000000000017,-2.6737967914438503
25a60f0b59f103ebf782a31f94bb569d897a652a0bc1bd95c5cdc5521418b843,True,8.0,8.0,1.0399999999999991,-2.6737967914438503
f6856a3437439e58b35ad8fedba5c2f1cabd89bb5550dc0db11d0fd01247215d,False,8.0,0.0,0.259999999999998,-1.7825311942959001
25a60f0b59f103ebf782a31f94bb569d897a652a0bc1bd95c5cdc5521418b843,True,9.0,7.0,0.8400000000000034,-2.6737967914438503
25a60f0b59f103ebf782a31f94bb569d897a652a0bc1bd95c5cdc5521418b843,True,10.0,6.0,2.299999999999997,-2.6737967914438503
25a60f0b59f103ebf782a31f94bb569d897a652a0bc1bd95c5cdc5521418b843,True,11.0,5.0,1.0399999999999991,-2.6737967914438503
25a60f0b59f103ebf782a31f94bb569d897a652a0bc1bd95c5cdc5521418b843,True,8.0,8.0,1.5,-2.6737967914438503
25a60f0b59f103ebf782a31f94bb569d897a652a0bc1bd95c5cdc5521418b843,True,8.0,8.0,-0.14000000000000057,-2.6737967914438503
25a60f0b59f103ebf782a31f94bb569d897a652a0bc1bd95c5cdc5521418b843,True,12.0,4.0,0.8999999999999986,-2.6737967914438503
25a60f0b59f103ebf782a31f94bb569d897a652a0bc1bd95c5cdc5521418b843,True,8.0,8.0,0.6599999999999966,-2.6737967914438503
25a60f0b59f103ebf782a31f94bb569d897a652a0bc1bd95c5cdc5521418b843,True,6.0,10.0,2.3400000000000034,-2.6737967914438503
2a688dce9ee3f6910a66c8306e45a673347e6c2da97ca4f612e37eadc34f421f,False,8.0,3.0,2.9799999999999964,-0.8912655971479501
25a60f0b59f103ebf782a31f94bb569d897a652a0bc1bd95c5cdc5521418b843,True,9.0,7.0,1.1199999999999974,-2.6737967914438503
76fd1e2470419b464aa575afb0710800da330763a86d4deb65102df4412cfb61,False,5.0,4.0,1.0399999999999991,-0.7130124777183601
b93b3e639207b61066839c0c4c5d4b187f3648ac0893403e393788147d3cf641,False,6.0,1.0,2.259999999999998,-0.5347593582887701
25a60f0b59f103ebf782a31f94bb569d897a652a0bc1bd95c5cdc5521418b843,True,8.0,8.0,2.9799999999999964,-2.6737967914438503
2a688dce9ee3f6910a66c8306e45a673347e6c2da97ca4f612e37eadc34f421f,False,6.0,5.0,1.1000000000000014,-0.8912655971479501
76fd1e2470419b464aa575afb0710800da330763a86d4deb65102df4412cfb61,False,9.0,0.0,1.0200000000000031,-0.7130124777183601
2a688dce9ee3f6910a66c8306e45a673347e6c2da97ca4f612e37eadc34f421f,False,11.0,0.0,0.020000000000003126,-0.8912655971479501
2a688dce9ee3f6910a66c8306e45a673347e6c2da97ca4f612e37eadc34f421f,False,6.0,5.0,1.6400000000000006,-0.8912655971479501
25a60f0b59f103ebf782a31f94bb569d897a652a0bc1bd95c5cdc5521418b843,True,10.0,6.0,1.6199999999999974,-2.6737967914438503
25a60f0b59f103ebf782a31f94bb569d897a652a0bc1bd95c5cdc5521418b843,True,11.0,5.0,0.9799999999999969,-2.6737967914438503
25a60f0b59f103ebf782a31f94bb569d897a652a0bc1bd95c5cdc5521418b843,True,10.0,6.0,1.8400000000000034,-2.6737967914438503
25a60f0b59f103ebf782a31f94bb569d897a652a0bc1bd95c5cdc5521418b843,True,6.0,10.0,1.0600000000000023,-2.6737967914438503
25a60f0b59f103ebf782a31f94bb569d897a652a0bc1bd95c5cdc5521418b843,True,7.0,9.0,3.18,-2.6737967914438503
b93b3e639207b61066839c0c4c5d4b187f3648ac0893403e393788147d3cf641,False,6.0,1.0,3.0799999999999983,-0.5347593582887701
18e38dc4225a11e2a43c1a7abd32ddeea5ac0a0bcf35f6f5854fbf708e98f5ca,False,6.0,2.0,0.9399999999999977,-1.0695187165775402
25a60f0b59f103ebf782a31f94bb569d897a652a0bc1bd95c5cdc5521418b843,True,7.0,9.0,2.1599999999999966,-2.6737967914438503
25a60f0b59f103ebf782a31f94bb569d897a652a0bc1bd95c5cdc5521418b843,True,8.0,8.0,0.9600000000000009,-2.6737967914438503
25a60f0b59f103ebf782a31f94bb569d897a652a0bc1bd95c5cdc5521418b843,True,15.0,1.0,-0.8400000000000034,-2.6737967914438503
25a60f0b59f103ebf782a31f94bb569d897a652a0bc1bd95c5cdc5521418b843,True,11.0,5.0,-0.6199999999999974,-2.6737967914438503
2a688dce9ee3f6910a66c8306e45a673347e6c2da97ca4f612e37eadc34f421f,False,8.0,3.0,0.6400000000000006,-0.8912655971479501
f6856a3437439e58b35ad8fedba5c2f1cabd89bb5550dc0db11d0fd01247215d,False,9.0,-1.0,1.259999999999998,-1.7825311942959001
25a60f0b59f103ebf782a31f94bb569d897a652a0bc1bd95c5cdc5521418b843,True,10.0,6.0,1.4799999999999969,-2.6737967914438503
25a60f0b59f103ebf782a31f94bb569d897a652a0bc1bd95c5cdc5521418b843,True,9.0,7.0,1.9200000000000017,-2.6737967914438503
25a60f0b59f103ebf782a31f94bb569d897a652a0bc1bd95c5cdc5521418b843,True,6.0,10.0,1.3599999999999994,-2.6737967914438503
25a60f0b59f103ebf782a31f94bb569d897a652a0bc1bd95c5cdc5521418b843,True,6.0,10.0,2.4200000000000017,-2.6737967914438503
25a60f0b59f103ebf782a31f94bb569d897a652a0bc1bd95c5cdc5521418b843,True,7.0,9.0,3.6400000000000006,-2.6737967914438503
25a60f0b59f103ebf782a31f94bb569d897a652a0bc1bd95c5cdc5521418b843,True,13.0,3.0,-0.03999999999999915,-2.6737967914438503
25a60f0b59f103ebf782a31f94bb569d897a652a0bc1bd95c5cdc5521418b843,True,8.0,8.0,1.3599999999999994,-2.6737967914438503
b93b3e639207b61066839c0c4c5d4b187f3648ac0893403e393788147d3cf641,False,9.0,-2.0,0.5399999999999991,-0.5347593582887701
25a60f0b59f103ebf782a31f94bb569d897a652a0bc1bd95c5cdc5521418b843,True,9.0,7.0,1.6400000000000006,-2.6737967914438503
25a60f0b59f103ebf782a31f94bb569d897a652a0bc1bd95c5cdc5521418b843,True,13.0,3.0,-1.0399999999999991,-2.6737967914438503
18e38dc4225a11e2a43c1a7abd32ddeea5ac0a0bcf35f6f5854fbf708e98f5ca,False,6.0,2.0,2.3800000000000026,-1.0695187165775402
2a688dce9ee3f6910a66c8306e45a673347e6c2da97ca4f612e37eadc34f421f,False,7.0,4.0,0.5200000000000031,-0.8912655971479501
25a60f0b59f103ebf782a31f94bb569d897a652a0bc1bd95c5cdc5521418b843,True,7.0,9.0,3.380000000000002,-2.6737967914438503
25a60f0b59f103ebf782a31f94bb569d897a652a0bc1bd95c5cdc5521418b843,True,11.0,5.0,0.6599999999999966,-2.6737967914438503
25a60f0b59f103ebf782a31f94bb569d897a652a0bc1bd95c5cdc5521418b843,True,7.0,9.0,2.460000000000001,-2.6737967914438503
25a60f0b59f103ebf782a31f94bb569d897a652a0bc1bd95c5cdc5521418b843,True,8.0,8.0,1.3200000000000003,-2.6737967914438503
25a60f0b59f103ebf782a31f94bb569d897a652a0bc1bd95c5cdc5521418b843,True,11.0,5.0,1.7999999999999972,-2.6737967914438503
18e38dc4225a11e2a43c1a7abd32ddeea5ac0a0bcf35f6f5854fbf708e98f5ca,False,9.0,-1.0,0.3999999999999986,-1.0695187165775402
18e38dc4225a11e2a43c1a7abd32ddeea5ac0a0bcf35f6f5854fbf708e98f5ca,False,10.0,-2.0,0.7000000000000028,-1.0695187165775402
25a60f0b59f103ebf782a31f94bb569d897a652a0bc1bd95c5cdc5521418b843,True,5.0,11.0,4.259999999999998,-2.6737967914438503
25a60f0b59f103ebf782a31f94bb569d897a652a0bc1bd95c5cdc5521418b843,True,8.0,8.0,1.7800000000000011,-2.6737967914438503
76fd1e2470419b464aa575afb0710800da330763a86d4deb65102df4412cfb61,False,8.0,1.0,1.0799999999999983,-0.7130124777183601
76fd1e2470419b464aa575afb0710800da330763a86d4deb65102df4412cfb61,False,8.0,1.0,2.3800000000000026,-0.7130124777183601
76fd1e2470419b464aa575afb0710800da330763a86d4deb65102df4412cfb61,False,6.0,3.0,1.5200000000000031,-0.7130124777183601
25a60f0b59f103ebf782a31f94bb569d897a652a0bc1bd95c5cdc5521418b843,True,10.0,6.0,0.6199999999999974,-2.6737967914438503
a3243ce7707a2a3682e9edb42f661751af7593e49dee8391462be0e0e7feca5b,False,11.0,-7.0,-1.6799999999999997,0.0
18e38dc4225a11e2a43c1a7abd32ddeea5ac0a0bcf35f6f5854fbf708e98f5ca,False,7.0,1.0,0.7000000000000028,-1.0695187165775402
2a688dce9ee3f6910a66c8306e45a673347e6c2da97ca4f612e37eadc34f421f,False,11.0,0.0,1.5799999999999983,-0.8912655971479501
25a60f0b59f103ebf782a31f94bb569d897a652a0bc1bd95c5cdc5521418b843,True,13.0,3.0,-1.1000000000000014,-2.6737967914438503
25a60f0b59f103ebf782a31f94bb569d897a652a0bc1bd95c5cdc5521418b843,True,7.0,9.0,2.259999999999998,-2.6737967914438503
25a60f0b59f103ebf782a31f94bb569d897a652a0bc1bd95c5cdc5521418b843,True,9.0,7.0,0.8800000000000026,-2.6737967914438503
25a60f0b59f103ebf782a31f94bb569d897a652a0bc1bd95c5cdc5521418b843,True,8.0,8.0,1.7000000000000028,-2.6737967914438503
25a60f0b59f103ebf782a31f94bb569d897a652a0bc1bd95c5cdc5521418b843,True,8.0,8.0,3.200000000000003,-2.6737967914438503
25a60f0b59f103ebf782a31f94bb569d897a652a0bc1bd95c5cdc5521418b843,True,9.0,7.0,2.1199999999999974,-2.6737967914438503
25a60f0b59f103ebf782a31f94bb569d897a652a0bc1bd95c5cdc5521418b843,True,9.0,7.0,1.7199999999999989,-2.6737967914438503
25a60f0b59f103ebf782a31f94bb569d897a652a0bc1bd95c5cdc5521418b843,True,9.0,7.0,0.9600000000000009,-2.6737967914438503
76fd1e2470419b464aa575afb0710800da330763a86d4deb65102df4412cfb61,False,4.0,5.0,4.32,-0.7130124777183601
f6856a3437439e58b35ad8fedba5c2f1cabd89bb5550dc0db11d0fd01247215d,False,8.0,0.0,0.759999999999998,-1.7825311942959001
76fd1e2470419b464aa575afb0710800da330763a86d4deb65102df4412cfb61,False,6.0,3.0,2.5799999999999983,-0.7130124777183601
2a688dce9ee3f6910a66c8306e45a673347e6c2da97ca4f612e37eadc34f421f,False,9.0,2.0,0.9600000000000009,-0.8912655971479501
25a60f0b59f103ebf782a31f94bb569d897a652a0bc1bd95c5cdc5521418b843,True,12.0,4.0,0.060000000000002274,-2.6737967914438503
76fd1e2470419b464aa575afb0710800da330763a86d4deb65102df4412cfb61,False,7.0,2.0,1.759999999999998,-0.7130124777183601
25a60f0b59f103ebf782a31f94bb569d897a652a0bc1bd95c5cdc5521418b843,True,10.0,6.0,1.759999999999998,-2.6737967914438503
25a60f0b59f103ebf782a31f94bb569d897a652a0bc1bd95c5cdc5521418b843,True,8.0,8.0,2.3999999999999986,-2.6737967914438503
18e38dc4225a11e2a43c1a7abd32ddeea5ac0a0bcf35f6f5854fbf708e98f5ca,False,8.0,0.0,1.8999999999999986,-1.0695187165775402
25a60f0b59f103ebf782a31f94bb569d897a652a0bc1bd95c5cdc5521418b843,True,9.0,7.0,0.8200000000000003,-2.6737967914438503
25a60f0b59f103ebf782a31f94bb569d897a652a0bc1bd95c5cdc5521418b843,True,9.0,7.0,1.1000000000000014,-2.6737967914438503
25a60f0b59f103ebf782a31f94bb569d897a652a0bc1bd95c5cdc5521418b843,True,12.0,4.0,-0.17999999999999972,-2.6737967914438503
18e38dc4225a11e2a43c1a7abd32ddeea5ac0a0bcf35f6f5854fbf708e98f5ca,False,7.0,1.0,0.8800000000000026,-1.0695187165775402
2a688dce9ee3f6910a66c8306e45a673347e6c2da97ca4f612e37eadc34f421f,False,9.0,2.0,-1.1000000000000014,-0.8912655971479501
76fd1e2470419b464aa575afb0710800da330763a86d4deb65102df4412cfb61,False,7.0,2.0,1.2199999999999989,-0.7130124777183601
25a60f0b59f103ebf782a31f94bb569d897a652a0bc1bd95c5cdc5521418b843,True,7.0,9.0,2.8599999999999994,-2.6737967914438503
25a60f0b59f103ebf782a31f94bb569d897a652a0bc1bd95c5cdc5521418b843,True,5.0,11.0,3.799999999999997,-2.6737967914438503
2a688dce9ee3f6910a66c8306e45a673347e6c2da97ca4f612e37eadc34f421f,False,5.0,6.0,1.4799999999999969,-0.8912655971479501
25a60f0b59f103ebf782a31f94bb569d897a652a0bc1bd95c5cdc5521418b843,True,8.0,8.0,1.6000000000000014,-2.6737967914438503
25a60f0b59f103ebf782a31f94bb569d897a652a0bc1bd95c5cdc5521418b843,True,8.0,8.0,0.28000000000000114,-2.6737967914438503
25a60f0b59f103ebf782a31f94bb569d897a652a0bc1bd95c5cdc5521418b843,True,8.0,8.0,2.6400000000000006,-2.6737967914438503
18e38dc4225a11e2a43c1a7abd32ddeea5ac0a0bcf35f6f5854fbf708e98f5ca,False,8.0,0.0,0.259999999999998,-1.0695187165775402
25a60f0b59f103ebf782a31f94bb569d897a652a0bc1bd95c5cdc5521418b843,True,7.0,9.0,1.2999999999999972,-2.6737967914438503
25a60f0b59f103ebf782a31f94bb569d897a652a0bc1bd95c5cdc5521418b843,True,7.0,9.0,1.5,-2.6737967914438503
25a60f0b59f103ebf782a31f94bb569d897a652a0bc1bd95c5cdc5521418b843,True,11.0,5.0,0.7199999999999989,-2.6737967914438503
25a60f0b59f103ebf782a31f94bb569d897a652a0bc1bd95c5cdc5521418b843,True,12.0,4.0,-0.10000000000000142,-2.6737967914438503
25a60f0b59f103ebf782a31f94bb569d897a652a0bc1bd95c5cdc5521418b843,True,12.0,4.0,-0.8599999999999994,-2.6737967914438503
25a60f0b59f103ebf782a31f94bb569d897a652a0bc1bd95c5cdc5521418b843,True,10.0,6.0,-1.2800000000000011,-2.6737967914438503
25a60f0b59f103ebf782a31f94bb569d897a652a0bc1bd95c5cdc5521418b843,True,9.0,7.0,0.8599999999999994,-2.6737967914438503
25a60f0b59f103ebf782a31f94bb569d897a652a0bc1bd95c5cdc5521418b843,True,11.0,5.0,-0.38000000000000256,-2.6737967914438503
ab90b43f348253a578dcb95935f52c00eb11253a5d50f45fb540cf45626d0620,False,7.0,1.0,1.240000000000002,-0.7130124777183601
25a60f0b59f103ebf782a31f94bb569d897a652a0bc1bd95c5cdc5521418b843,True,7.0,9.0,2.8400000000000034,-2.6737967914438503
25a60f0b59f103ebf782a31f94bb569d897a652a0bc1bd95c5cdc5521418b843,True,10.0,6.0,0.10000000000000142,-2.6737967914438503
25a60f0b59f103ebf782a31f94bb569d897a652a0bc1bd95c5cdc5521418b843,True,9.0,7.0,2.539999999999999,-2.6737967914438503
25a60f0b59f103ebf782a31f94bb569d897a652a0bc1bd95c5cdc5521418b843,True,9.0,7.0,2.4399999999999977,-2.6737967914438503
25a60f0b59f103ebf782a31f94bb569d897a652a0bc1bd95c5cdc5521418b843,True,10.0,6.0,1.2999999999999972,-2.6737967914438503
18e38dc4225a11e2a43c1a7abd32ddeea5ac0a0bcf35f6f5854fbf708e98f5ca,False,4.0,4.0,3.1400000000000006,-1.0695187165775402
661a2f1f1c8be0f7325fe0b664192bfa46380843fe52b675bf11075e1c265699,False,6.0,-1.0,0.8200000000000003,-0.8912655971479501
25a60f0b59f103ebf782a31f94bb569d897a652a0bc1bd95c5cdc5521418b843,True,6.0,10.0,2.0799999999999983,-2.6737967914438503
f6856a3437439e58b35ad8fedba5c2f1cabd89bb5550dc0db11d0fd01247215d,False,7.0,1.0,0.6599999999999966,-1.7825311942959001
25a60f0b59f103ebf782a31f94bb569d897a652a0bc1bd95c5cdc5521418b843,True,8.0,8.0,0.6000000000000014,-2.6737967914438503
ab90b43f348253a578dcb95935f52c00eb11253a5d50f45fb540cf45626d0620,False,9.0,-1.0,-0.38000000000000256,-0.7130124777183601
25a60f0b59f103ebf782a31f94bb569d897a652a0bc1bd95c5cdc5521418b843,True,10.0,6.0,0.6199999999999974,-2.6737967914438503
25a60f0b59f103ebf782a31f94bb569d897a652a0bc1bd95c5cdc5521418b843,True,5.0,11.0,3.0799999999999983,-2.6737967914438503
25a60f0b59f103ebf782a31f94bb569d897a652a0bc1bd95c5cdc5521418b843,True,8.0,8.0,1.2800000000000011,-2.6737967914438503
f6856a3437439e58b35ad8fedba5c2f1cabd89bb5550dc0db11d0fd01247215d,False,8.0,0.0,0.8400000000000034,-1.7825311942959001
25a60f0b59f103ebf782a31f94bb569d897a652a0bc1bd95c5cdc5521418b843,True,8.0,8.0,2.1199999999999974,-2.6737967914438503
76fd1e2470419b464aa575afb0710800da330763a86d4deb65102df4412cfb61,False,6.0,3.0,3.2400000000000024,-0.7130124777183601
25a60f0b59f103ebf782a31f94bb569d897a652a0bc1bd95c5cdc5521418b843,True,8.0,8.0,1.1199999999999974,-2.6737967914438503
25a60f0b59f103ebf782a31f94bb569d897a652a0bc1bd95c5cdc5521418b843,True,6.0,10.0,1.1799999999999997,-2.6737967914438503
25a60f0b59f103ebf782a31f94bb569d897a652a0bc1bd95c5cdc5521418b843,True,7.0,9.0,1.740000000000002,-2.6737967914438503
6b6f91ba62efae00f09fbbdb547009f73ef44ff90923e257225aa6c928379dbe,False,6.0,0.0,1.9399999999999977,1.0695187165775402
25a60f0b59f103ebf782a31f94bb569d897a652a0bc1bd95c5cdc5521418b843,True,9.0,7.0,2.240000000000002,-2.6737967914438503
2a688dce9ee3f6910a66c8306e45a673347e6c2da97ca4f612e37eadc34f421f,False,5.0,6.0,2.479999999999997,-0.8912655971479501
2a688dce9ee3f6910a66c8306e45a673347e6c2da97ca4f612e37eadc34f421f,False,7.0,4.0,1.7800000000000011,-0.8912655971479501
25a60f0b59f103ebf782a31f94bb569d897a652a0bc1bd95c5cdc5521418b843,True,9.0,7.0,1.6199999999999974,-2.6737967914438503
25a60f0b59f103ebf782a31f94bb569d897a652a0bc1bd95c5cdc5521418b843,True,6.0,10.0,1.759999999999998,-2.6737967914438503
25a60f0b59f103ebf782a31f94bb569d897a652a0bc1bd95c5cdc5521418b843,True,10.0,6.0,0.9600000000000009,-2.6737967914438503
25a60f0b59f103ebf782a31f94bb569d897a652a0bc1bd95c5cdc5521418b843,True,10.0,6.0,0.9600000000000009,-2.6737967914438503
25a60f0b59f103ebf782a31f94bb569d897a652a0bc1bd95c5cdc5521418b843,True,5.0,11.0,2.700000000000003,-2.6737967914438503
25a60f0b59f103ebf782a31f94bb569d897a652a0bc1bd95c5cdc5521418b843,True,11.0,5.0,0.6599999999999966,-2.6737967914438503
76fd1e2470419b464aa575afb0710800da330763a86d4deb65102df4412cfb61,False,6.0,3.0,2.82,-0.7130124777183601
f6856a3437439e58b35ad8fedba5c2f1cabd89bb5550dc0db11d0fd01247215d,False,12.0,-4.0,-0.9600000000000009,-1.7825311942959001
25a60f0b59f103ebf782a31f94bb569d897a652a0bc1bd95c5cdc5521418b843,True,10.0,6.0,2.1400000000000006,-2.6737967914438503
18e38dc4225a11e2a43c1a7abd32ddeea5ac0a0bcf35f6f5854fbf708e98f5ca,False,8.0,0.0,0.7199999999999989,-1.0695187165775402
2a688dce9ee3f6910a66c8306e45a673347e6c2da97ca4f612e37eadc34f421f,False,10.0,1.0,-0.11999999999999744,-0.8912655971479501
25a60f0b59f103ebf782a31f94bb569d897a652a0bc1bd95c5cdc5521418b843,True,7.0,9.0,0.3999999999999986,-2.6737967914438503
25a60f0b59f103ebf782a31f94bb569d897a652a0bc1bd95c5cdc5521418b843,True,7.0,9.0,2.1000000000000014,-2.6737967914438503
25a60f0b59f103ebf782a31f94bb569d897a652a0bc1bd95c5cdc5521418b843,True,7.0,9.0,1.4200000000000017,-2.6737967914438503
76fd1e2470419b464aa575afb0710800da330763a86d4deb65102df4412cfb61,False,8.0,1.0,1.3999999999999986,-0.7130124777183601
2a688dce9ee3f6910a66c8306e45a673347e6c2da97ca4f612e37eadc34f421f,False,9.0,2.0,1.5200000000000031,-0.8912655971479501
25a60f0b59f103ebf782a31f94bb569d897a652a0bc1bd95c5cdc5521418b843,True,10.0,6.0,1.1799999999999997,-2.6737967914438503
25a60f0b59f103ebf782a31f94bb569d897a652a0bc1bd95c5cdc5521418b843,True,9.0,7.0,2.520000000000003,-2.6737967914438503
25a60f0b59f103ebf782a31f94bb569d897a652a0bc1bd95c5cdc5521418b843,True,10.0,6.0,1.3200000000000003,-2.6737967914438503
25a60f0b59f103ebf782a31f94bb569d897a652a0bc1bd95c5cdc5521418b843,True,7.0,9.0,2.8599999999999994,-2.6737967914438503
25a60f0b59f103ebf782a31f94bb569d897a652a0bc1bd95c5cdc5521418b843,True,8.0,8.0,1.5399999999999991,-2.6737967914438503
2a688dce9ee3f6910a66c8306e45a673347e6c2da97ca4f612e37eadc34f421f,False,9.0,2.0,0.4799999999999969,-0.8912655971479501
76fd1e2470419b464aa575afb0710800da330763a86d4deb65102df4412cfb61,False,5.0,4.0,2.460000000000001,-0.7130124777183601
25a60f0b59f103ebf782a31f94bb569d897a652a0bc1bd95c5cdc5521418b843,True,8.0,8.0,2.1400000000000006,-2.6737967914438503
adf172831755d5b68b20bd41481d7665e21425c51d614aae18c17d25d300847e,False,8.0,-5.0,1.2000000000000028,-0.8912655971479501
25a60f0b59f103ebf782a31f94bb569d897a652a0bc1bd95c5cdc5521418b843,True,6.0,10.0,1.6599999999999966,-2.6737967914438503
25a60f0b59f103ebf782a31f94bb569d897a652a0bc1bd95c5cdc5521418b843,True,10.0,6.0,0.8599999999999994,-2.6737967914438503
25a60f0b59f103ebf782a31f94bb569d897a652a0bc1bd95c5cdc5521418b843,True,7.0,9.0,1.2199999999999989,-2.6737967914438503
76fd1e2470419b464aa575afb0710800da330763a86d4deb65102df4412cfb61,False,6.0,3.0,1.6799999999999997,-0.7130124777183601
76fd1e2470419b464aa575afb0710800da330763a86d4deb65102df4412cfb61,False,9.0,0.0,2.1599999999999966,-0.7130124777183601
25a60f0b59f103ebf782a31f94bb569d897a652a0bc1bd95c5cdc5521418b843,True,9.0,7.0,0.5,-2.6737967914438503
25a60f0b59f103ebf782a31f94bb569d897a652a0bc1bd95c5cdc5521418b843,True,12.0,4.0,1.9399999999999977,-2.6737967914438503
18e38dc4225a11e2a43c1a7abd32ddeea5ac0a0bcf35f6f5854fbf708e98f5ca,False,10.0,-2.0,-1.5399999999999991,-1.0695187165775402
18e38dc4225a11e2a43c1a7abd32ddeea5ac0a0bcf35f6f5854fbf708e98f5ca,False,7.0,1.0,-0.240000000000002,-1.0695187165775402
25a60f0b59f103ebf782a31f94bb569d897a652a0bc1bd95c5cdc5521418b843,True,14.0,2.0,-0.9399999999999977,-2.6737967914438503
25a60f0b59f103ebf782a31f94bb569d897a652a0bc1bd95c5cdc5521418b843,True,7.0,9.0,2.8599999999999994,-2.6737967914438503
2a688dce9ee3f6910a66c8306e45a673347e6c2da97ca4f612e37eadc34f421f,False,6.0,5.0,1.8200000000000003,-0.8912655971479501
25a60f0b59f103ebf782a31f94bb569d897a652a0bc1bd95c5cdc5521418b843,True,9.0,7.0,1.7999999999999972,-2.6737967914438503
f6856a3437439e58b35ad8fedba5c2f1cabd89bb5550dc0db11d0fd01247215d,False,6.0,2.0,0.3400000000000034,-1.7825311942959001
ab90b43f348253a578dcb95935f52c00eb11253a5d50f45fb540cf45626d0620,False,7.0,1.0,0.5399999999999991,-0.7130124777183601
25a60f0b59f103ebf782a31f94bb569d897a652a0bc1bd95c5cdc5521418b843,True,7.0,9.0,2.479999999999997,-2.6737967914438503
25a60f0b59f103ebf782a31f94bb569d897a652a0bc1bd95c5cdc5521418b843,True,9.0,7.0,-0.28000000000000114,-2.6737967914438503
25a60f0b59f103ebf782a31f94bb569d897a652a0bc1bd95c5cdc5521418b843,True,10.0,6.0,-0.38000000000000256,-2.6737967914438503
18e38dc4225a11e2a43c1a7abd32ddeea5ac0a0bcf35f6f5854fbf708e98f5ca,False,5.0,3.0,1.6000000000000014,-1.0695187165775402
2a688dce9ee3f6910a66c8306e45a673347e6c2da97ca4f612e37eadc34f421f,False,7.0,4.0,2.479999999999997,-0.8912655971479501
25a60f0b59f103ebf782a31f94bb569d897a652a0bc1bd95c5cdc5521418b843,True,10.0,6.0,1.4399999999999977,-2.6737967914438503
25a60f0b59f103ebf782a31f94bb569d897a652a0bc1bd95c5cdc5521418b843,True,8.0,8.0,1.5799999999999983,-2.6737967914438503
25a60f0b59f103ebf782a31f94bb569d897a652a0bc1bd95c5cdc5521418b843,True,7.0,9.0,3.299999999999997,-2.6737967914438503
25a60f0b59f103ebf782a31f94bb569d897a652a0bc1bd95c5cdc5521418b843,True,7.0,9.0,2.799999999999997,-2.6737967914438503
76fd1e2470419b464aa575afb0710800da330763a86d4deb65102df4412cfb61,False,8.0,1.0,1.4600000000000009,-0.7130124777183601
76fd1e2470419b464aa575afb0710800da330763a86d4deb65102df4412cfb61,False,7.0,2.0,1.3400000000000034,-0.7130124777183601
76fd1e2470419b464aa575afb0710800da330763a86d4deb65102df4412cfb61,False,5.0,4.0,2.460000000000001,-0.7130124777183601
18e38dc4225a11e2a43c1a7abd32ddeea5ac0a0bcf35f6f5854fbf708e98f5ca,False,7.0,1.0,2.0600000000000023,-1.0695187165775402
25a60f0b59f103ebf782a31f94bb569d897a652a0bc1bd95c5cdc5521418b843,True,5.0,11.0,2.8599999999999994,-2.6737967914438503
25a60f0b59f103ebf782a31f94bb569d897a652a0bc1bd95c5cdc5521418b843,True,10.0,6.0,-0.6199999999999974,-2.6737967914438503
f6856a3437439e58b35ad8fedba5c2f1cabd89bb5550dc0db11d0fd01247215d,False,6.0,2.0,1.4799999999999969,-1.7825311942959001
25a60f0b59f103ebf782a31f94bb569d897a652a0bc1bd95c5cdc5521418b843,True,10.0,6.0,-0.4200000000000017,-2.6737967914438503
2a688dce9ee3f6910a66c8306e45a673347e6c2da97ca4f612e37eadc34f421f,False,7.0,4.0,1.5200000000000031,-0.8912655971479501
25a60f0b59f103ebf782a31f94bb569d897a652a0bc1bd95c5cdc5521418b843,True,8.0,8.0,1.6599999999999966,-2.6737967914438503
25a60f0b59f103ebf782a31f94bb569d897a652a0bc1bd95c5cdc5521418b843,True,7.0,9.0,1.9600000000000009,-2.6737967914438503
25a60f0b59f103ebf782a31f94bb569d897a652a0bc1bd95c5cdc5521418b843,True,8.0,8.0,1.1199999999999974,-2.6737967914438503
f6856a3437439e58b35ad8fedba5c2f1cabd89bb5550dc0db11d0fd01247215d,False,8.0,0.0,0.5799999999999983,-1.7825311942959001
2a688dce9ee3f6910a66c8306e45a673347e6c2da97ca4f612e37eadc34f421f,False,11.0,0.0,0.9200000000000017,-0.8912655971479501
18e38dc4225a11e2a43c1a7abd32ddeea5ac0a0bcf35f6f5854fbf708e98f5ca,False,10.0,-2.0,0.29999999999999716,-1.0695187165775402
f6856a3437439e58b35ad8fedba5c2f1cabd89bb5550dc0db11d0fd01247215d,False,6.0,2.0,1.1599999999999966,-1.7825311942959001
25a60f0b59f103ebf782a31f94bb569d897a652a0bc1bd95c5cdc5521418b843,True,9.0,7.0,1.3999999999999986,-2.6737967914438503
25a60f0b59f103ebf782a31f94bb569d897a652a0bc1bd95c5cdc5521418b843,True,7.0,9.0,1.4600000000000009,-2.6737967914438503
25a60f0b59f103ebf782a31f94bb569d897a652a0bc1bd95c5cdc5521418b843,True,11.0,5.0,1.8400000000000034,-2.6737967914438503
25a60f0b59f103ebf782a31f94bb569d897a652a0bc1bd95c5cdc5521418b843,True,8.0,8.0,0.7000000000000028,-2.6737967914438503
76fd1e2470419b464aa575afb0710800da330763a86d4deb65102df4412cfb61,False,6.0,3.0,2.240000000000002,-0.7130124777183601
18e38dc4225a11e2a43c1a7abd32ddeea5ac0a0bcf35f6f5854fbf708e98f5ca,False,8.0,0.0,0.5200000000000031,-1.0695187165775402
ab90b43f348253a578dcb95935f52c00eb11253a5d50f45fb540cf45626d0620,False,9.0,-1.0,-0.1599999999999966,-0.7130124777183601
2a688dce9ee3f6910a66c8306e45a673347e6c2da97ca4f612e37eadc34f421f,False,8.0,3.0,1.240000000000002,-0.8912655971479501
25a60f0b59f103ebf782a31f94bb569d897a652a0bc1bd95c5cdc5521418b843,True,10.0,6.0,-1.3400000000000034,-2.6737967914438503
ab90b43f348253a578dcb95935f52c00eb11253a5d50f45fb540cf45626d0620,False,10.0,-2.0,-0.259999999999998,-0.7130124777183601
76fd1e2470419b464aa575afb0710800da330763a86d4deb65102df4412cfb61,False,9.0,0.0,0.8599999999999994,-0.7130124777183601
25a60f0b59f103ebf782a31f94bb569d897a652a0bc1bd95c5cdc5521418b843,True,11.0,5.0,0.020000000000003126,-2.6737967914438503
18e38dc4225a11e2a43c1a7abd32ddeea5ac0a0bcf35f6f5854fbf708e98f5ca,False,9.0,-1.0,2.020000000000003,-1.0695187165775402
25a60f0b59f103ebf782a31f94bb569d897a652a0bc1bd95c5cdc5521418b843,True,12.0,4.0,-1.5799999999999983,-2.6737967914438503
25a60f0b59f103ebf782a31f94bb569d897a652a0bc1bd95c5cdc5521418b843,True,9.0,7.0,2.1199999999999974,-2.6737967914438503
76fd1e2470419b464aa575afb0710800da330763a86d4deb65102df4412cfb61,False,9.0,0.0,1.3599999999999994,-0.7130124777183601
661a2f1f1c8be0f7325fe0b664192bfa46380843fe52b675bf11075e1c265699,False,6.0,-1.0,1.6599999999999966,-0.8912655971479501
25a60f0b59f103ebf782a31f94bb569d897a652a0bc1bd95c5cdc5521418b843,True,10.0,6.0,0.9399999999999977,-2.6737967914438503
25a60f0b59f103ebf782a31f94bb569d897a652a0bc1bd95c5cdc5521418b843,True,10.0,6.0,0.9200000000000017,-2.6737967914438503
25a60f0b59f103ebf782a31f94bb569d897a652a0bc1bd95c5cdc5521418b843,True,10.0,6.0,1.5799999999999983,-2.6737967914438503
25a60f0b59f103ebf782a31f94bb569d897a652a0bc1bd95c5cdc5521418b843,True,7.0,9.0,2.240000000000002,-2.6737967914438503
25a60f0b59f103ebf782a31f94bb569d897a652a0bc1bd95c5cdc5521418b843,True,7.0,9.0,2.9600000000000013,-2.6737967914438503
25a60f0b59f103ebf782a31f94bb569d897a652a0bc1bd95c5cdc5521418b843,True,9.0,7.0,1.0799999999999983,-2.6737967914438503
76fd1e2470419b464aa575afb0710800da330763a86d4deb65102df4412cfb61,False,6.0,3.0,2.700000000000003,-0.7130124777183601
25a60f0b59f103ebf782a31f94bb569d897a652a0bc1bd95c5cdc5521418b843,True,11.0,5.0,0.6799999999999997,-2.6737967914438503
76fd1e2470419b464aa575afb0710800da330763a86d4deb65102df4412cfb61,False,6.0,3.0,3.1400000000000006,-0.7130124777183601
76fd1e2470419b464aa575afb0710800da330763a86d4deb65102df4412cfb61,False,7.0,2.0,3.32,-0.7130124777183601
25a60f0b59f103ebf782a31f94bb569d897a652a0bc1bd95c5cdc5521418b843,True,14.0,2.0,-1.1599999999999966,-2.6737967914438503
f6856a3437439e58b35ad8fedba5c2f1cabd89bb5550dc0db11d0fd01247215d,False,2.0,6.0,4.060000000000002,-1.7825311942959001
25a60f0b59f103ebf782a31f94bb569d897a652a0bc1bd95c5cdc5521418b843,True,8.0,8.0,0.5200000000000031,-2.6737967914438503
25a60f0b59f103ebf782a31f94bb569d897a652a0bc1bd95c5cdc5521418b843,True,9.0,7.0,1.2000000000000028,-2.6737967914438503
25a60f0b59f103ebf782a31f94bb569d897a652a0bc1bd95c5cdc5521418b843,True,11.0,5.0,1.7999999999999972,-2.6737967914438503
25a60f0b59f103ebf782a31f94bb569d897a652a0bc1bd95c5cdc5521418b843,True,6.0,10.0,2.6400000000000006,-2.6737967914438503
25a60f0b59f103ebf782a31f94bb569d897a652a0bc1bd95c5cdc5521418b843,True,6.0,10.0,3.0200000000000036,-2.6737967914438503
25a60f0b59f103ebf782a31f94bb569d897a652a0bc1bd95c5cdc5521418b843,True,9.0,7.0,1.5799999999999983,-2.6737967914438503
25a60f0b59f103ebf782a31f94bb569d897a652a0bc1bd95c5cdc5521418b843,True,8.0,8.0,1.2800000000000011,-2.6737967914438503
25a60f0b59f103ebf782a31f94bb569d897a652a0bc1bd95c5cdc5521418b843,True,9.0,7.0,0.0799999999999983,-2.6737967914438503
25a60f0b59f103ebf782a31f94bb569d897a652a0bc1bd95c5cdc5521418b843,True,5.0,11.0,3.4200000000000017,-2.6737967914438503
25a60f0b59f103ebf782a31f94bb569d897a652a0bc1bd95c5cdc5521418b843,True,8.0,8.0,3.0399999999999987,-2.6737967914438503
ab90b43f348253a578dcb95935f52c00eb11253a5d50f45fb540cf45626d0620,False,7.0,1.0,0.020000000000003126,-0.7130124777183601
2a688dce9ee3f6910a66c8306e45a673347e6c2da97ca4f612e37eadc34f421f,False,8.0,3.0,2.7400000000000024,-0.8912655971479501
25a60f0b59f103ebf782a31f94bb569d897a652a0bc1bd95c5cdc5521418b843,True,8.0,8.0,1.6799999999999997,-2.6737967914438503
25a60f0b59f103ebf782a31f94bb569d897a652a0bc1bd95c5cdc5521418b843,True,8.0,8.0,0.8599999999999994,-2.6737967914438503
b93b3e639207b61066839c0c4c5d4b187f3648ac0893403e393788147d3cf641,False,8.0,-1.0,1.2999999999999972,-0.5347593582887701
25a60f0b59f103ebf782a31f94bb569d897a652a0bc1bd95c5cdc5521418b843,True,9.0,7.0,1.4399999999999977,-2.6737967914438503
9b314dbaab24207ccb63b6994337f27fd505f1c0ef868166102def484737fe46,False,8.0,-1.0,0.240000000000002,-0.17825311942959002
25a60f0b59f103ebf782a31f94bb569d897a652a0bc1bd95c5cdc5521418b843,True,9.0,7.0,1.759999999999998,-2.6737967914438503
25a60f0b59f103ebf782a31f94bb569d897a652a0bc1bd95c5cdc5521418b843,True,8.0,8.0,1.0799999999999983,-2.6737967914438503
2a688dce9ee3f6910a66c8306e45a673347e6c2da97ca4f612e37eadc34f421f,False,8.0,3.0,2.1199999999999974,-0.8912655971479501
25a60f0b59f103ebf782a31f94bb569d897a652a0bc1bd95c5cdc5521418b843,True,12.0,4.0,-0.3999999999999986,-2.6737967914438503
25a60f0b59f103ebf782a31f94bb569d897a652a0bc1bd95c5cdc5521418b843,True,11.0,5.0,0.8400000000000034,-2.6737967914438503
76fd1e2470419b464aa575afb0710800da330763a86d4deb65102df4412cfb61,False,8.0,1.0,0.1599999999999966,-0.7130124777183601
25a60f0b59f103ebf782a31f94bb569d897a652a0bc1bd95c5cdc5521418b843,True,10.0,6.0,1.3800000000000026,-2.6737967914438503
25a60f0b59f103ebf782a31f94bb569d897a652a0bc1bd95c5cdc5521418b843,True,8.0,8.0,1.240000000000002,-2.6737967914438503
f6856a3437439e58b35ad8fedba5c2f1cabd89bb5550dc0db11d0fd01247215d,False,5.0,3.0,1.3400000000000034,-1.7825311942959001
25a60f0b59f103ebf782a31f94bb569d897a652a0bc1bd95c5cdc5521418b843,True,4.0,12.0,3.8400000000000034,-2.6737967914438503
f6856a3437439e58b35ad8fedba5c2f1cabd89bb5550dc0db11d0fd01247215d,False,9.0,-1.0,0.03999999999999915,-1.7825311942959001
25a60f0b59f103ebf782a31f94bb569d897a652a0bc1bd95c5cdc5521418b843,True,9.0,7.0,0.11999999999999744,-2.6737967914438503
25a60f0b59f103ebf782a31f94bb569d897a652a0bc1bd95c5cdc5521418b843,True,12.0,4.0,0.3200000000000003,-2.6737967914438503
2a688dce9ee3f6910a66c8306e45a673347e6c2da97ca4f612e37eadc34f421f,False,7.0,4.0,1.4799999999999969,-0.8912655971479501
25a60f0b59f103ebf782a31f94bb569d897a652a0bc1bd95c5cdc5521418b843,True,8.0,8.0,2.1400000000000006,-2.6737967914438503
76fd1e2470419b464aa575afb0710800da330763a86d4deb65102df4412cfb61,False,7.0,2.0,1.4600000000000009,-0.7130124777183601
25a60f0b59f103ebf782a31f94bb569d897a652a0bc1bd95c5cdc5521418b843,True,11.0,5.0,0.240000000000002,-2.6737967914438503
25a60f0b59f103ebf782a31f94bb569d897a652a0bc1bd95c5cdc5521418b843,True,8.0,8.0,2.0,-2.6737967914438503
25a60f0b59f103ebf782a31f94bb569d897a652a0bc1bd95c5cdc5521418b843,True,8.0,8.0,1.2000000000000028,-2.6737967914438503
2a688dce9ee3f6910a66c8306e45a673347e6c2da97ca4f612e37eadc34f421f,False,9.0,2.0,-0.28000000000000114,-0.8912655971479501
b93b3e639207b61066839c0c4c5d4b187f3648ac0893403e393788147d3cf641,False,6.0,1.0,1.9200000000000017,-0.5347593582887701
f6856a3437439e58b35ad8fedba5c2f1cabd89bb5550dc0db11d0fd01247215d,False,6.0,2.0,0.6000000000000014,-1.7825311942959001
2a688dce9ee3f6910a66c8306e45a673347e6c2da97ca4f612e37eadc34f421f,False,9.0,2.0,0.020000000000003126,-0.8912655971479501
76fd1e2470419b464aa575afb0710800da330763a86d4deb65102df4412cfb61,False,6.0,3.0,2.8400000000000034,-0.7130124777183601
25a60f0b59f103ebf782a31f94bb569d897a652a0bc1bd95c5cdc5521418b843,True,12.0,4.0,-0.21999999999999886,-2.6737967914438503
25a60f0b59f103ebf782a31f94bb569d897a652a0bc1bd95c5cdc5521418b843,True,8.0,8.0,2.5600000000000023,-2.6737967914438503
25a60f0b59f103ebf782a31f94bb569d897a652a0bc1bd95c5cdc5521418b843,True,8.0,8.0,0.8400000000000034,-2.6737967914438503
f6856a3437439e58b35ad8fedba5c2f1cabd89bb5550dc0db11d0fd01247215d,False,10.0,-2.0,1.0200000000000031,-1.7825311942959001
2a688dce9ee3f6910a66c8306e45a673347e6c2da97ca4f612e37eadc34f421f,False,6.0,5.0,2.0799999999999983,-0.8912655971479501
97b28df35b811f0a5dba92060bfa9d60f1cc23fb3123298c2b14a461bea2df00,False,5.0,0.0,2.82,1.0695187165775402
25a60f0b59f103ebf782a31f94bb569d897a652a0bc1bd95c5cdc5521418b843,True,10.0,6.0,1.2000000000000028,-2.6737967914438503
18e38dc4225a11e2a43c1a7abd32ddeea5ac0a0bcf35f6f5854fbf708e98f5ca,False,7.0,1.0,2.539999999999999,-1.0695187165775402
2a688dce9ee3f6910a66c8306e45a673347e6c2da97ca4f612e37eadc34f421f,False,8.0,3.0,0.8599999999999994,-0.8912655971479501
25a60f0b59f103ebf782a31f94bb569d897a652a0bc1bd95c5cdc5521418b843,True,7.0,9.0,2.240000000000002,-2.6737967914438503
9b314dbaab24207ccb63b6994337f27fd505f1c0ef868166102def484737fe46,False,6.0,1.0,1.3400000000000034,-0.17825311942959002
25a60f0b59f103ebf782a31f94bb569d897a652a0bc1bd95c5cdc5521418b843,True,7.0,9.0,3.1400000000000006,-2.6737967914438503
18e38dc4225a11e2a43c1a7abd32ddeea5ac0a0bcf35f6f5854fbf708e98f5ca,False,6.0,2.0,-0.11999999999999744,-1.0695187165775402
76fd1e2470419b464aa575afb0710800da330763a86d4deb65102df4412cfb61,False,9.0,0.0,-0.38000000000000256,-0.7130124777183601
661a2f1f1c8be0f7325fe0b664192bfa46380843fe52b675bf11075e1c265699,False,5.0,0.0,2.1599999999999966,-0.8912655971479501
25a60f0b59f103ebf782a31f94bb569d897a652a0bc1bd95c5cdc5521418b843,True,7.0,9.0,1.6199999999999974,-2.6737967914438503
76fd1e2470419b464aa575afb0710800da330763a86d4deb65102df4412cfb61,False,9.0,0.0,0.5,-0.7130124777183601
25a60f0b59f103ebf782a31f94bb569d897a652a0bc1bd95c5cdc5521418b843,True,9.0,7.0,0.6799999999999997,-2.6737967914438503
2a688dce9ee3f6910a66c8306e45a673347e6c2da97ca4f612e37eadc34f421f,False,6.0,5.0,1.5799999999999983,-0.8912655971479501
f6856a3437439e58b35ad8fedba5c2f1cabd89bb5550dc0db11d0fd01247215d,False,5.0,3.0,1.3400000000000034,-1.7825311942959001
25a60f0b59f103ebf782a31f94bb569d897a652a0bc1bd95c5cdc5521418b843,True,11.0,5.0,1.8599999999999994,-2.6737967914438503
ab90b43f348253a578dcb95935f52c00eb11253a5d50f45fb540cf45626d0620,False,8.0,0.0,0.20000000000000284,-0.7130124777183601
18e38dc4225a11e2a43c1a7abd32ddeea5ac0a0bcf35f6f5854fbf708e98f5ca,False,8.0,0.0,1.9600000000000009,-1.0695187165775402
a3a9766514890add553eb639947da5ae68bd92450572e8ba728a23d86c0aea11,False,7.0,0.0,1.0200000000000031,0.5347593582887701
25a60f0b59f103ebf782a31f94bb569d897a652a0bc1bd95c5cdc5521418b843,True,11.0,5.0,-1.1199999999999974,-2.6737967914438503
25a60f0b59f103ebf782a31f94bb569d897a652a0bc1bd95c5cdc5521418b843,True,6.0,10.0,1.1400000000000006,-2.6737967914438503
2a688dce9ee3f6910a66c8306e45a673347e6c2da97ca4f612e37eadc34f421f,False,7.0,4.0,1.7999999999999972,-0.8912655971479501
25a60f0b59f103ebf782a31f94bb569d897a652a0bc1bd95c5cdc5521418b843,True,8.0,8.0,2.7400000000000024,-2.6737967914438503
25a60f0b59f103ebf782a31f94bb569d897a652a0bc1bd95c5cdc5521418b843,True,7.0,9.0,1.9799999999999969,-2.6737967914438503
25a60f0b59f103ebf782a31f94bb569d897a652a0bc1bd95c5cdc5521418b843,True,10.0,6.0,1.1799999999999997,-2.6737967914438503
25a60f0b59f103ebf782a31f94bb569d897a652a0bc1bd95c5cdc5521418b843,True,8.0,8.0,2.3999999999999986,-2.6737967914438503
25a60f0b59f103ebf782a31f94bb569d897a652a0bc1bd95c5cdc5521418b843,True,10.0,6.0,1.2999999999999972,-2.6737967914438503
25a60f0b59f103ebf782a31f94bb569d897a652a0bc1bd95c5cdc5521418b843,True,9.0,7.0,1.5799999999999983,-2.6737967914438503
25a60f0b59f103ebf782a31f94bb569d897a652a0bc1bd95c5cdc5521418b843,True,13.0,3.0,-0.020000000000003126,-2.6737967914438503
25a60f0b59f103ebf782a31f94bb569d897a652a0bc1bd95c5cdc5521418b843,True,7.0,9.0,1.2199999999999989,-2.6737967914438503
ab90b43f348253a578dcb95935f52c00eb11253a5d50f45fb540cf45626d0620,False,6.0,2.0,0.259999999999998,-0.7130124777183601
25a60f0b59f103ebf782a31f94bb569d897a652a0bc1bd95c5cdc5521418b843,True,7.0,9.0,2.4399999999999977,-2.6737967914438503
b93b3e639207b61066839c0c4c5d4b187f3648ac0893403e393788147d3cf641,False,8.0,-1.0,1.6400000000000006,-0.5347593582887701
25a60f0b59f103ebf782a31f94bb569d897a652a0bc1bd95c5cdc5521418b843,True,10.0,6.0,-0.020000000000003126,-2.6737967914438503
25a60f0b59f103ebf782a31f94bb569d897a652a0bc1bd95c5cdc5521418b843,True,7.0,9.0,0.20000000000000284,-2.6737967914438503
25a60f0b59f103ebf782a31f94bb569d897a652a0bc1bd95c5cdc5521418b843,True,9.0,7.0,1.5200000000000031,-2.6737967914438503
25a60f0b59f103ebf782a31f94bb569d897a652a0bc1bd95c5cdc5521418b843,True,12.0,4.0,1.7999999999999972,-2.6737967914438503
25a60f0b59f103ebf782a31f94bb569d897a652a0bc1bd95c5cdc5521418b843,True,6.0,10.0,2.3599999999999994,-2.6737967914438503
25a60f0b59f103ebf782a31f94bb569d897a652a0bc1bd95c5cdc5521418b843,True,7.0,9.0,1.2199999999999989,-2.6737967914438503
25a60f0b59f103ebf782a31f94bb569d897a652a0bc1bd95c5cdc5521418b843,True,11.0,5.0,0.29999999999999716,-2.6737967914438503
ab90b43f348253a578dcb95935f52c00eb11253a5d50f45fb540cf45626d0620,False,5.0,3.0,2.9200000000000017,-0.7130124777183601
25a60f0b59f103ebf782a31f94bb569d897a652a0bc1bd95c5cdc5521418b843,True,9.0,7.0,3.4399999999999977,-2.6737967914438503
25a60f0b59f103ebf782a31f94bb569d897a652a0bc1bd95c5cdc5521418b843,True,7.0,9.0,0.7199999999999989,-2.6737967914438503
25a60f0b59f103ebf782a31f94bb569d897a652a0bc1bd95c5cdc5521418b843,True,8.0,8.0,3.399999999999999,-2.6737967914438503
ab90b43f348253a578dcb95935f52c00eb11253a5d50f45fb540cf45626d0620,False,7.0,1.0,1.1599999999999966,-0.7130124777183601
2a688dce9ee3f6910a66c8306e45a673347e6c2da97ca4f612e37eadc34f421f,False,10.0,1.0,-0.060000000000002274,-0.8912655971479501
2a688dce9ee3f6910a66c8306e45a673347e6c2da97ca4f612e37eadc34f421f,False,7.0,4.0,2.3200000000000003,-0.8912655971479501
25a60f0b59f103ebf782a31f94bb569d897a652a0bc1bd95c5cdc5521418b843,True,9.0,7.0,1.5600000000000023,-2.6737967914438503
25a60f0b59f103ebf782a31f94bb569d897a652a0bc1bd95c5cdc5521418b843,True,10.0,6.0,0.6799999999999997,-2.6737967914438503
25a60f0b59f103ebf782a31f94bb569d897a652a0bc1bd95c5cdc5521418b843,True,8.0,8.0,2.68,-2.6737967914438503
76fd1e2470419b464aa575afb0710800da330763a86d4deb65102df4412cfb61,False,10.0,-1.0,-1.0200000000000031,-0.7130124777183601
25a60f0b59f103ebf782a31f94bb569d897a652a0bc1bd95c5cdc5521418b843,True,11.0,5.0,-0.060000000000002274,-2.6737967914438503
76fd1e2470419b464aa575afb0710800da330763a86d4deb65102df4412cfb61,False,7.0,2.0,2.799999999999997,-0.7130124777183601
25a60f0b59f103ebf782a31f94bb569d897a652a0bc1bd95c5cdc5521418b843,True,12.0,4.0,-1.2000000000000028,-2.6737967914438503
25a60f0b59f103ebf782a31f94bb569d897a652a0bc1bd95c5cdc5521418b843,True,7.0,9.0,1.8800000000000026,-2.6737967914438503
2a688dce9ee3f6910a66c8306e45a673347e6c2da97ca4f612e37eadc34f421f,False,7.0,4.0,2.039999999999999,-0.8912655971479501
76fd1e2470419b464aa575afb0710800da330763a86d4deb65102df4412cfb61,False,8.0,1.0,0.5600000000000023,-0.7130124777183601
18e38dc4225a11e2a43c1a7abd32ddeea5ac0a0bcf35f6f5854fbf708e98f5ca,False,13.0,-5.0,0.5799999999999983,-1.0695187165775402
f6856a3437439e58b35ad8fedba5c2f1cabd89bb5550dc0db11d0fd01247215d,False,8.0,0.0,0.9600000000000009,-1.7825311942959001
25a60f0b59f103ebf782a31f94bb569d897a652a0bc1bd95c5cdc5521418b843,True,10.0,6.0,2.240000000000002,-2.6737967914438503
25a60f0b59f103ebf782a31f94bb569d897a652a0bc1bd95c5cdc5521418b843,True,8.0,8.0,1.240000000000002,-2.6737967914438503
25a60f0b59f103ebf782a31f94bb569d897a652a0bc1bd95c5cdc5521418b843,True,11.0,5.0,-0.6000000000000014,-2.6737967914438503
25a60f0b59f103ebf782a31f94bb569d897a652a0bc1bd95c5cdc5521418b843,True,11.0,5.0,1.5200000000000031,-2.6737967914438503
25a60f0b59f103ebf782a31f94bb569d897a652a0bc1bd95c5cdc5521418b843,True,3.0,13.0,3.7400000000000024,-2.6737967914438503
76fd1e2470419b464aa575afb0710800da330763a86d4deb65102df4412cfb61,False,8.0,1.0,3.18,-0.7130124777183601
ab90b43f348253a578dcb95935f52c00eb11253a5d50f45fb540cf45626d0620,False,5.0,3.0,2.280000000000001,-0.7130124777183601
ab90b43f348253a578dcb95935f52c00eb11253a5d50f45fb540cf45626d0620,False,7.0,1.0,1.9799999999999969,-0.7130124777183601
76fd1e2470419b464aa575afb0710800da330763a86d4deb65102df4412cfb61,False,6.0,3.0,2.460000000000001,-0.7130124777183601
25a60f0b59f103ebf782a31f94bb569d897a652a0bc1bd95c5cdc5521418b843,True,10.0,6.0,0.3200000000000003,-2.6737967914438503
ab90b43f348253a578dcb95935f52c00eb11253a5d50f45fb540cf45626d0620,False,8.0,0.0,-0.060000000000002274,-0.7130124777183601
25a60f0b59f103ebf782a31f94bb569d897a652a0bc1bd95c5cdc5521418b843,True,6.0,10.0,2.600000000000001,-2.6737967914438503
25a60f0b59f103ebf782a31f94bb569d897a652a0bc1bd95c5cdc5521418b843,True,13.0,3.0,0.7999999999999972,-2.6737967914438503
25a60f0b59f103ebf782a31f94bb569d897a652a0bc1bd95c5cdc5521418b843,True,9.0,7.0,1.5799999999999983,-2.6737967914438503
f6856a3437439e58b35ad8fedba5c2f1cabd89bb5550dc0db11d0fd01247215d,False,9.0,-1.0,-1.5600000000000023,-1.7825311942959001
25a60f0b59f103ebf782a31f94bb569d897a652a0bc1bd95c5cdc5521418b843,True,6.0,10.0,1.740000000000002,-2.6737967914438503
2a688dce9ee3f6910a66c8306e45a673347e6c2da97ca4f612e37eadc34f421f,False,10.0,1.0,0.03999999999999915,-0.8912655971479501
76fd1e2470419b464aa575afb0710800da330763a86d4deb65102df4412cfb61,False,7.0,2.0,0.740000000000002,-0.7130124777183601
25a60f0b59f103ebf782a31f94bb569d897a652a0bc1bd95c5cdc5521418b843,True,10.0,6.0,1.7000000000000028,-2.6737967914438503
25a60f0b59f103ebf782a31f94bb569d897a652a0bc1bd95c5cdc5521418b843,True,8.0,8.0,0.14000000000000057,-2.6737967914438503
f6856a3437439e58b35ad8fedba5c2f1cabd89bb5550dc0db11d0fd01247215d,False,9.0,-1.0,-0.3400000000000034,-1.7825311942959001
25a60f0b59f103ebf782a31f94bb569d897a652a0bc1bd95c5cdc5521418b843,True,8.0,8.0,0.35999999999999943,-2.6737967914438503
25a60f0b59f103ebf782a31f94bb569d897a652a0bc1bd95c5cdc5521418b843,True,11.0,5.0,1.1400000000000006,-2.6737967914438503
25a60f0b59f103ebf782a31f94bb569d897a652a0bc1bd95c5cdc5521418b843,True,12.0,4.0,0.8200000000000003,-2.6737967914438503
25a60f0b59f103ebf782a31f94bb569d897a652a0bc1bd95c5cdc5521418b843,True,9.0,7.0,3.100000000000001,-2.6737967914438503
25a60f0b59f103ebf782a31f94bb569d897a652a0bc1bd95c5cdc5521418b843,True,15.0,1.0,-1.5,-2.6737967914438503
76fd1e2470419b464aa575afb0710800da330763a86d4deb65102df4412cfb61,False,7.0,2.0,1.6400000000000006,-0.7130124777183601
25a60f0b59f103ebf782a31f94bb569d897a652a0bc1bd95c5cdc5521418b843,True,10.0,6.0,0.3400000000000034,-2.6737967914438503
25a60f0b59f103ebf782a31f94bb569d897a652a0bc1bd95c5cdc5521418b843,True,8.0,8.0,2.020000000000003,-2.6737967914438503
f6856a3437439e58b35ad8fedba5c2f1cabd89bb5550dc0db11d0fd01247215d,False,7.0,1.0,-0.17999999999999972,-1.7825311942959001
25a60f0b59f103ebf782a31f94bb569d897a652a0bc1bd95c5cdc5521418b843,True,8.0,8.0,1.0200000000000031,-2.6737967914438503
25a60f0b59f103ebf782a31f94bb569d897a652a0bc1bd95c5cdc5521418b843,True,10.0,6.0,-0.4200000000000017,-2.6737967914438503
25a60f0b59f103ebf782a31f94bb569d897a652a0bc1bd95c5cdc5521418b843,True,9.0,7.0,1.6799999999999997,-2.6737967914438503
f6856a3437439e58b35ad8fedba5c2f1cabd89bb5550dc0db11d0fd01247215d,False,8.0,0.0,1.2000000000000028,-1.7825311942959001
18e38dc4225a11e2a43c1a7abd32ddeea5ac0a0bcf35f6f5854fbf708e98f5ca,False,10.0,-2.0,1.0,-1.0695187165775402
25a60f0b59f103ebf782a31f94bb569d897a652a0bc1bd95c5cdc5521418b843,True,7.0,9.0,4.280000000000001,-2.6737967914438503
25a60f0b59f103ebf782a31f94bb569d897a652a0bc1bd95c5cdc5521418b843,True,10.0,6.0,0.9200000000000017,-2.6737967914438503
b93b3e639207b61066839c0c4c5d4b187f3648ac0893403e393788147d3cf641,False,7.0,0.0,0.759999999999998,-0.5347593582887701
f6856a3437439e58b35ad8fedba5c2f1cabd89bb5550dc0db11d0fd01247215d,False,8.0,0.0,0.29999999999999716,-1.7825311942959001
25a60f0b59f103ebf782a31f94bb569d897a652a0bc1bd95c5cdc5521418b843,True,9.0,7.0,1.0600000000000023,-2.6737967914438503
25a60f0b59f103ebf782a31f94bb569d897a652a0bc1bd95c5cdc5521418b843,True,8.0,8.0,0.6599999999999966,-2.6737967914438503
2a688dce9ee3f6910a66c8306e45a673347e6c2da97ca4f612e37eadc34f421f,False,10.0,1.0,0.28000000000000114,-0.8912655971479501
25a60f0b59f103ebf782a31f94bb569d897a652a0bc1bd95c5cdc5521418b843,True,9.0,7.0,0.4399999999999977,-2.6737967914438503
25a60f0b59f103ebf782a31f94bb569d897a652a0bc1bd95c5cdc5521418b843,True,5.0,11.0,2.700000000000003,-2.6737967914438503
76fd1e2470419b464aa575afb0710800da330763a86d4deb65102df4412cfb61,False,9.0,0.0,1.1599999999999966,-0.7130124777183601
b93b3e639207b61066839c0c4c5d4b187f3648ac0893403e393788147d3cf641,False,7.0,0.0,1.1199999999999974,-0.5347593582887701
f6856a3437439e58b35ad8fedba5c2f1cabd89bb5550dc0db11d0fd01247215d,False,7.0,1.0,0.38000000000000256,-1.7825311942959001
25a60f0b59f103ebf782a31f94bb569d897a652a0bc1bd95c5cdc5521418b843,True,7.0,9.0,2.899999999999999,-2.6737967914438503
25a60f0b59f103ebf782a31f94bb569d897a652a0bc1bd95c5cdc5521418b843,True,13.0,3.0,-0.7800000000000011,-2.6737967914438503
25a60f0b59f103ebf782a31f94bb569d897a652a0bc1bd95c5cdc5521418b843,True,8.0,8.0,1.5,-2.6737967914438503
25a60f0b59f103ebf782a31f94bb569d897a652a0bc1bd95c5cdc5521418b843,True,9.0,7.0,1.2199999999999989,-2.6737967914438503
25a60f0b59f103ebf782a31f94bb569d897a652a0bc1bd95c5cdc5521418b843,True,9.0,7.0,1.740000000000002,-2.6737967914438503
25a60f0b59f103ebf782a31f94bb569d897a652a0bc1bd95c5cdc5521418b843,True,7.0,9.0,2.880000000000002,-2.6737967914438503
22a7ea37d049fb3796d1d62374d85880b5088534ee983f628589c0cb8e859d91,False,4.0,-1.0,3.5399999999999987,-1.7825311942959001
25a60f0b59f103ebf782a31f94bb569d897a652a0bc1bd95c5cdc5521418b843,True,8.0,8.0,0.3200000000000003,-2.6737967914438503
2a688dce9ee3f6910a66c8306e45a673347e6c2da97ca4f612e37eadc34f421f,False,6.0,5.0,3.299999999999997,-0.8912655971479501
25a60f0b59f103ebf782a31f94bb569d897a652a0bc1bd95c5cdc5521418b843,True,10.0,6.0,1.0200000000000031,-2.6737967914438503
25a60f0b59f103ebf782a31f94bb569d897a652a0bc1bd95c5cdc5521418b843,True,10.0,6.0,0.7000000000000028,-2.6737967914438503
25a60f0b59f103ebf782a31f94bb569d897a652a0bc1bd95c5cdc5521418b843,True,9.0,7.0,2.259999999999998,-2.6737967914438503
76fd1e2470419b464aa575afb0710800da330763a86d4deb65102df4412cfb61,False,9.0,0.0,1.0600000000000023,-0.7130124777183601
2a688dce9ee3f6910a66c8306e45a673347e6c2da97ca4f612e37eadc34f421f,False,8.0,3.0,2.0,-0.8912655971479501
25a60f0b59f103ebf782a31f94bb569d897a652a0bc1bd95c5cdc5521418b843,True,7.0,9.0,1.740000000000002,-2.6737967914438503
25a60f0b59f103ebf782a31f94bb569d897a652a0bc1bd95c5cdc5521418b843,True,10.0,6.0,-0.10000000000000142,-2.6737967914438503
25a60f0b59f103ebf782a31f94bb569d897a652a0bc1bd95c5cdc5521418b843,True,10.0,6.0,-0.759999999999998,-2.6737967914438503
25a60f0b59f103ebf782a31f94bb569d897a652a0bc1bd95c5cdc5521418b843,True,10.0,6.0,1.8200000000000003,-2.6737967914438503
f6856a3437439e58b35ad8fedba5c2f1cabd89bb5550dc0db11d0fd01247215d,False,8.0,0.0,0.28000000000000114,-1.7825311942959001
25a60f0b59f103ebf782a31f94bb569d897a652a0bc1bd95c5cdc5521418b843,True,7.0,9.0,1.4200000000000017,-2.6737967914438503
25a60f0b59f103ebf782a31f94bb569d897a652a0bc1bd95c5cdc5521418b843,True,7.0,9.0,1.8400000000000034,-2.6737967914438503
25a60f0b59f103ebf782a31f94bb569d897a652a0bc1bd95c5cdc5521418b843,True,11.0,5.0,0.03999999999999915,-2.6737967914438503
25a60f0b59f103ebf782a31f94bb569d897a652a0bc1bd95c5cdc5521418b843,True,6.0,10.0,4.100000000000001,-2.6737967914438503
25a60f0b59f103ebf782a31f94bb569d897a652a0bc1bd95c5cdc5521418b843,True,8.0,8.0,2.8599999999999994,-2.6737967914438503
76fd1e2470419b464aa575afb0710800da330763a86d4deb65102df4412cfb61,False,9.0,0.0,0.6400000000000006,-0.7130124777183601
b93b3e639207b61066839c0c4c5d4b187f3648ac0893403e393788147d3cf641,False,6.0,1.0,1.3800000000000026,-0.5347593582887701
25a60f0b59f103ebf782a31f94bb569d897a652a0bc1bd95c5cdc5521418b843,True,7.0,9.0,3.0200000000000036,-2.6737967914438503
2a688dce9ee3f6910a66c8306e45a673347e6c2da97ca4f612e37eadc34f421f,False,5.0,6.0,2.0600000000000023,-0.8912655971479501
25a60f0b59f103ebf782a31f94bb569d897a652a0bc1bd95c5cdc5521418b843,True,10.0,6.0,0.6000000000000014,-2.6737967914438503
25a60f0b59f103ebf782a31f94bb569d897a652a0bc1bd95c5cdc5521418b843,True,11.0,5.0,0.6000000000000014,-2.6737967914438503
ab90b43f348253a578dcb95935f52c00eb11253a5d50f45fb540cf45626d0620,False,8.0,0.0,-0.17999999999999972,-0.7130124777183601
25a60f0b59f103ebf782a31f94bb569d897a652a0bc1bd95c5cdc5521418b843,True,9.0,7.0,0.5200000000000031,-2.6737967914438503
25a60f0b59f103ebf782a31f94bb569d897a652a0bc1bd95c5cdc5521418b843,True,8.0,8.0,2.200000000000003,-2.6737967914438503
25a60f0b59f103ebf782a31f94bb569d897a652a0bc1bd95c5cdc5521418b843,True,8.0,8.0,-0.10000000000000142,-2.6737967914438503
18e38dc4225a11e2a43c1a7abd32ddeea5ac0a0bcf35f6f5854fbf708e98f5ca,False,5.0,3.0,1.5600000000000023,-1.0695187165775402
25a60f0b59f103ebf782a31f94bb569d897a652a0bc1bd95c5cdc5521418b843,True,9.0,7.0,0.6199999999999974,-2.6737967914438503
18e38dc4225a11e2a43c1a7abd32ddeea5ac0a0bcf35f6f5854fbf708e98f5ca,False,12.0,-4.0,-0.060000000000002274,-1.0695187165775402
25a60f0b59f103ebf782a31f94bb569d897a652a0bc1bd95c5cdc5521418b843,True,6.0,10.0,1.9399999999999977,-2.6737967914438503
25a60f0b59f103ebf782a31f94bb569d897a652a0bc1bd95c5cdc5521418b843,True,10.0,6.0,1.0600000000000023,-2.6737967914438503
25a60f0b59f103ebf782a31f94bb569d897a652a0bc1bd95c5cdc5521418b843,True,5.0,11.0,3.0399999999999987,-2.6737967914438503
25a60f0b59f103ebf782a31f94bb569d897a652a0bc1bd95c5cdc5521418b843,True,11.0,5.0,0.240000000000002,-2.6737967914438503
ff40caff9436adbf9bd38cd8dd2a07eed72cc198918166d6ec73cd19617b2ff6,False,9.0,-4.0,-0.1599999999999966,-1.0695187165775402
25a60f0b59f103ebf782a31f94bb569d897a652a0bc1bd95c5cdc5521418b843,True,10.0,6.0,1.5600000000000023,-2.6737967914438503
25a60f0b59f103ebf782a31f94bb569d897a652a0bc1bd95c5cdc5521418b843,True,8.0,8.0,0.4799999999999969,-2.6737967914438503
25a60f0b59f103ebf782a31f94bb569d897a652a0bc1bd95c5cdc5521418b843,True,12.0,4.0,-1.4799999999999969,-2.6737967914438503
25a60f0b59f103ebf782a31f94bb569d897a652a0bc1bd95c5cdc5521418b843,True,10.0,6.0,1.759999999999998,-2.6737967914438503
25a60f0b59f103ebf782a31f94bb569d897a652a0bc1bd95c5cdc5521418b843,True,11.0,5.0,-0.5799999999999983,-2.6737967914438503
25a60f0b59f103ebf782a31f94bb569d897a652a0bc1bd95c5cdc5521418b843,True,8.0,8.0,1.3599999999999994,-2.6737967914438503
25a60f0b59f103ebf782a31f94bb569d897a652a0bc1bd95c5cdc5521418b843,True,11.0,5.0,-0.7999999999999972,-2.6737967914438503
25a60f0b59f103ebf782a31f94bb569d897a652a0bc1bd95c5cdc5521418b843,True,9.0,7.0,0.4399999999999977,-2.6737967914438503
2a688dce9ee3f6910a66c8306e45a673347e6c2da97ca4f612e37eadc34f421f,False,9.0,2.0,0.21999999999999886,-0.8912655971479501
25a60f0b59f103ebf782a31f94bb569d897a652a0bc1bd95c5cdc5521418b843,True,6.0,10.0,3.6400000000000006,-2.6737967914438503
f6856a3437439e58b35ad8fedba5c2f1cabd89bb5550dc0db11d0fd01247215d,False,9.0,-1.0,-0.17999999999999972,-1.7825311942959001
25a60f0b59f103ebf782a31f94bb569d897a652a0bc1bd95c5cdc5521418b843,True,12.0,4.0,0.5799999999999983,-2.6737967914438503
25a60f0b59f103ebf782a31f94bb569d897a652a0bc1bd95c5cdc5521418b843,True,9.0,7.0,1.4600000000000009,-2.6737967914438503
25a60f0b59f103ebf782a31f94bb569d897a652a0bc1bd95c5cdc5521418b843,True,9.0,7.0,0.8400000000000034,-2.6737967914438503
25a60f0b59f103ebf782a31f94bb569d897a652a0bc1bd95c5cdc5521418b843,True,8.0,8.0,1.1199999999999974,-2.6737967914438503
25a60f0b59f103ebf782a31f94bb569d897a652a0bc1bd95c5cdc5521418b843,True,8.0,8.0,1.6000000000000014,-2.6737967914438503
2a688dce9ee3f6910a66c8306e45a673347e6c2da97ca4f612e37eadc34f421f,False,7.0,4.0,1.5399999999999991,-0.8912655971479501
25a60f0b59f103ebf782a31f94bb569d897a652a0bc1bd95c5cdc5521418b843,True,9.0,7.0,1.4600000000000009,-2.6737967914438503
25a60f0b59f103ebf782a31f94bb569d897a652a0bc1bd95c5cdc5521418b843,True,8.0,8.0,1.2199999999999989,-2.6737967914438503
25a60f0b59f103ebf782a31f94bb569d897a652a0bc1bd95c5cdc5521418b843,True,9.0,7.0,0.7000000000000028,-2.6737967914438503
25a60f0b59f103ebf782a31f94bb569d897a652a0bc1bd95c5cdc5521418b843,True,5.0,11.0,3.0,-2.6737967914438503
2a688dce9ee3f6910a66c8306e45a673347e6c2da97ca4f612e37eadc34f421f,False,9.0,2.0,1.1400000000000006,-0.8912655971479501
25a60f0b59f103ebf782a31f94bb569d897a652a0bc1bd95c5cdc5521418b843,True,7.0,9.0,1.2800000000000011,-2.6737967914438503
2a688dce9ee3f6910a66c8306e45a673347e6c2da97ca4f612e37eadc34f421f,False,7.0,4.0,1.6000000000000014,-0.8912655971479501
25a60f0b59f103ebf782a31f94bb569d897a652a0bc1bd95c5cdc5521418b843,True,8.0,8.0,1.3200000000000003,-2.6737967914438503
25a60f0b59f103ebf782a31f94bb569d897a652a0bc1bd95c5cdc5521418b843,True,10.0,6.0,0.759999999999998,-2.6737967914438503
2a688dce9ee3f6910a66c8306e45a673347e6c2da97ca4f612e37eadc34f421f,False,8.0,3.0,1.6799999999999997,-0.8912655971479501
25a60f0b59f103ebf782a31f94bb569d897a652a0bc1bd95c5cdc5521418b843,True,8.0,8.0,1.6199999999999974,-2.6737967914438503
76fd1e2470419b464aa575afb0710800da330763a86d4deb65102df4412cfb61,False,7.0,2.0,1.7199999999999989,-0.7130124777183601
25a60f0b59f103ebf782a31f94bb569d897a652a0bc1bd95c5cdc5521418b843,True,10.0,6.0,1.9600000000000009,-2.6737967914438503
25a60f0b59f103ebf782a31f94bb569d897a652a0bc1bd95c5cdc5521418b843,True,13.0,3.0,-0.060000000000002274,-2.6737967914438503
25a60f0b59f103ebf782a31f94bb569d897a652a0bc1bd95c5cdc5521418b843,True,13.0,3.0,-0.10000000000000142,-2.6737967914438503
18e38dc4225a11e2a43c1a7abd32ddeea5ac0a0bcf35f6f5854fbf708e98f5ca,False,8.0,0.0,0.9399999999999977,-1.0695187165775402
25a60f0b59f103ebf782a31f94bb569d897a652a0bc1bd95c5cdc5521418b843,True,8.0,8.0,3.5799999999999983,-2.6737967914438503
25a60f0b59f103ebf782a31f94bb569d897a652a0bc1bd95c5cdc5521418b843,True,9.0,7.0,1.5600000000000023,-2.6737967914438503
25a60f0b59f103ebf782a31f94bb569d897a652a0bc1bd95c5cdc5521418b843,True,11.0,5.0,-0.29999999999999716,-2.6737967914438503
25a60f0b59f103ebf782a31f94bb569d897a652a0bc1bd95c5cdc5521418b843,True,10.0,6.0,0.8599999999999994,-2.6737967914438503
18e38dc4225a11e2a43c1a7abd32ddeea5ac0a0bcf35f6f5854fbf708e98f5ca,False,10.0,-2.0,-1.2000000000000028,-1.0695187165775402
f6856a3437439e58b35ad8fedba5c2f1cabd89bb5550dc0db11d0fd01247215d,False,5.0,3.0,2.3400000000000034,-1.7825311942959001
25a60f0b59f103ebf782a31f94bb569d897a652a0bc1bd95c5cdc5521418b843,True,12.0,4.0,0.3999999999999986,-2.6737967914438503
25a60f0b59f103ebf782a31f94bb569d897a652a0bc1bd95c5cdc5521418b843,True,6.0,10.0,2.3599999999999994,-2.6737967914438503
25a60f0b59f103ebf782a31f94bb569d897a652a0bc1bd95c5cdc5521418b843,True,13.0,3.0,-0.17999999999999972,-2.6737967914438503
25a60f0b59f103ebf782a31f94bb569d897a652a0bc1bd95c5cdc5521418b843,True,6.0,10.0,1.1799999999999997,-2.6737967914438503
25a60f0b59f103ebf782a31f94bb569d897a652a0bc1bd95c5cdc5521418b843,True,10.0,6.0,0.3200000000000003,-2.6737967914438503
76fd1e2470419b464aa575afb0710800da330763a86d4deb65102df4412cfb61,False,10.0,-1.0,1.3200000000000003,-0.7130124777183601
76fd1e2470419b464aa575afb0710800da330763a86d4deb65102df4412cfb61,False,9.0,0.0,0.4799999999999969,-0.7130124777183601
25a60f0b59f103ebf782a31f94bb569d897a652a0bc1bd95c5cdc5521418b843,True,9.0,7.0,0.46000000000000085,-2.6737967914438503
25a60f0b59f103ebf782a31f94bb569d897a652a0bc1bd95c5cdc5521418b843,True,11.0,5.0,-0.3200000000000003,-2.6737967914438503
25a60f0b59f103ebf782a31f94bb569d897a652a0bc1bd95c5cdc5521418b843,True,8.0,8.0,2.0600000000000023,-2.6737967914438503
25a60f0b59f103ebf782a31f94bb569d897a652a0bc1bd95c5cdc5521418b843,True,9.0,7.0,2.5600000000000023,-2.6737967914438503
f6856a3437439e58b35ad8fedba5c2f1cabd89bb5550dc0db11d0fd01247215d,False,8.0,0.0,-0.35999999999999943,-1.7825311942959001
25a60f0b59f103ebf782a31f94bb569d897a652a0bc1bd95c5cdc5521418b843,True,10.0,6.0,2.200000000000003,-2.6737967914438503
25a60f0b59f103ebf782a31f94bb569d897a652a0bc1bd95c5cdc5521418b843,True,10.0,6.0,0.8400000000000034,-2.6737967914438503
76fd1e2470419b464aa575afb0710800da330763a86d4deb65102df4412cfb61,False,4.0,5.0,3.4200000000000017,-0.7130124777183601
25a60f0b59f103ebf782a31f94bb569d897a652a0bc1bd95c5cdc5521418b843,True,8.0,8.0,0.8400000000000034,-2.6737967914438503
2a688dce9ee3f6910a66c8306e45a673347e6c2da97ca4f612e37eadc34f421f,False,9.0,2.0,-0.5600000000000023,-0.8912655971479501
97b28df35b811f0a5dba92060bfa9d60f1cc23fb3123298c2b14a461bea2df00,False,10.0,-5.0,-1.0200000000000031,1.0695187165775402
25a60f0b59f103ebf782a31f94bb569d897a652a0bc1bd95c5cdc5521418b843,True,8.0,8.0,1.6000000000000014,-2.6737967914438503
18e38dc4225a11e2a43c1a7abd32ddeea5ac0a0bcf35f6f5854fbf708e98f5ca,False,10.0,-2.0,1.3200000000000003,-1.0695187165775402
76fd1e2470419b464aa575afb0710800da330763a86d4deb65102df4412cfb61,False,8.0,1.0,2.539999999999999,-0.7130124777183601
25a60f0b59f103ebf782a31f94bb569d897a652a0bc1bd95c5cdc5521418b843,True,9.0,7.0,0.3200000000000003,-2.6737967914438503
25a60f0b59f103ebf782a31f94bb569d897a652a0bc1bd95c5cdc5521418b843,True,7.0,9.0,1.1400000000000006,-2.6737967914438503
25a60f0b59f103ebf782a31f94bb569d897a652a0bc1bd95c5cdc5521418b843,True,9.0,7.0,2.3200000000000003,-2.6737967914438503
25a60f0b59f103ebf782a31f94bb569d897a652a0bc1bd95c5cdc5521418b843,True,7.0,9.0,1.5200000000000031,-2.6737967914438503
25a60f0b59f103ebf782a31f94bb569d897a652a0bc1bd95c5cdc5521418b843,True,11.0,5.0,-1.0600000000000023,-2.6737967914438503
25a60f0b59f103ebf782a31f94bb569d897a652a0bc1bd95c5cdc5521418b843,True,10.0,6.0,0.8999999999999986,-2.6737967914438503
25a60f0b59f103ebf782a31f94bb569d897a652a0bc1bd95c5cdc5521418b843,True,8.0,8.0,1.6799999999999997,-2.6737967914438503
2a688dce9ee3f6910a66c8306e45a673347e6c2da97ca4f612e37eadc34f421f,False,11.0,0.0,0.5200000000000031,-0.8912655971479501
2a688dce9ee3f6910a66c8306e45a673347e6c2da97ca4f612e37eadc34f421f,False,7.0,4.0,1.5399999999999991,-0.8912655971479501
661a2f1f1c8be0f7325fe0b664192bfa46380843fe52b675bf11075e1c265699,False,3.0,2.0,3.2400000000000024,-0.8912655971479501
25a60f0b59f103ebf782a31f94bb569d897a652a0bc1bd95c5cdc5521418b843,True,8.0,8.0,2.259999999999998,-2.6737967914438503
25a60f0b59f103ebf782a31f94bb569d897a652a0bc1bd95c5cdc5521418b843,True,9.0,7.0,0.759999999999998,-2.6737967914438503
661a2f1f1c8be0f7325fe0b664192bfa46380843fe52b675bf11075e1c265699,False,8.0,-3.0,0.9600000000000009,-0.8912655971479501
661a2f1f1c8be0f7325fe0b664192bfa46380843fe52b675bf11075e1c265699,False,8.0,-3.0,-0.20000000000000284,-0.8912655971479501
76fd1e2470419b464aa575afb0710800da330763a86d4deb65102df4412cfb61,False,3.0,6.0,4.259999999999998,-0.7130124777183601
2a688dce9ee3f6910a66c8306e45a673347e6c2da97ca4f612e37eadc34f421f,False,9.0,2.0,0.9399999999999977,-0.8912655971479501
f6856a3437439e58b35ad8fedba5c2f1cabd89bb5550dc0db11d0fd01247215d,False,6.0,2.0,0.7800000000000011,-1.7825311942959001
25a60f0b59f103ebf782a31f94bb569d897a652a0bc1bd95c5cdc5521418b843,True,7.0,9.0,0.9799999999999969,-2.6737967914438503
25a60f0b59f103ebf782a31f94bb569d897a652a0bc1bd95c5cdc5521418b843,True,8.0,8.0,0.6000000000000014,-2.6737967914438503
25a60f0b59f103ebf782a31f94bb569d897a652a0bc1bd95c5cdc5521418b843,True,10.0,6.0,1.5799999999999983,-2.6737967914438503
25a60f0b59f103ebf782a31f94bb569d897a652a0bc1bd95c5cdc5521418b843,True,9.0,7.0,2.259999999999998,-2.6737967914438503
f6856a3437439e58b35ad8fedba5c2f1cabd89bb5550dc0db11d0fd01247215d,False,8.0,0.0,1.2000000000000028,-1.7825311942959001
25a60f0b59f103ebf782a31f94bb569d897a652a0bc1bd95c5cdc5521418b843,True,12.0,4.0,0.240000000000002,-2.6737967914438503
25a60f0b59f103ebf782a31f94bb569d897a652a0bc1bd95c5cdc5521418b843,True,7.0,9.0,2.3599999999999994,-2.6737967914438503
f6856a3437439e58b35ad8fedba5c2f1cabd89bb5550dc0db11d0fd01247215d,False,8.0,0.0,0.20000000000000284,-1.7825311942959001
25a60f0b59f103ebf782a31f94bb569d897a652a0bc1bd95c5cdc5521418b843,True,8.0,8.0,1.2999999999999972,-2.6737967914438503
25a60f0b59f103ebf782a31f94bb569d897a652a0bc1bd95c5cdc5521418b843,True,6.0,10.0,2.880000000000002,-2.6737967914438503
18e38dc4225a11e2a43c1a7abd32ddeea5ac0a0bcf35f6f5854fbf708e98f5ca,False,10.0,-2.0,-0.4399999999999977,-1.0695187165775402
25a60f0b59f103ebf782a31f94bb569d897a652a0bc1bd95c5cdc5521418b843,True,8.0,8.0,1.8200000000000003,-2.6737967914438503
ab90b43f348253a578dcb95935f52c00eb11253a5d50f45fb540cf45626d0620,False,10.0,-2.0,0.0,-0.7130124777183601
ab90b43f348253a578dcb95935f52c00eb11253a5d50f45fb540cf45626d0620,False,6.0,2.0,2.200000000000003,-0.7130124777183601
25a60f0b59f103ebf782a31f94bb569d897a652a0bc1bd95c5cdc5521418b843,True,9.0,7.0,1.8200000000000003,-2.6737967914438503
2a688dce9ee3f6910a66c8306e45a673347e6c2da97ca4f612e37eadc34f421f,False,10.0,1.0,0.10000000000000142,-0.8912655971479501
25a60f0b59f103ebf782a31f94bb569d897a652a0bc1bd95c5cdc5521418b843,True,7.0,9.0,2.3599999999999994,-2.6737967914438503
25a60f0b59f103ebf782a31f94bb569d897a652a0bc1bd95c5cdc5521418b843,True,8.0,8.0,2.1400000000000006,-2.6737967914438503
2a688dce9ee3f6910a66c8306e45a673347e6c2da97ca4f612e37eadc34f421f,False,6.0,5.0,2.0600000000000023,-0.8912655971479501
25a60f0b59f103ebf782a31f94bb569d897a652a0bc1bd95c5cdc5521418b843,True,10.0,6.0,1.4200000000000017,-2.6737967914438503
25a60f0b59f103ebf782a31f94bb569d897a652a0bc1bd95c5cdc5521418b843,True,6.0,10.0,2.3599999999999994,-2.6737967914438503
2a688dce9ee3f6910a66c8306e45a673347e6c2da97ca4f612e37eadc34f421f,False,7.0,4.0,0.7199999999999989,-0.8912655971479501
6b6f91ba62efae00f09fbbdb547009f73ef44ff90923e257225aa6c928379dbe,False,7.0,-1.0,2.299999999999997,1.0695187165775402
25a60f0b59f103ebf782a31f94bb569d897a652a0bc1bd95c5cdc5521418b843,True,11.0,5.0,1.2999999999999972,-2.6737967914438503
25a60f0b59f103ebf782a31f94bb569d897a652a0bc1bd95c5cdc5521418b843,True,5.0,11.0,3.0200000000000036,-2.6737967914438503
25a60f0b59f103ebf782a31f94bb569d897a652a0bc1bd95c5cdc5521418b843,True,12.0,4.0,0.6599999999999966,-2.6737967914438503
ab90b43f348253a578dcb95935f52c00eb11253a5d50f45fb540cf45626d0620,False,8.0,0.0,-0.35999999999999943,-0.7130124777183601
25a60f0b59f103ebf782a31f94bb569d897a652a0bc1bd95c5cdc5521418b843,True,8.0,8.0,2.1199999999999974,-2.6737967914438503
ff40caff9436adbf9bd38cd8dd2a07eed72cc198918166d6ec73cd19617b2ff6,False,11.0,-6.0,-0.4200000000000017,-1.0695187165775402
25a60f0b59f103ebf782a31f94bb569d897a652a0bc1bd95c5cdc5521418b843,True,10.0,6.0,2.479999999999997,-2.6737967914438503
18e38dc4225a11e2a43c1a7abd32ddeea5ac0a0bcf35f6f5854fbf708e98f5ca,False,9.0,-1.0,1.1599999999999966,-1.0695187165775402
25a60f0b59f103ebf782a31f94bb569d897a652a0bc1bd95c5cdc5521418b843,True,10.0,6.0,0.6599999999999966,-2.6737967914438503
25a60f0b59f103ebf782a31f94bb569d897a652a0bc1bd95c5cdc5521418b843,True,12.0,4.0,-0.5799999999999983,-2.6737967914438503
25a60f0b59f103ebf782a31f94bb569d897a652a0bc1bd95c5cdc5521418b843,True,11.0,5.0,-0.060000000000002274,-2.6737967914438503
25a60f0b59f103ebf782a31f94bb569d897a652a0bc1bd95c5cdc5521418b843,True,10.0,6.0,1.5399999999999991,-2.6737967914438503
25a60f0b59f103ebf782a31f94bb569d897a652a0bc1bd95c5cdc5521418b843,True,9.0,7.0,1.3599999999999994,-2.6737967914438503
25a60f0b59f103ebf782a31f94bb569d897a652a0bc1bd95c5cdc5521418b843,True,6.0,10.0,3.4399999999999977,-2.6737967914438503
25a60f0b59f103ebf782a31f94bb569d897a652a0bc1bd95c5cdc5521418b843,True,11.0,5.0,0.9399999999999977,-2.6737967914438503
25a60f0b59f103ebf782a31f94bb569d897a652a0bc1bd95c5cdc5521418b843,True,12.0,4.0,-1.1599999999999966,-2.6737967914438503
2a688dce9ee3f6910a66c8306e45a673347e6c2da97ca4f612e37eadc34f421f,False,6.0,5.0,2.460000000000001,-0.8912655971479501
25a60f0b59f103ebf782a31f94bb569d897a652a0bc1bd95c5cdc5521418b843,True,7.0,9.0,2.200000000000003,-2.6737967914438503
25a60f0b59f103ebf782a31f94bb569d897a652a0bc1bd95c5cdc5521418b843,True,6.0,10.0,1.0399999999999991,-2.6737967914438503
25a60f0b59f103ebf782a31f94bb569d897a652a0bc1bd95c5cdc5521418b843,True,8.0,8.0,2.5600000000000023,-2.6737967914438503
25a60f0b59f103ebf782a31f94bb569d897a652a0bc1bd95c5cdc5521418b843,True,9.0,7.0,1.0399999999999991,-2.6737967914438503
25a60f0b59f103ebf782a31f94bb569d897a652a0bc1bd95c5cdc5521418b843,True,7.0,9.0,1.3400000000000034,-2.6737967914438503
76fd1e2470419b464aa575afb0710800da330763a86d4deb65102df4412cfb61,False,7.0,2.0,1.7800000000000011,-0.7130124777183601
18e38dc4225a11e2a43c1a7abd32ddeea5ac0a0bcf35f6f5854fbf708e98f5ca,False,8.0,0.0,2.299999999999997,-1.0695187165775402
76fd1e2470419b464aa575afb0710800da330763a86d4deb65102df4412cfb61,False,5.0,4.0,2.1000000000000014,-0.7130124777183601
25a60f0b59f103ebf782a31f94bb569d897a652a0bc1bd95c5cdc5521418b843,True,5.0,11.0,2.899999999999999,-2.6737967914438503
25a60f0b59f103ebf782a31f94bb569d897a652a0bc1bd95c5cdc5521418b843,True,6.0,10.0,3.5399999999999987,-2.6737967914438503
2a688dce9ee3f6910a66c8306e45a673347e6c2da97ca4f612e37eadc34f421f,False,9.0,2.0,1.9799999999999969,-0.8912655971479501
25a60f0b59f103ebf782a31f94bb569d897a652a0bc1bd95c5cdc5521418b843,True,10.0,6.0,0.3999999999999986,-2.6737967914438503
25a60f0b59f103ebf782a31f94bb569d897a652a0bc1bd95c5cdc5521418b843,True,10.0,6.0,-0.6199999999999974,-2.6737967914438503
25a60f0b59f103ebf782a31f94bb569d897a652a0bc1bd95c5cdc5521418b843,True,13.0,3.0,-0.5399999999999991,-2.6737967914438503
25a60f0b59f103ebf782a31f94bb569d897a652a0bc1bd95c5cdc5521418b843,True,9.0,7.0,1.8999999999999986,-2.6737967914438503
18e38dc4225a11e2a43c1a7abd32ddeea5ac0a0bcf35f6f5854fbf708e98f5ca,False,6.0,2.0,2.3200000000000003,-1.0695187165775402
ab90b43f348253a578dcb95935f52c00eb11253a5d50f45fb540cf45626d0620,False,11.0,-3.0,-1.3400000000000034,-0.7130124777183601
25a60f0b59f103ebf782a31f94bb569d897a652a0bc1bd95c5cdc5521418b843,True,4.0,12.0,3.32,-2.6737967914438503
25a60f0b59f103ebf782a31f94bb569d897a652a0bc1bd95c5cdc5521418b843,True,6.0,10.0,2.1400000000000006,-2.6737967914438503
25a60f0b59f103ebf782a31f94bb569d897a652a0bc1bd95c5cdc5521418b843,True,9.0,7.0,1.8400000000000034,-2.6737967914438503
2a688dce9ee3f6910a66c8306e45a673347e6c2da97ca4f612e37eadc34f421f,False,8.0,3.0,1.2199999999999989,-0.8912655971479501
25a60f0b59f103ebf782a31f94bb569d897a652a0bc1bd95c5cdc5521418b843,True,11.0,5.0,0.11999999999999744,-2.6737967914438503
25a60f0b59f103ebf782a31f94bb569d897a652a0bc1bd95c5cdc5521418b843,True,9.0,7.0,2.9399999999999977,-2.6737967914438503
76fd1e2470419b464aa575afb0710800da330763a86d4deb65102df4412cfb61,False,6.0,3.0,2.1400000000000006,-0.7130124777183601
18e38dc4225a11e2a43c1a7abd32ddeea5ac0a0bcf35f6f5854fbf708e98f5ca,False,9.0,-1.0,1.3200000000000003,-1.0695187165775402
76fd1e2470419b464aa575afb0710800da330763a86d4deb65102df4412cfb61,False,6.0,3.0,2.0799999999999983,-0.7130124777183601
2a688dce9ee3f6910a66c8306e45a673347e6c2da97ca4f612e37eadc34f421f,False,7.0,4.0,1.3800000000000026,-0.8912655971479501
ab90b43f348253a578dcb95935f52c00eb11253a5d50f45fb540cf45626d0620,False,8.0,0.0,-0.259999999999998,-0.7130124777183601
25a60f0b59f103ebf782a31f94bb569d897a652a0bc1bd95c5cdc5521418b843,True,8.0,8.0,0.9799999999999969,-2.6737967914438503
25a60f0b59f103ebf782a31f94bb569d897a652a0bc1bd95c5cdc5521418b843,True,4.0,12.0,4.380000000000003,-2.6737967914438503
25a60f0b59f103ebf782a31f94bb569d897a652a0bc1bd95c5cdc5521418b843,True,12.0,4.0,1.3400000000000034,-2.6737967914438503
25a60f0b59f103ebf782a31f94bb569d897a652a0bc1bd95c5cdc5521418b843,True,9.0,7.0,-0.03999999999999915,-2.6737967914438503
25a60f0b59f103ebf782a31f94bb569d897a652a0bc1bd95c5cdc5521418b843,True,8.0,8.0,2.899999999999999,-2.6737967914438503
25a60f0b59f103ebf782a31f94bb569d897a652a0bc1bd95c5cdc5521418b843,True,6.0,10.0,2.8599999999999994,-2.6737967914438503
25a60f0b59f103ebf782a31f94bb569d897a652a0bc1bd95c5cdc5521418b843,True,8.0,8.0,0.8999999999999986,-2.6737967914438503
18e38dc4225a11e2a43c1a7abd32ddeea5ac0a0bcf35f6f5854fbf708e98f5ca,False,8.0,0.0,0.7199999999999989,-1.0695187165775402
25a60f0b59f103ebf782a31f94bb569d897a652a0bc1bd95c5cdc5521418b843,True,7.0,9.0,2.4200000000000017,-2.6737967914438503
25a60f0b59f103ebf782a31f94bb569d897a652a0bc1bd95c5cdc5521418b843,True,9.0,7.0,0.240000000000002,-2.6737967914438503
ab90b43f348253a578dcb95935f52c00eb11253a5d50f45fb540cf45626d0620,False,5.0,3.0,1.1000000000000014,-0.7130124777183601
25a60f0b59f103ebf782a31f94bb569d897a652a0bc1bd95c5cdc5521418b843,True,11.0,5.0,1.8800000000000026,-2.6737967914438503
25a60f0b59f103ebf782a31f94bb569d897a652a0bc1bd95c5cdc5521418b843,True,11.0,5.0,1.3400000000000034,-2.6737967914438503
25a60f0b59f103ebf782a31f94bb569d897a652a0bc1bd95c5cdc5521418b843,True,6.0,10.0,1.1199999999999974,-2.6737967914438503
25a60f0b59f103ebf782a31f94bb569d897a652a0bc1bd95c5cdc5521418b843,True,9.0,7.0,1.740000000000002,-2.6737967914438503
25a60f0b59f103ebf782a31f94bb569d897a652a0bc1bd95c5cdc5521418b843,True,9.0,7.0,0.5799999999999983,-2.6737967914438503
25a60f0b59f103ebf782a31f94bb569d897a652a0bc1bd95c5cdc5521418b843,True,9.0,7.0,1.0600000000000023,-2.6737967914438503
25a60f0b59f103ebf782a31f94bb569d897a652a0bc1bd95c5cdc5521418b843,True,9.0,7.0,0.8200000000000003,-2.6737967914438503
25a60f0b59f103ebf782a31f94bb569d897a652a0bc1bd95c5cdc5521418b843,True,6.0,10.0,2.7599999999999976,-2.6737967914438503
2a688dce9ee3f6910a66c8306e45a673347e6c2da97ca4f612e37eadc34f421f,False,8.0,3.0,1.759999999999998,-0.8912655971479501
76fd1e2470419b464aa575afb0710800da330763a86d4deb65102df4412cfb61,False,8.0,1.0,1.0,-0.7130124777183601
25a60f0b59f103ebf782a31f94bb569d897a652a0bc1bd95c5cdc5521418b843,True,11.0,5.0,1.5600000000000023,-2.6737967914438503
25a60f0b59f103ebf782a31f94bb569d897a652a0bc1bd95c5cdc5521418b843,True,8.0,8.0,1.3999999999999986,-2.6737967914438503
25a60f0b59f103ebf782a31f94bb569d897a652a0bc1bd95c5cdc5521418b843,True,10.0,6.0,1.1400000000000006,-2.6737967914438503
2a688dce9ee3f6910a66c8306e45a673347e6c2da97ca4f612e37eadc34f421f,False,10.0,1.0,-0.0799999999999983,-0.8912655971479501
25a60f0b59f103ebf782a31f94bb569d897a652a0bc1bd95c5cdc5521418b843,True,12.0,4.0,-0.21999999999999886,-2.6737967914438503
18e38dc4225a11e2a43c1a7abd32ddeea5ac0a0bcf35f6f5854fbf708e98f5ca,False,10.0,-2.0,0.6199999999999974,-1.0695187165775402
25a60f0b59f103ebf782a31f94bb569d897a652a0bc1bd95c5cdc5521418b843,True,7.0,9.0,2.299999999999997,-2.6737967914438503
25a60f0b59f103ebf782a31f94bb569d897a652a0bc1bd95c5cdc5521418b843,True,9.0,7.0,1.0,-2.6737967914438503
ab90b43f348253a578dcb95935f52c00eb11253a5d50f45fb540cf45626d0620,False,8.0,0.0,2.6400000000000006,-0.7130124777183601
25a60f0b59f103ebf782a31f94bb569d897a652a0bc1bd95c5cdc5521418b843,True,9.0,7.0,0.03999999999999915,-2.6737967914438503
25a60f0b59f103ebf782a31f94bb569d897a652a0bc1bd95c5cdc5521418b843,True,8.0,8.0,0.28000000000000114,-2.6737967914438503
