hybrid,uid,phase,subtask,transition,gold,base_ans,cand_ans,hyb_ans,eq_base,eq_cand,invalid,correct,c_base,c_cand,c_hyb,m,margin_hyb
control_noop_candidate_copy_loc,train:1029_2,RERANK,Egocentric,repair,A,C,A,A,False,True,False,True,-4.249999776482582,8.750000283122063,8.750000283122063,1.0,3.7500000447034836
control_noop_candidate_copy_loc,train:105_0,RERANK,Hypothetical,repair,C,B,C,C,False,True,False,True,-2.0000001043081284,1.4999998807907104,1.4999998807907104,1.0,0.5
control_noop_candidate_copy_loc,train:1073_2,RERANK,Egocentric,repair,A,B,A,A,False,True,False,True,-0.25,0.0,0.0,1.0,0.0
control_noop_candidate_copy_loc,train:1113_2,RERANK,Egocentric,repair,C,B,C,C,False,True,False,True,-1.7499999701976776,1.0000000298023224,1.0000000298023224,1.0,1.0000000298023224
control_noop_candidate_copy_loc,train:329_1,RERANK,Egocentric,repair,B,A,B,B,False,True,False,True,-0.25,1.75,1.75,1.0,1.75
control_noop_candidate_copy_loc,train:40_0,RERANK,Hypothetical,repair,D,C,D,D,False,True,False,True,0.0,0.7500000298023224,0.7500000298023224,1.0,0.7500000298023224
control_noop_candidate_copy_loc,train:427_0,RERANK,Allocentric,repair,A,C,A,A,False,True,False,True,-1.7499999850988388,1.4999999850988388,1.4999999850988388,1.0,1.4999999850988388
control_noop_candidate_copy_loc,train:589_2,RERANK,Egocentric,repair,B,C,B,B,False,True,False,True,-1.5000000149011612,7.749999854568159,7.749999854568159,1.0,7.749999854568159
control_noop_candidate_copy_loc,train:605_2,RERANK,Egocentric,repair,A,C,A,A,False,True,False,True,-3.7499999701976776,1.5,1.5,1.0,0.75
control_noop_candidate_copy_loc,train:610_2,RERANK,Egocentric,repair,A,B,A,A,False,True,False,True,-3.5000001192092896,4.249999970197678,4.249999970197678,1.0,3.4999999701976776
control_noop_candidate_copy_loc,train:1039_1,RERANK,Egocentric,regression,A,A,B,B,False,True,False,False,-1.2500000298023224,0.4999999701976776,0.4999999701976776,1.0,-0.4999999701976776
control_noop_candidate_copy_loc,train:466_0,RERANK,Allocentric,regression,A,A,B,B,False,True,False,False,-0.5,2.5000000596046448,2.5000000596046448,1.0,-2.5000000596046448
control_noop_candidate_copy_loc,train:1059_1,RERANK,Egocentric,both_wrong_diff,D,B,C,C,False,True,False,False,-2.750000022351742,2.7499999403953552,2.7499999403953552,1.0,-1.4999999403953552
control_noop_candidate_copy_loc,train:521_0,RERANK,Allocentric,both_wrong_diff,D,B,A,A,False,True,False,False,-2.9999998956918716,7.999999994499376,7.999999994499376,1.0,-9.249999994499376
control_noop_candidate_copy_loc,train:628_0,RERANK,Allocentric,both_wrong_diff,A,B,D,D,False,True,False,False,-0.24999994039535522,1.4999999403953552,1.4999999403953552,1.0,-6.499999940395355
control_noop_candidate_copy_loc,train:677_2,RERANK,Egocentric,both_wrong_diff,B,D,C,C,False,True,False,False,-0.5,3.999999925494194,3.999999925494194,1.0,-1.7500000447034836
control_noop_candidate_copy_loc,train:774_0,RERANK,Allocentric,both_wrong_diff,D,B,C,C,False,True,False,False,-2.0,0.5000000298023224,0.5000000298023224,1.0,-8.999999791383743
control_noop_candidate_copy_loc,train:91_0,RERANK,Hypothetical,both_wrong_diff,B,A,C,C,False,True,False,False,0.0,0.75,0.75,1.0,-1.5000001192092896
control_noop_candidate_copy_loc,train:1206_0,RERANK,Allocentric,both_correct,A,A,A,A,True,True,False,True,0.0,0.0,0.0,,2.7500001043081284
control_noop_candidate_copy_loc,train:442_0,RERANK,Allocentric,both_correct,D,D,D,D,True,True,False,True,0.0,0.0,0.0,,0.4999999403953552
control_noop_candidate_copy_loc,train:711_1,RERANK,Egocentric,both_correct,A,A,A,A,True,True,False,True,0.0,0.0,0.0,,1.4999999552965164
control_noop_candidate_copy_loc,train:629_1,RERANK,Egocentric,both_correct,B,B,B,B,True,True,False,True,0.0,0.0,0.0,,7.24999996740371
control_noop_candidate_copy_loc,train:823_2,RERANK,Egocentric,both_correct,C,C,C,C,True,True,False,True,0.0,0.0,0.0,,9.500000123931386
control_noop_candidate_copy_loc,train:996_1,RERANK,Egocentric,both_correct,B,B,B,B,True,True,False,True,0.0,0.0,0.0,,5.250000011175871
control_noop_candidate_copy_loc,train:1097_0,RERANK,Allocentric,both_wrong_same,B,D,D,D,True,True,False,False,0.0,0.0,0.0,,-14.375000127358362
control_noop_candidate_copy_loc,train:406_0,RERANK,Allocentric,both_wrong_same,D,B,B,B,True,True,False,False,0.0,0.0,0.0,,-10.500000154599547
control_noop_candidate_copy_loc,train:1102_0,RERANK,Allocentric,both_wrong_same,D,A,A,A,True,True,False,False,0.0,0.0,0.0,,-6.749999910593033
control_noop_candidate_copy_loc,train:394_1,RERANK,Egocentric,both_wrong_same,B,C,C,C,True,True,False,False,0.0,0.0,0.0,,-15.000000021216692
control_noop_candidate_copy_loc,train:956_2,RERANK,Egocentric,both_wrong_same,D,C,C,C,True,True,False,False,0.0,0.0,0.0,,-13.750000000409273
control_noop_candidate_copy_loc,train:298_2,RERANK,Egocentric,both_wrong_same,C,B,B,B,True,True,False,False,0.0,0.0,0.0,,-1.4999999552965164
control_noop_candidate_copy_loc,test:10_0,TEST,Allocentric,repair,D,C,D,D,False,True,False,True,-0.7499999403953552,0.7500000596046448,0.7500000596046448,1.0,0.7500000596046448
control_noop_candidate_copy_loc,test:193_0,TEST,Hypothetical,repair,A,C,A,A,False,True,False,True,-0.5,0.0,0.0,1.0,0.0
control_noop_candidate_copy_loc,test:207_0,TEST,Hypothetical,repair,C,B,C,C,False,True,False,True,-0.9999999701976776,0.4999999403953552,0.4999999403953552,1.0,0.4999999403953552
control_noop_candidate_copy_loc,test:238_0,TEST,Hypothetical,repair,D,B,D,D,False,True,False,True,-0.25,2.4999999031424522,2.4999999031424522,1.0,2.4999999031424522
control_noop_candidate_copy_loc,test:245_0,TEST,Hypothetical,repair,D,A,D,D,False,True,False,True,-2.7499999031424522,1.7499999850988388,1.7499999850988388,1.0,1.7499999850988388
control_noop_candidate_copy_loc,test:304_0,TEST,Allocentric,repair,C,B,C,C,False,True,False,True,-0.25,1.4999999403953552,1.4999999403953552,1.0,1.4999999403953552
control_noop_candidate_copy_loc,test:335_0,TEST,Allocentric,repair,C,A,C,C,False,True,False,True,-2.9999998956918716,2.250000022351742,2.250000022351742,1.0,2.250000022351742
control_noop_candidate_copy_loc,test:346_0,TEST,Allocentric,repair,D,B,D,D,False,True,False,True,0.0,2.250000074505806,2.250000074505806,1.0,2.250000074505806
control_noop_candidate_copy_loc,test:379_0,TEST,Allocentric,repair,A,B,A,A,False,True,False,True,-1.2500000298023224,0.25,0.25,1.0,0.25
control_noop_candidate_copy_loc,test:483_0,TEST,Egocentric,repair,C,B,C,C,False,True,False,True,0.0,1.4999999701976776,1.4999999701976776,1.0,1.4999999701976776
control_noop_candidate_copy_loc,test:8_0,TEST,Allocentric,repair,D,B,D,D,False,True,False,True,-1.0000000298023224,0.9999999701976776,0.9999999701976776,1.0,0.9999999701976776
control_noop_candidate_copy_loc,test:92_0,TEST,Allocentric,repair,A,B,A,A,False,True,False,True,-0.9999999403953552,0.25,0.25,1.0,0.25
control_noop_candidate_copy_loc,test:141_0,TEST,Allocentric,regression,D,D,A,A,False,True,False,False,-3.0000000596046448,6.000000102445483,6.000000102445483,1.0,-6.000000102445483
control_noop_candidate_copy_loc,test:156_0,TEST,Allocentric,regression,D,D,B,B,False,True,False,False,-2.000000074505806,1.7500000149011612,1.7500000149011612,1.0,-1.7500000149011612
control_noop_candidate_copy_loc,test:159_0,TEST,Allocentric,regression,C,C,A,A,False,True,False,False,-2.500000111758709,2.2499999552965164,2.2499999552965164,1.0,-2.2499999552965164
control_noop_candidate_copy_loc,test:177_0,TEST,Hypothetical,regression,D,D,B,B,False,True,False,False,-0.25,1.0,1.0,1.0,-1.0
control_noop_candidate_copy_loc,test:225_0,TEST,Hypothetical,regression,A,A,C,C,False,True,False,False,-2.4999999031424522,0.7500000596046448,0.7500000596046448,1.0,-0.7500000596046448
control_noop_candidate_copy_loc,test:31_0,TEST,Allocentric,regression,C,C,A,A,False,True,False,False,-1.2500000596046448,0.0,0.0,1.0,0.0
control_noop_candidate_copy_loc,test:33_0,TEST,Allocentric,regression,A,A,C,C,False,True,False,False,0.0,5.500000204890966,5.500000204890966,1.0,-5.500000204890966
control_noop_candidate_copy_loc,test:369_0,TEST,Allocentric,regression,A,A,D,D,False,True,False,False,-0.5,1.5000000298023224,1.5000000298023224,1.0,-1.5000000298023224
control_noop_candidate_copy_loc,test:371_0,TEST,Allocentric,regression,B,B,D,D,False,True,False,False,-0.5,1.2500000298023224,1.2500000298023224,1.0,-1.2500000298023224
control_noop_candidate_copy_loc,test:385_0,TEST,Allocentric,regression,B,B,D,D,False,True,False,False,-0.4999999701976776,1.2499999701976776,1.2499999701976776,1.0,-1.2499999701976776
control_noop_candidate_copy_loc,test:394_0,TEST,Allocentric,regression,C,C,D,D,False,True,False,False,0.0,9.249999527848559,9.249999527848559,1.0,-9.249999527848559
control_noop_candidate_copy_loc,test:399_0,TEST,Allocentric,regression,B,B,A,A,False,True,False,False,-0.75,1.2499999403953552,1.2499999403953552,1.0,-1.2499999403953552
control_noop_candidate_copy_loc,test:416_0,TEST,Allocentric,regression,B,B,A,A,False,True,False,False,-0.5,1.0000000596046448,1.0000000596046448,1.0,-1.0000000596046448
control_noop_candidate_copy_loc,test:470_0,TEST,Egocentric,regression,A,A,B,B,False,True,False,False,-1.25,3.7500000093132257,3.7500000093132257,1.0,-3.7500000093132257
control_noop_candidate_copy_loc,test:504_0,TEST,Egocentric,regression,B,B,A,A,False,True,False,False,-0.5,3.4999999310821295,3.4999999310821295,1.0,-3.4999999310821295
control_noop_candidate_copy_loc,test:509_0,TEST,Egocentric,regression,B,B,C,C,False,True,False,False,-2.749999910593033,0.9999999701976776,0.9999999701976776,1.0,-0.9999999701976776
control_noop_candidate_copy_loc,test:515_0,TEST,Egocentric,regression,A,A,B,B,False,True,False,False,-4.499999850988388,1.25,1.25,1.0,-1.25
control_noop_candidate_copy_loc,test:56_0,TEST,Allocentric,regression,A,A,B,B,False,True,False,False,-0.7500000298023224,0.5,0.5,1.0,-0.5
control_noop_candidate_copy_loc,test:69_0,TEST,Allocentric,regression,D,D,B,B,False,True,False,False,-1.4999999403953552,1.4999999850988388,1.4999999850988388,1.0,-1.4999999850988388
control_noop_candidate_copy_loc,test:127_0,TEST,Allocentric,both_wrong_diff,D,B,C,C,False,True,False,False,-0.5000000596046448,1.75,1.75,1.0,-2.2500001192092896
control_noop_candidate_copy_loc,test:223_0,TEST,Hypothetical,both_wrong_diff,B,A,C,C,False,True,False,False,-5.8750001564621925,0.5,0.5,1.0,-4.75
control_noop_candidate_copy_loc,test:23_0,TEST,Allocentric,both_wrong_diff,C,A,B,B,False,True,False,False,-0.25,3.4999999701976776,3.4999999701976776,1.0,-2.7499999701976776
control_noop_candidate_copy_loc,test:258_0,TEST,Allocentric,both_wrong_diff,B,A,D,D,False,True,False,False,0.0,1.7500000447034836,1.7500000447034836,1.0,-10.749999925494194
control_noop_candidate_copy_loc,test:338_0,TEST,Allocentric,both_wrong_diff,C,B,A,A,False,True,False,False,-1.0,0.5,0.5,1.0,0.0
control_noop_candidate_copy_loc,test:345_0,TEST,Allocentric,both_wrong_diff,A,D,B,B,False,True,False,False,-1.0,0.0,0.0,1.0,-2.5000000596046448
control_noop_candidate_copy_loc,test:350_0,TEST,Allocentric,both_wrong_diff,D,C,B,B,False,True,False,False,-2.25,1.0000000298023224,1.0000000298023224,1.0,-3.499999910593033
control_noop_candidate_copy_loc,test:418_0,TEST,Allocentric,both_wrong_diff,D,B,C,C,False,True,False,False,-0.25,0.5,0.5,1.0,-5.25
control_noop_candidate_copy_loc,test:492_0,TEST,Egocentric,both_wrong_diff,D,A,C,C,False,True,False,False,-4.500000226311386,0.5,0.5,1.0,-4.5000001192092896
control_noop_candidate_copy_loc,test:85_0,TEST,Allocentric,both_wrong_diff,A,B,C,C,False,True,False,False,-2.499999925494194,0.25,0.25,1.0,-13.499999821186066
control_noop_candidate_copy_loc,test:3_0,TEST,Allocentric,both_correct,D,D,D,D,True,True,False,True,0.0,0.0,0.0,,7.250000133179128
control_noop_candidate_copy_loc,test:362_0,TEST,Allocentric,both_correct,B,B,B,B,True,True,False,True,0.0,0.0,0.0,,6.250000203959644
control_noop_candidate_copy_loc,test:47_0,TEST,Allocentric,both_correct,B,B,B,B,True,True,False,True,0.0,0.0,0.0,,3.2499999590218067
control_noop_candidate_copy_loc,test:36_0,TEST,Allocentric,both_correct,C,C,C,C,True,True,False,True,0.0,0.0,0.0,,1.75
control_noop_candidate_copy_loc,test:547_0,TEST,Egocentric,both_correct,A,A,A,A,True,True,False,True,0.0,0.0,0.0,,12.999999642374632
control_noop_candidate_copy_loc,test:211_0,TEST,Hypothetical,both_correct,C,C,C,C,True,True,False,True,0.0,0.0,0.0,,11.999999880813903
control_noop_candidate_copy_loc,test:39_0,TEST,Allocentric,both_wrong_same,C,B,B,B,True,True,False,False,0.0,0.0,0.0,,-0.25
control_noop_candidate_copy_loc,test:76_0,TEST,Allocentric,both_wrong_same,A,C,C,C,True,True,False,False,0.0,0.0,0.0,,-7.000000178813934
control_noop_candidate_copy_loc,test:377_0,TEST,Allocentric,both_wrong_same,D,B,B,B,True,True,False,False,0.0,0.0,0.0,,-6.500000185798854
control_noop_candidate_copy_loc,test:376_0,TEST,Allocentric,both_wrong_same,B,C,C,C,True,True,False,False,0.0,0.0,0.0,,-13.49999976340041
control_noop_candidate_copy_loc,test:94_0,TEST,Allocentric,both_wrong_same,A,D,D,D,True,True,False,False,0.0,0.0,0.0,,-12.50000011921611
control_noop_candidate_copy_loc,test:497_0,TEST,Egocentric,both_wrong_same,A,D,D,D,True,True,False,False,0.0,0.0,0.0,,-4.000000171363354
control_reset_base_loc,train:1029_2,RERANK,Egocentric,repair,A,C,A,C,True,False,False,False,-4.249999776482582,8.750000283122063,-4.249999776482582,0.0,-4.249999776482582
control_reset_base_loc,train:105_0,RERANK,Hypothetical,repair,C,B,C,B,True,False,False,False,-2.0000001043081284,1.4999998807907104,-2.0000001043081284,0.0,-2.0000001043081284
control_reset_base_loc,train:1073_2,RERANK,Egocentric,repair,A,B,A,B,True,False,False,False,-0.25,0.0,-0.25,0.0,-0.25
control_reset_base_loc,train:1113_2,RERANK,Egocentric,repair,C,B,C,B,True,False,False,False,-1.7499999701976776,1.0000000298023224,-1.7499999701976776,0.0,-1.7499999701976776
control_reset_base_loc,train:329_1,RERANK,Egocentric,repair,B,A,B,A,True,False,False,False,-0.25,1.75,-0.25,0.0,-0.25
control_reset_base_loc,train:40_0,RERANK,Hypothetical,repair,D,C,D,C,True,False,False,False,0.0,0.7500000298023224,0.0,0.0,0.0
control_reset_base_loc,train:427_0,RERANK,Allocentric,repair,A,C,A,C,True,False,False,False,-1.7499999850988388,1.4999999850988388,-1.7499999850988388,0.0,-1.7499999850988388
control_reset_base_loc,train:589_2,RERANK,Egocentric,repair,B,C,B,C,True,False,False,False,-1.5000000149011612,7.749999854568159,-1.5000000149011612,0.0,-1.5000000149011612
control_reset_base_loc,train:605_2,RERANK,Egocentric,repair,A,C,A,C,True,False,False,False,-3.7499999701976776,1.5,-3.7499999701976776,0.0,-3.7499999701976776
control_reset_base_loc,train:610_2,RERANK,Egocentric,repair,A,B,A,B,True,False,False,False,-3.5000001192092896,4.249999970197678,-3.5000001192092896,0.0,-3.5000001192092896
control_reset_base_loc,train:1039_1,RERANK,Egocentric,regression,A,A,B,A,True,False,False,True,-1.2500000298023224,0.4999999701976776,-1.2500000298023224,0.0,1.2500000298023224
control_reset_base_loc,train:466_0,RERANK,Allocentric,regression,A,A,B,A,True,False,False,True,-0.5,2.5000000596046448,-0.5,0.0,0.5
control_reset_base_loc,train:1059_1,RERANK,Egocentric,both_wrong_diff,D,B,C,B,True,False,False,False,-2.750000022351742,2.7499999403953552,-2.750000022351742,0.0,-3.000000022351742
control_reset_base_loc,train:521_0,RERANK,Allocentric,both_wrong_diff,D,B,A,B,True,False,False,False,-2.9999998956918716,7.999999994499376,-2.9999998956918716,0.0,-3.7499998956918716
control_reset_base_loc,train:628_0,RERANK,Allocentric,both_wrong_diff,A,B,D,B,True,False,False,False,-0.24999994039535522,1.4999999403953552,-0.24999994039535522,0.0,-5.374999940395355
control_reset_base_loc,train:677_2,RERANK,Egocentric,both_wrong_diff,B,D,C,D,True,False,False,False,-0.5,3.999999925494194,-0.5,0.0,-3.7500001788139343
control_reset_base_loc,train:774_0,RERANK,Allocentric,both_wrong_diff,D,B,C,B,True,False,False,False,-2.0,0.5000000298023224,-2.0,0.0,-7.499999761581421
control_reset_base_loc,train:91_0,RERANK,Hypothetical,both_wrong_diff,B,A,C,A,True,False,False,False,0.0,0.75,0.0,0.0,-0.25
control_reset_base_loc,train:1206_0,RERANK,Allocentric,both_correct,A,A,A,A,True,True,False,True,0.0,0.0,0.0,,3.7500000558793545
control_reset_base_loc,train:442_0,RERANK,Allocentric,both_correct,D,D,D,D,True,True,False,True,0.0,0.0,0.0,,0.7499999701976776
control_reset_base_loc,train:711_1,RERANK,Egocentric,both_correct,A,A,A,A,True,True,False,True,0.0,0.0,0.0,,0.0
control_reset_base_loc,train:629_1,RERANK,Egocentric,both_correct,B,B,B,B,True,True,False,True,0.0,0.0,0.0,,7.6250000629224814
control_reset_base_loc,train:823_2,RERANK,Egocentric,both_correct,C,C,C,C,True,True,False,True,0.0,0.0,0.0,,5.500000072643161
control_reset_base_loc,train:996_1,RERANK,Egocentric,both_correct,B,B,B,B,True,True,False,True,0.0,0.0,0.0,,2.9999998807907104
control_reset_base_loc,train:1097_0,RERANK,Allocentric,both_wrong_same,B,D,D,D,True,True,False,False,0.0,0.0,0.0,,-11.249999805062544
control_reset_base_loc,train:406_0,RERANK,Allocentric,both_wrong_same,D,B,B,B,True,True,False,False,0.0,0.0,0.0,,-6.749999821186066
control_reset_base_loc,train:1102_0,RERANK,Allocentric,both_wrong_same,D,A,A,A,True,True,False,False,0.0,0.0,0.0,,-5.250000089406967
control_reset_base_loc,train:394_1,RERANK,Egocentric,both_wrong_same,B,C,C,C,True,True,False,False,0.0,0.0,0.0,,-11.624999820254743
control_reset_base_loc,train:956_2,RERANK,Egocentric,both_wrong_same,D,C,C,C,True,True,False,False,0.0,0.0,0.0,,-8.500000173284207
control_reset_base_loc,train:298_2,RERANK,Egocentric,both_wrong_same,C,B,B,B,True,True,False,False,0.0,0.0,0.0,,-4.499999816529453
control_reset_base_loc,test:10_0,TEST,Allocentric,repair,D,C,D,C,True,False,False,False,-0.7499999403953552,0.7500000596046448,-0.7499999403953552,0.0,-0.7499999403953552
control_reset_base_loc,test:193_0,TEST,Hypothetical,repair,A,C,A,C,True,False,False,False,-0.5,0.0,-0.5,0.0,-0.5
control_reset_base_loc,test:207_0,TEST,Hypothetical,repair,C,B,C,B,True,False,False,False,-0.9999999701976776,0.4999999403953552,-0.9999999701976776,0.0,-0.9999999701976776
control_reset_base_loc,test:238_0,TEST,Hypothetical,repair,D,B,D,B,True,False,False,False,-0.25,2.4999999031424522,-0.25,0.0,-0.25
control_reset_base_loc,test:245_0,TEST,Hypothetical,repair,D,A,D,A,True,False,False,False,-2.7499999031424522,1.7499999850988388,-2.7499999031424522,0.0,-2.7499999031424522
control_reset_base_loc,test:304_0,TEST,Allocentric,repair,C,B,C,B,True,False,False,False,-0.25,1.4999999403953552,-0.25,0.0,-0.25
control_reset_base_loc,test:335_0,TEST,Allocentric,repair,C,A,C,A,True,False,False,False,-2.9999998956918716,2.250000022351742,-2.9999998956918716,0.0,-2.9999998956918716
control_reset_base_loc,test:346_0,TEST,Allocentric,repair,D,B,D,B,True,False,False,False,0.0,2.250000074505806,0.0,0.0,0.0
control_reset_base_loc,test:379_0,TEST,Allocentric,repair,A,B,A,B,True,False,False,False,-1.2500000298023224,0.25,-1.2500000298023224,0.0,-1.2500000298023224
control_reset_base_loc,test:483_0,TEST,Egocentric,repair,C,B,C,B,True,False,False,False,0.0,1.4999999701976776,0.0,0.0,0.0
control_reset_base_loc,test:8_0,TEST,Allocentric,repair,D,B,D,B,True,False,False,False,-1.0000000298023224,0.9999999701976776,-1.0000000298023224,0.0,-1.0000000298023224
control_reset_base_loc,test:92_0,TEST,Allocentric,repair,A,B,A,B,True,False,False,False,-0.9999999403953552,0.25,-0.9999999403953552,0.0,-0.9999999403953552
control_reset_base_loc,test:141_0,TEST,Allocentric,regression,D,D,A,D,True,False,False,True,-3.0000000596046448,6.000000102445483,-3.0000000596046448,0.0,3.0000000596046448
control_reset_base_loc,test:156_0,TEST,Allocentric,regression,D,D,B,D,True,False,False,True,-2.000000074505806,1.7500000149011612,-2.000000074505806,0.0,2.000000074505806
control_reset_base_loc,test:159_0,TEST,Allocentric,regression,C,C,A,C,True,False,False,True,-2.500000111758709,2.2499999552965164,-2.500000111758709,0.0,2.500000111758709
control_reset_base_loc,test:177_0,TEST,Hypothetical,regression,D,D,B,D,True,False,False,True,-0.25,1.0,-0.25,0.0,0.25
control_reset_base_loc,test:225_0,TEST,Hypothetical,regression,A,A,C,A,True,False,False,True,-2.4999999031424522,0.7500000596046448,-2.4999999031424522,0.0,2.4999999031424522
control_reset_base_loc,test:31_0,TEST,Allocentric,regression,C,C,A,C,True,False,False,True,-1.2500000596046448,0.0,-1.2500000596046448,0.0,1.2500000596046448
control_reset_base_loc,test:33_0,TEST,Allocentric,regression,A,A,C,A,True,False,False,True,0.0,5.500000204890966,0.0,0.0,0.0
control_reset_base_loc,test:369_0,TEST,Allocentric,regression,A,A,D,A,True,False,False,True,-0.5,1.5000000298023224,-0.5,0.0,0.5
control_reset_base_loc,test:371_0,TEST,Allocentric,regression,B,B,D,B,True,False,False,True,-0.5,1.2500000298023224,-0.5,0.0,0.5
control_reset_base_loc,test:385_0,TEST,Allocentric,regression,B,B,D,B,True,False,False,True,-0.4999999701976776,1.2499999701976776,-0.4999999701976776,0.0,0.4999999701976776
control_reset_base_loc,test:394_0,TEST,Allocentric,regression,C,C,D,C,True,False,False,True,0.0,9.249999527848559,0.0,0.0,0.0
control_reset_base_loc,test:399_0,TEST,Allocentric,regression,B,B,A,B,True,False,False,True,-0.75,1.2499999403953552,-0.75,0.0,0.75
control_reset_base_loc,test:416_0,TEST,Allocentric,regression,B,B,A,B,True,False,False,True,-0.5,1.0000000596046448,-0.5,0.0,0.5
control_reset_base_loc,test:470_0,TEST,Egocentric,regression,A,A,B,A,True,False,False,True,-1.25,3.7500000093132257,-1.25,0.0,1.25
control_reset_base_loc,test:504_0,TEST,Egocentric,regression,B,B,A,B,True,False,False,True,-0.5,3.4999999310821295,-0.5,0.0,0.5
control_reset_base_loc,test:509_0,TEST,Egocentric,regression,B,B,C,B,True,False,False,True,-2.749999910593033,0.9999999701976776,-2.749999910593033,0.0,2.749999910593033
control_reset_base_loc,test:515_0,TEST,Egocentric,regression,A,A,B,A,True,False,False,True,-4.499999850988388,1.25,-4.499999850988388,0.0,0.9999999701976776
control_reset_base_loc,test:56_0,TEST,Allocentric,regression,A,A,B,A,True,False,False,True,-0.7500000298023224,0.5,-0.7500000298023224,0.0,0.7500000298023224
control_reset_base_loc,test:69_0,TEST,Allocentric,regression,D,D,B,D,True,False,False,True,-1.4999999403953552,1.4999999850988388,-1.4999999403953552,0.0,1.4999999403953552
control_reset_base_loc,test:127_0,TEST,Allocentric,both_wrong_diff,D,B,C,B,True,False,False,False,-0.5000000596046448,1.75,-0.5000000596046448,0.0,-1.5000000596046448
control_reset_base_loc,test:223_0,TEST,Hypothetical,both_wrong_diff,B,A,C,A,True,False,False,False,-5.8750001564621925,0.5,-5.8750001564621925,0.0,-5.3750001564621925
control_reset_base_loc,test:23_0,TEST,Allocentric,both_wrong_diff,C,A,B,A,True,False,False,False,-0.25,3.4999999701976776,-0.25,0.0,-0.25
control_reset_base_loc,test:258_0,TEST,Allocentric,both_wrong_diff,B,A,D,A,True,False,False,False,0.0,1.7500000447034836,0.0,0.0,-6.250000178813934
control_reset_base_loc,test:338_0,TEST,Allocentric,both_wrong_diff,C,B,A,B,True,False,False,False,-1.0,0.5,-1.0,0.0,-0.25
control_reset_base_loc,test:345_0,TEST,Allocentric,both_wrong_diff,A,D,B,D,True,False,False,False,-1.0,0.0,-1.0,0.0,-2.2499998807907104
control_reset_base_loc,test:350_0,TEST,Allocentric,both_wrong_diff,D,C,B,C,True,False,False,False,-2.25,1.0000000298023224,-2.25,0.0,-2.75
control_reset_base_loc,test:418_0,TEST,Allocentric,both_wrong_diff,D,B,C,B,True,False,False,False,-0.25,0.5,-0.25,0.0,-4.0000001192092896
control_reset_base_loc,test:492_0,TEST,Egocentric,both_wrong_diff,D,A,C,A,True,False,False,False,-4.500000226311386,0.5,-4.500000226311386,0.0,-7.500000226311386
control_reset_base_loc,test:85_0,TEST,Allocentric,both_wrong_diff,A,B,C,B,True,False,False,False,-2.499999925494194,0.25,-2.499999925494194,0.0,-10.499999687075615
control_reset_base_loc,test:3_0,TEST,Allocentric,both_correct,D,D,D,D,True,True,False,True,0.0,0.0,0.0,,4.500000199303031
control_reset_base_loc,test:362_0,TEST,Allocentric,both_correct,B,B,B,B,True,True,False,True,0.0,0.0,0.0,,1.5
control_reset_base_loc,test:47_0,TEST,Allocentric,both_correct,B,B,B,B,True,True,False,True,0.0,0.0,0.0,,2.2499999403953552
control_reset_base_loc,test:36_0,TEST,Allocentric,both_correct,C,C,C,C,True,True,False,True,0.0,0.0,0.0,,2.9999999664723873
control_reset_base_loc,test:547_0,TEST,Egocentric,both_correct,A,A,A,A,True,True,False,True,0.0,0.0,0.0,,11.749999761612344
control_reset_base_loc,test:211_0,TEST,Hypothetical,both_correct,C,C,C,C,True,True,False,True,0.0,0.0,0.0,,10.875000000240107
control_reset_base_loc,test:39_0,TEST,Allocentric,both_wrong_same,C,B,B,B,True,True,False,False,0.0,0.0,0.0,,-2.2499999403953552
control_reset_base_loc,test:76_0,TEST,Allocentric,both_wrong_same,A,C,C,C,True,True,False,False,0.0,0.0,0.0,,-7.875000476837158
control_reset_base_loc,test:377_0,TEST,Allocentric,both_wrong_same,D,B,B,B,True,True,False,False,0.0,0.0,0.0,,-6.249999783700332
control_reset_base_loc,test:376_0,TEST,Allocentric,both_wrong_same,B,C,C,C,True,True,False,False,0.0,0.0,0.0,,-2.500000014901161
control_reset_base_loc,test:94_0,TEST,Allocentric,both_wrong_same,A,D,D,D,True,True,False,False,0.0,0.0,0.0,,-12.749999880795258
control_reset_base_loc,test:497_0,TEST,Egocentric,both_wrong_same,A,D,D,D,True,True,False,False,0.0,0.0,0.0,,-0.24999994039535522
removal_vision_loc,train:1029_2,RERANK,Egocentric,repair,A,C,A,A,False,True,False,True,-4.249999776482582,8.750000283122063,7.999999682651833,0.9423076463821924,6.250000159488991
removal_vision_loc,train:105_0,RERANK,Hypothetical,repair,C,B,C,C,False,True,False,True,-2.0000001043081284,1.4999998807907104,0.25,0.6428571753964134,0.25
removal_vision_loc,train:1073_2,RERANK,Egocentric,repair,A,B,A,A,False,True,False,True,-0.25,0.0,1.4999999701976776,6.9999998807907104,1.4999999701976776
removal_vision_loc,train:1113_2,RERANK,Egocentric,repair,C,B,C,C,False,True,False,True,-1.7499999701976776,1.0000000298023224,1.4999999403953552,1.1818181493065574,1.4999999403953552
removal_vision_loc,train:329_1,RERANK,Egocentric,repair,B,A,B,B,False,True,False,True,-0.25,1.75,1.5,0.875,1.5
removal_vision_loc,train:40_0,RERANK,Hypothetical,repair,D,C,D,C,True,False,False,False,0.0,0.7500000298023224,0.0,0.0,0.0
removal_vision_loc,train:427_0,RERANK,Allocentric,repair,A,C,A,A,False,True,False,True,-1.7499999850988388,1.4999999850988388,1.7500000596046448,1.0769231005533209,1.7500000596046448
removal_vision_loc,train:589_2,RERANK,Egocentric,repair,B,C,B,B,False,True,False,True,-1.5000000149011612,7.749999854568159,2.7500000670552254,0.4594594748032372,2.7500000670552254
removal_vision_loc,train:605_2,RERANK,Egocentric,repair,A,C,A,C,True,False,False,False,-3.7499999701976776,1.5,-0.5000000596046448,0.6190476055318265,-0.5000000596046448
removal_vision_loc,train:610_2,RERANK,Egocentric,repair,A,B,A,A,False,True,False,True,-3.5000001192092896,4.249999970197678,2.0000000596046448,0.7096774342404938,2.0000000596046448
removal_vision_loc,train:1039_1,RERANK,Egocentric,regression,A,A,B,A,True,False,False,True,-1.2500000298023224,0.4999999701976776,0.0,0.7142857313156128,0.0
removal_vision_loc,train:466_0,RERANK,Allocentric,regression,A,A,B,C,False,False,False,False,-0.5,2.5000000596046448,0.75,0.41666665838824396,-2.0000000298023224
removal_vision_loc,train:1059_1,RERANK,Egocentric,both_wrong_diff,D,B,C,C,False,True,False,False,-2.750000022351742,2.7499999403953552,4.7500001192092896,1.36363639861099,-1.75
removal_vision_loc,train:521_0,RERANK,Allocentric,both_wrong_diff,D,B,A,A,False,True,False,False,-2.9999998956918716,7.999999994499376,6.250000172527507,0.8409091055053235,-8.250000172527507
removal_vision_loc,train:628_0,RERANK,Allocentric,both_wrong_diff,A,B,D,C,False,False,False,False,-0.24999994039535522,1.4999999403953552,1.2500000596046448,0.8571429155310846,-5.499999821186066
removal_vision_loc,train:677_2,RERANK,Egocentric,both_wrong_diff,B,D,C,B,False,False,False,True,-0.5,3.999999925494194,1.75,0.5000000082784231,0.7500000596046448
removal_vision_loc,train:774_0,RERANK,Allocentric,both_wrong_diff,D,B,C,C,False,True,False,False,-2.0,0.5000000298023224,0.5,0.9999999880790712,-7.750000298023224
removal_vision_loc,train:91_0,RERANK,Hypothetical,both_wrong_diff,B,A,C,C,False,True,False,False,0.0,0.75,1.0000000596046448,1.333333412806193,-1.5000000596046448
removal_vision_loc,train:1206_0,RERANK,Allocentric,both_correct,A,A,A,A,True,True,False,True,0.0,0.0,0.0,,3.2499999292194843
removal_vision_loc,train:442_0,RERANK,Allocentric,both_correct,D,D,D,D,True,True,False,True,0.0,0.0,0.0,,1.7500000298023224
removal_vision_loc,train:711_1,RERANK,Egocentric,both_correct,A,A,A,A,True,True,False,True,0.0,0.0,0.0,,0.25
removal_vision_loc,train:629_1,RERANK,Egocentric,both_correct,B,B,B,B,True,True,False,True,0.0,0.0,0.0,,8.24999999179272
removal_vision_loc,train:823_2,RERANK,Egocentric,both_correct,C,C,C,C,True,True,False,True,0.0,0.0,0.0,,9.250000244937837
removal_vision_loc,train:996_1,RERANK,Egocentric,both_correct,B,B,B,B,True,True,False,True,0.0,0.0,0.0,,4.500000096857548
removal_vision_loc,train:1097_0,RERANK,Allocentric,both_wrong_same,B,D,D,D,True,True,False,False,0.0,0.0,0.0,,-13.500000022613676
removal_vision_loc,train:406_0,RERANK,Allocentric,both_wrong_same,D,B,B,B,True,True,False,False,0.0,0.0,0.0,,-9.750000067055225
removal_vision_loc,train:1102_0,RERANK,Allocentric,both_wrong_same,D,A,A,A,True,True,False,False,0.0,0.0,0.0,,-9.250000404193997
removal_vision_loc,train:394_1,RERANK,Egocentric,both_wrong_same,B,C,C,C,True,True,False,False,0.0,0.0,0.0,,-15.124999558262061
removal_vision_loc,train:956_2,RERANK,Egocentric,both_wrong_same,D,C,C,C,True,True,False,False,0.0,0.0,0.0,,-8.499999787658453
removal_vision_loc,train:298_2,RERANK,Egocentric,both_wrong_same,C,B,B,B,True,True,False,False,0.0,0.0,0.0,,-2.249999910593033
removal_vision_loc,test:10_0,TEST,Allocentric,repair,D,C,D,C,True,False,False,False,-0.7499999403953552,0.7500000596046448,-0.25,0.3333332935969035,-0.25
removal_vision_loc,test:193_0,TEST,Hypothetical,repair,A,C,A,A,False,True,False,True,-0.5,0.0,0.75,2.5,0.75
removal_vision_loc,test:207_0,TEST,Hypothetical,repair,C,B,C,B,True,False,False,False,-0.9999999701976776,0.4999999403953552,-0.25,0.5000000099341081,-0.25
removal_vision_loc,test:238_0,TEST,Hypothetical,repair,D,B,D,D,False,True,False,True,-0.25,2.4999999031424522,2.249999947845936,0.9090909221448193,2.249999947845936
removal_vision_loc,test:245_0,TEST,Hypothetical,repair,D,A,D,A,True,False,False,False,-2.7499999031424522,1.7499999850988388,-2.2500000968575478,0.1111110708227854,-2.2500000968575478
removal_vision_loc,test:304_0,TEST,Allocentric,repair,C,B,C,C,False,True,False,True,-0.25,1.4999999403953552,1.7499999552965164,1.1428571562377778,1.7499999552965164
removal_vision_loc,test:335_0,TEST,Allocentric,repair,C,A,C,C,False,True,False,True,-2.9999998956918716,2.250000022351742,2.0000000596046448,0.9523809587333749,2.0000000596046448
removal_vision_loc,test:346_0,TEST,Allocentric,repair,D,B,D,D,False,True,False,True,0.0,2.250000074505806,2.2500000298023224,0.9999999801317857,2.2500000298023224
removal_vision_loc,test:379_0,TEST,Allocentric,repair,A,B,A,A,False,True,False,True,-1.2500000298023224,0.25,0.4999999701976776,1.1666666434870832,0.4999999701976776
removal_vision_loc,test:483_0,TEST,Egocentric,repair,C,B,C,C,False,True,False,True,0.0,1.4999999701976776,2.2500000447034836,1.5000000596046459,2.2500000447034836
removal_vision_loc,test:8_0,TEST,Allocentric,repair,D,B,D,D,False,True,False,True,-1.0000000298023224,0.9999999701976776,0.5,0.7500000149011612,0.5
removal_vision_loc,test:92_0,TEST,Allocentric,repair,A,B,A,A,False,True,False,True,-0.9999999403953552,0.25,0.0,0.7999999904632564,0.0
removal_vision_loc,test:141_0,TEST,Allocentric,regression,D,D,A,A,False,True,False,False,-3.0000000596046448,6.000000102445483,2.4999999180436134,0.6111110976241807,-2.4999999180436134
removal_vision_loc,test:156_0,TEST,Allocentric,regression,D,D,B,B,False,True,False,False,-2.000000074505806,1.7500000149011612,0.7499999403953552,0.7333333198229475,-0.7499999403953552
removal_vision_loc,test:159_0,TEST,Allocentric,regression,C,C,A,A,False,True,False,False,-2.500000111758709,2.2499999552965164,0.5,0.6315789619806399,-0.5
removal_vision_loc,test:177_0,TEST,Hypothetical,regression,D,D,B,B,False,True,False,False,-0.25,1.0,2.0000001043081284,1.8000000834465026,-2.0000001043081284
removal_vision_loc,test:225_0,TEST,Hypothetical,regression,A,A,C,A,True,False,False,True,-2.4999999031424522,0.7500000596046448,0.0,0.7692307482457017,0.0
removal_vision_loc,test:31_0,TEST,Allocentric,regression,C,C,A,A,False,True,False,False,-1.2500000596046448,0.0,0.5000000298023224,1.4000000047683714,-0.5000000298023224
removal_vision_loc,test:33_0,TEST,Allocentric,regression,A,A,C,C,False,True,False,False,0.0,5.500000204890966,0.4999999403953552,0.09090907668525576,-0.4999999403953552
removal_vision_loc,test:369_0,TEST,Allocentric,regression,A,A,D,D,False,True,False,False,-0.5,1.5000000298023224,1.2500000298023224,0.8750000018626451,-1.2500000298023224
removal_vision_loc,test:371_0,TEST,Allocentric,regression,B,B,D,D,False,True,False,False,-0.5,1.2500000298023224,1.0000000596046448,0.857142876605598,-1.0000000596046448
removal_vision_loc,test:385_0,TEST,Allocentric,regression,B,B,D,D,False,True,False,False,-0.4999999701976776,1.2499999701976776,1.2500000298023224,1.000000034059798,-1.2500000298023224
removal_vision_loc,test:394_0,TEST,Allocentric,regression,C,C,D,D,False,True,False,False,0.0,9.249999527848559,10.749999523393853,1.1621621699578808,-10.749999523393853
removal_vision_loc,test:399_0,TEST,Allocentric,regression,B,B,A,A,False,True,False,False,-0.75,1.2499999403953552,0.7499999403953552,0.7499999925494192,-0.7499999403953552
removal_vision_loc,test:416_0,TEST,Allocentric,regression,B,B,A,A,False,True,False,False,-0.5,1.0000000596046448,1.0000000596046448,1.0,-1.0000000596046448
removal_vision_loc,test:470_0,TEST,Egocentric,regression,A,A,B,A,True,False,False,True,-1.25,3.7500000093132257,0.0,0.2499999995343387,0.0
removal_vision_loc,test:504_0,TEST,Egocentric,regression,B,B,A,A,False,True,False,False,-0.5,3.4999999310821295,6.250000192085281,1.6875000770960482,-6.250000192085281
removal_vision_loc,test:509_0,TEST,Egocentric,regression,B,B,C,B,True,False,False,True,-2.749999910593033,0.9999999701976776,0.0,0.7333333328035142,0.0
removal_vision_loc,test:515_0,TEST,Egocentric,regression,A,A,B,B,False,True,False,False,-4.499999850988388,1.25,2.25,1.1739130479852284,-2.25
removal_vision_loc,test:56_0,TEST,Allocentric,regression,A,A,B,A,True,False,False,True,-0.7500000298023224,0.5,-1.9999998956918716,-0.9999998688697846,1.9999998956918716
removal_vision_loc,test:69_0,TEST,Allocentric,regression,D,D,B,D,True,False,False,True,-1.4999999403953552,1.4999999850988388,-0.25,0.4166666571464801,0.25
removal_vision_loc,test:127_0,TEST,Allocentric,both_wrong_diff,D,B,C,C,False,True,False,False,-0.5000000596046448,1.75,0.75,0.5555555673293122,-2.0
removal_vision_loc,test:223_0,TEST,Hypothetical,both_wrong_diff,B,A,C,A,True,False,False,False,-5.8750001564621925,0.5,-2.499999910593033,0.529411790280193,-6.124999910593033
removal_vision_loc,test:23_0,TEST,Allocentric,both_wrong_diff,C,A,B,B,False,True,False,False,-0.25,3.4999999701976776,2.5000000596046448,0.7333333550559151,-2.2500000596046448
removal_vision_loc,test:258_0,TEST,Allocentric,both_wrong_diff,B,A,D,D,False,True,False,False,0.0,1.7500000447034836,1.5,0.8571428352472739,-10.74999988079071
removal_vision_loc,test:338_0,TEST,Allocentric,both_wrong_diff,C,B,A,B,True,False,False,False,-1.0,0.5,-1.0,0.0,-1.0
removal_vision_loc,test:345_0,TEST,Allocentric,both_wrong_diff,A,D,B,B,False,True,False,False,-1.0,0.0,0.0,1.0,-3.0
removal_vision_loc,test:350_0,TEST,Allocentric,both_wrong_diff,D,C,B,C,True,False,False,False,-2.25,1.0000000298023224,-0.9999999701976776,0.38461539025842784,-3.4999999701976776
removal_vision_loc,test:418_0,TEST,Allocentric,both_wrong_diff,D,B,C,B,True,False,False,False,-0.25,0.5,-0.7499999403953552,-0.666666587193807,-5.750000178813934
removal_vision_loc,test:492_0,TEST,Egocentric,both_wrong_diff,D,A,C,A,True,False,False,False,-4.500000226311386,0.5,-3.000000011175871,0.30000002944841847,-6.249999772757292
removal_vision_loc,test:85_0,TEST,Allocentric,both_wrong_diff,A,B,C,B,True,False,False,False,-2.499999925494194,0.25,-1.0000000298023224,0.5454545223023274,-13.499999791383743
removal_vision_loc,test:3_0,TEST,Allocentric,both_correct,D,D,D,D,True,True,False,True,0.0,0.0,0.0,,6.250000193831511
removal_vision_loc,test:362_0,TEST,Allocentric,both_correct,B,B,B,B,True,True,False,True,0.0,0.0,0.0,,5.000000072643161
removal_vision_loc,test:47_0,TEST,Allocentric,both_correct,B,B,B,B,True,True,False,True,0.0,0.0,0.0,,4.49999981187284
removal_vision_loc,test:36_0,TEST,Allocentric,both_correct,C,C,C,C,True,True,False,True,0.0,0.0,0.0,,1.9999999403953552
removal_vision_loc,test:547_0,TEST,Egocentric,both_correct,A,A,A,A,True,True,False,True,0.0,0.0,0.0,,12.250000000011369
removal_vision_loc,test:211_0,TEST,Hypothetical,both_correct,C,C,C,C,True,True,False,True,0.0,0.0,0.0,,11.999999523188308
removal_vision_loc,test:39_0,TEST,Allocentric,both_wrong_same,C,B,B,B,True,True,False,False,0.0,0.0,0.0,,-0.25
removal_vision_loc,test:76_0,TEST,Allocentric,both_wrong_same,A,C,C,B,False,False,False,False,0.0,0.0,0.0,,-6.500000178813934
removal_vision_loc,test:377_0,TEST,Allocentric,both_wrong_same,D,B,B,B,True,True,False,False,0.0,0.0,0.0,,-6.750000188010745
removal_vision_loc,test:376_0,TEST,Allocentric,both_wrong_same,B,C,C,C,True,True,False,False,0.0,0.0,0.0,,-10.000000263564289
removal_vision_loc,test:94_0,TEST,Allocentric,both_wrong_same,A,D,D,D,True,True,False,False,0.0,0.0,0.0,,-14.25000035762804
removal_vision_loc,test:497_0,TEST,Egocentric,both_wrong_same,A,D,D,D,True,True,False,False,0.0,0.0,0.0,,-3.0000000707805157
insertion_vision_loc,train:1029_2,RERANK,Egocentric,repair,A,C,A,B,False,False,False,False,-4.249999776482582,8.750000283122063,-2.25,0.15384613594712598,-3.5
insertion_vision_loc,train:105_0,RERANK,Hypothetical,repair,C,B,C,B,True,False,False,False,-2.0000001043081284,1.4999998807907104,-1.75,0.07142860153499928,-1.75
insertion_vision_loc,train:1073_2,RERANK,Egocentric,repair,A,B,A,B,True,False,False,False,-0.25,0.0,-1.2499999701976776,-3.9999998807907104,-1.2499999701976776
insertion_vision_loc,train:1113_2,RERANK,Egocentric,repair,C,B,C,B,True,False,False,False,-1.7499999701976776,1.0000000298023224,-1.7500000447034836,-2.7093020352450283e-08,-1.7500000447034836
insertion_vision_loc,train:329_1,RERANK,Egocentric,repair,B,A,B,B,False,True,False,True,-0.25,1.75,0.4999999701976776,0.3749999850988388,0.4999999701976776
insertion_vision_loc,train:40_0,RERANK,Hypothetical,repair,D,C,D,D,False,True,False,True,0.0,0.7500000298023224,0.7499999701976776,0.9999999205271435,0.7499999701976776
insertion_vision_loc,train:427_0,RERANK,Allocentric,repair,A,C,A,C,True,False,False,False,-1.7499999850988388,1.4999999850988388,-0.5,0.384615383557314,-0.5
insertion_vision_loc,train:589_2,RERANK,Egocentric,repair,B,C,B,B,False,True,False,True,-1.5000000149011612,7.749999854568159,1.5000000298023224,0.3243243337338118,1.5000000298023224
insertion_vision_loc,train:605_2,RERANK,Egocentric,repair,A,C,A,C,True,False,False,False,-3.7499999701976776,1.5,-2.749999910593033,0.19047620291071962,-2.749999910593033
insertion_vision_loc,train:610_2,RERANK,Egocentric,repair,A,B,A,C,False,False,False,False,-3.5000001192092896,4.249999970197678,-0.5,0.3870967851096955,-2.500000074505806
insertion_vision_loc,train:1039_1,RERANK,Egocentric,regression,A,A,B,A,True,False,False,True,-1.2500000298023224,0.4999999701976776,-0.9999999701976776,0.14285717691693986,0.9999999701976776
insertion_vision_loc,train:466_0,RERANK,Allocentric,regression,A,A,B,B,False,True,False,False,-0.5,2.5000000596046448,0.5,0.3333333267105952,-0.5
insertion_vision_loc,train:1059_1,RERANK,Egocentric,both_wrong_diff,D,B,C,B,True,False,False,False,-2.750000022351742,2.7499999403953552,-5.250000072643161,-0.4545454667681013,-4.250000072643161
insertion_vision_loc,train:521_0,RERANK,Allocentric,both_wrong_diff,D,B,A,B,True,False,False,False,-2.9999998956918716,7.999999994499376,-1.7500000298023224,0.1136363525788923,-3.749999910593033
insertion_vision_loc,train:628_0,RERANK,Allocentric,both_wrong_diff,A,B,D,D,False,True,False,False,-0.24999994039535522,1.4999999403953552,0.5,0.42857142370574297,-5.6250001192092896
insertion_vision_loc,train:677_2,RERANK,Egocentric,both_wrong_diff,B,D,C,C,False,True,False,False,-0.5,3.999999925494194,1.4999999850988388,0.44444444849167347,-4.499999985098839
insertion_vision_loc,train:774_0,RERANK,Allocentric,both_wrong_diff,D,B,C,B,True,False,False,False,-2.0,0.5000000298023224,-1.2499999701976776,0.3000000083446502,-8.999999612569809
insertion_vision_loc,train:91_0,RERANK,Hypothetical,both_wrong_diff,B,A,C,A,True,False,False,False,0.0,0.75,0.0,0.0,-0.25
insertion_vision_loc,train:1206_0,RERANK,Allocentric,both_correct,A,A,A,A,True,True,False,True,0.0,0.0,0.0,,3.250000014901161
insertion_vision_loc,train:442_0,RERANK,Allocentric,both_correct,D,D,D,B,False,False,False,False,0.0,0.0,0.0,,0.0
insertion_vision_loc,train:711_1,RERANK,Egocentric,both_correct,A,A,A,A,True,True,False,True,0.0,0.0,0.0,,0.5
insertion_vision_loc,train:629_1,RERANK,Egocentric,both_correct,B,B,B,B,True,True,False,True,0.0,0.0,0.0,,7.374999812571332
insertion_vision_loc,train:823_2,RERANK,Egocentric,both_correct,C,C,C,C,True,True,False,True,0.0,0.0,0.0,,2.7499998956918716
insertion_vision_loc,train:996_1,RERANK,Egocentric,both_correct,B,B,B,B,True,True,False,True,0.0,0.0,0.0,,2.9999998807907104
insertion_vision_loc,train:1097_0,RERANK,Allocentric,both_wrong_same,B,D,D,D,True,True,False,False,0.0,0.0,0.0,,-11.374999592837412
insertion_vision_loc,train:406_0,RERANK,Allocentric,both_wrong_same,D,B,B,B,True,True,False,False,0.0,0.0,0.0,,-7.625000154599547
insertion_vision_loc,train:1102_0,RERANK,Allocentric,both_wrong_same,D,A,A,C,False,False,False,False,0.0,0.0,0.0,,-4.250000149011612
insertion_vision_loc,train:394_1,RERANK,Egocentric,both_wrong_same,B,C,C,C,True,True,False,False,0.0,0.0,0.0,,-11.99999977578409
insertion_vision_loc,train:956_2,RERANK,Egocentric,both_wrong_same,D,C,C,C,True,True,False,False,0.0,0.0,0.0,,-9.750000005500624
insertion_vision_loc,train:298_2,RERANK,Egocentric,both_wrong_same,C,B,B,B,True,True,False,False,0.0,0.0,0.0,,-2.2499999180436134
insertion_vision_loc,test:10_0,TEST,Allocentric,repair,D,C,D,C,True,False,False,False,-0.7499999403953552,0.7500000596046448,-0.25,0.3333332935969035,-0.25
insertion_vision_loc,test:193_0,TEST,Hypothetical,repair,A,C,A,C,True,False,False,False,-0.5,0.0,-0.7500000596046448,-0.5000001192092896,-0.7500000596046448
insertion_vision_loc,test:207_0,TEST,Hypothetical,repair,C,B,C,B,True,False,False,False,-0.9999999701976776,0.4999999403953552,-0.5,0.3333333333333333,-0.5
insertion_vision_loc,test:238_0,TEST,Hypothetical,repair,D,B,D,B,True,False,False,False,-0.25,2.4999999031424522,-0.9999999701976776,-0.27272727149577175,-0.9999999701976776
insertion_vision_loc,test:245_0,TEST,Hypothetical,repair,D,A,D,D,False,True,False,True,-2.7499999031424522,1.7499999850988388,1.9999999403953552,1.055555547001185,1.9999999403953552
insertion_vision_loc,test:304_0,TEST,Allocentric,repair,C,B,C,B,True,False,False,False,-0.25,1.4999999403953552,-0.4999999701976776,-0.1428571306929292,-0.4999999701976776
insertion_vision_loc,test:335_0,TEST,Allocentric,repair,C,A,C,A,True,False,False,False,-2.9999998956918716,2.250000022351742,-3.499999899417162,-0.09523809743441154,-3.499999899417162
insertion_vision_loc,test:346_0,TEST,Allocentric,repair,D,B,D,D,False,True,False,True,0.0,2.250000074505806,0.5,0.22222221486362434,0.5
insertion_vision_loc,test:379_0,TEST,Allocentric,repair,A,B,A,B,True,False,False,False,-1.2500000298023224,0.25,-0.7499999701976776,0.3333333664470242,-0.7499999701976776
insertion_vision_loc,test:483_0,TEST,Egocentric,repair,C,B,C,B,True,False,False,False,0.0,1.4999999701976776,-0.25,-0.1666666699780359,-0.25
insertion_vision_loc,test:8_0,TEST,Allocentric,repair,D,B,D,B,True,False,False,False,-1.0000000298023224,0.9999999701976776,0.0,0.5000000149011612,0.0
insertion_vision_loc,test:92_0,TEST,Allocentric,repair,A,B,A,B,True,False,False,False,-0.9999999403953552,0.25,-0.7499999701976776,0.19999998569488459,-0.7499999701976776
insertion_vision_loc,test:141_0,TEST,Allocentric,regression,D,D,A,D,True,False,False,True,-3.0000000596046448,6.000000102445483,-2.0000000596046448,0.11111110911049228,2.0000000596046448
insertion_vision_loc,test:156_0,TEST,Allocentric,regression,D,D,B,B,False,True,False,False,-2.000000074505806,1.7500000149011612,0.7500000596046448,0.7333333516120907,-0.7500000596046448
insertion_vision_loc,test:159_0,TEST,Allocentric,regression,C,C,A,C,True,False,False,True,-2.500000111758709,2.2499999552965164,-1.7499999403953552,0.15789477068961774,1.7499999403953552
insertion_vision_loc,test:177_0,TEST,Hypothetical,regression,D,D,B,D,True,False,False,True,-0.25,1.0,-1.7500000149011612,-1.2000000119209289,1.7500000149011612
insertion_vision_loc,test:225_0,TEST,Hypothetical,regression,A,A,C,A,True,False,False,True,-2.4999999031424522,0.7500000596046448,-2.2499999925494194,0.07692305029496609,2.2499999925494194
insertion_vision_loc,test:31_0,TEST,Allocentric,regression,C,C,A,C,True,False,False,True,-1.2500000596046448,0.0,-0.7499999701976776,0.4000000524520849,0.7499999701976776
insertion_vision_loc,test:33_0,TEST,Allocentric,regression,A,A,C,C,False,True,False,False,0.0,5.500000204890966,3.5,0.6363636126572444,-3.5
insertion_vision_loc,test:369_0,TEST,Allocentric,regression,A,A,D,A,True,False,False,True,-0.5,1.5000000298023224,-0.4999999403953552,2.980232194360611e-08,0.24999994039535522
insertion_vision_loc,test:371_0,TEST,Allocentric,regression,B,B,D,B,True,False,False,True,-0.5,1.2500000298023224,-0.5,0.0,0.5
insertion_vision_loc,test:385_0,TEST,Allocentric,regression,B,B,D,B,True,False,False,True,-0.4999999701976776,1.2499999701976776,-0.25,0.1428571306929292,0.25
insertion_vision_loc,test:394_0,TEST,Allocentric,regression,C,C,D,D,False,True,False,False,0.0,9.249999527848559,0.25,0.027027028406578425,-0.25
insertion_vision_loc,test:399_0,TEST,Allocentric,regression,B,B,A,B,True,False,False,True,-0.75,1.2499999403953552,-0.25,0.2500000074505808,0.25
insertion_vision_loc,test:416_0,TEST,Allocentric,regression,B,B,A,B,True,False,False,True,-0.5,1.0000000596046448,-0.75,-0.16666666004392863,0.75
insertion_vision_loc,test:470_0,TEST,Egocentric,regression,A,A,B,B,False,True,False,False,-1.25,3.7500000093132257,2.249999947845936,0.6999999882653356,-2.249999947845936
insertion_vision_loc,test:504_0,TEST,Egocentric,regression,B,B,A,B,True,False,False,True,-0.5,3.4999999310821295,-2.7499999962747097,-0.5625000087602531,2.7499999962747097
insertion_vision_loc,test:509_0,TEST,Egocentric,regression,B,B,C,B,True,False,False,True,-2.749999910593033,0.9999999701976776,-0.9999999701976776,0.4666666656070285,0.9999999701976776
insertion_vision_loc,test:515_0,TEST,Egocentric,regression,A,A,B,A,True,False,False,True,-4.499999850988388,1.25,-4.499999776482582,1.2957531808706259e-08,1.5000000149011612
insertion_vision_loc,test:56_0,TEST,Allocentric,regression,A,A,B,B,False,True,False,False,-0.7500000298023224,0.5,1.25,1.5999999856948857,-1.25
insertion_vision_loc,test:69_0,TEST,Allocentric,regression,D,D,B,B,False,True,False,False,-1.4999999403953552,1.4999999850988388,0.25,0.5833333279523584,-0.25
insertion_vision_loc,test:127_0,TEST,Allocentric,both_wrong_diff,D,B,C,B,True,False,False,False,-0.5000000596046448,1.75,-0.5,2.649095253173636e-08,-1.7499998807907104
insertion_vision_loc,test:223_0,TEST,Hypothetical,both_wrong_diff,B,A,C,A,True,False,False,False,-5.8750001564621925,0.5,-4.125000134110451,0.2745098006904057,-3.7499998956918716
insertion_vision_loc,test:23_0,TEST,Allocentric,both_wrong_diff,C,A,B,B,False,True,False,False,-0.25,3.4999999701976776,1.0,0.3333333359824287,-1.0
insertion_vision_loc,test:258_0,TEST,Allocentric,both_wrong_diff,B,A,D,D,False,True,False,False,0.0,1.7500000447034836,0.5,0.28571427841575797,-5.749999821186066
insertion_vision_loc,test:338_0,TEST,Allocentric,both_wrong_diff,C,B,A,B,True,False,False,False,-1.0,0.5,-0.5,0.3333333333333333,0.0
insertion_vision_loc,test:345_0,TEST,Allocentric,both_wrong_diff,A,D,B,D,True,False,False,False,-1.0,0.0,-0.4999999403953552,0.5000000596046448,-1.7499999403953552
insertion_vision_loc,test:350_0,TEST,Allocentric,both_wrong_diff,D,C,B,C,True,False,False,False,-2.25,1.0000000298023224,-0.25,0.6153846097415722,-1.9999998807907104
insertion_vision_loc,test:418_0,TEST,Allocentric,both_wrong_diff,D,B,C,C,False,True,False,False,-0.25,0.5,0.25,0.6666666666666666,-3.4999998807907104
insertion_vision_loc,test:492_0,TEST,Egocentric,both_wrong_diff,D,A,C,A,True,False,False,False,-4.500000226311386,0.5,-1.0000000298023224,0.7000000076182183,-5.250000149011612
insertion_vision_loc,test:85_0,TEST,Allocentric,both_wrong_diff,A,B,C,B,True,False,False,False,-2.499999925494194,0.25,-1.7499999850988388,0.27272725844186163,-10.250000342726707
insertion_vision_loc,test:3_0,TEST,Allocentric,both_correct,D,D,D,D,True,True,False,True,0.0,0.0,0.0,,5.2500000931322575
insertion_vision_loc,test:362_0,TEST,Allocentric,both_correct,B,B,B,B,True,True,False,True,0.0,0.0,0.0,,2.500000111758709
insertion_vision_loc,test:47_0,TEST,Allocentric,both_correct,B,B,B,B,True,True,False,True,0.0,0.0,0.0,,1.2499999701976776
insertion_vision_loc,test:36_0,TEST,Allocentric,both_correct,C,C,C,C,True,True,False,True,0.0,0.0,0.0,,2.999999973922968
insertion_vision_loc,test:547_0,TEST,Egocentric,both_correct,A,A,A,A,True,True,False,True,0.0,0.0,0.0,,11.999999523181941
insertion_vision_loc,test:211_0,TEST,Hypothetical,both_correct,C,C,C,C,True,True,False,True,0.0,0.0,0.0,,10.874999761806976
insertion_vision_loc,test:39_0,TEST,Allocentric,both_wrong_same,C,B,B,B,True,True,False,False,0.0,0.0,0.0,,-1.7500000298023224
insertion_vision_loc,test:76_0,TEST,Allocentric,both_wrong_same,A,C,C,C,True,True,False,False,0.0,0.0,0.0,,-8.499999523162842
insertion_vision_loc,test:377_0,TEST,Allocentric,both_wrong_same,D,B,B,B,True,True,False,False,0.0,0.0,0.0,,-6.500000139698386
insertion_vision_loc,test:376_0,TEST,Allocentric,both_wrong_same,B,C,C,C,True,True,False,False,0.0,0.0,0.0,,-8.875000202446245
insertion_vision_loc,test:94_0,TEST,Allocentric,both_wrong_same,A,D,D,D,True,True,False,False,0.0,0.0,0.0,,-12.249999880802534
insertion_vision_loc,test:497_0,TEST,Egocentric,both_wrong_same,A,D,D,A,False,False,False,True,0.0,0.0,0.0,,1.7500000298023224
removal_embed_loc,train:1029_2,RERANK,Egocentric,repair,A,C,A,A,False,True,False,True,-4.249999776482582,8.750000283122063,8.000000461935997,0.9423077063271279,3.499999985098839
removal_embed_loc,train:105_0,RERANK,Hypothetical,repair,C,B,C,C,False,True,False,True,-2.0000001043081284,1.4999998807907104,1.7499998807907104,1.0714285717326768,1.0
removal_embed_loc,train:1073_2,RERANK,Egocentric,repair,A,B,A,A,False,True,False,True,-0.25,0.0,0.25,2.0,0.25
removal_embed_loc,train:1113_2,RERANK,Egocentric,repair,C,B,C,C,False,True,False,True,-1.7499999701976776,1.0000000298023224,1.0000000298023224,1.0,1.0000000298023224
removal_embed_loc,train:329_1,RERANK,Egocentric,repair,B,A,B,B,False,True,False,True,-0.25,1.75,1.4999999701976776,0.8749999850988388,1.4999999701976776
removal_embed_loc,train:40_0,RERANK,Hypothetical,repair,D,C,D,D,False,True,False,True,0.0,0.7500000298023224,0.7499999701976776,0.9999999205271435,0.7499999701976776
removal_embed_loc,train:427_0,RERANK,Allocentric,repair,A,C,A,A,False,True,False,True,-1.7499999850988388,1.4999999850988388,1.2500000298023224,0.9230769361264608,1.2500000298023224
removal_embed_loc,train:589_2,RERANK,Egocentric,repair,B,C,B,B,False,True,False,True,-1.5000000149011612,7.749999854568159,7.250000014028046,0.9459459624220732,7.250000014028046
removal_embed_loc,train:605_2,RERANK,Egocentric,repair,A,C,A,A,False,True,False,True,-3.7499999701976776,1.5,1.5,1.0,0.5
removal_embed_loc,train:610_2,RERANK,Egocentric,repair,A,B,A,A,False,True,False,True,-3.5000001192092896,4.249999970197678,4.250000059604645,1.0000000115363827,3.7500000596046448
removal_embed_loc,train:1039_1,RERANK,Egocentric,regression,A,A,B,B,False,True,False,False,-1.2500000298023224,0.4999999701976776,0.4999999701976776,1.0,-0.4999999701976776
removal_embed_loc,train:466_0,RERANK,Allocentric,regression,A,A,B,B,False,True,False,False,-0.5,2.5000000596046448,2.2499999403953552,0.9166666285859222,-2.2499999403953552
removal_embed_loc,train:1059_1,RERANK,Egocentric,both_wrong_diff,D,B,C,C,False,True,False,False,-2.750000022351742,2.7499999403953552,2.7499999701976776,1.000000005418604,-1.4999999701976776
removal_embed_loc,train:521_0,RERANK,Allocentric,both_wrong_diff,D,B,A,A,False,True,False,False,-2.9999998956918716,7.999999994499376,7.250000206346158,0.9318182003963476,-8.750000206346158
removal_embed_loc,train:628_0,RERANK,Allocentric,both_wrong_diff,A,B,D,D,False,True,False,False,-0.24999994039535522,1.4999999403953552,2.2500000298023224,1.4285715088552413,-6.749999791383743
removal_embed_loc,train:677_2,RERANK,Egocentric,both_wrong_diff,B,D,C,C,False,True,False,False,-0.5,3.999999925494194,2.9999998956918716,0.7777777674757402,-1.5000000149011612
removal_embed_loc,train:774_0,RERANK,Allocentric,both_wrong_diff,D,B,C,C,False,True,False,False,-2.0,0.5000000298023224,0.7499999701976776,1.0999999749660494,-8.749999970197678
removal_embed_loc,train:91_0,RERANK,Hypothetical,both_wrong_diff,B,A,C,C,False,True,False,False,0.0,0.75,1.0,1.3333333333333333,-1.5
removal_embed_loc,train:1206_0,RERANK,Allocentric,both_correct,A,A,A,A,True,True,False,True,0.0,0.0,0.0,,3.000000026077032
removal_embed_loc,train:442_0,RERANK,Allocentric,both_correct,D,D,D,D,True,True,False,True,0.0,0.0,0.0,,0.5
removal_embed_loc,train:711_1,RERANK,Egocentric,both_correct,A,A,A,A,True,True,False,True,0.0,0.0,0.0,,1.0
removal_embed_loc,train:629_1,RERANK,Egocentric,both_correct,B,B,B,B,True,True,False,True,0.0,0.0,0.0,,7.499999915598892
removal_embed_loc,train:823_2,RERANK,Egocentric,both_correct,C,C,C,C,True,True,False,True,0.0,0.0,0.0,,9.24999953090446
removal_embed_loc,train:996_1,RERANK,Egocentric,both_correct,B,B,B,B,True,True,False,True,0.0,0.0,0.0,,5.499999983236194
removal_embed_loc,train:1097_0,RERANK,Allocentric,both_wrong_same,B,D,D,D,True,True,False,False,0.0,0.0,0.0,,-14.00000001330045
removal_embed_loc,train:406_0,RERANK,Allocentric,both_wrong_same,D,B,B,B,True,True,False,False,0.0,0.0,0.0,,-10.750000135274604
removal_embed_loc,train:1102_0,RERANK,Allocentric,both_wrong_same,D,A,A,A,True,True,False,False,0.0,0.0,0.0,,-6.749999940395355
removal_embed_loc,train:394_1,RERANK,Egocentric,both_wrong_same,B,C,C,C,True,True,False,False,0.0,0.0,0.0,,-14.999999796535121
removal_embed_loc,train:956_2,RERANK,Egocentric,both_wrong_same,D,C,C,C,True,True,False,False,0.0,0.0,0.0,,-13.249999524276063
removal_embed_loc,train:298_2,RERANK,Egocentric,both_wrong_same,C,B,B,B,True,True,False,False,0.0,0.0,0.0,,-1.7499999403953552
removal_embed_loc,test:10_0,TEST,Allocentric,repair,D,C,D,D,False,True,False,True,-0.7499999403953552,0.7500000596046448,1.0,1.1666666269302368,1.0
removal_embed_loc,test:193_0,TEST,Hypothetical,repair,A,C,A,C,True,False,False,False,-0.5,0.0,-0.25,0.5,-0.25
removal_embed_loc,test:207_0,TEST,Hypothetical,repair,C,B,C,C,False,True,False,True,-0.9999999701976776,0.4999999403953552,0.7499999403953552,1.1666666766007747,0.7499999403953552
removal_embed_loc,test:238_0,TEST,Hypothetical,repair,D,B,D,D,False,True,False,True,-0.25,2.4999999031424522,2.750000026077032,1.0909091388144785,2.750000026077032
removal_embed_loc,test:245_0,TEST,Hypothetical,repair,D,A,D,D,False,True,False,True,-2.7499999031424522,1.7499999850988388,1.75,1.0000000033113692,1.75
removal_embed_loc,test:304_0,TEST,Allocentric,repair,C,B,C,C,False,True,False,True,-0.25,1.4999999403953552,1.75,1.1428571817826265,1.75
removal_embed_loc,test:335_0,TEST,Allocentric,repair,C,A,C,C,False,True,False,True,-2.9999998956918716,2.250000022351742,2.0000000447034836,0.9523809558950584,2.0000000447034836
removal_embed_loc,test:346_0,TEST,Allocentric,repair,D,B,D,D,False,True,False,True,0.0,2.250000074505806,2.250000074505806,1.0,2.250000074505806
removal_embed_loc,test:379_0,TEST,Allocentric,repair,A,B,A,A,False,True,False,True,-1.2500000298023224,0.25,0.5,1.1666666633552976,0.5
removal_embed_loc,test:483_0,TEST,Egocentric,repair,C,B,C,C,False,True,False,True,0.0,1.4999999701976776,1.4999999403953552,0.9999999801317847,1.4999999403953552
removal_embed_loc,test:8_0,TEST,Allocentric,repair,D,B,D,D,False,True,False,True,-1.0000000298023224,0.9999999701976776,0.7499999403953552,0.8749999850988388,0.7499999403953552
removal_embed_loc,test:92_0,TEST,Allocentric,repair,A,B,A,A,False,True,False,True,-0.9999999403953552,0.25,0.25,1.0,0.25
removal_embed_loc,test:141_0,TEST,Allocentric,regression,D,D,A,A,False,True,False,False,-3.0000000596046448,6.000000102445483,5.749999970663339,0.9722222080799167,-5.749999970663339
removal_embed_loc,test:156_0,TEST,Allocentric,regression,D,D,B,B,False,True,False,False,-2.000000074505806,1.7500000149011612,2.2499999031424522,1.1333333003520973,-2.2499999031424522
removal_embed_loc,test:159_0,TEST,Allocentric,regression,C,C,A,A,False,True,False,False,-2.500000111758709,2.2499999552965164,2.500000111758709,1.0526316111437828,-2.500000111758709
removal_embed_loc,test:177_0,TEST,Hypothetical,regression,D,D,B,B,False,True,False,False,-0.25,1.0,1.2499999701976776,1.1999999761581421,-1.2499999701976776
removal_embed_loc,test:225_0,TEST,Hypothetical,regression,A,A,C,C,False,True,False,False,-2.4999999031424522,0.7500000596046448,1.0,1.0769230594649115,-1.0
removal_embed_loc,test:31_0,TEST,Allocentric,regression,C,C,A,C,True,False,False,True,-1.2500000596046448,0.0,-0.25,0.8000000095367427,0.25
removal_embed_loc,test:33_0,TEST,Allocentric,regression,A,A,C,C,False,True,False,False,0.0,5.500000204890966,5.249999920837581,0.9545454045927001,-5.249999920837581
removal_embed_loc,test:369_0,TEST,Allocentric,regression,A,A,D,D,False,True,False,False,-0.5,1.5000000298023224,1.7499999701976776,1.124999968335033,-1.7499999701976776
removal_embed_loc,test:371_0,TEST,Allocentric,regression,B,B,D,D,False,True,False,False,-0.5,1.2500000298023224,1.4999999552965164,1.1428570978495547,-1.4999999552965164
removal_embed_loc,test:385_0,TEST,Allocentric,regression,B,B,D,D,False,True,False,False,-0.4999999701976776,1.2499999701976776,1.0000000298023224,0.8571428863369699,-1.0000000298023224
removal_embed_loc,test:394_0,TEST,Allocentric,regression,C,C,D,D,False,True,False,False,0.0,9.249999527848559,8.999999888488674,0.9729730105815442,-8.999999888488674
removal_embed_loc,test:399_0,TEST,Allocentric,regression,B,B,A,A,False,True,False,False,-0.75,1.2499999403953552,1.25,1.0000000298023233,-1.25
removal_embed_loc,test:416_0,TEST,Allocentric,regression,B,B,A,A,False,True,False,False,-0.5,1.0000000596046448,1.0,0.9999999602635717,-1.0
removal_embed_loc,test:470_0,TEST,Egocentric,regression,A,A,B,B,False,True,False,False,-1.25,3.7500000093132257,3.7500000093132257,1.0,-3.7500000093132257
removal_embed_loc,test:504_0,TEST,Egocentric,regression,B,B,A,A,False,True,False,False,-0.5,3.4999999310821295,3.4999999310821295,1.0,-3.4999999310821295
removal_embed_loc,test:509_0,TEST,Egocentric,regression,B,B,C,C,False,True,False,False,-2.749999910593033,0.9999999701976776,1.0,1.0000000079472862,-1.0
removal_embed_loc,test:515_0,TEST,Egocentric,regression,A,A,B,B,False,True,False,False,-4.499999850988388,1.25,1.4999999403953552,1.0434782516302816,-1.4999999403953552
removal_embed_loc,test:56_0,TEST,Allocentric,regression,A,A,B,B,False,True,False,False,-0.7500000298023224,0.5,0.5,1.0,-0.5
removal_embed_loc,test:69_0,TEST,Allocentric,regression,D,D,B,B,False,True,False,False,-1.4999999403953552,1.4999999850988388,1.5000000447034836,1.0000000198682155,-1.5000000447034836
removal_embed_loc,test:127_0,TEST,Allocentric,both_wrong_diff,D,B,C,C,False,True,False,False,-0.5000000596046448,1.75,1.5,0.8888888918323281,-1.7500001192092896
removal_embed_loc,test:223_0,TEST,Hypothetical,both_wrong_diff,B,A,C,C,False,True,False,False,-5.8750001564621925,0.5,0.7499999403953552,1.0392156759622877,-4.999999940395355
removal_embed_loc,test:23_0,TEST,Allocentric,both_wrong_diff,C,A,B,B,False,True,False,False,-0.25,3.4999999701976776,2.9999999701976776,0.8666666656070285,-2.2499999701976776
removal_embed_loc,test:258_0,TEST,Allocentric,both_wrong_diff,B,A,D,D,False,True,False,False,0.0,1.7500000447034836,1.999999925494194,1.1428570710882866,-10.749999687075615
removal_embed_loc,test:338_0,TEST,Allocentric,both_wrong_diff,C,B,A,A,False,True,False,False,-1.0,0.5,0.5,1.0,-0.25
removal_embed_loc,test:345_0,TEST,Allocentric,both_wrong_diff,A,D,B,B,False,True,False,False,-1.0,0.0,0.0,1.0,-2.2500000596046448
removal_embed_loc,test:350_0,TEST,Allocentric,both_wrong_diff,D,C,B,B,False,True,False,False,-2.25,1.0000000298023224,1.4999999403953552,1.1538461249255572,-3.7499999403953552
removal_embed_loc,test:418_0,TEST,Allocentric,both_wrong_diff,D,B,C,C,False,True,False,False,-0.25,0.5,0.5,1.0,-5.500000059604645
removal_embed_loc,test:492_0,TEST,Egocentric,both_wrong_diff,D,A,C,C,False,True,False,False,-4.500000226311386,0.5,0.5,1.0,-4.499999821186066
removal_embed_loc,test:85_0,TEST,Allocentric,both_wrong_diff,A,B,C,C,False,True,False,False,-2.499999925494194,0.25,0.25,1.0,-13.499999642372131
removal_embed_loc,test:3_0,TEST,Allocentric,both_correct,D,D,D,D,True,True,False,True,0.0,0.0,0.0,,7.0000001775915734
removal_embed_loc,test:362_0,TEST,Allocentric,both_correct,B,B,B,B,True,True,False,True,0.0,0.0,0.0,,6.500000085681677
removal_embed_loc,test:47_0,TEST,Allocentric,both_correct,B,B,B,B,True,True,False,True,0.0,0.0,0.0,,3.750000074505806
removal_embed_loc,test:36_0,TEST,Allocentric,both_correct,C,C,C,C,True,True,False,True,0.0,0.0,0.0,,1.9999998807907104
removal_embed_loc,test:547_0,TEST,Egocentric,both_correct,A,A,A,A,True,True,False,True,0.0,0.0,0.0,,12.750000000004093
removal_embed_loc,test:211_0,TEST,Hypothetical,both_correct,C,C,C,C,True,True,False,True,0.0,0.0,0.0,,11.999999880813903
removal_embed_loc,test:39_0,TEST,Allocentric,both_wrong_same,C,B,B,B,True,True,False,False,0.0,0.0,0.0,,-0.25
removal_embed_loc,test:76_0,TEST,Allocentric,both_wrong_same,A,C,C,B,False,False,False,False,0.0,0.0,0.0,,-7.0
removal_embed_loc,test:377_0,TEST,Allocentric,both_wrong_same,D,B,B,B,True,True,False,False,0.0,0.0,0.0,,-6.500000085448846
removal_embed_loc,test:376_0,TEST,Allocentric,both_wrong_same,B,C,C,C,True,True,False,False,0.0,0.0,0.0,,-13.499999524276063
removal_embed_loc,test:94_0,TEST,Allocentric,both_wrong_same,A,D,D,D,True,True,False,False,0.0,0.0,0.0,,-12.750000000004093
removal_embed_loc,test:497_0,TEST,Egocentric,both_wrong_same,A,D,D,D,True,True,False,False,0.0,0.0,0.0,,-3.7499999199062586
insertion_embed_loc,train:1029_2,RERANK,Egocentric,repair,A,C,A,C,True,False,False,False,-4.249999776482582,8.750000283122063,-3.9999999552965164,0.019230755387678718,-3.9999999552965164
insertion_embed_loc,train:105_0,RERANK,Hypothetical,repair,C,B,C,B,True,False,False,False,-2.0000001043081284,1.4999998807907104,-2.250000089406967,-0.07142856747520211,-2.250000089406967
insertion_embed_loc,train:1073_2,RERANK,Egocentric,repair,A,B,A,B,True,False,False,False,-0.25,0.0,-0.5,-1.0,-0.5
insertion_embed_loc,train:1113_2,RERANK,Egocentric,repair,C,B,C,B,True,False,False,False,-1.7499999701976776,1.0000000298023224,-1.4999999850988388,0.09090908549048683,-1.4999999850988388
insertion_embed_loc,train:329_1,RERANK,Egocentric,repair,B,A,B,A,True,False,False,False,-0.25,1.75,-0.25,0.0,-0.25
insertion_embed_loc,train:40_0,RERANK,Hypothetical,repair,D,C,D,C,True,False,False,False,0.0,0.7500000298023224,0.0,0.0,0.0
insertion_embed_loc,train:427_0,RERANK,Allocentric,repair,A,C,A,C,True,False,False,False,-1.7499999850988388,1.4999999850988388,-1.4999999403953552,0.0769230913833755,-1.4999999403953552
insertion_embed_loc,train:589_2,RERANK,Egocentric,repair,B,C,B,C,True,False,False,False,-1.5000000149011612,7.749999854568159,-1.5000000149011612,0.0,-1.5000000149011612
insertion_embed_loc,train:605_2,RERANK,Egocentric,repair,A,C,A,C,True,False,False,False,-3.7499999701976776,1.5,-3.999999910593033,-0.04761903653609773,-3.999999910593033
insertion_embed_loc,train:610_2,RERANK,Egocentric,repair,A,B,A,B,True,False,False,False,-3.5000001192092896,4.249999970197678,-3.0000001192092896,0.0645161282879753,-3.0000001192092896
insertion_embed_loc,train:1039_1,RERANK,Egocentric,regression,A,A,B,A,True,False,False,True,-1.2500000298023224,0.4999999701976776,-1.4999999701976776,-0.14285710879734584,1.4999999701976776
insertion_embed_loc,train:466_0,RERANK,Allocentric,regression,A,A,B,A,True,False,False,True,-0.5,2.5000000596046448,-0.7500000596046448,-0.08333335154586331,0.7500000596046448
insertion_embed_loc,train:1059_1,RERANK,Egocentric,both_wrong_diff,D,B,C,B,True,False,False,False,-2.750000022351742,2.7499999403953552,-2.2499999403953552,0.09090910642600267,-2.7499999403953552
insertion_embed_loc,train:521_0,RERANK,Allocentric,both_wrong_diff,D,B,A,B,True,False,False,False,-2.9999998956918716,7.999999994499376,-2.999999910593033,-1.3546510311454724e-09,-3.749999910593033
insertion_embed_loc,train:628_0,RERANK,Allocentric,both_wrong_diff,A,B,D,B,True,False,False,False,-0.24999994039535522,1.4999999403953552,0.0,0.14285711852871477,-5.0
insertion_embed_loc,train:677_2,RERANK,Egocentric,both_wrong_diff,B,D,C,D,True,False,False,False,-0.5,3.999999925494194,-0.25,0.05555555647538034,-3.5000000596046448
insertion_embed_loc,train:774_0,RERANK,Allocentric,both_wrong_diff,D,B,C,B,True,False,False,False,-2.0,0.5000000298023224,-2.0,0.0,-7.499999761581421
insertion_embed_loc,train:91_0,RERANK,Hypothetical,both_wrong_diff,B,A,C,A,True,False,False,False,0.0,0.75,0.0,0.0,-0.25
insertion_embed_loc,train:1206_0,RERANK,Allocentric,both_correct,A,A,A,A,True,True,False,True,0.0,0.0,0.0,,4.000000104308128
insertion_embed_loc,train:442_0,RERANK,Allocentric,both_correct,D,D,D,D,True,True,False,True,0.0,0.0,0.0,,0.7499999701976776
insertion_embed_loc,train:711_1,RERANK,Egocentric,both_correct,A,A,A,A,True,True,False,True,0.0,0.0,0.0,,0.25
insertion_embed_loc,train:629_1,RERANK,Egocentric,both_correct,B,B,B,B,True,True,False,True,0.0,0.0,0.0,,7.625000142725185
insertion_embed_loc,train:823_2,RERANK,Egocentric,both_correct,C,C,C,C,True,True,False,True,0.0,0.0,0.0,,5.499999948311597
insertion_embed_loc,train:996_1,RERANK,Egocentric,both_correct,B,B,B,B,True,True,False,True,0.0,0.0,0.0,,2.9999998807907104
insertion_embed_loc,train:1097_0,RERANK,Allocentric,both_wrong_same,B,D,D,D,True,True,False,False,0.0,0.0,0.0,,-11.125000043975888
insertion_embed_loc,train:406_0,RERANK,Allocentric,both_wrong_same,D,B,B,B,True,True,False,False,0.0,0.0,0.0,,-7.000000223517418
insertion_embed_loc,train:1102_0,RERANK,Allocentric,both_wrong_same,D,A,A,A,True,True,False,False,0.0,0.0,0.0,,-5.500000178813934
insertion_embed_loc,train:394_1,RERANK,Egocentric,both_wrong_same,B,C,C,C,True,True,False,False,0.0,0.0,0.0,,-11.625000147614628
insertion_embed_loc,train:956_2,RERANK,Egocentric,both_wrong_same,D,C,C,C,True,True,False,False,0.0,0.0,0.0,,-8.749999802035745
insertion_embed_loc,train:298_2,RERANK,Egocentric,both_wrong_same,C,B,B,B,True,True,False,False,0.0,0.0,0.0,,-4.499999816529453
insertion_embed_loc,test:10_0,TEST,Allocentric,repair,D,C,D,C,True,False,False,False,-0.7499999403953552,0.7500000596046448,-1.0,-0.16666670640309653,-1.0
insertion_embed_loc,test:193_0,TEST,Hypothetical,repair,A,C,A,C,True,False,False,False,-0.5,0.0,-0.25,0.5,-0.25
insertion_embed_loc,test:207_0,TEST,Hypothetical,repair,C,B,C,B,True,False,False,False,-0.9999999701976776,0.4999999403953552,-1.2500000596046448,-0.16666673620542305,-1.2500000596046448
insertion_embed_loc,test:238_0,TEST,Hypothetical,repair,D,B,D,B,True,False,False,False,-0.25,2.4999999031424522,-0.5,-0.09090909411099343,-0.5
insertion_embed_loc,test:245_0,TEST,Hypothetical,repair,D,A,D,A,True,False,False,False,-2.7499999031424522,1.7499999850988388,-2.749999985098839,-1.8212530800349118e-08,-2.749999985098839
insertion_embed_loc,test:304_0,TEST,Allocentric,repair,C,B,C,B,True,False,False,False,-0.25,1.4999999403953552,-0.25,0.0,-0.25
insertion_embed_loc,test:335_0,TEST,Allocentric,repair,C,A,C,A,True,False,False,False,-2.9999998956918716,2.250000022351742,-2.75,0.04761902849420098,-2.75
insertion_embed_loc,test:346_0,TEST,Allocentric,repair,D,B,D,B,True,False,False,False,0.0,2.250000074505806,0.0,0.0,0.0
insertion_embed_loc,test:379_0,TEST,Allocentric,repair,A,B,A,B,True,False,False,False,-1.2500000298023224,0.25,-0.9999999403953552,0.16666672295994117,-0.9999999403953552
insertion_embed_loc,test:483_0,TEST,Egocentric,repair,C,B,C,B,True,False,False,False,0.0,1.4999999701976776,0.0,0.0,0.0
insertion_embed_loc,test:8_0,TEST,Allocentric,repair,D,B,D,B,True,False,False,False,-1.0000000298023224,0.9999999701976776,-0.9999999701976776,2.9802322387695312e-08,-0.9999999701976776
insertion_embed_loc,test:92_0,TEST,Allocentric,repair,A,B,A,B,True,False,False,False,-0.9999999403953552,0.25,-1.25,-0.2000000572204617,-1.25
insertion_embed_loc,test:141_0,TEST,Allocentric,regression,D,D,A,D,True,False,False,True,-3.0000000596046448,6.000000102445483,-2.749999962747097,0.027777788039572628,2.749999962747097
insertion_embed_loc,test:156_0,TEST,Allocentric,regression,D,D,B,D,True,False,False,True,-2.000000074505806,1.7500000149011612,-2.0000000596046448,3.973642890287013e-09,2.0000000596046448
insertion_embed_loc,test:159_0,TEST,Allocentric,regression,C,C,A,C,True,False,False,True,-2.500000111758709,2.2499999552965164,-2.749999947845936,-0.05263154369642249,2.749999947845936
insertion_embed_loc,test:177_0,TEST,Hypothetical,regression,D,D,B,D,True,False,False,True,-0.25,1.0,-0.5,-0.2,0.5
insertion_embed_loc,test:225_0,TEST,Hypothetical,regression,A,A,C,A,True,False,False,True,-2.4999999031424522,0.7500000596046448,-2.7500001080334187,-0.07692314084817745,2.7500001080334187
insertion_embed_loc,test:31_0,TEST,Allocentric,regression,C,C,A,C,True,False,False,True,-1.2500000596046448,0.0,-1.25,4.768371354657585e-08,1.25
insertion_embed_loc,test:33_0,TEST,Allocentric,regression,A,A,C,C,False,True,False,False,0.0,5.500000204890966,0.25,0.045454543761231744,-0.25
insertion_embed_loc,test:369_0,TEST,Allocentric,regression,A,A,D,A,True,False,False,True,-0.5,1.5000000298023224,-0.7500000596046448,-0.12500002793967682,0.5000000596046448
insertion_embed_loc,test:371_0,TEST,Allocentric,regression,B,B,D,B,True,False,False,True,-0.5,1.2500000298023224,-0.5,0.0,0.5
insertion_embed_loc,test:385_0,TEST,Allocentric,regression,B,B,D,B,True,False,False,True,-0.4999999701976776,1.2499999701976776,-0.5,-1.702989908728937e-08,0.5
insertion_embed_loc,test:394_0,TEST,Allocentric,regression,C,C,D,C,True,False,False,True,0.0,9.249999527848559,0.0,0.0,0.0
insertion_embed_loc,test:399_0,TEST,Allocentric,regression,B,B,A,B,True,False,False,True,-0.75,1.2499999403953552,-0.5,0.1250000037252904,0.5
insertion_embed_loc,test:416_0,TEST,Allocentric,regression,B,B,A,B,True,False,False,True,-0.5,1.0000000596046448,-0.5,0.0,0.5
insertion_embed_loc,test:470_0,TEST,Egocentric,regression,A,A,B,A,True,False,False,True,-1.25,3.7500000093132257,-1.25,0.0,1.25
insertion_embed_loc,test:504_0,TEST,Egocentric,regression,B,B,A,B,True,False,False,True,-0.5,3.4999999310821295,-1.0,-0.12500000215368348,1.0
insertion_embed_loc,test:509_0,TEST,Egocentric,regression,B,B,C,B,True,False,False,True,-2.749999910593033,0.9999999701976776,-2.750000037252903,-3.377596644643041e-08,2.750000037252903
insertion_embed_loc,test:515_0,TEST,Egocentric,regression,A,A,B,A,True,False,False,True,-4.499999850988388,1.25,-4.750000238418579,-0.04347832937547252,1.0
insertion_embed_loc,test:56_0,TEST,Allocentric,regression,A,A,B,A,True,False,False,True,-0.7500000298023224,0.5,-0.5000000298023224,0.19999999523162854,0.5000000298023224
insertion_embed_loc,test:69_0,TEST,Allocentric,regression,D,D,B,D,True,False,False,True,-1.4999999403953552,1.4999999850988388,-1.2500000596046448,0.08333329566650827,1.2500000596046448
insertion_embed_loc,test:127_0,TEST,Allocentric,both_wrong_diff,D,B,C,B,True,False,False,False,-0.5000000596046448,1.75,-0.25,0.11111113465862447,-1.5000000596046448
insertion_embed_loc,test:223_0,TEST,Hypothetical,both_wrong_diff,B,A,C,A,True,False,False,False,-5.8750001564621925,0.5,-6.0000001192092896,-0.01960783681242539,-5.5000001192092896
insertion_embed_loc,test:23_0,TEST,Allocentric,both_wrong_diff,C,A,B,A,True,False,False,False,-0.25,3.4999999701976776,-0.25,0.0,-0.25
insertion_embed_loc,test:258_0,TEST,Allocentric,both_wrong_diff,B,A,D,A,True,False,False,False,0.0,1.7500000447034836,0.0,0.0,-6.250000059604645
insertion_embed_loc,test:338_0,TEST,Allocentric,both_wrong_diff,C,B,A,B,True,False,False,False,-1.0,0.5,-1.0,0.0,-0.25
insertion_embed_loc,test:345_0,TEST,Allocentric,both_wrong_diff,A,D,B,D,True,False,False,False,-1.0,0.0,-0.7500000596046448,0.24999994039535522,-2.2500000596046448
insertion_embed_loc,test:350_0,TEST,Allocentric,both_wrong_diff,D,C,B,C,True,False,False,False,-2.25,1.0000000298023224,-2.25,0.0,-2.75
insertion_embed_loc,test:418_0,TEST,Allocentric,both_wrong_diff,D,B,C,B,True,False,False,False,-0.25,0.5,-0.25,0.0,-4.0
insertion_embed_loc,test:492_0,TEST,Egocentric,both_wrong_diff,D,A,C,A,True,False,False,False,-4.500000226311386,0.5,-4.500000108964741,2.346932781803484e-08,-7.750000108964741
insertion_embed_loc,test:85_0,TEST,Allocentric,both_wrong_diff,A,B,C,B,True,False,False,False,-2.499999925494194,0.25,-2.2500000074505806,0.09090906356976963,-10.499999769032001
insertion_embed_loc,test:3_0,TEST,Allocentric,both_correct,D,D,D,D,True,True,False,True,0.0,0.0,0.0,,4.499999904073775
insertion_embed_loc,test:362_0,TEST,Allocentric,both_correct,B,B,B,B,True,True,False,True,0.0,0.0,0.0,,1.4999999701976776
insertion_embed_loc,test:47_0,TEST,Allocentric,both_correct,B,B,B,B,True,True,False,True,0.0,0.0,0.0,,2.250000089406967
insertion_embed_loc,test:36_0,TEST,Allocentric,both_correct,C,C,C,C,True,True,False,True,0.0,0.0,0.0,,3.0000001080334187
insertion_embed_loc,test:547_0,TEST,Egocentric,both_correct,A,A,A,A,True,True,False,True,0.0,0.0,0.0,,11.749999761612344
insertion_embed_loc,test:211_0,TEST,Hypothetical,both_correct,C,C,C,C,True,True,False,True,0.0,0.0,0.0,,10.8750003578607
insertion_embed_loc,test:39_0,TEST,Allocentric,both_wrong_same,C,B,B,B,True,True,False,False,0.0,0.0,0.0,,-2.249999925494194
insertion_embed_loc,test:76_0,TEST,Allocentric,both_wrong_same,A,C,C,C,True,True,False,False,0.0,0.0,0.0,,-8.125000268220901
insertion_embed_loc,test:377_0,TEST,Allocentric,both_wrong_same,D,B,B,B,True,True,False,False,0.0,0.0,0.0,,-6.249999783700332
insertion_embed_loc,test:376_0,TEST,Allocentric,both_wrong_same,B,C,C,C,True,True,False,False,0.0,0.0,0.0,,-2.2500001043081284
insertion_embed_loc,test:94_0,TEST,Allocentric,both_wrong_same,A,D,D,D,True,True,False,False,0.0,0.0,0.0,,-12.99999952316557
insertion_embed_loc,test:497_0,TEST,Egocentric,both_wrong_same,A,D,D,A,False,False,False,True,0.0,0.0,0.0,,0.0
removal_lm_q1_loc,train:1029_2,RERANK,Egocentric,repair,A,C,A,A,False,True,False,True,-4.249999776482582,8.750000283122063,5.5,0.7499999793676231,0.25
removal_lm_q1_loc,train:105_0,RERANK,Hypothetical,repair,C,B,C,C,False,True,False,True,-2.0000001043081284,1.4999998807907104,2.4999999403953552,1.2857143039606056,1.2499999403953552
removal_lm_q1_loc,train:1073_2,RERANK,Egocentric,repair,A,B,A,A,False,True,False,True,-0.25,0.0,0.25,2.0,0.25
removal_lm_q1_loc,train:1113_2,RERANK,Egocentric,repair,C,B,C,B,True,False,False,False,-1.7499999701976776,1.0000000298023224,-0.7499999701976776,0.36363636363636365,-0.7499999701976776
removal_lm_q1_loc,train:329_1,RERANK,Egocentric,repair,B,A,B,B,False,True,False,True,-0.25,1.75,1.5000000298023224,0.8750000149011612,1.5000000298023224
removal_lm_q1_loc,train:40_0,RERANK,Hypothetical,repair,D,C,D,D,False,True,False,True,0.0,0.7500000298023224,0.9999999701976776,1.3333332406150007,0.9999999701976776
removal_lm_q1_loc,train:427_0,RERANK,Allocentric,repair,A,C,A,A,False,True,False,True,-1.7499999850988388,1.4999999850988388,0.0,0.5384615388142286,0.0
removal_lm_q1_loc,train:589_2,RERANK,Egocentric,repair,B,C,B,B,False,True,False,True,-1.5000000149011612,7.749999854568159,6.250000199419446,0.8378378728307194,6.250000199419446
removal_lm_q1_loc,train:605_2,RERANK,Egocentric,repair,A,C,A,D,False,False,False,False,-3.7499999701976776,1.5,-0.25,0.6666666647744557,-1.2499999403953552
removal_lm_q1_loc,train:610_2,RERANK,Egocentric,repair,A,B,A,B,True,False,False,False,-3.5000001192092896,4.249999970197678,-0.25,0.41935484925368316,-0.25
removal_lm_q1_loc,train:1039_1,RERANK,Egocentric,regression,A,A,B,A,True,False,False,True,-1.2500000298023224,0.4999999701976776,-0.5,0.4285714456013271,0.5
removal_lm_q1_loc,train:466_0,RERANK,Allocentric,regression,A,A,B,B,False,True,False,False,-0.5,2.5000000596046448,0.9999999403953552,0.4999999701976782,-0.9999999403953552
removal_lm_q1_loc,train:1059_1,RERANK,Egocentric,both_wrong_diff,D,B,C,B,True,False,False,False,-2.750000022351742,2.7499999403953552,-1.2500000298023224,0.2727272732198731,-1.5000000298023224
removal_lm_q1_loc,train:521_0,RERANK,Allocentric,both_wrong_diff,D,B,A,A,False,True,False,False,-2.9999998956918716,7.999999994499376,3.7499999087303877,0.6136363519822637,-5.749999908730388
removal_lm_q1_loc,train:628_0,RERANK,Allocentric,both_wrong_diff,A,B,D,B,True,False,False,False,-0.24999994039535522,1.4999999403953552,-0.25,-3.405979933464863e-08,-6.0
removal_lm_q1_loc,train:677_2,RERANK,Egocentric,both_wrong_diff,B,D,C,C,False,True,False,False,-0.5,3.999999925494194,2.5000000670552254,0.6666666926057254,-3.7500000670552254
removal_lm_q1_loc,train:774_0,RERANK,Allocentric,both_wrong_diff,D,B,C,B,True,False,False,False,-2.0,0.5000000298023224,-1.7500000298023224,0.09999998688697831,-8.000000149011612
removal_lm_q1_loc,train:91_0,RERANK,Hypothetical,both_wrong_diff,B,A,C,C,False,True,False,False,0.0,0.75,0.5,0.6666666666666666,-0.25
removal_lm_q1_loc,train:1206_0,RERANK,Allocentric,both_correct,A,A,A,A,True,True,False,True,0.0,0.0,0.0,,2.750000022351742
removal_lm_q1_loc,train:442_0,RERANK,Allocentric,both_correct,D,D,D,D,True,True,False,True,0.0,0.0,0.0,,0.9999999403953552
removal_lm_q1_loc,train:711_1,RERANK,Egocentric,both_correct,A,A,A,A,True,True,False,True,0.0,0.0,0.0,,1.0
removal_lm_q1_loc,train:629_1,RERANK,Egocentric,both_correct,B,B,B,B,True,True,False,True,0.0,0.0,0.0,,6.999999805469997
removal_lm_q1_loc,train:823_2,RERANK,Egocentric,both_correct,C,C,C,C,True,True,False,True,0.0,0.0,0.0,,6.499999848892912
removal_lm_q1_loc,train:996_1,RERANK,Egocentric,both_correct,B,B,B,B,True,True,False,True,0.0,0.0,0.0,,4.999999830499291
removal_lm_q1_loc,train:1097_0,RERANK,Allocentric,both_wrong_same,B,D,D,D,True,True,False,False,0.0,0.0,0.0,,-13.000000364241714
removal_lm_q1_loc,train:406_0,RERANK,Allocentric,both_wrong_same,D,B,B,B,True,True,False,False,0.0,0.0,0.0,,-9.125000033527613
removal_lm_q1_loc,train:1102_0,RERANK,Allocentric,both_wrong_same,D,A,A,C,False,False,False,False,0.0,0.0,0.0,,-4.500000029802322
removal_lm_q1_loc,train:394_1,RERANK,Egocentric,both_wrong_same,B,C,C,C,True,True,False,False,0.0,0.0,0.0,,-13.499999903637217
removal_lm_q1_loc,train:956_2,RERANK,Egocentric,both_wrong_same,D,C,C,C,True,True,False,False,0.0,0.0,0.0,,-9.499999888139428
removal_lm_q1_loc,train:298_2,RERANK,Egocentric,both_wrong_same,C,B,B,B,True,True,False,False,0.0,0.0,0.0,,-2.5000000670552254
removal_lm_q1_loc,test:10_0,TEST,Allocentric,repair,D,C,D,C,True,False,False,False,-0.7499999403953552,0.7500000596046448,-0.25,0.3333332935969035,-0.25
removal_lm_q1_loc,test:193_0,TEST,Hypothetical,repair,A,C,A,C,True,False,False,False,-0.5,0.0,-0.75,-0.5,-0.75
removal_lm_q1_loc,test:207_0,TEST,Hypothetical,repair,C,B,C,B,True,False,False,False,-0.9999999701976776,0.4999999403953552,-0.25,0.5000000099341081,-0.25
removal_lm_q1_loc,test:238_0,TEST,Hypothetical,repair,D,B,D,D,False,True,False,True,-0.25,2.4999999031424522,0.5,0.27272728233298027,0.5
removal_lm_q1_loc,test:245_0,TEST,Hypothetical,repair,D,A,D,D,False,True,False,True,-2.7499999031424522,1.7499999850988388,0.9999999701976776,0.8333333258827526,0.9999999701976776
removal_lm_q1_loc,test:304_0,TEST,Allocentric,repair,C,B,C,C,False,True,False,True,-0.25,1.4999999403953552,1.0000000298023224,0.7142857556440406,1.0000000298023224
removal_lm_q1_loc,test:335_0,TEST,Allocentric,repair,C,A,C,C,False,True,False,True,-2.9999998956918716,2.250000022351742,0.4999999701976776,0.6666666515289789,0.4999999701976776
removal_lm_q1_loc,test:346_0,TEST,Allocentric,repair,D,B,D,D,False,True,False,True,0.0,2.250000074505806,0.5,0.22222221486362434,0.5
removal_lm_q1_loc,test:379_0,TEST,Allocentric,repair,A,B,A,B,True,False,False,False,-1.2500000298023224,0.25,-0.75,0.3333333465788097,-0.75
removal_lm_q1_loc,test:483_0,TEST,Egocentric,repair,C,B,C,C,False,True,False,True,0.0,1.4999999701976776,1.5000000447034836,1.0000000496705383,1.5000000447034836
removal_lm_q1_loc,test:8_0,TEST,Allocentric,repair,D,B,D,B,True,False,False,False,-1.0000000298023224,0.9999999701976776,0.0,0.5000000149011612,0.0
removal_lm_q1_loc,test:92_0,TEST,Allocentric,repair,A,B,A,B,True,False,False,False,-0.9999999403953552,0.25,-0.25,0.5999999809265127,-0.25
removal_lm_q1_loc,test:141_0,TEST,Allocentric,regression,D,D,A,D,True,False,False,True,-3.0000000596046448,6.000000102445483,-2.2500000298023224,0.08333333514423831,2.2500000298023224
removal_lm_q1_loc,test:156_0,TEST,Allocentric,regression,D,D,B,B,False,True,False,False,-2.000000074505806,1.7500000149011612,3.7500000055879354,1.5333333181341493,-3.7500000055879354
removal_lm_q1_loc,test:159_0,TEST,Allocentric,regression,C,C,A,C,True,False,False,True,-2.500000111758709,2.2499999552965164,-0.25,0.47368422736751714,0.25
removal_lm_q1_loc,test:177_0,TEST,Hypothetical,regression,D,D,B,B,False,True,False,False,-0.25,1.0,1.0000000596046448,1.0000000476837159,-1.0000000596046448
removal_lm_q1_loc,test:225_0,TEST,Hypothetical,regression,A,A,C,A,True,False,False,True,-2.4999999031424522,0.7500000596046448,-0.5,0.6153845926360969,0.5
removal_lm_q1_loc,test:31_0,TEST,Allocentric,regression,C,C,A,A,False,True,False,False,-1.2500000596046448,0.0,0.25,1.1999999904632572,-0.25
removal_lm_q1_loc,test:33_0,TEST,Allocentric,regression,A,A,C,C,False,True,False,False,0.0,5.500000204890966,4.750000204890966,0.8636363687163048,-4.750000204890966
removal_lm_q1_loc,test:369_0,TEST,Allocentric,regression,A,A,D,D,False,True,False,False,-0.5,1.5000000298023224,1.0000000298023224,0.7500000037252903,-1.0000000298023224
removal_lm_q1_loc,test:371_0,TEST,Allocentric,regression,B,B,D,D,False,True,False,False,-0.5,1.2500000298023224,0.7499999403953552,0.7142856680617048,-0.7499999403953552
removal_lm_q1_loc,test:385_0,TEST,Allocentric,regression,B,B,D,B,True,False,False,True,-0.4999999701976776,1.2499999701976776,0.0,0.2857142784157575,0.0
removal_lm_q1_loc,test:394_0,TEST,Allocentric,regression,C,C,D,D,False,True,False,False,0.0,9.249999527848559,6.500000064261258,0.7027027455182023,-6.500000064261258
removal_lm_q1_loc,test:399_0,TEST,Allocentric,regression,B,B,A,A,False,True,False,False,-0.75,1.2499999403953552,0.4999999701976776,0.6250000037252904,-0.4999999701976776
removal_lm_q1_loc,test:416_0,TEST,Allocentric,regression,B,B,A,A,False,True,False,False,-0.5,1.0000000596046448,0.9999999403953552,0.9999999205271435,-0.9999999403953552
removal_lm_q1_loc,test:470_0,TEST,Egocentric,regression,A,A,B,B,False,True,False,False,-1.25,3.7500000093132257,3.2499999403953552,0.8999999864026904,-3.2499999403953552
removal_lm_q1_loc,test:504_0,TEST,Egocentric,regression,B,B,A,A,False,True,False,False,-0.5,3.4999999310821295,2.0000000447034836,0.6250000219442885,-2.0000000447034836
removal_lm_q1_loc,test:509_0,TEST,Egocentric,regression,B,B,C,B,True,False,False,True,-2.749999910593033,0.9999999701976776,-1.0000000298023224,0.4666666497124561,1.0000000298023224
removal_lm_q1_loc,test:515_0,TEST,Egocentric,regression,A,A,B,B,False,True,False,False,-4.499999850988388,1.25,0.7499999403953552,0.9130434656413603,-0.7499999403953552
removal_lm_q1_loc,test:56_0,TEST,Allocentric,regression,A,A,B,B,False,True,False,False,-0.7500000298023224,0.5,0.9999999403953552,1.3999999427795424,-0.9999999403953552
removal_lm_q1_loc,test:69_0,TEST,Allocentric,regression,D,D,B,B,False,True,False,False,-1.4999999403953552,1.4999999850988388,0.25,0.5833333279523584,-0.25
removal_lm_q1_loc,test:127_0,TEST,Allocentric,both_wrong_diff,D,B,C,C,False,True,False,False,-0.5000000596046448,1.75,0.75,0.5555555673293122,-1.5
removal_lm_q1_loc,test:223_0,TEST,Hypothetical,both_wrong_diff,B,A,C,C,False,True,False,False,-5.8750001564621925,0.5,0.7500000596046448,1.0392156946617837,-3.8749998211860657
removal_lm_q1_loc,test:23_0,TEST,Allocentric,both_wrong_diff,C,A,B,B,False,True,False,False,-0.25,3.4999999701976776,2.25,0.6666666719648574,-2.0
removal_lm_q1_loc,test:258_0,TEST,Allocentric,both_wrong_diff,B,A,D,D,False,True,False,False,0.0,1.7500000447034836,1.4999999850988388,0.8571428267323249,-9.500000461935997
removal_lm_q1_loc,test:338_0,TEST,Allocentric,both_wrong_diff,C,B,A,A,False,True,False,False,-1.0,0.5,0.25,0.8333333333333334,-0.25
removal_lm_q1_loc,test:345_0,TEST,Allocentric,both_wrong_diff,A,D,B,B,False,True,False,False,-1.0,0.0,0.25,1.25,-2.9999998807907104
removal_lm_q1_loc,test:350_0,TEST,Allocentric,both_wrong_diff,D,C,B,B,False,True,False,False,-2.25,1.0000000298023224,1.5000000596046448,1.1538461616053384,-4.249999821186066
removal_lm_q1_loc,test:418_0,TEST,Allocentric,both_wrong_diff,D,B,C,B,True,False,False,False,-0.25,0.5,-0.25,0.0,-4.500000059604645
removal_lm_q1_loc,test:492_0,TEST,Egocentric,both_wrong_diff,D,A,C,A,True,False,False,False,-4.500000226311386,0.5,0.0,0.9000000045262275,-7.000000238418579
removal_lm_q1_loc,test:85_0,TEST,Allocentric,both_wrong_diff,A,B,C,B,True,False,False,False,-2.499999925494194,0.25,-0.7500000298023224,0.6363636156744202,-11.375000029802322
removal_lm_q1_loc,test:3_0,TEST,Allocentric,both_correct,D,D,D,D,True,True,False,True,0.0,0.0,0.0,,6.250000202213414
removal_lm_q1_loc,test:362_0,TEST,Allocentric,both_correct,B,B,B,B,True,True,False,True,0.0,0.0,0.0,,3.999999862164259
removal_lm_q1_loc,test:47_0,TEST,Allocentric,both_correct,B,B,B,B,True,True,False,True,0.0,0.0,0.0,,2.2499998956918716
removal_lm_q1_loc,test:36_0,TEST,Allocentric,both_correct,C,C,C,C,True,True,False,True,0.0,0.0,0.0,,3.0000000782310963
removal_lm_q1_loc,test:547_0,TEST,Egocentric,both_correct,A,A,A,A,True,True,False,True,0.0,0.0,0.0,,11.250000357712452
removal_lm_q1_loc,test:211_0,TEST,Hypothetical,both_correct,C,C,C,C,True,True,False,True,0.0,0.0,0.0,,11.37500000008913
removal_lm_q1_loc,test:39_0,TEST,Allocentric,both_wrong_same,C,B,B,B,True,True,False,False,0.0,0.0,0.0,,-0.25
removal_lm_q1_loc,test:76_0,TEST,Allocentric,both_wrong_same,A,C,C,C,True,True,False,False,0.0,0.0,0.0,,-8.750000357627869
removal_lm_q1_loc,test:377_0,TEST,Allocentric,both_wrong_same,D,B,B,B,True,True,False,False,0.0,0.0,0.0,,-6.750000028871
removal_lm_q1_loc,test:376_0,TEST,Allocentric,both_wrong_same,B,C,C,C,True,True,False,False,0.0,0.0,0.0,,-10.87500038438884
removal_lm_q1_loc,test:94_0,TEST,Allocentric,both_wrong_same,A,D,D,D,True,True,False,False,0.0,0.0,0.0,,-11.00000035776975
removal_lm_q1_loc,test:497_0,TEST,Egocentric,both_wrong_same,A,D,D,D,True,True,False,False,0.0,0.0,0.0,,-0.9999999701976776
insertion_lm_q1_loc,train:1029_2,RERANK,Egocentric,repair,A,C,A,A,False,True,False,True,-4.249999776482582,8.750000283122063,1.0000000298023224,0.40384613709336914,1.0000000298023224
insertion_lm_q1_loc,train:105_0,RERANK,Hypothetical,repair,C,B,C,B,True,False,False,False,-2.0000001043081284,1.4999998807907104,-2.0000000596046448,1.2772423934819119e-08,-2.0000000596046448
insertion_lm_q1_loc,train:1073_2,RERANK,Egocentric,repair,A,B,A,A,False,True,False,True,-0.25,0.0,0.0,1.0,0.0
insertion_lm_q1_loc,train:1113_2,RERANK,Egocentric,repair,C,B,C,B,True,False,False,False,-1.7499999701976776,1.0000000298023224,-1.0000000298023224,0.27272725105285645,-1.0000000298023224
insertion_lm_q1_loc,train:329_1,RERANK,Egocentric,repair,B,A,B,A,True,False,False,False,-0.25,1.75,-0.25,0.0,-0.25
insertion_lm_q1_loc,train:40_0,RERANK,Hypothetical,repair,D,C,D,C,True,False,False,False,0.0,0.7500000298023224,-0.7500000298023224,-1.0,-0.7500000298023224
insertion_lm_q1_loc,train:427_0,RERANK,Allocentric,repair,A,C,A,C,True,False,False,False,-1.7499999850988388,1.4999999850988388,-0.7499999701976776,0.30769231509880207,-0.7499999701976776
insertion_lm_q1_loc,train:589_2,RERANK,Egocentric,repair,B,C,B,B,False,True,False,True,-1.5000000149011612,7.749999854568159,0.0,0.1621621660614377,0.0
insertion_lm_q1_loc,train:605_2,RERANK,Egocentric,repair,A,C,A,C,True,False,False,False,-3.7499999701976776,1.5,-2.4999999552965164,0.2380952422851338,-2.4999999552965164
insertion_lm_q1_loc,train:610_2,RERANK,Egocentric,repair,A,B,A,C,False,False,False,False,-3.5000001192092896,4.249999970197678,0.5,0.5161290416856461,-0.25
insertion_lm_q1_loc,train:1039_1,RERANK,Egocentric,regression,A,A,B,A,True,False,False,True,-1.2500000298023224,0.4999999701976776,-0.7500000298023224,0.2857142857142857,0.7500000298023224
insertion_lm_q1_loc,train:466_0,RERANK,Allocentric,regression,A,A,B,C,False,False,False,False,-0.5,2.5000000596046448,1.25,0.5833333217435416,-2.0000000596046448
insertion_lm_q1_loc,train:1059_1,RERANK,Egocentric,both_wrong_diff,D,B,C,C,False,True,False,False,-2.750000022351742,2.7499999403953552,1.0000000298023224,0.6818181959188675,-2.249999910593033
insertion_lm_q1_loc,train:521_0,RERANK,Allocentric,both_wrong_diff,D,B,A,A,False,True,False,False,-2.9999998956918716,7.999999994499376,0.0,0.2727272659672466,-4.250000059604645
insertion_lm_q1_loc,train:628_0,RERANK,Allocentric,both_wrong_diff,A,B,D,D,False,True,False,False,-0.24999994039535522,1.4999999403953552,1.4999999403953552,1.0,-6.249999940395355
insertion_lm_q1_loc,train:677_2,RERANK,Egocentric,both_wrong_diff,B,D,C,C,False,True,False,False,-0.5,3.999999925494194,0.5,0.22222222590152135,-1.0
insertion_lm_q1_loc,train:774_0,RERANK,Allocentric,both_wrong_diff,D,B,C,C,False,True,False,False,-2.0,0.5000000298023224,0.7500000596046448,1.100000010728836,-9.750000298023224
insertion_lm_q1_loc,train:91_0,RERANK,Hypothetical,both_wrong_diff,B,A,C,A,True,False,False,False,0.0,0.75,0.0,0.0,-1.4999999403953552
insertion_lm_q1_loc,train:1206_0,RERANK,Allocentric,both_correct,A,A,A,A,True,True,False,True,0.0,0.0,0.0,,3.7499999329447746
insertion_lm_q1_loc,train:442_0,RERANK,Allocentric,both_correct,D,D,D,D,True,True,False,True,0.0,0.0,0.0,,0.25
insertion_lm_q1_loc,train:711_1,RERANK,Egocentric,both_correct,A,A,A,A,True,True,False,True,0.0,0.0,0.0,,0.5
insertion_lm_q1_loc,train:629_1,RERANK,Egocentric,both_correct,B,B,B,B,True,True,False,True,0.0,0.0,0.0,,7.750000109372195
insertion_lm_q1_loc,train:823_2,RERANK,Egocentric,both_correct,C,C,C,C,True,True,False,True,0.0,0.0,0.0,,6.75000019161962
insertion_lm_q1_loc,train:996_1,RERANK,Egocentric,both_correct,B,B,B,B,True,True,False,True,0.0,0.0,0.0,,2.9999999925494194
insertion_lm_q1_loc,train:1097_0,RERANK,Allocentric,both_wrong_same,B,D,D,D,True,True,False,False,0.0,0.0,0.0,,-11.999999946827302
insertion_lm_q1_loc,train:406_0,RERANK,Allocentric,both_wrong_same,D,B,B,B,True,True,False,False,0.0,0.0,0.0,,-7.625000357627869
insertion_lm_q1_loc,train:1102_0,RERANK,Allocentric,both_wrong_same,D,A,A,A,True,True,False,False,0.0,0.0,0.0,,-9.250000355765224
insertion_lm_q1_loc,train:394_1,RERANK,Egocentric,both_wrong_same,B,C,C,C,True,True,False,False,0.0,0.0,0.0,,-13.250000232830644
insertion_lm_q1_loc,train:956_2,RERANK,Egocentric,both_wrong_same,D,C,C,C,True,True,False,False,0.0,0.0,0.0,,-11.249999651714461
insertion_lm_q1_loc,train:298_2,RERANK,Egocentric,both_wrong_same,C,B,B,B,True,True,False,False,0.0,0.0,0.0,,-3.500000085681677
insertion_lm_q1_loc,test:10_0,TEST,Allocentric,repair,D,C,D,C,True,False,False,False,-0.7499999403953552,0.7500000596046448,0.0,0.49999996026357013,0.0
insertion_lm_q1_loc,test:193_0,TEST,Hypothetical,repair,A,C,A,A,False,True,False,True,-0.5,0.0,2.2499999925494194,5.499999985098839,2.2499999925494194
insertion_lm_q1_loc,test:207_0,TEST,Hypothetical,repair,C,B,C,B,True,False,False,False,-0.9999999701976776,0.4999999403953552,-1.0000000596046448,-5.960464832810452e-08,-1.0000000596046448
insertion_lm_q1_loc,test:238_0,TEST,Hypothetical,repair,D,B,D,B,True,False,False,False,-0.25,2.4999999031424522,-0.25,0.0,-0.25
insertion_lm_q1_loc,test:245_0,TEST,Hypothetical,repair,D,A,D,A,True,False,False,False,-2.7499999031424522,1.7499999850988388,-3.000000014901161,-0.05555558177056201,-3.000000014901161
insertion_lm_q1_loc,test:304_0,TEST,Allocentric,repair,C,B,C,B,True,False,False,False,-0.25,1.4999999403953552,0.0,0.14285714772282831,0.0
insertion_lm_q1_loc,test:335_0,TEST,Allocentric,repair,C,A,C,A,True,False,False,False,-2.9999998956918716,2.250000022351742,-1.5000000298023224,0.28571426462964916,-1.5000000298023224
insertion_lm_q1_loc,test:346_0,TEST,Allocentric,repair,D,B,D,D,False,True,False,True,0.0,2.250000074505806,1.4999999850988388,0.666666637968135,1.4999999850988388
insertion_lm_q1_loc,test:379_0,TEST,Allocentric,repair,A,B,A,B,True,False,False,False,-1.2500000298023224,0.25,-0.25,0.6666666732894049,-0.25
insertion_lm_q1_loc,test:483_0,TEST,Egocentric,repair,C,B,C,C,False,True,False,True,0.0,1.4999999701976776,1.2500000298023224,0.8333333697583948,1.2500000298023224
insertion_lm_q1_loc,test:8_0,TEST,Allocentric,repair,D,B,D,B,True,False,False,False,-1.0000000298023224,0.9999999701976776,-0.25,0.3750000149011612,-0.25
insertion_lm_q1_loc,test:92_0,TEST,Allocentric,repair,A,B,A,B,True,False,False,False,-0.9999999403953552,0.25,-0.25,0.5999999809265127,-0.25
insertion_lm_q1_loc,test:141_0,TEST,Allocentric,regression,D,D,A,A,False,True,False,False,-3.0000000596046448,6.000000102445483,3.2499999813735485,0.6944444364937092,-3.2499999813735485
insertion_lm_q1_loc,test:156_0,TEST,Allocentric,regression,D,D,B,D,True,False,False,True,-2.000000074505806,1.7500000149011612,-3.249999947845936,-0.33333329161008296,3.249999947845936
insertion_lm_q1_loc,test:159_0,TEST,Allocentric,regression,C,C,A,C,True,False,False,True,-2.500000111758709,2.2499999552965164,-1.9999999403953552,0.1052631924852435,1.9999999403953552
insertion_lm_q1_loc,test:177_0,TEST,Hypothetical,regression,D,D,B,B,False,True,False,False,-0.25,1.0,1.4999999701976776,1.399999976158142,-1.4999999701976776
insertion_lm_q1_loc,test:225_0,TEST,Hypothetical,regression,A,A,C,A,True,False,False,True,-2.4999999031424522,0.7500000596046448,-2.2499999329447746,0.076923068634857,2.2499999329447746
insertion_lm_q1_loc,test:31_0,TEST,Allocentric,regression,C,C,A,C,True,False,False,True,-1.2500000596046448,0.0,-1.5,-0.19999994277954375,1.5
insertion_lm_q1_loc,test:33_0,TEST,Allocentric,regression,A,A,C,A,True,False,False,True,0.0,5.500000204890966,-1.4999999701976776,-0.2727272571487866,1.4999999701976776
insertion_lm_q1_loc,test:369_0,TEST,Allocentric,regression,A,A,D,A,True,False,False,True,-0.5,1.5000000298023224,-0.5,0.0,0.5
insertion_lm_q1_loc,test:371_0,TEST,Allocentric,regression,B,B,D,B,True,False,False,True,-0.5,1.2500000298023224,0.0,0.2857142808486005,0.0
insertion_lm_q1_loc,test:385_0,TEST,Allocentric,regression,B,B,D,D,False,True,False,False,-0.4999999701976776,1.2499999701976776,0.5,0.5714285738614141,-0.5
insertion_lm_q1_loc,test:394_0,TEST,Allocentric,regression,C,C,D,D,False,True,False,False,0.0,9.249999527848559,1.7500000447034836,0.18918920367885825,-1.7500000447034836
insertion_lm_q1_loc,test:399_0,TEST,Allocentric,regression,B,B,A,B,True,False,False,True,-0.75,1.2499999403953552,-0.25,0.2500000074505808,0.25
insertion_lm_q1_loc,test:416_0,TEST,Allocentric,regression,B,B,A,B,True,False,False,True,-0.5,1.0000000596046448,-0.7499999403953552,-0.16666662030750035,0.7499999403953552
insertion_lm_q1_loc,test:470_0,TEST,Egocentric,regression,A,A,B,A,True,False,False,True,-1.25,3.7500000093132257,0.0,0.2499999995343387,0.0
insertion_lm_q1_loc,test:504_0,TEST,Egocentric,regression,B,B,A,B,True,False,False,True,-0.5,3.4999999310821295,-0.5,0.0,0.5
insertion_lm_q1_loc,test:509_0,TEST,Egocentric,regression,B,B,C,B,True,False,False,True,-2.749999910593033,0.9999999701976776,-1.5,0.3333333200878563,1.5
insertion_lm_q1_loc,test:515_0,TEST,Egocentric,regression,A,A,B,A,True,False,False,True,-4.499999850988388,1.25,-2.7500000596046448,0.30434779769306075,0.5000000596046448
insertion_lm_q1_loc,test:56_0,TEST,Allocentric,regression,A,A,B,A,True,False,False,True,-0.7500000298023224,0.5,-0.9999999701976776,-0.19999994754791384,0.9999999701976776
insertion_lm_q1_loc,test:69_0,TEST,Allocentric,regression,D,D,B,B,False,True,False,False,-1.4999999403953552,1.4999999850988388,0.5,0.6666666633552975,-0.5
insertion_lm_q1_loc,test:127_0,TEST,Allocentric,both_wrong_diff,D,B,C,C,False,True,False,False,-0.5000000596046448,1.75,0.25,0.3333333509939684,-1.7500001192092896
insertion_lm_q1_loc,test:223_0,TEST,Hypothetical,both_wrong_diff,B,A,C,A,True,False,False,False,-5.8750001564621925,0.5,-6.500000052154064,-0.09803919691803042,-7.125000052154064
insertion_lm_q1_loc,test:23_0,TEST,Allocentric,both_wrong_diff,C,A,B,B,False,True,False,False,-0.25,3.4999999701976776,0.75,0.2666666687859429,-0.5
insertion_lm_q1_loc,test:258_0,TEST,Allocentric,both_wrong_diff,B,A,D,D,False,True,False,False,0.0,1.7500000447034836,0.9999999701976776,0.5714285398016179,-7.000000208616257
insertion_lm_q1_loc,test:338_0,TEST,Allocentric,both_wrong_diff,C,B,A,B,True,False,False,False,-1.0,0.5,-0.75,0.16666666666666666,0.0
insertion_lm_q1_loc,test:345_0,TEST,Allocentric,both_wrong_diff,A,D,B,D,True,False,False,False,-1.0,0.0,-1.25,-0.25,-3.0
insertion_lm_q1_loc,test:350_0,TEST,Allocentric,both_wrong_diff,D,C,B,C,True,False,False,False,-2.25,1.0000000298023224,-3.0000001043081284,-0.230769260747898,-2.2500001043081284
insertion_lm_q1_loc,test:418_0,TEST,Allocentric,both_wrong_diff,D,B,C,B,True,False,False,False,-0.25,0.5,-0.5000000298023224,-0.3333333730697632,-4.500000029802322
insertion_lm_q1_loc,test:492_0,TEST,Egocentric,both_wrong_diff,D,A,C,A,True,False,False,False,-4.500000226311386,0.5,-4.250000182539225,0.05000000649131805,-5.000000182539225
insertion_lm_q1_loc,test:85_0,TEST,Allocentric,both_wrong_diff,A,B,C,B,True,False,False,False,-2.499999925494194,0.25,-1.25,0.45454543976744305,-13.00000011920929
insertion_lm_q1_loc,test:3_0,TEST,Allocentric,both_correct,D,D,D,D,True,True,False,True,0.0,0.0,0.0,,5.500000111758709
insertion_lm_q1_loc,test:362_0,TEST,Allocentric,both_correct,B,B,B,B,True,True,False,True,0.0,0.0,0.0,,3.0000000670552254
insertion_lm_q1_loc,test:47_0,TEST,Allocentric,both_correct,B,B,B,B,True,True,False,True,0.0,0.0,0.0,,3.500000085681677
insertion_lm_q1_loc,test:36_0,TEST,Allocentric,both_correct,C,C,C,C,True,True,False,True,0.0,0.0,0.0,,2.249999947845936
insertion_lm_q1_loc,test:547_0,TEST,Egocentric,both_correct,A,A,A,A,True,True,False,True,0.0,0.0,0.0,,12.250000000011369
insertion_lm_q1_loc,test:211_0,TEST,Hypothetical,both_correct,C,C,C,C,True,True,False,True,0.0,0.0,0.0,,11.500000000076398
insertion_lm_q1_loc,test:39_0,TEST,Allocentric,both_wrong_same,C,B,B,B,True,True,False,False,0.0,0.0,0.0,,-2.2500000596046448
insertion_lm_q1_loc,test:76_0,TEST,Allocentric,both_wrong_same,A,C,C,C,True,True,False,False,0.0,0.0,0.0,,-7.499999761581421
insertion_lm_q1_loc,test:377_0,TEST,Allocentric,both_wrong_same,D,B,B,B,True,True,False,False,0.0,0.0,0.0,,-7.250000059022568
insertion_lm_q1_loc,test:376_0,TEST,Allocentric,both_wrong_same,B,C,C,C,True,True,False,False,0.0,0.0,0.0,,-6.249999803956598
insertion_lm_q1_loc,test:94_0,TEST,Allocentric,both_wrong_same,A,D,D,D,True,True,False,False,0.0,0.0,0.0,,-14.499999523162955
insertion_lm_q1_loc,test:497_0,TEST,Egocentric,both_wrong_same,A,D,D,D,True,True,False,False,0.0,0.0,0.0,,-0.7500000298023224
removal_lm_q2_loc,train:1029_2,RERANK,Egocentric,repair,A,C,A,A,False,True,False,True,-4.249999776482582,8.750000283122063,6.250000149011612,0.8076922982578447,2.499999910593033
removal_lm_q2_loc,train:105_0,RERANK,Hypothetical,repair,C,B,C,B,True,False,False,False,-2.0000001043081284,1.4999998807907104,-0.4999999403953552,0.42857147722828165,-0.4999999403953552
removal_lm_q2_loc,train:1073_2,RERANK,Egocentric,repair,A,B,A,B,True,False,False,False,-0.25,0.0,-0.7499999701976776,-1.9999998807907104,-0.7499999701976776
removal_lm_q2_loc,train:1113_2,RERANK,Egocentric,repair,C,B,C,B,True,False,False,False,-1.7499999701976776,1.0000000298023224,-0.5,0.4545454437082464,-0.5
removal_lm_q2_loc,train:329_1,RERANK,Egocentric,repair,B,A,B,B,False,True,False,True,-0.25,1.75,0.5,0.375,0.5
removal_lm_q2_loc,train:40_0,RERANK,Hypothetical,repair,D,C,D,D,False,True,False,True,0.0,0.7500000298023224,0.7499999701976776,0.9999999205271435,0.7499999701976776
removal_lm_q2_loc,train:427_0,RERANK,Allocentric,repair,A,C,A,A,False,True,False,True,-1.7499999850988388,1.4999999850988388,0.5,0.6923076940711433,0.5
removal_lm_q2_loc,train:589_2,RERANK,Egocentric,repair,B,C,B,B,False,True,False,True,-1.5000000149011612,7.749999854568159,7.2500001334701665,0.945945975334735,7.2500001334701665
removal_lm_q2_loc,train:605_2,RERANK,Egocentric,repair,A,C,A,A,False,True,False,True,-3.7499999701976776,1.5,2.0000001043081284,1.095238115646942,2.0000001043081284
removal_lm_q2_loc,train:610_2,RERANK,Egocentric,repair,A,B,A,A,False,True,False,True,-3.5000001192092896,4.249999970197678,5.000000134110451,1.096774213581998,1.7500000149011612
removal_lm_q2_loc,train:1039_1,RERANK,Egocentric,regression,A,A,B,A,True,False,False,True,-1.2500000298023224,0.4999999701976776,-0.5,0.4285714456013271,0.5
removal_lm_q2_loc,train:466_0,RERANK,Allocentric,regression,A,A,B,C,False,False,False,False,-0.5,2.5000000596046448,2.25,0.9166666484541367,-2.5
removal_lm_q2_loc,train:1059_1,RERANK,Egocentric,both_wrong_diff,D,B,C,B,True,False,False,False,-2.750000022351742,2.7499999403953552,0.0,0.5000000074505806,-1.5000000596046448
removal_lm_q2_loc,train:521_0,RERANK,Allocentric,both_wrong_diff,D,B,A,A,False,True,False,False,-2.9999998956918716,7.999999994499376,4.74999978300184,0.7045454323689969,-6.99999978300184
removal_lm_q2_loc,train:628_0,RERANK,Allocentric,both_wrong_diff,A,B,D,D,False,True,False,False,-0.24999994039535522,1.4999999403953552,2.7500000298023224,1.7142858140322694,-6.999999791383743
removal_lm_q2_loc,train:677_2,RERANK,Egocentric,both_wrong_diff,B,D,C,C,False,True,False,False,-0.5,3.999999925494194,2.2499999701976776,0.6111111146064453,-3.4999999701976776
removal_lm_q2_loc,train:774_0,RERANK,Allocentric,both_wrong_diff,D,B,C,C,False,True,False,False,-2.0,0.5000000298023224,2.0000000298023224,1.5999999928474427,-10.249999791383743
removal_lm_q2_loc,train:91_0,RERANK,Hypothetical,both_wrong_diff,B,A,C,C,False,True,False,False,0.0,0.75,0.75,1.0,-1.75
removal_lm_q2_loc,train:1206_0,RERANK,Allocentric,both_correct,A,A,A,A,True,True,False,True,0.0,0.0,0.0,,3.7499999180436134
removal_lm_q2_loc,train:442_0,RERANK,Allocentric,both_correct,D,D,D,D,True,True,False,True,0.0,0.0,0.0,,0.25
removal_lm_q2_loc,train:711_1,RERANK,Egocentric,both_correct,A,A,A,A,True,True,False,True,0.0,0.0,0.0,,1.2500000298023224
removal_lm_q2_loc,train:629_1,RERANK,Egocentric,both_correct,B,B,B,B,True,True,False,True,0.0,0.0,0.0,,7.4999998504063115
removal_lm_q2_loc,train:823_2,RERANK,Egocentric,both_correct,C,C,C,C,True,True,False,True,0.0,0.0,0.0,,8.25000044630724
removal_lm_q2_loc,train:996_1,RERANK,Egocentric,both_correct,B,B,B,B,True,True,False,True,0.0,0.0,0.0,,2.9999999925494194
removal_lm_q2_loc,train:1097_0,RERANK,Allocentric,both_wrong_same,B,D,D,D,True,True,False,False,0.0,0.0,0.0,,-15.000000000436557
removal_lm_q2_loc,train:406_0,RERANK,Allocentric,both_wrong_same,D,B,B,B,True,True,False,False,0.0,0.0,0.0,,-10.249999842606485
removal_lm_q2_loc,train:1102_0,RERANK,Allocentric,both_wrong_same,D,A,A,A,True,True,False,False,0.0,0.0,0.0,,-9.000000230967999
removal_lm_q2_loc,train:394_1,RERANK,Egocentric,both_wrong_same,B,C,C,C,True,True,False,False,0.0,0.0,0.0,,-14.500000100000761
removal_lm_q2_loc,train:956_2,RERANK,Egocentric,both_wrong_same,D,C,C,C,True,True,False,False,0.0,0.0,0.0,,-14.25000023906614
removal_lm_q2_loc,train:298_2,RERANK,Egocentric,both_wrong_same,C,B,B,B,True,True,False,False,0.0,0.0,0.0,,-1.4999999552965164
removal_lm_q2_loc,test:10_0,TEST,Allocentric,repair,D,C,D,C,True,False,False,False,-0.7499999403953552,0.7500000596046448,-0.25,0.3333332935969035,-0.25
removal_lm_q2_loc,test:193_0,TEST,Hypothetical,repair,A,C,A,C,True,False,False,False,-0.5,0.0,-1.4999999701976776,-1.9999999403953552,-1.4999999701976776
removal_lm_q2_loc,test:207_0,TEST,Hypothetical,repair,C,B,C,B,True,False,False,False,-0.9999999701976776,0.4999999403953552,0.0,0.6666666865348828,0.0
removal_lm_q2_loc,test:238_0,TEST,Hypothetical,repair,D,B,D,D,False,True,False,True,-0.25,2.4999999031424522,0.7500000596046448,0.36363639811839077,0.7500000596046448
removal_lm_q2_loc,test:245_0,TEST,Hypothetical,repair,D,A,D,D,False,True,False,True,-2.7499999031424522,1.7499999850988388,1.4999999701976776,0.944444439753338,1.4999999701976776
removal_lm_q2_loc,test:304_0,TEST,Allocentric,repair,C,B,C,C,False,True,False,True,-0.25,1.4999999403953552,1.2499999403953552,0.8571428522771717,1.2499999403953552
removal_lm_q2_loc,test:335_0,TEST,Allocentric,repair,C,A,C,A,True,False,False,False,-2.9999998956918716,2.250000022351742,0.0,0.5714285604807794,0.0
removal_lm_q2_loc,test:346_0,TEST,Allocentric,repair,D,B,D,D,False,True,False,True,0.0,2.250000074505806,2.0,0.8888888594544974,2.0
removal_lm_q2_loc,test:379_0,TEST,Allocentric,repair,A,B,A,A,False,True,False,True,-1.2500000298023224,0.25,0.25,1.0,0.25
removal_lm_q2_loc,test:483_0,TEST,Egocentric,repair,C,B,C,C,False,True,False,True,0.0,1.4999999701976776,1.2499999701976776,0.8333333300219641,1.2499999701976776
removal_lm_q2_loc,test:8_0,TEST,Allocentric,repair,D,B,D,D,False,True,False,True,-1.0000000298023224,0.9999999701976776,1.25,1.1250000149011612,1.25
removal_lm_q2_loc,test:92_0,TEST,Allocentric,repair,A,B,A,A,False,True,False,True,-0.9999999403953552,0.25,0.25,1.0,0.25
removal_lm_q2_loc,test:141_0,TEST,Allocentric,regression,D,D,A,A,False,True,False,False,-3.0000000596046448,6.000000102445483,7.999999708728865,1.2222221744746944,-7.999999708728865
removal_lm_q2_loc,test:156_0,TEST,Allocentric,regression,D,D,B,D,True,False,False,True,-2.000000074505806,1.7500000149011612,-0.5,0.40000001033147153,0.5
removal_lm_q2_loc,test:159_0,TEST,Allocentric,regression,C,C,A,C,True,False,False,True,-2.500000111758709,2.2499999552965164,-0.25,0.47368422736751714,0.25
removal_lm_q2_loc,test:177_0,TEST,Hypothetical,regression,D,D,B,B,False,True,False,False,-0.25,1.0,0.25,0.4,-0.25
removal_lm_q2_loc,test:225_0,TEST,Hypothetical,regression,A,A,C,A,True,False,False,True,-2.4999999031424522,0.7500000596046448,-0.7500000596046448,0.5384614964914035,0.7500000596046448
removal_lm_q2_loc,test:31_0,TEST,Allocentric,regression,C,C,A,A,False,True,False,False,-1.2500000596046448,0.0,0.0,1.0,0.0
removal_lm_q2_loc,test:33_0,TEST,Allocentric,regression,A,A,C,C,False,True,False,False,0.0,5.500000204890966,4.000000113621354,0.7272727208381352,-4.000000113621354
removal_lm_q2_loc,test:369_0,TEST,Allocentric,regression,A,A,D,D,False,True,False,False,-0.5,1.5000000298023224,1.2500000596046448,0.8750000167638061,-1.2500000596046448
removal_lm_q2_loc,test:371_0,TEST,Allocentric,regression,B,B,D,D,False,True,False,False,-0.5,1.2500000298023224,1.5000000596046448,1.1428571574541986,-1.5000000596046448
removal_lm_q2_loc,test:385_0,TEST,Allocentric,regression,B,B,D,D,False,True,False,False,-0.4999999701976776,1.2499999701976776,1.0000000298023224,0.8571428863369699,-1.0000000298023224
removal_lm_q2_loc,test:394_0,TEST,Allocentric,regression,C,C,D,D,False,True,False,False,0.0,9.249999527848559,2.999999988824129,0.32432433967073876,-2.999999988824129
removal_lm_q2_loc,test:399_0,TEST,Allocentric,regression,B,B,A,A,False,True,False,False,-0.75,1.2499999403953552,1.25,1.0000000298023233,-1.25
removal_lm_q2_loc,test:416_0,TEST,Allocentric,regression,B,B,A,B,True,False,False,True,-0.5,1.0000000596046448,-1.0,-0.33333332008785727,1.0
removal_lm_q2_loc,test:470_0,TEST,Egocentric,regression,A,A,B,B,False,True,False,False,-1.25,3.7500000093132257,2.4999998807907104,0.7499999747611583,-2.4999998807907104
removal_lm_q2_loc,test:504_0,TEST,Egocentric,regression,B,B,A,A,False,True,False,False,-0.5,3.4999999310821295,0.5,0.25000000430736696,-0.5
removal_lm_q2_loc,test:509_0,TEST,Egocentric,regression,B,B,C,C,False,True,False,False,-2.749999910593033,0.9999999701976776,0.7500000596046448,0.9333333550559156,-0.7500000596046448
removal_lm_q2_loc,test:515_0,TEST,Egocentric,regression,A,A,B,D,False,False,False,False,-4.499999850988388,1.25,-1.75,0.4782608560443146,-0.5
removal_lm_q2_loc,test:56_0,TEST,Allocentric,regression,A,A,B,B,False,True,False,False,-0.7500000298023224,0.5,1.7499999850988388,1.999999964237214,-1.7499999850988388
removal_lm_q2_loc,test:69_0,TEST,Allocentric,regression,D,D,B,B,False,True,False,False,-1.4999999403953552,1.4999999850988388,0.75,0.7499999987582365,-0.75
removal_lm_q2_loc,test:127_0,TEST,Allocentric,both_wrong_diff,D,B,C,C,False,True,False,False,-0.5000000596046448,1.75,1.2499999701976776,0.7777777704191798,-2.7499999701976776
removal_lm_q2_loc,test:223_0,TEST,Hypothetical,both_wrong_diff,B,A,C,A,True,False,False,False,-5.8750001564621925,0.5,-1.7500001192092896,0.6470588134921823,-5.6250001192092896
removal_lm_q2_loc,test:23_0,TEST,Allocentric,both_wrong_diff,C,A,B,B,False,True,False,False,-0.25,3.4999999701976776,2.75,0.8000000063578289,-2.25
removal_lm_q2_loc,test:258_0,TEST,Allocentric,both_wrong_diff,B,A,D,D,False,True,False,False,0.0,1.7500000447034836,1.2500000298023224,0.714285713069293,-9.250000029802322
removal_lm_q2_loc,test:338_0,TEST,Allocentric,both_wrong_diff,C,B,A,C,False,False,False,True,-1.0,0.5,0.5,1.0,1.2499999403953552
removal_lm_q2_loc,test:345_0,TEST,Allocentric,both_wrong_diff,A,D,B,B,False,True,False,False,-1.0,0.0,0.0,1.0,-2.2500000596046448
removal_lm_q2_loc,test:350_0,TEST,Allocentric,both_wrong_diff,D,C,B,C,True,False,False,False,-2.25,1.0000000298023224,-1.7499999403953552,0.15384617077528356,-3.7499999403953552
removal_lm_q2_loc,test:418_0,TEST,Allocentric,both_wrong_diff,D,B,C,C,False,True,False,False,-0.25,0.5,0.5,1.0,-5.750000238418579
removal_lm_q2_loc,test:492_0,TEST,Egocentric,both_wrong_diff,D,A,C,A,True,False,False,False,-4.500000226311386,0.5,-0.7500000298023224,0.7500000053551046,-2.2500000298023224
removal_lm_q2_loc,test:85_0,TEST,Allocentric,both_wrong_diff,A,B,C,C,False,True,False,False,-2.499999925494194,0.25,0.5,1.0909090933720929,-13.375000298023224
removal_lm_q2_loc,test:3_0,TEST,Allocentric,both_correct,D,D,D,D,True,True,False,True,0.0,0.0,0.0,,6.999999820312951
removal_lm_q2_loc,test:362_0,TEST,Allocentric,both_correct,B,B,B,B,True,True,False,True,0.0,0.0,0.0,,5.749999861931428
removal_lm_q2_loc,test:47_0,TEST,Allocentric,both_correct,B,B,B,B,True,True,False,True,0.0,0.0,0.0,,3.2500000335276127
removal_lm_q2_loc,test:36_0,TEST,Allocentric,both_correct,C,C,C,C,True,True,False,True,0.0,0.0,0.0,,1.7499999552965164
removal_lm_q2_loc,test:547_0,TEST,Egocentric,both_correct,A,A,A,A,True,True,False,True,0.0,0.0,0.0,,12.750000000004093
removal_lm_q2_loc,test:211_0,TEST,Hypothetical,both_correct,C,C,C,C,True,True,False,True,0.0,0.0,0.0,,12.000000238439497
removal_lm_q2_loc,test:39_0,TEST,Allocentric,both_wrong_same,C,B,B,B,True,True,False,False,0.0,0.0,0.0,,-0.5
removal_lm_q2_loc,test:76_0,TEST,Allocentric,both_wrong_same,A,C,C,C,True,True,False,False,0.0,0.0,0.0,,-7.875000029802322
removal_lm_q2_loc,test:377_0,TEST,Allocentric,both_wrong_same,D,B,B,B,True,True,False,False,0.0,0.0,0.0,,-7.500000206404366
removal_lm_q2_loc,test:376_0,TEST,Allocentric,both_wrong_same,B,C,C,C,True,True,False,False,0.0,0.0,0.0,,-13.87500011937118
removal_lm_q2_loc,test:94_0,TEST,Allocentric,both_wrong_same,A,D,D,D,True,True,False,False,0.0,0.0,0.0,,-13.749999880791279
removal_lm_q2_loc,test:497_0,TEST,Egocentric,both_wrong_same,A,D,D,D,True,True,False,False,0.0,0.0,0.0,,-0.7500000596046448
insertion_lm_q2_loc,train:1029_2,RERANK,Egocentric,repair,A,C,A,C,True,False,False,False,-4.249999776482582,8.750000283122063,-2.4999998807907104,0.13461537597447462,-2.4999998807907104
insertion_lm_q2_loc,train:105_0,RERANK,Hypothetical,repair,C,B,C,B,True,False,False,False,-2.0000001043081284,1.4999998807907104,-0.9999999403953552,0.28571433376292815,-0.9999999403953552
insertion_lm_q2_loc,train:1073_2,RERANK,Egocentric,repair,A,B,A,A,False,True,False,True,-0.25,0.0,0.7499999403953552,3.999999761581421,0.7499999403953552
insertion_lm_q2_loc,train:1113_2,RERANK,Egocentric,repair,C,B,C,B,True,False,False,False,-1.7499999701976776,1.0000000298023224,-1.5000000596046448,0.09090905839746649,-1.5000000596046448
insertion_lm_q2_loc,train:329_1,RERANK,Egocentric,repair,B,A,B,B,False,True,False,True,-0.25,1.75,1.0,0.625,1.0
insertion_lm_q2_loc,train:40_0,RERANK,Hypothetical,repair,D,C,D,C,True,False,False,False,0.0,0.7500000298023224,-0.9999999701976776,-1.3333332406150007,-0.9999999701976776
insertion_lm_q2_loc,train:427_0,RERANK,Allocentric,repair,A,C,A,C,True,False,False,False,-1.7499999850988388,1.4999999850988388,-0.7500000298023224,0.3076922967589112,-0.7500000298023224
insertion_lm_q2_loc,train:589_2,RERANK,Egocentric,repair,B,C,B,C,True,False,False,False,-1.5000000149011612,7.749999854568159,-1.2499999701976776,0.027027032241225997,-1.2499999701976776
insertion_lm_q2_loc,train:605_2,RERANK,Egocentric,repair,A,C,A,C,True,False,False,False,-3.7499999701976776,1.5,-4.250000149011612,-0.09523812983852414,-4.250000149011612
insertion_lm_q2_loc,train:610_2,RERANK,Egocentric,repair,A,B,A,B,True,False,False,False,-3.5000001192092896,4.249999970197678,-3.5000000596046448,7.690921817776597e-09,-3.5000000596046448
insertion_lm_q2_loc,train:1039_1,RERANK,Egocentric,regression,A,A,B,A,True,False,False,True,-1.2500000298023224,0.4999999701976776,-0.25,0.5714285884584699,0.25
insertion_lm_q2_loc,train:466_0,RERANK,Allocentric,regression,A,A,B,B,False,True,False,False,-0.5,2.5000000596046448,0.25,0.24999999503294637,-0.25
insertion_lm_q2_loc,train:1059_1,RERANK,Egocentric,both_wrong_diff,D,B,C,C,False,True,False,False,-2.750000022351742,2.7499999403953552,0.5,0.590909098975422,-1.7499998807907104
insertion_lm_q2_loc,train:521_0,RERANK,Allocentric,both_wrong_diff,D,B,A,B,True,False,False,False,-2.9999998956918716,7.999999994499376,-0.25,0.24999999301309628,-3.0
insertion_lm_q2_loc,train:628_0,RERANK,Allocentric,both_wrong_diff,A,B,D,C,False,False,False,False,-0.24999994039535522,1.4999999403953552,-0.25,-3.405979933464863e-08,-5.4999998807907104
insertion_lm_q2_loc,train:677_2,RERANK,Egocentric,both_wrong_diff,B,D,C,C,False,True,False,False,-0.5,3.999999925494194,0.75,0.2777777823769017,-2.75
insertion_lm_q2_loc,train:774_0,RERANK,Allocentric,both_wrong_diff,D,B,C,B,True,False,False,False,-2.0,0.5000000298023224,-2.749999888241291,-0.2999999517202383,-7.999999888241291
insertion_lm_q2_loc,train:91_0,RERANK,Hypothetical,both_wrong_diff,B,A,C,C,False,True,False,False,0.0,0.75,0.25,0.3333333333333333,-0.25
insertion_lm_q2_loc,train:1206_0,RERANK,Allocentric,both_correct,A,A,A,A,True,True,False,True,0.0,0.0,0.0,,3.5000000968575478
insertion_lm_q2_loc,train:442_0,RERANK,Allocentric,both_correct,D,D,D,D,True,True,False,True,0.0,0.0,0.0,,0.75
insertion_lm_q2_loc,train:711_1,RERANK,Egocentric,both_correct,A,A,A,B,False,False,False,False,0.0,0.0,0.0,,-0.25
insertion_lm_q2_loc,train:629_1,RERANK,Egocentric,both_correct,B,B,B,B,True,True,False,True,0.0,0.0,0.0,,7.499999876890797
insertion_lm_q2_loc,train:823_2,RERANK,Egocentric,both_correct,C,C,C,C,True,True,False,True,0.0,0.0,0.0,,6.000000104540959
insertion_lm_q2_loc,train:996_1,RERANK,Egocentric,both_correct,B,B,B,B,True,True,False,True,0.0,0.0,0.0,,4.499999979510903
insertion_lm_q2_loc,train:1097_0,RERANK,Allocentric,both_wrong_same,B,D,D,D,True,True,False,False,0.0,0.0,0.0,,-10.124999591731466
insertion_lm_q2_loc,train:406_0,RERANK,Allocentric,both_wrong_same,D,B,B,B,True,True,False,False,0.0,0.0,0.0,,-7.249999955296516
insertion_lm_q2_loc,train:1102_0,RERANK,Allocentric,both_wrong_same,D,A,A,C,False,False,False,False,0.0,0.0,0.0,,-4.9999997690320015
insertion_lm_q2_loc,train:394_1,RERANK,Egocentric,both_wrong_same,B,C,C,C,True,True,False,False,0.0,0.0,0.0,,-12.125000273692422
insertion_lm_q2_loc,train:956_2,RERANK,Egocentric,both_wrong_same,D,C,C,C,True,True,False,False,0.0,0.0,0.0,,-7.25000008783536
insertion_lm_q2_loc,train:298_2,RERANK,Egocentric,both_wrong_same,C,B,B,B,True,True,False,False,0.0,0.0,0.0,,-4.2499999813735485
insertion_lm_q2_loc,test:10_0,TEST,Allocentric,repair,D,C,D,C,True,False,False,False,-0.7499999403953552,0.7500000596046448,-0.25,0.3333332935969035,-0.25
insertion_lm_q2_loc,test:193_0,TEST,Hypothetical,repair,A,C,A,A,False,True,False,True,-0.5,0.0,1.5000000447034836,4.000000089406967,1.5000000447034836
insertion_lm_q2_loc,test:207_0,TEST,Hypothetical,repair,C,B,C,B,True,False,False,False,-0.9999999701976776,0.4999999403953552,-1.0000000298023224,-3.9736432218736344e-08,-1.0000000298023224
insertion_lm_q2_loc,test:238_0,TEST,Hypothetical,repair,D,B,D,D,False,True,False,True,-0.25,2.4999999031424522,0.5000000298023224,0.2727272931701888,0.5000000298023224
insertion_lm_q2_loc,test:245_0,TEST,Hypothetical,repair,D,A,D,A,True,False,False,False,-2.7499999031424522,1.7499999850988388,-1.25,0.3333333200878564,-1.25
insertion_lm_q2_loc,test:304_0,TEST,Allocentric,repair,C,B,C,B,True,False,False,False,-0.25,1.4999999403953552,0.0,0.14285714772282831,0.0
insertion_lm_q2_loc,test:335_0,TEST,Allocentric,repair,C,A,C,A,True,False,False,False,-2.9999998956918716,2.250000022351742,-0.5000000298023224,0.476190458079314,-0.5000000298023224
insertion_lm_q2_loc,test:346_0,TEST,Allocentric,repair,D,B,D,D,False,True,False,True,0.0,2.250000074505806,0.5,0.22222221486362434,0.5
insertion_lm_q2_loc,test:379_0,TEST,Allocentric,repair,A,B,A,B,True,False,False,False,-1.2500000298023224,0.25,-0.9999999701976776,0.16666670309172663,-0.9999999701976776
insertion_lm_q2_loc,test:483_0,TEST,Egocentric,repair,C,B,C,C,False,True,False,True,0.0,1.4999999701976776,0.75,0.5000000099341076,0.75
insertion_lm_q2_loc,test:8_0,TEST,Allocentric,repair,D,B,D,B,True,False,False,False,-1.0000000298023224,0.9999999701976776,-1.4999999403953552,-0.24999995529651642,-1.4999999403953552
insertion_lm_q2_loc,test:92_0,TEST,Allocentric,repair,A,B,A,B,True,False,False,False,-0.9999999403953552,0.25,-0.9999999403953552,0.0,-0.9999999403953552
insertion_lm_q2_loc,test:141_0,TEST,Allocentric,regression,D,D,A,D,True,False,False,True,-3.0000000596046448,6.000000102445483,-3.7500000204890966,-0.08333332748669728,3.7500000204890966
insertion_lm_q2_loc,test:156_0,TEST,Allocentric,regression,D,D,B,B,False,True,False,False,-2.000000074505806,1.7500000149011612,2.000000074505806,1.066666680971781,-2.000000074505806
insertion_lm_q2_loc,test:159_0,TEST,Allocentric,regression,C,C,A,C,True,False,False,True,-2.500000111758709,2.2499999552965164,-1.7499999552965164,0.15789476755253123,1.7499999552965164
insertion_lm_q2_loc,test:177_0,TEST,Hypothetical,regression,D,D,B,B,False,True,False,False,-0.25,1.0,1.5,1.4,-1.5
insertion_lm_q2_loc,test:225_0,TEST,Hypothetical,regression,A,A,C,A,True,False,False,True,-2.4999999031424522,0.7500000596046448,-1.0000000298023224,0.4615384278565465,1.0000000298023224
insertion_lm_q2_loc,test:31_0,TEST,Allocentric,regression,C,C,A,C,True,False,False,True,-1.2500000596046448,0.0,-0.7499999701976776,0.4000000524520849,0.7499999701976776
insertion_lm_q2_loc,test:33_0,TEST,Allocentric,regression,A,A,C,C,False,True,False,False,0.0,5.500000204890966,1.25,0.22727271880615874,-1.25
insertion_lm_q2_loc,test:369_0,TEST,Allocentric,regression,A,A,D,A,True,False,False,True,-0.5,1.5000000298023224,-0.4999999403953552,2.980232194360611e-08,0.4999999403953552
insertion_lm_q2_loc,test:371_0,TEST,Allocentric,regression,B,B,D,B,True,False,False,True,-0.5,1.2500000298023224,-1.0000000596046448,-0.28571431490839694,1.0000000596046448
insertion_lm_q2_loc,test:385_0,TEST,Allocentric,regression,B,B,D,B,True,False,False,True,-0.4999999701976776,1.2499999701976776,-0.7499999701976776,-0.14285714772282831,0.7499999701976776
insertion_lm_q2_loc,test:394_0,TEST,Allocentric,regression,C,C,D,D,False,True,False,False,0.0,9.249999527848559,4.999999823980033,0.5405405491023819,-4.999999823980033
insertion_lm_q2_loc,test:399_0,TEST,Allocentric,regression,B,B,A,B,True,False,False,True,-0.75,1.2499999403953552,-0.75,0.0,0.75
insertion_lm_q2_loc,test:416_0,TEST,Allocentric,regression,B,B,A,A,False,True,False,False,-0.5,1.0000000596046448,0.25,0.49999998013178587,-0.25
insertion_lm_q2_loc,test:470_0,TEST,Egocentric,regression,A,A,B,A,True,False,False,True,-1.25,3.7500000093132257,-0.25,0.19999999962747098,0.25
insertion_lm_q2_loc,test:504_0,TEST,Egocentric,regression,B,B,A,A,False,True,False,False,-0.5,3.4999999310821295,2.5000000968575478,0.7500000371364883,-2.5000000968575478
insertion_lm_q2_loc,test:509_0,TEST,Egocentric,regression,B,B,C,B,True,False,False,True,-2.749999910593033,0.9999999701976776,-2.75,-2.3841858668068524e-08,2.75
insertion_lm_q2_loc,test:515_0,TEST,Egocentric,regression,A,A,B,A,True,False,False,True,-4.499999850988388,1.25,-1.2499999701976776,0.5652173852199416,1.2499999701976776
insertion_lm_q2_loc,test:56_0,TEST,Allocentric,regression,A,A,B,A,True,False,False,True,-0.7500000298023224,0.5,-1.0,-0.1999999713897712,1.0
insertion_lm_q2_loc,test:69_0,TEST,Allocentric,regression,D,D,B,D,True,False,False,True,-1.4999999403953552,1.4999999850988388,-1.0,0.16666665093766278,1.0
insertion_lm_q2_loc,test:127_0,TEST,Allocentric,both_wrong_diff,D,B,C,B,True,False,False,False,-0.5000000596046448,1.75,-0.25,0.11111113465862447,-1.2499999403953552
insertion_lm_q2_loc,test:223_0,TEST,Hypothetical,both_wrong_diff,B,A,C,A,True,False,False,False,-5.8750001564621925,0.5,-4.625000178813934,0.19607842305402326,-3.8749999403953552
insertion_lm_q2_loc,test:23_0,TEST,Allocentric,both_wrong_diff,C,A,B,A,True,False,False,False,-0.25,3.4999999701976776,0.0,0.06666666719648573,-0.5
insertion_lm_q2_loc,test:258_0,TEST,Allocentric,both_wrong_diff,B,A,D,D,False,True,False,False,0.0,1.7500000447034836,1.2500000298023224,0.714285713069293,-7.000000029802322
insertion_lm_q2_loc,test:338_0,TEST,Allocentric,both_wrong_diff,C,B,A,B,True,False,False,False,-1.0,0.5,-0.7500000596046448,0.16666662693023682,-1.7500000596046448
insertion_lm_q2_loc,test:345_0,TEST,Allocentric,both_wrong_diff,A,D,B,D,True,False,False,False,-1.0,0.0,-0.25,0.75,-2.7499998807907104
insertion_lm_q2_loc,test:350_0,TEST,Allocentric,both_wrong_diff,D,C,B,C,True,False,False,False,-2.25,1.0000000298023224,-0.25,0.6153846097415722,-2.2499999403953552
insertion_lm_q2_loc,test:418_0,TEST,Allocentric,both_wrong_diff,D,B,C,C,False,True,False,False,-0.25,0.5,0.25,0.6666666666666666,-4.500000059604645
insertion_lm_q2_loc,test:492_0,TEST,Egocentric,both_wrong_diff,D,A,C,A,True,False,False,False,-4.500000226311386,0.5,-2.9999999590218067,0.30000003987923085,-8.750000197440386
insertion_lm_q2_loc,test:85_0,TEST,Allocentric,both_wrong_diff,A,B,C,B,True,False,False,False,-2.499999925494194,0.25,-2.7499999403953552,-0.09090909879069704,-11.000000417232513
insertion_lm_q2_loc,test:3_0,TEST,Allocentric,both_correct,D,D,D,D,True,True,False,True,0.0,0.0,0.0,,4.000000189989805
insertion_lm_q2_loc,test:362_0,TEST,Allocentric,both_correct,B,B,B,B,True,True,False,True,0.0,0.0,0.0,,1.7500000149011612
insertion_lm_q2_loc,test:47_0,TEST,Allocentric,both_correct,B,B,B,B,True,True,False,True,0.0,0.0,0.0,,2.4999999403953552
insertion_lm_q2_loc,test:36_0,TEST,Allocentric,both_correct,C,C,C,C,True,True,False,True,0.0,0.0,0.0,,3.749999962747097
insertion_lm_q2_loc,test:547_0,TEST,Egocentric,both_correct,A,A,A,A,True,True,False,True,0.0,0.0,0.0,,11.250000357712452
insertion_lm_q2_loc,test:211_0,TEST,Hypothetical,both_correct,C,C,C,C,True,True,False,True,0.0,0.0,0.0,,10.249999524188752
insertion_lm_q2_loc,test:39_0,TEST,Allocentric,both_wrong_same,C,B,B,B,True,True,False,False,0.0,0.0,0.0,,-1.9999999552965164
insertion_lm_q2_loc,test:76_0,TEST,Allocentric,both_wrong_same,A,C,C,C,True,True,False,False,0.0,0.0,0.0,,-7.749999582767487
insertion_lm_q2_loc,test:377_0,TEST,Allocentric,both_wrong_same,D,B,B,B,True,True,False,False,0.0,0.0,0.0,,-5.750000039581209
insertion_lm_q2_loc,test:376_0,TEST,Allocentric,both_wrong_same,B,C,C,B,False,False,False,True,0.0,0.0,0.0,,0.4999999403953552
insertion_lm_q2_loc,test:94_0,TEST,Allocentric,both_wrong_same,A,D,D,D,True,True,False,False,0.0,0.0,0.0,,-11.749999642403964
insertion_lm_q2_loc,test:497_0,TEST,Egocentric,both_wrong_same,A,D,D,D,True,True,False,False,0.0,0.0,0.0,,-0.7499999701976776
removal_lm_q3_loc,train:1029_2,RERANK,Egocentric,repair,A,C,A,A,False,True,False,True,-4.249999776482582,8.750000283122063,6.75,0.8461538250806064,1.5
removal_lm_q3_loc,train:105_0,RERANK,Hypothetical,repair,C,B,C,B,True,False,False,False,-2.0000001043081284,1.4999998807907104,-0.5000000596046448,0.4285714431684845,-0.5000000596046448
removal_lm_q3_loc,train:1073_2,RERANK,Egocentric,repair,A,B,A,A,False,True,False,True,-0.25,0.0,0.0,1.0,0.0
removal_lm_q3_loc,train:1113_2,RERANK,Egocentric,repair,C,B,C,C,False,True,False,True,-1.7499999701976776,1.0000000298023224,0.25,0.7272727164355192,0.25
removal_lm_q3_loc,train:329_1,RERANK,Egocentric,repair,B,A,B,B,False,True,False,True,-0.25,1.75,1.25,0.75,1.25
removal_lm_q3_loc,train:40_0,RERANK,Hypothetical,repair,D,C,D,C,True,False,False,False,0.0,0.7500000298023224,-0.5,-0.6666666401757145,-0.5
removal_lm_q3_loc,train:427_0,RERANK,Allocentric,repair,A,C,A,A,False,True,False,True,-1.7499999850988388,1.4999999850988388,1.2499999701976776,0.92307691778657,1.2499999701976776
removal_lm_q3_loc,train:589_2,RERANK,Egocentric,repair,B,C,B,B,False,True,False,True,-1.5000000149011612,7.749999854568159,5.249999776482582,0.7297297174741469,5.249999776482582
removal_lm_q3_loc,train:605_2,RERANK,Egocentric,repair,A,C,A,C,True,False,False,False,-3.7499999701976776,1.5,-1.0,0.5238095211063653,-1.0
removal_lm_q3_loc,train:610_2,RERANK,Egocentric,repair,A,B,A,A,False,True,False,True,-3.5000001192092896,4.249999970197678,3.2500001192092896,0.8709677626513539,1.0
removal_lm_q3_loc,train:1039_1,RERANK,Egocentric,regression,A,A,B,B,False,True,False,False,-1.2500000298023224,0.4999999701976776,0.75,1.1428571598870414,-0.75
removal_lm_q3_loc,train:466_0,RERANK,Allocentric,regression,A,A,B,B,False,True,False,False,-0.5,2.5000000596046448,2.7499998956918716,1.0833332770400588,-2.7499998956918716
removal_lm_q3_loc,train:1059_1,RERANK,Egocentric,both_wrong_diff,D,B,C,C,False,True,False,False,-2.750000022351742,2.7499999403953552,1.5,0.7727272820251048,-2.0000001192092896
removal_lm_q3_loc,train:521_0,RERANK,Allocentric,both_wrong_diff,D,B,A,A,False,True,False,False,-2.9999998956918716,7.999999994499376,5.00000006146729,0.7272727306381884,-6.50000006146729
removal_lm_q3_loc,train:628_0,RERANK,Allocentric,both_wrong_diff,A,B,D,D,False,True,False,False,-0.24999994039535522,1.4999999403953552,1.5,1.0000000340597994,-7.0
removal_lm_q3_loc,train:677_2,RERANK,Egocentric,both_wrong_diff,B,D,C,C,False,True,False,False,-0.5,3.999999925494194,3.5000001043081284,0.8888889267856699,-1.4999999850988388
removal_lm_q3_loc,train:774_0,RERANK,Allocentric,both_wrong_diff,D,B,C,C,False,True,False,False,-2.0,0.5000000298023224,0.25,0.8999999892711641,-10.000000178813934
removal_lm_q3_loc,train:91_0,RERANK,Hypothetical,both_wrong_diff,B,A,C,C,False,True,False,False,0.0,0.75,0.7499999403953552,0.9999999205271403,-1.7499999403953552
removal_lm_q3_loc,train:1206_0,RERANK,Allocentric,both_correct,A,A,A,A,True,True,False,True,0.0,0.0,0.0,,3.5
removal_lm_q3_loc,train:442_0,RERANK,Allocentric,both_correct,D,D,D,D,True,True,False,True,0.0,0.0,0.0,,1.4999999701976776
removal_lm_q3_loc,train:711_1,RERANK,Egocentric,both_correct,A,A,A,A,True,True,False,True,0.0,0.0,0.0,,1.25
removal_lm_q3_loc,train:629_1,RERANK,Egocentric,both_correct,B,B,B,B,True,True,False,True,0.0,0.0,0.0,,7.6250001000007614
removal_lm_q3_loc,train:823_2,RERANK,Egocentric,both_correct,C,C,C,C,True,True,False,True,0.0,0.0,0.0,,7.749999936087988
removal_lm_q3_loc,train:996_1,RERANK,Egocentric,both_correct,B,B,B,B,True,True,False,True,0.0,0.0,0.0,,5.499999983236194
removal_lm_q3_loc,train:1097_0,RERANK,Allocentric,both_wrong_same,B,D,D,D,True,True,False,False,0.0,0.0,0.0,,-13.000000001396984
removal_lm_q3_loc,train:406_0,RERANK,Allocentric,both_wrong_same,D,B,B,B,True,True,False,False,0.0,0.0,0.0,,-9.249999782070518
removal_lm_q3_loc,train:1102_0,RERANK,Allocentric,both_wrong_same,D,A,A,C,False,False,False,False,0.0,0.0,0.0,,-6.000000108033419
removal_lm_q3_loc,train:394_1,RERANK,Egocentric,both_wrong_same,B,C,C,C,True,True,False,False,0.0,0.0,0.0,,-14.874999655265128
removal_lm_q3_loc,train:956_2,RERANK,Egocentric,both_wrong_same,D,C,C,C,True,True,False,False,0.0,0.0,0.0,,-13.750000238517714
removal_lm_q3_loc,train:298_2,RERANK,Egocentric,both_wrong_same,C,B,B,B,True,True,False,False,0.0,0.0,0.0,,-2.7499999552965164
removal_lm_q3_loc,test:10_0,TEST,Allocentric,repair,D,C,D,D,False,True,False,True,-0.7499999403953552,0.7500000596046448,2.499999888241291,2.166666552424431,2.499999888241291
removal_lm_q3_loc,test:193_0,TEST,Hypothetical,repair,A,C,A,A,False,True,False,True,-0.5,0.0,3.7500000335276127,8.500000067055225,3.7500000335276127
removal_lm_q3_loc,test:207_0,TEST,Hypothetical,repair,C,B,C,C,False,True,False,True,-0.9999999701976776,0.4999999403953552,0.7499999403953552,1.1666666766007747,0.7499999403953552
removal_lm_q3_loc,test:238_0,TEST,Hypothetical,repair,D,B,D,D,False,True,False,True,-0.25,2.4999999031424522,1.7499999552965164,0.7272727366321347,1.7499999552965164
removal_lm_q3_loc,test:245_0,TEST,Hypothetical,repair,D,A,D,D,False,True,False,True,-2.7499999031424522,1.7499999850988388,2.5000000074505806,1.166666675772932,2.5000000074505806
removal_lm_q3_loc,test:304_0,TEST,Allocentric,repair,C,B,C,C,False,True,False,True,-0.25,1.4999999403953552,1.2500000298023224,0.8571429033668689,1.2500000298023224
removal_lm_q3_loc,test:335_0,TEST,Allocentric,repair,C,A,C,C,False,True,False,True,-2.9999998956918716,2.250000022351742,2.2500000298023224,1.0000000014191581,2.2500000298023224
removal_lm_q3_loc,test:346_0,TEST,Allocentric,repair,D,B,D,D,False,True,False,True,0.0,2.250000074505806,2.499999925494194,1.1111110412044314,2.499999925494194
removal_lm_q3_loc,test:379_0,TEST,Allocentric,repair,A,B,A,B,True,False,False,False,-1.2500000298023224,0.25,-0.25,0.6666666732894049,-0.25
removal_lm_q3_loc,test:483_0,TEST,Egocentric,repair,C,B,C,C,False,True,False,True,0.0,1.4999999701976776,0.9999999701976776,0.6666666600439283,0.9999999701976776
removal_lm_q3_loc,test:8_0,TEST,Allocentric,repair,D,B,D,D,False,True,False,True,-1.0000000298023224,0.9999999701976776,1.0000000298023224,1.0000000298023224,1.0000000298023224
removal_lm_q3_loc,test:92_0,TEST,Allocentric,repair,A,B,A,A,False,True,False,True,-0.9999999403953552,0.25,0.5000000596046448,1.2000000572204617,0.5000000596046448
removal_lm_q3_loc,test:141_0,TEST,Allocentric,regression,D,D,A,A,False,True,False,False,-3.0000000596046448,6.000000102445483,3.5000000707805157,0.7222222237054396,-3.5000000707805157
removal_lm_q3_loc,test:156_0,TEST,Allocentric,regression,D,D,B,B,False,True,False,False,-2.000000074505806,1.7500000149011612,1.25,0.8666666658719381,-1.25
removal_lm_q3_loc,test:159_0,TEST,Allocentric,regression,C,C,A,A,False,True,False,False,-2.500000111758709,2.2499999552965164,2.250000089406967,1.0000000282337786,-2.250000089406967
removal_lm_q3_loc,test:177_0,TEST,Hypothetical,regression,D,D,B,B,False,True,False,False,-0.25,1.0,0.5,0.6,-0.5
removal_lm_q3_loc,test:225_0,TEST,Hypothetical,regression,A,A,C,A,True,False,False,True,-2.4999999031424522,0.7500000596046448,-0.25,0.6923076704408992,0.25
removal_lm_q3_loc,test:31_0,TEST,Allocentric,regression,C,C,A,C,True,False,False,True,-1.2500000596046448,0.0,-1.2499999701976776,7.152557031986378e-08,1.2499999701976776
removal_lm_q3_loc,test:33_0,TEST,Allocentric,regression,A,A,C,C,False,True,False,False,0.0,5.500000204890966,5.250000196509063,0.9545454547147859,-5.250000196509063
removal_lm_q3_loc,test:369_0,TEST,Allocentric,regression,A,A,D,D,False,True,False,False,-0.5,1.5000000298023224,0.5,0.4999999925494195,-0.5
removal_lm_q3_loc,test:371_0,TEST,Allocentric,regression,B,B,D,D,False,True,False,False,-0.5,1.2500000298023224,0.4999999701976776,0.5714285446673028,-0.4999999701976776
removal_lm_q3_loc,test:385_0,TEST,Allocentric,regression,B,B,D,D,False,True,False,False,-0.4999999701976776,1.2499999701976776,0.9999999701976776,0.8571428522771717,-0.9999999701976776
removal_lm_q3_loc,test:394_0,TEST,Allocentric,regression,C,C,D,D,False,True,False,False,0.0,9.249999527848559,7.000000179745257,0.7567568148161166,-7.000000179745257
removal_lm_q3_loc,test:399_0,TEST,Allocentric,regression,B,B,A,A,False,True,False,False,-0.75,1.2499999403953552,0.25,0.5000000149011616,-0.25
removal_lm_q3_loc,test:416_0,TEST,Allocentric,regression,B,B,A,A,False,True,False,False,-0.5,1.0000000596046448,1.0,0.9999999602635717,-1.0
removal_lm_q3_loc,test:470_0,TEST,Egocentric,regression,A,A,B,B,False,True,False,False,-1.25,3.7500000093132257,4.499999979510903,1.1499999937601388,-4.499999979510903
removal_lm_q3_loc,test:504_0,TEST,Egocentric,regression,B,B,A,B,True,False,False,True,-0.5,3.4999999310821295,-0.7499999701976776,-0.06249999362626102,0.7499999701976776
removal_lm_q3_loc,test:509_0,TEST,Egocentric,regression,B,B,C,C,False,True,False,False,-2.749999910593033,0.9999999701976776,0.5,0.8666666703754002,-0.5
removal_lm_q3_loc,test:515_0,TEST,Egocentric,regression,A,A,B,B,False,True,False,False,-4.499999850988388,1.25,0.5000000596046448,0.8695652243771042,-0.5000000596046448
removal_lm_q3_loc,test:56_0,TEST,Allocentric,regression,A,A,B,B,False,True,False,False,-0.7500000298023224,0.5,1.25,1.5999999856948857,-1.25
removal_lm_q3_loc,test:69_0,TEST,Allocentric,regression,D,D,B,B,False,True,False,False,-1.4999999403953552,1.4999999850988388,2.249999977648258,1.2500000037252903,-2.249999977648258
removal_lm_q3_loc,test:127_0,TEST,Allocentric,both_wrong_diff,D,B,C,C,False,True,False,False,-0.5000000596046448,1.75,0.5000000596046448,0.4444444856525928,-1.0000000596046448
removal_lm_q3_loc,test:223_0,TEST,Hypothetical,both_wrong_diff,B,A,C,A,True,False,False,False,-5.8750001564621925,0.5,-1.4999999701976776,0.686274522178588,-4.250000208616257
removal_lm_q3_loc,test:23_0,TEST,Allocentric,both_wrong_diff,C,A,B,B,False,True,False,False,-0.25,3.4999999701976776,2.0000000596046448,0.6000000206629437,-1.5000000596046448
removal_lm_q3_loc,test:258_0,TEST,Allocentric,both_wrong_diff,B,A,D,D,False,True,False,False,0.0,1.7500000447034836,2.250000014901161,1.2857142613858599,-8.750000014901161
removal_lm_q3_loc,test:338_0,TEST,Allocentric,both_wrong_diff,C,B,A,A,False,True,False,False,-1.0,0.5,0.75,1.1666666666666667,-0.75
removal_lm_q3_loc,test:345_0,TEST,Allocentric,both_wrong_diff,A,D,B,D,True,False,False,False,-1.0,0.0,-1.7499999850988388,-0.7499999850988388,-2.749999985098839
removal_lm_q3_loc,test:350_0,TEST,Allocentric,both_wrong_diff,D,C,B,B,False,True,False,False,-2.25,1.0000000298023224,1.25,1.0769230670477512,-1.25
removal_lm_q3_loc,test:418_0,TEST,Allocentric,both_wrong_diff,D,B,C,C,False,True,False,False,-0.25,0.5,0.7499999701976776,1.3333332935969036,-4.500000208616257
removal_lm_q3_loc,test:492_0,TEST,Egocentric,both_wrong_diff,D,A,C,C,False,True,False,False,-4.500000226311386,0.5,1.2500000298023224,1.149999999171123,-5.000000149011612
removal_lm_q3_loc,test:85_0,TEST,Allocentric,both_wrong_diff,A,B,C,B,True,False,False,False,-2.499999925494194,0.25,-0.9999999701976776,0.5454545439767443,-14.000000447034836
removal_lm_q3_loc,test:3_0,TEST,Allocentric,both_correct,D,D,D,D,True,True,False,True,0.0,0.0,0.0,,5.999999969033524
removal_lm_q3_loc,test:362_0,TEST,Allocentric,both_correct,B,B,B,B,True,True,False,True,0.0,0.0,0.0,,5.25000023143366
removal_lm_q3_loc,test:47_0,TEST,Allocentric,both_correct,B,B,B,B,True,True,False,True,0.0,0.0,0.0,,3.000000089406967
removal_lm_q3_loc,test:36_0,TEST,Allocentric,both_correct,C,C,C,C,True,True,False,True,0.0,0.0,0.0,,3.000000085681677
removal_lm_q3_loc,test:547_0,TEST,Egocentric,both_correct,A,A,A,A,True,True,False,True,0.0,0.0,0.0,,12.750000000004093
removal_lm_q3_loc,test:211_0,TEST,Hypothetical,both_correct,C,C,C,C,True,True,False,True,0.0,0.0,0.0,,12.250000119225206
removal_lm_q3_loc,test:39_0,TEST,Allocentric,both_wrong_same,C,B,B,B,True,True,False,False,0.0,0.0,0.0,,-1.7499999403953552
removal_lm_q3_loc,test:76_0,TEST,Allocentric,both_wrong_same,A,C,C,C,True,True,False,False,0.0,0.0,0.0,,-8.000000059604645
removal_lm_q3_loc,test:377_0,TEST,Allocentric,both_wrong_same,D,B,B,B,True,True,False,False,0.0,0.0,0.0,,-5.7499998030252755
removal_lm_q3_loc,test:376_0,TEST,Allocentric,both_wrong_same,B,C,C,C,True,True,False,False,0.0,0.0,0.0,,-11.749999903229764
removal_lm_q3_loc,test:94_0,TEST,Allocentric,both_wrong_same,A,D,D,D,True,True,False,False,0.0,0.0,0.0,,-12.999999642374632
removal_lm_q3_loc,test:497_0,TEST,Egocentric,both_wrong_same,A,D,D,D,True,True,False,False,0.0,0.0,0.0,,-2.750000037252903
insertion_lm_q3_loc,train:1029_2,RERANK,Egocentric,repair,A,C,A,A,False,True,False,True,-4.249999776482582,8.750000283122063,0.0,0.3269230582304961,0.0
insertion_lm_q3_loc,train:105_0,RERANK,Hypothetical,repair,C,B,C,B,True,False,False,False,-2.0000001043081284,1.4999998807907104,-0.5000000596046448,0.4285714431684845,-0.5000000596046448
insertion_lm_q3_loc,train:1073_2,RERANK,Egocentric,repair,A,B,A,B,True,False,False,False,-0.25,0.0,-0.75,-2.0,-0.75
insertion_lm_q3_loc,train:1113_2,RERANK,Egocentric,repair,C,B,C,B,True,False,False,False,-1.7499999701976776,1.0000000298023224,-1.25,0.18181817098097366,-1.25
insertion_lm_q3_loc,train:329_1,RERANK,Egocentric,repair,B,A,B,A,True,False,False,False,-0.25,1.75,0.0,0.125,0.0
insertion_lm_q3_loc,train:40_0,RERANK,Hypothetical,repair,D,C,D,D,False,True,False,True,0.0,0.7500000298023224,1.0000000298023224,1.3333333200878572,1.0000000298023224
insertion_lm_q3_loc,train:427_0,RERANK,Allocentric,repair,A,C,A,C,True,False,False,False,-1.7499999850988388,1.4999999850988388,-1.7500000298023224,-1.3754918151221992e-08,-1.7500000298023224
insertion_lm_q3_loc,train:589_2,RERANK,Egocentric,repair,B,C,B,B,False,True,False,True,-1.5000000149011612,7.749999854568159,0.4999999701976776,0.21621621765639878,0.4999999701976776
insertion_lm_q3_loc,train:605_2,RERANK,Egocentric,repair,A,C,A,C,True,False,False,False,-3.7499999701976776,1.5,-1.75,0.38095237743827487,-1.75
insertion_lm_q3_loc,train:610_2,RERANK,Egocentric,repair,A,B,A,B,True,False,False,False,-3.5000001192092896,4.249999970197678,-1.7500000596046448,0.2258064566988354,-1.7500000596046448
insertion_lm_q3_loc,train:1039_1,RERANK,Egocentric,regression,A,A,B,A,True,False,False,True,-1.2500000298023224,0.4999999701976776,-1.2500000298023224,0.0,1.2500000298023224
insertion_lm_q3_loc,train:466_0,RERANK,Allocentric,regression,A,A,B,A,True,False,False,True,-0.5,2.5000000596046448,-0.5,0.0,0.5
insertion_lm_q3_loc,train:1059_1,RERANK,Egocentric,both_wrong_diff,D,B,C,B,True,False,False,False,-2.750000022351742,2.7499999403953552,-1.7499999105930328,0.18181820336944815,-1.2500000298023224
insertion_lm_q3_loc,train:521_0,RERANK,Allocentric,both_wrong_diff,D,B,A,B,True,False,False,False,-2.9999998956918716,7.999999994499376,-0.7499999701976776,0.2045454498140977,-4.000000208616257
insertion_lm_q3_loc,train:628_0,RERANK,Allocentric,both_wrong_diff,A,B,D,B,True,False,False,False,-0.24999994039535522,1.4999999403953552,-0.25,-3.405979933464863e-08,-5.4999998807907104
insertion_lm_q3_loc,train:677_2,RERANK,Egocentric,both_wrong_diff,B,D,C,D,True,False,False,False,-0.5,3.999999925494194,-0.25,0.05555555647538034,-3.25
insertion_lm_q3_loc,train:774_0,RERANK,Allocentric,both_wrong_diff,D,B,C,B,True,False,False,False,-2.0,0.5000000298023224,-2.000000014901161,-5.96046440648479e-09,-6.500000014901161
insertion_lm_q3_loc,train:91_0,RERANK,Hypothetical,both_wrong_diff,B,A,C,B,False,False,False,True,0.0,0.75,0.375,0.5,0.125
insertion_lm_q3_loc,train:1206_0,RERANK,Allocentric,both_correct,A,A,A,A,True,True,False,True,0.0,0.0,0.0,,3.0000000447034836
insertion_lm_q3_loc,train:442_0,RERANK,Allocentric,both_correct,D,D,D,D,True,True,False,True,0.0,0.0,0.0,,1.25
insertion_lm_q3_loc,train:711_1,RERANK,Egocentric,both_correct,A,A,A,B,False,False,False,False,0.0,0.0,0.0,,-0.5000000298023224
insertion_lm_q3_loc,train:629_1,RERANK,Egocentric,both_correct,B,B,B,B,True,True,False,True,0.0,0.0,0.0,,7.999999598774593
insertion_lm_q3_loc,train:823_2,RERANK,Egocentric,both_correct,C,C,C,C,True,True,False,True,0.0,0.0,0.0,,7.000000193482265
insertion_lm_q3_loc,train:996_1,RERANK,Egocentric,both_correct,B,B,B,B,True,True,False,True,0.0,0.0,0.0,,3.250000063329935
insertion_lm_q3_loc,train:1097_0,RERANK,Allocentric,both_wrong_same,B,D,D,D,True,True,False,False,0.0,0.0,0.0,,-12.24999988302443
insertion_lm_q3_loc,train:406_0,RERANK,Allocentric,both_wrong_same,D,B,B,B,True,True,False,False,0.0,0.0,0.0,,-7.8749998062849045
insertion_lm_q3_loc,train:1102_0,RERANK,Allocentric,both_wrong_same,D,A,A,A,True,True,False,False,0.0,0.0,0.0,,-7.499999986961484
insertion_lm_q3_loc,train:394_1,RERANK,Egocentric,both_wrong_same,B,C,C,C,True,True,False,False,0.0,0.0,0.0,,-11.37499958788976
insertion_lm_q3_loc,train:956_2,RERANK,Egocentric,both_wrong_same,D,C,C,C,True,True,False,False,0.0,0.0,0.0,,-7.749999887193553
insertion_lm_q3_loc,train:298_2,RERANK,Egocentric,both_wrong_same,C,B,B,B,True,True,False,False,0.0,0.0,0.0,,-3.7499999590218067
insertion_lm_q3_loc,test:10_0,TEST,Allocentric,repair,D,C,D,C,True,False,False,False,-0.7499999403953552,0.7500000596046448,-1.5000000596046448,-0.5000000794728597,-1.5000000596046448
insertion_lm_q3_loc,test:193_0,TEST,Hypothetical,repair,A,C,A,C,True,False,False,False,-0.5,0.0,-2.500000022351742,-4.000000044703484,-2.500000022351742
insertion_lm_q3_loc,test:207_0,TEST,Hypothetical,repair,C,B,C,B,True,False,False,False,-0.9999999701976776,0.4999999403953552,-0.9999999701976776,0.0,-0.9999999701976776
insertion_lm_q3_loc,test:238_0,TEST,Hypothetical,repair,D,B,D,B,True,False,False,False,-0.25,2.4999999031424522,-0.5,-0.09090909411099343,-0.5
insertion_lm_q3_loc,test:245_0,TEST,Hypothetical,repair,D,A,D,A,True,False,False,False,-2.7499999031424522,1.7499999850988388,-3.000000037252903,-0.05555558673761587,-3.000000037252903
insertion_lm_q3_loc,test:304_0,TEST,Allocentric,repair,C,B,C,C,False,True,False,True,-0.25,1.4999999403953552,0.5,0.42857144316848494,0.5
insertion_lm_q3_loc,test:335_0,TEST,Allocentric,repair,C,A,C,A,True,False,False,False,-2.9999998956918716,2.250000022351742,-1.2500000298023224,0.33333331299206537,-1.2500000298023224
insertion_lm_q3_loc,test:346_0,TEST,Allocentric,repair,D,B,D,B,True,False,False,False,0.0,2.250000074505806,0.0,0.0,0.0
insertion_lm_q3_loc,test:379_0,TEST,Allocentric,repair,A,B,A,B,True,False,False,False,-1.2500000298023224,0.25,-1.0,0.1666666832235121,-1.0
insertion_lm_q3_loc,test:483_0,TEST,Egocentric,repair,C,B,C,C,False,True,False,True,0.0,1.4999999701976776,0.7499999701976776,0.49999999006589235,0.7499999701976776
insertion_lm_q3_loc,test:8_0,TEST,Allocentric,repair,D,B,D,B,True,False,False,False,-1.0000000298023224,0.9999999701976776,-0.75,0.1250000149011612,-0.75
insertion_lm_q3_loc,test:92_0,TEST,Allocentric,repair,A,B,A,B,True,False,False,False,-0.9999999403953552,0.25,-1.2500000298023224,-0.20000008106232076,-1.2500000298023224
insertion_lm_q3_loc,test:141_0,TEST,Allocentric,regression,D,D,A,D,True,False,False,True,-3.0000000596046448,6.000000102445483,-1.9999999403953552,0.11111112235596866,1.9999999403953552
insertion_lm_q3_loc,test:156_0,TEST,Allocentric,regression,D,D,B,D,True,False,False,True,-2.000000074505806,1.7500000149011612,-1.0000000298023224,0.2666666722297667,1.0000000298023224
insertion_lm_q3_loc,test:159_0,TEST,Allocentric,regression,C,C,A,C,True,False,False,True,-2.500000111758709,2.2499999552965164,-2.7500000670552254,-0.052631568793114675,2.7500000670552254
insertion_lm_q3_loc,test:177_0,TEST,Hypothetical,regression,D,D,B,B,False,True,False,False,-0.25,1.0,0.7500000298023224,0.8000000238418579,-0.7500000298023224
insertion_lm_q3_loc,test:225_0,TEST,Hypothetical,regression,A,A,C,A,True,False,False,True,-2.4999999031424522,0.7500000596046448,-1.7500000447034836,0.23076918985716643,1.7500000447034836
insertion_lm_q3_loc,test:31_0,TEST,Allocentric,regression,C,C,A,A,False,True,False,False,-1.2500000596046448,0.0,0.0,1.0,0.0
insertion_lm_q3_loc,test:33_0,TEST,Allocentric,regression,A,A,C,A,True,False,False,True,0.0,5.500000204890966,0.0,0.0,0.0
insertion_lm_q3_loc,test:369_0,TEST,Allocentric,regression,A,A,D,D,False,True,False,False,-0.5,1.5000000298023224,0.75,0.6249999906867744,-0.75
insertion_lm_q3_loc,test:371_0,TEST,Allocentric,regression,B,B,D,D,False,True,False,False,-0.5,1.2500000298023224,0.75,0.7142857021215012,-0.75
insertion_lm_q3_loc,test:385_0,TEST,Allocentric,regression,B,B,D,B,True,False,False,True,-0.4999999701976776,1.2499999701976776,-0.25,0.1428571306929292,0.25
insertion_lm_q3_loc,test:394_0,TEST,Allocentric,regression,C,C,D,D,False,True,False,False,0.0,9.249999527848559,1.0000000298023224,0.10810811684818655,-1.0000000298023224
insertion_lm_q3_loc,test:399_0,TEST,Allocentric,regression,B,B,A,B,True,False,False,True,-0.75,1.2499999403953552,-0.25,0.2500000074505808,0.25
insertion_lm_q3_loc,test:416_0,TEST,Allocentric,regression,B,B,A,B,True,False,False,True,-0.5,1.0000000596046448,-0.5000000596046448,-3.9736428271276625e-08,0.5000000596046448
insertion_lm_q3_loc,test:470_0,TEST,Egocentric,regression,A,A,B,A,True,False,False,True,-1.25,3.7500000093132257,-1.7500000447034836,-0.10000000875443218,1.7500000447034836
insertion_lm_q3_loc,test:504_0,TEST,Egocentric,regression,B,B,A,A,False,True,False,False,-0.5,3.4999999310821295,1.25,0.4375000075378922,-1.25
insertion_lm_q3_loc,test:509_0,TEST,Egocentric,regression,B,B,C,B,True,False,False,True,-2.749999910593033,0.9999999701976776,-2.5,0.06666664494408432,2.5
insertion_lm_q3_loc,test:515_0,TEST,Egocentric,regression,A,A,B,A,True,False,False,True,-4.499999850988388,1.25,-3.0,0.26086954606277907,1.0
insertion_lm_q3_loc,test:56_0,TEST,Allocentric,regression,A,A,B,A,True,False,False,True,-0.7500000298023224,0.5,-0.7499999701976776,4.768371468344415e-08,0.7499999701976776
insertion_lm_q3_loc,test:69_0,TEST,Allocentric,regression,D,D,B,D,True,False,False,True,-1.4999999403953552,1.4999999850988388,-1.9999999552965164,-0.16666667577293207,1.9999999552965164
insertion_lm_q3_loc,test:127_0,TEST,Allocentric,both_wrong_diff,D,B,C,B,True,False,False,False,-0.5000000596046448,1.75,-0.25,0.11111113465862447,-2.25
insertion_lm_q3_loc,test:223_0,TEST,Hypothetical,both_wrong_diff,B,A,C,A,True,False,False,False,-5.8750001564621925,0.5,-3.4999998807907104,0.372549053706924,-4.9999998807907104
insertion_lm_q3_loc,test:23_0,TEST,Allocentric,both_wrong_diff,C,A,B,B,False,True,False,False,-0.25,3.4999999701976776,0.5,0.20000000158945722,-1.0
insertion_lm_q3_loc,test:258_0,TEST,Allocentric,both_wrong_diff,B,A,D,D,False,True,False,False,0.0,1.7500000447034836,0.25,0.14285713920787899,-7.249999940395355
insertion_lm_q3_loc,test:338_0,TEST,Allocentric,both_wrong_diff,C,B,A,C,False,False,False,True,-1.0,0.5,-0.5,0.3333333333333333,0.25
insertion_lm_q3_loc,test:345_0,TEST,Allocentric,both_wrong_diff,A,D,B,B,False,True,False,False,-1.0,0.0,0.25,1.25,-2.5
insertion_lm_q3_loc,test:350_0,TEST,Allocentric,both_wrong_diff,D,C,B,C,True,False,False,False,-2.25,1.0000000298023224,-2.750000014901161,-0.15384615702036566,-4.249999776482582
insertion_lm_q3_loc,test:418_0,TEST,Allocentric,both_wrong_diff,D,B,C,B,True,False,False,False,-0.25,0.5,-0.75,-0.6666666666666666,-4.9999998807907104
insertion_lm_q3_loc,test:492_0,TEST,Egocentric,both_wrong_diff,D,A,C,A,True,False,False,False,-4.500000226311386,0.5,-3.999999802559614,0.10000008022412295,-7.999999802559614
insertion_lm_q3_loc,test:85_0,TEST,Allocentric,both_wrong_diff,A,B,C,B,True,False,False,False,-2.499999925494194,0.25,-1.2499999701976776,0.45454545060465146,-9.875000447034836
insertion_lm_q3_loc,test:3_0,TEST,Allocentric,both_correct,D,D,D,D,True,True,False,True,0.0,0.0,0.0,,5.000000233296305
insertion_lm_q3_loc,test:362_0,TEST,Allocentric,both_correct,B,B,B,B,True,True,False,True,0.0,0.0,0.0,,2.5000000968575478
insertion_lm_q3_loc,test:47_0,TEST,Allocentric,both_correct,B,B,B,B,True,True,False,True,0.0,0.0,0.0,,2.7499999925494194
insertion_lm_q3_loc,test:36_0,TEST,Allocentric,both_correct,C,C,C,C,True,True,False,True,0.0,0.0,0.0,,2.5000000819563866
insertion_lm_q3_loc,test:547_0,TEST,Egocentric,both_correct,A,A,A,A,True,True,False,True,0.0,0.0,0.0,,11.250000238504981
insertion_lm_q3_loc,test:211_0,TEST,Hypothetical,both_correct,C,C,C,C,True,True,False,True,0.0,0.0,0.0,,10.749999523459337
insertion_lm_q3_loc,test:39_0,TEST,Allocentric,both_wrong_same,C,B,B,B,True,True,False,False,0.0,0.0,0.0,,-1.0
insertion_lm_q3_loc,test:76_0,TEST,Allocentric,both_wrong_same,A,C,C,C,True,True,False,False,0.0,0.0,0.0,,-7.125
insertion_lm_q3_loc,test:377_0,TEST,Allocentric,both_wrong_same,D,B,B,B,True,True,False,False,0.0,0.0,0.0,,-6.499999954365194
insertion_lm_q3_loc,test:376_0,TEST,Allocentric,both_wrong_same,B,C,C,C,True,True,False,False,0.0,0.0,0.0,,-6.499999911058694
insertion_lm_q3_loc,test:94_0,TEST,Allocentric,both_wrong_same,A,D,D,D,True,True,False,False,0.0,0.0,0.0,,-13.124999761583695
insertion_lm_q3_loc,test:497_0,TEST,Egocentric,both_wrong_same,A,D,D,D,True,True,False,False,0.0,0.0,0.0,,-0.7499999701976776
removal_lm_q4_loc,train:1029_2,RERANK,Egocentric,repair,A,C,A,A,False,True,False,True,-4.249999776482582,8.750000283122063,7.999999545514584,0.9423076358331733,2.500000022351742
removal_lm_q4_loc,train:105_0,RERANK,Hypothetical,repair,C,B,C,C,False,True,False,True,-2.0000001043081284,1.4999998807907104,1.0000000596046448,0.8571429076243422,1.0000000596046448
removal_lm_q4_loc,train:1073_2,RERANK,Egocentric,repair,A,B,A,B,True,False,False,False,-0.25,0.0,-0.7500000298023224,-2.0000001192092896,-0.7500000298023224
removal_lm_q4_loc,train:1113_2,RERANK,Egocentric,repair,C,B,C,C,False,True,False,True,-1.7499999701976776,1.0000000298023224,0.25,0.7272727164355192,0.25
removal_lm_q4_loc,train:329_1,RERANK,Egocentric,repair,B,A,B,B,False,True,False,True,-0.25,1.75,2.0,1.125,2.0
removal_lm_q4_loc,train:40_0,RERANK,Hypothetical,repair,D,C,D,D,False,True,False,True,0.0,0.7500000298023224,0.5,0.6666666401757145,0.5
removal_lm_q4_loc,train:427_0,RERANK,Allocentric,repair,A,C,A,A,False,True,False,True,-1.7499999850988388,1.4999999850988388,1.2500000596046448,0.9230769452964063,1.2500000596046448
removal_lm_q4_loc,train:589_2,RERANK,Egocentric,repair,B,C,B,B,False,True,False,True,-1.5000000149011612,7.749999854568159,7.750000092870323,1.0000000257623964,7.750000092870323
removal_lm_q4_loc,train:605_2,RERANK,Egocentric,repair,A,C,A,A,False,True,False,True,-3.7499999701976776,1.5,0.7499999403953552,0.8571428449786439,0.7499999403953552
removal_lm_q4_loc,train:610_2,RERANK,Egocentric,repair,A,B,A,A,False,True,False,True,-3.5000001192092896,4.249999970197678,3.249999910593033,0.8709677357331276,2.999999910593033
removal_lm_q4_loc,train:1039_1,RERANK,Egocentric,regression,A,A,B,B,False,True,False,False,-1.2500000298023224,0.4999999701976776,0.7500000596046448,1.1428571939468384,-0.7500000596046448
removal_lm_q4_loc,train:466_0,RERANK,Allocentric,regression,A,A,B,B,False,True,False,False,-0.5,2.5000000596046448,2.9999998807907104,1.166666603750654,-2.9999998807907104
removal_lm_q4_loc,train:1059_1,RERANK,Egocentric,both_wrong_diff,D,B,C,C,False,True,False,False,-2.750000022351742,2.7499999403953552,1.9999998807907104,0.8636363518755297,-1.7499998807907104
removal_lm_q4_loc,train:521_0,RERANK,Allocentric,both_wrong_diff,D,B,A,A,False,True,False,False,-2.9999998956918716,7.999999994499376,6.750000131200068,0.8863636476565842,-9.000000131200068
removal_lm_q4_loc,train:628_0,RERANK,Allocentric,both_wrong_diff,A,B,D,D,False,True,False,False,-0.24999994039535522,1.4999999403953552,0.75,0.571428576294257,-6.750000238418579
removal_lm_q4_loc,train:677_2,RERANK,Egocentric,both_wrong_diff,B,D,C,C,False,True,False,False,-0.5,3.999999925494194,3.749999850988388,0.9444444269677736,-0.9999999701976776
removal_lm_q4_loc,train:774_0,RERANK,Allocentric,both_wrong_diff,D,B,C,B,True,False,False,False,-2.0,0.5000000298023224,0.0,0.799999990463257,-8.750000417232513
removal_lm_q4_loc,train:91_0,RERANK,Hypothetical,both_wrong_diff,B,A,C,C,False,True,False,False,0.0,0.75,0.75,1.0,-1.0
removal_lm_q4_loc,train:1206_0,RERANK,Allocentric,both_correct,A,A,A,A,True,True,False,True,0.0,0.0,0.0,,1.9999998956918716
removal_lm_q4_loc,train:442_0,RERANK,Allocentric,both_correct,D,D,D,B,False,False,False,False,0.0,0.0,0.0,,-0.5
removal_lm_q4_loc,train:711_1,RERANK,Egocentric,both_correct,A,A,A,A,True,True,False,True,0.0,0.0,0.0,,0.5000000298023224
removal_lm_q4_loc,train:629_1,RERANK,Egocentric,both_correct,B,B,B,B,True,True,False,True,0.0,0.0,0.0,,7.75000020902371
removal_lm_q4_loc,train:823_2,RERANK,Egocentric,both_correct,C,C,C,C,True,True,False,True,0.0,0.0,0.0,,9.24999965717143
removal_lm_q4_loc,train:996_1,RERANK,Egocentric,both_correct,B,B,B,B,True,True,False,True,0.0,0.0,0.0,,5.499999983236194
removal_lm_q4_loc,train:1097_0,RERANK,Allocentric,both_wrong_same,B,D,D,D,True,True,False,False,0.0,0.0,0.0,,-13.000000252621248
removal_lm_q4_loc,train:406_0,RERANK,Allocentric,both_wrong_same,D,B,B,B,True,True,False,False,0.0,0.0,0.0,,-10.750000241212547
removal_lm_q4_loc,train:1102_0,RERANK,Allocentric,both_wrong_same,D,A,A,A,True,True,False,False,0.0,0.0,0.0,,-6.75
removal_lm_q4_loc,train:394_1,RERANK,Egocentric,both_wrong_same,B,C,C,C,True,True,False,False,0.0,0.0,0.0,,-13.87499967761687
removal_lm_q4_loc,train:956_2,RERANK,Egocentric,both_wrong_same,D,C,C,C,True,True,False,False,0.0,0.0,0.0,,-13.000000119933247
removal_lm_q4_loc,train:298_2,RERANK,Egocentric,both_wrong_same,C,B,B,B,True,True,False,False,0.0,0.0,0.0,,-2.000000074505806
removal_lm_q4_loc,test:10_0,TEST,Allocentric,repair,D,C,D,D,False,True,False,True,-0.7499999403953552,0.7500000596046448,0.5,0.8333332935969034,0.5
removal_lm_q4_loc,test:193_0,TEST,Hypothetical,repair,A,C,A,C,True,False,False,False,-0.5,0.0,-0.25,0.5,-0.25
removal_lm_q4_loc,test:207_0,TEST,Hypothetical,repair,C,B,C,C,False,True,False,True,-0.9999999701976776,0.4999999403953552,0.25,0.8333333631356575,0.25
removal_lm_q4_loc,test:238_0,TEST,Hypothetical,repair,D,B,D,D,False,True,False,True,-0.25,2.4999999031424522,1.7500000447034836,0.7272727691437602,1.7500000447034836
removal_lm_q4_loc,test:245_0,TEST,Hypothetical,repair,D,A,D,D,False,True,False,True,-2.7499999031424522,1.7499999850988388,1.75,1.0000000033113692,1.75
removal_lm_q4_loc,test:304_0,TEST,Allocentric,repair,C,B,C,C,False,True,False,True,-0.25,1.4999999403953552,0.7500000298023224,0.5714286079212123,0.7500000298023224
removal_lm_q4_loc,test:335_0,TEST,Allocentric,repair,C,A,C,C,False,True,False,True,-2.9999998956918716,2.250000022351742,2.249999925494194,0.999999981550943,2.249999925494194
removal_lm_q4_loc,test:346_0,TEST,Allocentric,repair,D,B,D,D,False,True,False,True,0.0,2.250000074505806,1.4999999850988388,0.666666637968135,1.4999999850988388
removal_lm_q4_loc,test:379_0,TEST,Allocentric,repair,A,B,A,B,True,False,False,False,-1.2500000298023224,0.25,-0.5,0.5000000099341073,-0.5
removal_lm_q4_loc,test:483_0,TEST,Egocentric,repair,C,B,C,C,False,True,False,True,0.0,1.4999999701976776,0.9999999403953552,0.6666666401757129,0.9999999403953552
removal_lm_q4_loc,test:8_0,TEST,Allocentric,repair,D,B,D,D,False,True,False,True,-1.0000000298023224,0.9999999701976776,0.5000000596046448,0.7500000447034836,0.5000000596046448
removal_lm_q4_loc,test:92_0,TEST,Allocentric,repair,A,B,A,B,True,False,False,False,-0.9999999403953552,0.25,-0.5,0.39999997138976917,-0.5
removal_lm_q4_loc,test:141_0,TEST,Allocentric,regression,D,D,A,A,False,True,False,False,-3.0000000596046448,6.000000102445483,5.999999788589776,0.9999999651271442,-5.999999788589776
removal_lm_q4_loc,test:156_0,TEST,Allocentric,regression,D,D,B,B,False,True,False,False,-2.000000074505806,1.7500000149011612,2.249999985098839,1.1333333222071333,-2.249999985098839
removal_lm_q4_loc,test:159_0,TEST,Allocentric,regression,C,C,A,A,False,True,False,False,-2.500000111758709,2.2499999552965164,1.9999999403953552,0.9473684186585393,-1.9999999403953552
removal_lm_q4_loc,test:177_0,TEST,Hypothetical,regression,D,D,B,B,False,True,False,False,-0.25,1.0,1.7499999701976776,1.599999976158142,-1.7499999701976776
removal_lm_q4_loc,test:225_0,TEST,Hypothetical,regression,A,A,C,C,False,True,False,False,-2.4999999031424522,0.7500000596046448,1.0000000596046448,1.0769230778048025,-1.0000000596046448
removal_lm_q4_loc,test:31_0,TEST,Allocentric,regression,C,C,A,C,True,False,False,True,-1.2500000596046448,0.0,-0.25,0.8000000095367427,0.25
removal_lm_q4_loc,test:33_0,TEST,Allocentric,regression,A,A,C,C,False,True,False,False,0.0,5.500000204890966,5.250000051222742,0.9545454282990921,-5.250000051222742
removal_lm_q4_loc,test:369_0,TEST,Allocentric,regression,A,A,D,D,False,True,False,False,-0.5,1.5000000298023224,1.5000000596046448,1.000000014901161,-1.5000000596046448
removal_lm_q4_loc,test:371_0,TEST,Allocentric,regression,B,B,D,D,False,True,False,False,-0.5,1.2500000298023224,0.7499999701976776,0.7142856850916031,-0.7499999701976776
removal_lm_q4_loc,test:385_0,TEST,Allocentric,regression,B,B,D,D,False,True,False,False,-0.4999999701976776,1.2499999701976776,0.5000000298023224,0.5714285908913133,-0.5000000298023224
removal_lm_q4_loc,test:394_0,TEST,Allocentric,regression,C,C,D,D,False,True,False,False,0.0,9.249999527848559,8.25000027299393,0.8918919669299468,-8.25000027299393
removal_lm_q4_loc,test:399_0,TEST,Allocentric,regression,B,B,A,A,False,True,False,False,-0.75,1.2499999403953552,0.5,0.625000018626452,-0.5
removal_lm_q4_loc,test:416_0,TEST,Allocentric,regression,B,B,A,A,False,True,False,False,-0.5,1.0000000596046448,0.2500000596046448,0.5000000198682142,-0.2500000596046448
removal_lm_q4_loc,test:470_0,TEST,Egocentric,regression,A,A,B,B,False,True,False,False,-1.25,3.7500000093132257,4.000000134110451,1.0500000248663126,-4.000000134110451
removal_lm_q4_loc,test:504_0,TEST,Egocentric,regression,B,B,A,A,False,True,False,False,-0.5,3.4999999310821295,2.7499999962747097,0.8125000130676201,-2.7499999962747097
removal_lm_q4_loc,test:509_0,TEST,Egocentric,regression,B,B,C,C,False,True,False,False,-2.749999910593033,0.9999999701976776,0.7500000298023224,0.9333333471086295,-0.7500000298023224
removal_lm_q4_loc,test:515_0,TEST,Egocentric,regression,A,A,B,B,False,True,False,False,-4.499999850988388,1.25,1.7500001192092896,1.0869565447246652,-1.7500001192092896
removal_lm_q4_loc,test:56_0,TEST,Allocentric,regression,A,A,B,B,False,True,False,False,-0.7500000298023224,0.5,0.9999999701976776,1.3999999666213998,-0.9999999701976776
removal_lm_q4_loc,test:69_0,TEST,Allocentric,regression,D,D,B,B,False,True,False,False,-1.4999999403953552,1.4999999850988388,2.2499999925494194,1.2500000086923442,-2.2499999925494194
removal_lm_q4_loc,test:127_0,TEST,Allocentric,both_wrong_diff,D,B,C,C,False,True,False,False,-0.5000000596046448,1.75,0.9999999403953552,0.6666666490060317,-1.9999999403953552
removal_lm_q4_loc,test:223_0,TEST,Hypothetical,both_wrong_diff,B,A,C,C,False,True,False,False,-5.8750001564621925,0.5,0.7500000596046448,1.0392156946617837,-3.9999998211860657
removal_lm_q4_loc,test:23_0,TEST,Allocentric,both_wrong_diff,C,A,B,B,False,True,False,False,-0.25,3.4999999701976776,3.4999998956918716,0.9999999801317849,-2.7499998956918716
removal_lm_q4_loc,test:258_0,TEST,Allocentric,both_wrong_diff,B,A,D,D,False,True,False,False,0.0,1.7500000447034836,1.4999999850988388,0.8571428267323249,-9.500000461935997
removal_lm_q4_loc,test:338_0,TEST,Allocentric,both_wrong_diff,C,B,A,B,True,False,False,False,-1.0,0.5,-0.4999999403953552,0.3333333730697632,-0.4999999403953552
removal_lm_q4_loc,test:345_0,TEST,Allocentric,both_wrong_diff,A,D,B,B,False,True,False,False,-1.0,0.0,0.5000000596046448,1.5000000596046448,-2.7500000596046448
removal_lm_q4_loc,test:350_0,TEST,Allocentric,both_wrong_diff,D,C,B,B,False,True,False,False,-2.25,1.0000000298023224,1.4999999403953552,1.1538461249255572,-3.7499999403953552
removal_lm_q4_loc,test:418_0,TEST,Allocentric,both_wrong_diff,D,B,C,C,False,True,False,False,-0.25,0.5,0.25,0.6666666666666666,-5.249999761581421
removal_lm_q4_loc,test:492_0,TEST,Egocentric,both_wrong_diff,D,A,C,C,False,True,False,False,-4.500000226311386,0.5,0.7499999701976776,1.049999991776422,-4.249999850988388
removal_lm_q4_loc,test:85_0,TEST,Allocentric,both_wrong_diff,A,B,C,B,True,False,False,False,-2.499999925494194,0.25,-0.25,0.8181818132558143,-12.875000059604645
removal_lm_q4_loc,test:3_0,TEST,Allocentric,both_correct,D,D,D,D,True,True,False,True,0.0,0.0,0.0,,6.74999985168688
removal_lm_q4_loc,test:362_0,TEST,Allocentric,both_correct,B,B,B,B,True,True,False,True,0.0,0.0,0.0,,6.249999868916348
removal_lm_q4_loc,test:47_0,TEST,Allocentric,both_correct,B,B,B,B,True,True,False,True,0.0,0.0,0.0,,3.2500000558793545
removal_lm_q4_loc,test:36_0,TEST,Allocentric,both_correct,C,C,C,C,True,True,False,True,0.0,0.0,0.0,,1.7500000298023224
removal_lm_q4_loc,test:547_0,TEST,Egocentric,both_correct,A,A,A,A,True,True,False,True,0.0,0.0,0.0,,12.750000000004093
removal_lm_q4_loc,test:211_0,TEST,Hypothetical,both_correct,C,C,C,C,True,True,False,True,0.0,0.0,0.0,,11.249999642508556
removal_lm_q4_loc,test:39_0,TEST,Allocentric,both_wrong_same,C,B,B,B,True,True,False,False,0.0,0.0,0.0,,-0.5000000298023224
removal_lm_q4_loc,test:76_0,TEST,Allocentric,both_wrong_same,A,C,C,B,False,False,False,False,0.0,0.0,0.0,,-7.000000238418579
removal_lm_q4_loc,test:377_0,TEST,Allocentric,both_wrong_same,D,B,B,B,True,True,False,False,0.0,0.0,0.0,,-6.500000115018338
removal_lm_q4_loc,test:376_0,TEST,Allocentric,both_wrong_same,B,C,C,C,True,True,False,False,0.0,0.0,0.0,,-11.249999767729605
removal_lm_q4_loc,test:94_0,TEST,Allocentric,both_wrong_same,A,D,D,D,True,True,False,False,0.0,0.0,0.0,,-12.500000000007276
removal_lm_q4_loc,test:497_0,TEST,Egocentric,both_wrong_same,A,D,D,D,True,True,False,False,0.0,0.0,0.0,,-3.7499999962747097
insertion_lm_q4_loc,train:1029_2,RERANK,Egocentric,repair,A,C,A,C,True,False,False,False,-4.249999776482582,8.750000283122063,-3.99999987334013,0.019230761692016117,-3.99999987334013
insertion_lm_q4_loc,train:105_0,RERANK,Hypothetical,repair,C,B,C,B,True,False,False,False,-2.0000001043081284,1.4999998807907104,-1.7500000149011612,0.07142859727752462,-1.7500000149011612
insertion_lm_q4_loc,train:1073_2,RERANK,Egocentric,repair,A,B,A,A,False,True,False,True,-0.25,0.0,0.5,3.0,0.5
insertion_lm_q4_loc,train:1113_2,RERANK,Egocentric,repair,C,B,C,B,True,False,False,False,-1.7499999701976776,1.0000000298023224,-1.2499999701976776,0.18181818181818182,-1.2499999701976776
insertion_lm_q4_loc,train:329_1,RERANK,Egocentric,repair,B,A,B,A,True,False,False,False,-0.25,1.75,-0.7499999701976776,-0.2499999850988388,-0.7499999701976776
insertion_lm_q4_loc,train:40_0,RERANK,Hypothetical,repair,D,C,D,D,False,True,False,True,0.0,0.7500000298023224,0.25,0.33333332008785727,0.25
insertion_lm_q4_loc,train:427_0,RERANK,Allocentric,repair,A,C,A,C,True,False,False,False,-1.7499999850988388,1.4999999850988388,-1.5,0.07692307304348463,-1.5
insertion_lm_q4_loc,train:589_2,RERANK,Egocentric,repair,B,C,B,C,True,False,False,False,-1.5000000149011612,7.749999854568159,-2.2499999031424522,-0.08108107014322792,-2.2499999031424522
insertion_lm_q4_loc,train:605_2,RERANK,Egocentric,repair,A,C,A,C,True,False,False,False,-3.7499999701976776,1.5,-3.7499998807907104,1.7029898603926946e-08,-3.7499998807907104
insertion_lm_q4_loc,train:610_2,RERANK,Egocentric,repair,A,B,A,C,False,False,False,False,-3.5000001192092896,4.249999970197678,-2.5,0.12903227195779426,-3.25
insertion_lm_q4_loc,train:1039_1,RERANK,Egocentric,regression,A,A,B,A,True,False,False,True,-1.2500000298023224,0.4999999701976776,-1.9999998956918716,-0.4285713519368853,1.9999998956918716
insertion_lm_q4_loc,train:466_0,RERANK,Allocentric,regression,A,A,B,A,True,False,False,True,-0.5,2.5000000596046448,-1.2500000596046448,-0.2500000149011609,1.2500000596046448
insertion_lm_q4_loc,train:1059_1,RERANK,Egocentric,both_wrong_diff,D,B,C,B,True,False,False,False,-2.750000022351742,2.7499999403953552,-2.2499999403953552,0.09090910642600267,-2.2499999403953552
insertion_lm_q4_loc,train:521_0,RERANK,Allocentric,both_wrong_diff,D,B,A,B,True,False,False,False,-2.9999998956918716,7.999999994499376,-2.7499999925494194,0.022727264148918614,-3.4999999925494194
insertion_lm_q4_loc,train:628_0,RERANK,Allocentric,both_wrong_diff,A,B,D,D,False,True,False,False,-0.24999994039535522,1.4999999403953552,0.5,0.42857142370574297,-5.125000238418579
insertion_lm_q4_loc,train:677_2,RERANK,Egocentric,both_wrong_diff,B,D,C,D,True,False,False,False,-0.5,3.999999925494194,-0.5,0.0,-4.750000238418579
insertion_lm_q4_loc,train:774_0,RERANK,Allocentric,both_wrong_diff,D,B,C,B,True,False,False,False,-2.0,0.5000000298023224,-1.7500000149011612,0.09999999284744271,-7.000000014901161
insertion_lm_q4_loc,train:91_0,RERANK,Hypothetical,both_wrong_diff,B,A,C,A,True,False,False,False,0.0,0.75,0.0,0.0,-0.5
insertion_lm_q4_loc,train:1206_0,RERANK,Allocentric,both_correct,A,A,A,A,True,True,False,True,0.0,0.0,0.0,,4.5000000689178705
insertion_lm_q4_loc,train:442_0,RERANK,Allocentric,both_correct,D,D,D,D,True,True,False,True,0.0,0.0,0.0,,1.5000000298023224
insertion_lm_q4_loc,train:711_1,RERANK,Egocentric,both_correct,A,A,A,A,True,True,False,True,0.0,0.0,0.0,,0.7500000298023224
insertion_lm_q4_loc,train:629_1,RERANK,Egocentric,both_correct,B,B,B,B,True,True,False,True,0.0,0.0,0.0,,7.8749999947613105
insertion_lm_q4_loc,train:823_2,RERANK,Egocentric,both_correct,C,C,C,C,True,True,False,True,0.0,0.0,0.0,,6.500000117113814
insertion_lm_q4_loc,train:996_1,RERANK,Egocentric,both_correct,B,B,B,B,True,True,False,True,0.0,0.0,0.0,,2.7499998845160007
insertion_lm_q4_loc,train:1097_0,RERANK,Allocentric,both_wrong_same,B,D,D,D,True,True,False,False,0.0,0.0,0.0,,-12.750000014726538
insertion_lm_q4_loc,train:406_0,RERANK,Allocentric,both_wrong_same,D,B,B,B,True,True,False,False,0.0,0.0,0.0,,-7.124999791383743
insertion_lm_q4_loc,train:1102_0,RERANK,Allocentric,both_wrong_same,D,A,A,A,True,True,False,False,0.0,0.0,0.0,,-5.499999910593033
insertion_lm_q4_loc,train:394_1,RERANK,Egocentric,both_wrong_same,B,C,C,C,True,True,False,False,0.0,0.0,0.0,,-12.625000208150595
insertion_lm_q4_loc,train:956_2,RERANK,Egocentric,both_wrong_same,D,C,C,C,True,True,False,False,0.0,0.0,0.0,,-8.999999900479452
insertion_lm_q4_loc,train:298_2,RERANK,Egocentric,both_wrong_same,C,B,B,B,True,True,False,False,0.0,0.0,0.0,,-4.249999927356839
insertion_lm_q4_loc,test:10_0,TEST,Allocentric,repair,D,C,D,C,True,False,False,False,-0.7499999403953552,0.7500000596046448,-0.7500000596046448,-7.947285970052083e-08,-0.7500000596046448
insertion_lm_q4_loc,test:193_0,TEST,Hypothetical,repair,A,C,A,C,True,False,False,False,-0.5,0.0,-0.5,0.0,-0.5
insertion_lm_q4_loc,test:207_0,TEST,Hypothetical,repair,C,B,C,B,True,False,False,False,-0.9999999701976776,0.4999999403953552,-0.75,0.16666665673255862,-0.75
insertion_lm_q4_loc,test:238_0,TEST,Hypothetical,repair,D,B,D,D,False,True,False,True,-0.25,2.4999999031424522,0.25,0.18181818822198687,0.25
insertion_lm_q4_loc,test:245_0,TEST,Hypothetical,repair,D,A,D,A,True,False,False,False,-2.7499999031424522,1.7499999850988388,-3.000000014901161,-0.05555558177056201,-3.000000014901161
insertion_lm_q4_loc,test:304_0,TEST,Allocentric,repair,C,B,C,C,False,True,False,True,-0.25,1.4999999403953552,0.25,0.28571429544565663,0.25
insertion_lm_q4_loc,test:335_0,TEST,Allocentric,repair,C,A,C,A,True,False,False,False,-2.9999998956918716,2.250000022351742,-3.249999914318323,-0.047619051910311794,-3.249999914318323
insertion_lm_q4_loc,test:346_0,TEST,Allocentric,repair,D,B,D,D,False,True,False,True,0.0,2.250000074505806,0.5,0.22222221486362434,0.5
insertion_lm_q4_loc,test:379_0,TEST,Allocentric,repair,A,B,A,B,True,False,False,False,-1.2500000298023224,0.25,-0.75,0.3333333465788097,-0.75
insertion_lm_q4_loc,test:483_0,TEST,Egocentric,repair,C,B,C,C,False,True,False,True,0.0,1.4999999701976776,0.5000000298023224,0.3333333598242871,0.5000000298023224
insertion_lm_q4_loc,test:8_0,TEST,Allocentric,repair,D,B,D,B,True,False,False,False,-1.0000000298023224,0.9999999701976776,-0.7500000596046448,0.1249999850988388,-0.7500000596046448
insertion_lm_q4_loc,test:92_0,TEST,Allocentric,repair,A,B,A,B,True,False,False,False,-0.9999999403953552,0.25,-0.5,0.39999997138976917,-0.5
insertion_lm_q4_loc,test:141_0,TEST,Allocentric,regression,D,D,A,D,True,False,False,True,-3.0000000596046448,6.000000102445483,-3.250000014901161,-0.02777777231056943,3.250000014901161
insertion_lm_q4_loc,test:156_0,TEST,Allocentric,regression,D,D,B,D,True,False,False,True,-2.000000074505806,1.7500000149011612,-2.749999936670065,-0.19999995847543178,2.749999936670065
insertion_lm_q4_loc,test:159_0,TEST,Allocentric,regression,C,C,A,C,True,False,False,True,-2.500000111758709,2.2499999552965164,-2.7499999031424522,-0.05263153428516292,2.7499999031424522
insertion_lm_q4_loc,test:177_0,TEST,Hypothetical,regression,D,D,B,D,True,False,False,True,-0.25,1.0,-0.7500000298023224,-0.4000000238418579,0.7500000298023224
insertion_lm_q4_loc,test:225_0,TEST,Hypothetical,regression,A,A,C,A,True,False,False,True,-2.4999999031424522,0.7500000596046448,-2.7500001154839993,-0.07692314314066381,2.7500001154839993
insertion_lm_q4_loc,test:31_0,TEST,Allocentric,regression,C,C,A,C,True,False,False,True,-1.2500000596046448,0.0,-1.2499999701976776,7.152557031986378e-08,1.2499999701976776
insertion_lm_q4_loc,test:33_0,TEST,Allocentric,regression,A,A,C,A,True,False,False,True,0.0,5.500000204890966,0.0,0.0,0.0
insertion_lm_q4_loc,test:369_0,TEST,Allocentric,regression,A,A,D,A,True,False,False,True,-0.5,1.5000000298023224,-0.75,-0.12499999813735488,0.75
insertion_lm_q4_loc,test:371_0,TEST,Allocentric,regression,B,B,D,B,True,False,False,True,-0.5,1.2500000298023224,0.0,0.2857142808486005,0.0
insertion_lm_q4_loc,test:385_0,TEST,Allocentric,regression,B,B,D,B,True,False,False,True,-0.4999999701976776,1.2499999701976776,0.0,0.2857142784157575,0.0
insertion_lm_q4_loc,test:394_0,TEST,Allocentric,regression,C,C,D,D,False,True,False,False,0.0,9.249999527848559,0.25,0.027027028406578425,-0.25
insertion_lm_q4_loc,test:399_0,TEST,Allocentric,regression,B,B,A,B,True,False,False,True,-0.75,1.2499999403953552,-0.25,0.2500000074505808,0.25
insertion_lm_q4_loc,test:416_0,TEST,Allocentric,regression,B,B,A,B,True,False,False,True,-0.5,1.0000000596046448,-0.25,0.16666666004392863,0.25
insertion_lm_q4_loc,test:470_0,TEST,Egocentric,regression,A,A,B,A,True,False,False,True,-1.25,3.7500000093132257,-1.75,-0.09999999981373549,1.75
insertion_lm_q4_loc,test:504_0,TEST,Egocentric,regression,B,B,A,B,True,False,False,True,-0.5,3.4999999310821295,-0.25,0.06250000107684174,0.25
insertion_lm_q4_loc,test:509_0,TEST,Egocentric,regression,B,B,C,B,True,False,False,True,-2.749999910593033,0.9999999701976776,-3.000000014901161,-0.06666669660144477,3.000000014901161
insertion_lm_q4_loc,test:515_0,TEST,Egocentric,regression,A,A,B,A,True,False,False,True,-4.499999850988388,1.25,-5.249999850988388,-0.13043478598892133,0.9999999701976776
insertion_lm_q4_loc,test:56_0,TEST,Allocentric,regression,A,A,B,A,True,False,False,True,-0.7500000298023224,0.5,-0.9999999701976776,-0.19999994754791384,0.9999999701976776
insertion_lm_q4_loc,test:69_0,TEST,Allocentric,regression,D,D,B,D,True,False,False,True,-1.4999999403953552,1.4999999850988388,-2.2500000447034836,-0.2500000409781943,2.2500000447034836
insertion_lm_q4_loc,test:127_0,TEST,Allocentric,both_wrong_diff,D,B,C,B,True,False,False,False,-0.5000000596046448,1.75,0.0,0.2222222428262964,-1.2500001192092896
insertion_lm_q4_loc,test:223_0,TEST,Hypothetical,both_wrong_diff,B,A,C,A,True,False,False,False,-5.8750001564621925,0.5,-6.500000197440386,-0.0980392197080411,-6.375000197440386
insertion_lm_q4_loc,test:23_0,TEST,Allocentric,both_wrong_diff,C,A,B,A,True,False,False,False,-0.25,3.4999999701976776,-0.5,-0.06666666719648573,-0.25
insertion_lm_q4_loc,test:258_0,TEST,Allocentric,both_wrong_diff,B,A,D,A,True,False,False,False,0.0,1.7500000447034836,0.0,0.0,-7.2499998807907104
insertion_lm_q4_loc,test:338_0,TEST,Allocentric,both_wrong_diff,C,B,A,C,False,False,False,True,-1.0,0.5,-0.25,0.5,0.5000000596046448
insertion_lm_q4_loc,test:345_0,TEST,Allocentric,both_wrong_diff,A,D,B,D,True,False,False,False,-1.0,0.0,-1.7500000596046448,-0.7500000596046448,-2.5000000596046448
insertion_lm_q4_loc,test:350_0,TEST,Allocentric,both_wrong_diff,D,C,B,C,True,False,False,False,-2.25,1.0000000298023224,-2.7500001192092896,-0.1538461891151741,-3.0000001192092896
insertion_lm_q4_loc,test:418_0,TEST,Allocentric,both_wrong_diff,D,B,C,B,True,False,False,False,-0.25,0.5,0.0,0.3333333333333333,-3.999999761581421
insertion_lm_q4_loc,test:492_0,TEST,Egocentric,both_wrong_diff,D,A,C,A,True,False,False,False,-4.500000226311386,0.5,-4.750000069849193,-0.04999996644444916,-7.750000069849193
insertion_lm_q4_loc,test:85_0,TEST,Allocentric,both_wrong_diff,A,B,C,B,True,False,False,False,-2.499999925494194,0.25,-2.2499999180436134,0.09090909608139494,-10.749999918043613
insertion_lm_q4_loc,test:3_0,TEST,Allocentric,both_correct,D,D,D,D,True,True,False,True,0.0,0.0,0.0,,4.750000083819032
insertion_lm_q4_loc,test:362_0,TEST,Allocentric,both_correct,B,B,B,B,True,True,False,True,0.0,0.0,0.0,,1.2499999701976776
insertion_lm_q4_loc,test:47_0,TEST,Allocentric,both_correct,B,B,B,B,True,True,False,True,0.0,0.0,0.0,,2.2500000298023224
insertion_lm_q4_loc,test:36_0,TEST,Allocentric,both_correct,C,C,C,C,True,True,False,True,0.0,0.0,0.0,,3.500000085681677
insertion_lm_q4_loc,test:547_0,TEST,Egocentric,both_correct,A,A,A,A,True,True,False,True,0.0,0.0,0.0,,12.250000000011369
insertion_lm_q4_loc,test:211_0,TEST,Hypothetical,both_correct,C,C,C,C,True,True,False,True,0.0,0.0,0.0,,11.499999761638719
insertion_lm_q4_loc,test:39_0,TEST,Allocentric,both_wrong_same,C,B,B,B,True,True,False,False,0.0,0.0,0.0,,-1.999999925494194
insertion_lm_q4_loc,test:76_0,TEST,Allocentric,both_wrong_same,A,C,C,C,True,True,False,False,0.0,0.0,0.0,,-8.499999940395355
insertion_lm_q4_loc,test:377_0,TEST,Allocentric,both_wrong_same,D,B,B,B,True,True,False,False,0.0,0.0,0.0,,-6.500000022118911
insertion_lm_q4_loc,test:376_0,TEST,Allocentric,both_wrong_same,B,C,C,C,True,True,False,False,0.0,0.0,0.0,,-3.249999910593033
insertion_lm_q4_loc,test:94_0,TEST,Allocentric,both_wrong_same,A,D,D,D,True,True,False,False,0.0,0.0,0.0,,-13.250000119210881
insertion_lm_q4_loc,test:497_0,TEST,Egocentric,both_wrong_same,A,D,D,D,True,True,False,False,0.0,0.0,0.0,,-0.25
removal_final_norm_head_loc,train:1029_2,RERANK,Egocentric,repair,A,C,A,A,False,True,False,True,-4.249999776482582,8.750000283122063,8.250000083819032,0.9615384463838044,3.7500000838190317
removal_final_norm_head_loc,train:105_0,RERANK,Hypothetical,repair,C,B,C,C,False,True,False,True,-2.0000001043081284,1.4999998807907104,1.7500000596046448,1.0714286228223724,0.7500000596046448
removal_final_norm_head_loc,train:1073_2,RERANK,Egocentric,repair,A,B,A,A,False,True,False,True,-0.25,0.0,0.25,2.0,0.25
removal_final_norm_head_loc,train:1113_2,RERANK,Egocentric,repair,C,B,C,C,False,True,False,True,-1.7499999701976776,1.0000000298023224,1.5000000447034836,1.1818181872367859,1.5000000447034836
removal_final_norm_head_loc,train:329_1,RERANK,Egocentric,repair,B,A,B,B,False,True,False,True,-0.25,1.75,1.25,0.75,1.25
removal_final_norm_head_loc,train:40_0,RERANK,Hypothetical,repair,D,C,D,D,False,True,False,True,0.0,0.7500000298023224,0.7499999701976776,0.9999999205271435,0.7499999701976776
removal_final_norm_head_loc,train:427_0,RERANK,Allocentric,repair,A,C,A,A,False,True,False,True,-1.7499999850988388,1.4999999850988388,1.5000000447034836,1.000000018339891,1.5000000447034836
removal_final_norm_head_loc,train:589_2,RERANK,Egocentric,repair,B,C,B,B,False,True,False,True,-1.5000000149011612,7.749999854568159,7.250000014028046,0.9459459624220732,7.250000014028046
removal_final_norm_head_loc,train:605_2,RERANK,Egocentric,repair,A,C,A,A,False,True,False,True,-3.7499999701976776,1.5,1.0,0.904761904221273,1.0
removal_final_norm_head_loc,train:610_2,RERANK,Egocentric,repair,A,B,A,A,False,True,False,True,-3.5000001192092896,4.249999970197678,4.4999998435378075,1.0322580478007788,3.5000000819563866
removal_final_norm_head_loc,train:1039_1,RERANK,Egocentric,regression,A,A,B,B,False,True,False,False,-1.2500000298023224,0.4999999701976776,0.25,0.8571428741727557,-0.25
removal_final_norm_head_loc,train:466_0,RERANK,Allocentric,regression,A,A,B,B,False,True,False,False,-0.5,2.5000000596046448,2.0,0.8333333167764879,-2.0
removal_final_norm_head_loc,train:1059_1,RERANK,Egocentric,both_wrong_diff,D,B,C,C,False,True,False,False,-2.750000022351742,2.7499999403953552,2.9999998956918716,1.0454545376345146,-1.7500000149011612
removal_final_norm_head_loc,train:521_0,RERANK,Allocentric,both_wrong_diff,D,B,A,A,False,True,False,False,-2.9999998956918716,7.999999994499376,7.999999523861334,0.999999957214723,-9.249999523861334
removal_final_norm_head_loc,train:628_0,RERANK,Allocentric,both_wrong_diff,A,B,D,D,False,True,False,False,-0.24999994039535522,1.4999999403953552,1.25,0.8571428814712853,-5.999999761581421
removal_final_norm_head_loc,train:677_2,RERANK,Egocentric,both_wrong_diff,B,D,C,C,False,True,False,False,-0.5,3.999999925494194,3.999999910593033,0.9999999966886308,-1.7500000298023224
removal_final_norm_head_loc,train:774_0,RERANK,Allocentric,both_wrong_diff,D,B,C,C,False,True,False,False,-2.0,0.5000000298023224,0.7499999701976776,1.0999999749660494,-9.250000089406967
removal_final_norm_head_loc,train:91_0,RERANK,Hypothetical,both_wrong_diff,B,A,C,C,False,True,False,False,0.0,0.75,0.75,1.0,-1.75
removal_final_norm_head_loc,train:1206_0,RERANK,Allocentric,both_correct,A,A,A,A,True,True,False,True,0.0,0.0,0.0,,2.9999999962747097
removal_final_norm_head_loc,train:442_0,RERANK,Allocentric,both_correct,D,D,D,D,True,True,False,True,0.0,0.0,0.0,,0.5
removal_final_norm_head_loc,train:711_1,RERANK,Egocentric,both_correct,A,A,A,A,True,True,False,True,0.0,0.0,0.0,,2.0000000298023224
removal_final_norm_head_loc,train:629_1,RERANK,Egocentric,both_correct,B,B,B,B,True,True,False,True,0.0,0.0,0.0,,7.000000000465661
removal_final_norm_head_loc,train:823_2,RERANK,Egocentric,both_correct,C,C,C,C,True,True,False,True,0.0,0.0,0.0,,10.000000121181074
removal_final_norm_head_loc,train:996_1,RERANK,Egocentric,both_correct,B,B,B,B,True,True,False,True,0.0,0.0,0.0,,4.7500000186264515
removal_final_norm_head_loc,train:1097_0,RERANK,Allocentric,both_wrong_same,B,D,D,D,True,True,False,False,0.0,0.0,0.0,,-14.375000021813321
removal_final_norm_head_loc,train:406_0,RERANK,Allocentric,both_wrong_same,D,B,B,B,True,True,False,False,0.0,0.0,0.0,,-10.499999731313437
removal_final_norm_head_loc,train:1102_0,RERANK,Allocentric,both_wrong_same,D,A,A,A,True,True,False,False,0.0,0.0,0.0,,-7.0000001192092896
removal_final_norm_head_loc,train:394_1,RERANK,Egocentric,both_wrong_same,B,C,C,C,True,True,False,False,0.0,0.0,0.0,,-15.24999954427767
removal_final_norm_head_loc,train:956_2,RERANK,Egocentric,both_wrong_same,D,C,C,C,True,True,False,False,0.0,0.0,0.0,,-14.000000238820576
removal_final_norm_head_loc,train:298_2,RERANK,Egocentric,both_wrong_same,C,B,B,B,True,True,False,False,0.0,0.0,0.0,,-1.4999999552965164
removal_final_norm_head_loc,test:10_0,TEST,Allocentric,repair,D,C,D,D,False,True,False,True,-0.7499999403953552,0.7500000596046448,0.75,0.9999999602635702,0.75
removal_final_norm_head_loc,test:193_0,TEST,Hypothetical,repair,A,C,A,A,False,True,False,True,-0.5,0.0,0.0,1.0,0.0
removal_final_norm_head_loc,test:207_0,TEST,Hypothetical,repair,C,B,C,C,False,True,False,True,-0.9999999701976776,0.4999999403953552,0.7499999403953552,1.1666666766007747,0.7499999403953552
removal_final_norm_head_loc,test:238_0,TEST,Hypothetical,repair,D,B,D,D,False,True,False,True,-0.25,2.4999999031424522,2.5000000074505806,1.0000000379302298,2.5000000074505806
removal_final_norm_head_loc,test:245_0,TEST,Hypothetical,repair,D,A,D,D,False,True,False,True,-2.7499999031424522,1.7499999850988388,1.7499999701976776,0.9999999966886307,1.7499999701976776
removal_final_norm_head_loc,test:304_0,TEST,Allocentric,repair,C,B,C,C,False,True,False,True,-0.25,1.4999999403953552,1.7499999701976776,1.1428571647527275,1.7499999701976776
removal_final_norm_head_loc,test:335_0,TEST,Allocentric,repair,C,A,C,C,False,True,False,True,-2.9999998956918716,2.250000022351742,2.2499999329447746,0.9999999829701012,2.2499999329447746
removal_final_norm_head_loc,test:346_0,TEST,Allocentric,repair,D,B,D,D,False,True,False,True,0.0,2.250000074505806,2.4999999403953552,1.1111110478271693,2.4999999403953552
removal_final_norm_head_loc,test:379_0,TEST,Allocentric,repair,A,B,A,A,False,True,False,True,-1.2500000298023224,0.25,0.5,1.1666666633552976,0.5
removal_final_norm_head_loc,test:483_0,TEST,Egocentric,repair,C,B,C,C,False,True,False,True,0.0,1.4999999701976776,1.4999999701976776,1.0,1.4999999701976776
removal_final_norm_head_loc,test:8_0,TEST,Allocentric,repair,D,B,D,D,False,True,False,True,-1.0000000298023224,0.9999999701976776,1.0,1.0000000149011612,1.0
removal_final_norm_head_loc,test:92_0,TEST,Allocentric,repair,A,B,A,A,False,True,False,True,-0.9999999403953552,0.25,0.4999999701976776,1.1999999856948846,0.4999999701976776
removal_final_norm_head_loc,test:141_0,TEST,Allocentric,regression,D,D,A,A,False,True,False,False,-3.0000000596046448,6.000000102445483,6.749999997206032,1.0833333201395972,-6.749999997206032
removal_final_norm_head_loc,test:156_0,TEST,Allocentric,regression,D,D,B,B,False,True,False,False,-2.000000074505806,1.7500000149011612,1.7500000596046448,1.0000000119209287,-1.7500000596046448
removal_final_norm_head_loc,test:159_0,TEST,Allocentric,regression,C,C,A,A,False,True,False,False,-2.500000111758709,2.2499999552965164,2.2499999031424522,0.9999999890201972,-2.2499999031424522
removal_final_norm_head_loc,test:177_0,TEST,Hypothetical,regression,D,D,B,B,False,True,False,False,-0.25,1.0,0.7499999701976776,0.7999999761581421,-0.7499999701976776
removal_final_norm_head_loc,test:225_0,TEST,Hypothetical,regression,A,A,C,C,False,True,False,False,-2.4999999031424522,0.7500000596046448,1.0,1.0769230594649115,-1.0
removal_final_norm_head_loc,test:31_0,TEST,Allocentric,regression,C,C,A,A,False,True,False,False,-1.2500000596046448,0.0,0.0,1.0,0.0
removal_final_norm_head_loc,test:33_0,TEST,Allocentric,regression,A,A,C,C,False,True,False,False,0.0,5.500000204890966,5.250000064261258,0.9545454306697313,-5.250000064261258
removal_final_norm_head_loc,test:369_0,TEST,Allocentric,regression,A,A,D,D,False,True,False,False,-0.5,1.5000000298023224,1.0,0.7499999888241292,-1.0
removal_final_norm_head_loc,test:371_0,TEST,Allocentric,regression,B,B,D,D,False,True,False,False,-0.5,1.2500000298023224,1.2500000596046448,1.0000000170298982,-1.2500000596046448
removal_final_norm_head_loc,test:385_0,TEST,Allocentric,regression,B,B,D,D,False,True,False,False,-0.4999999701976776,1.2499999701976776,1.2499999403953552,0.999999982970101,-1.2499999403953552
removal_final_norm_head_loc,test:394_0,TEST,Allocentric,regression,C,C,D,D,False,True,False,False,0.0,9.249999527848559,9.00000036538404,0.9729730621378025,-9.00000036538404
removal_final_norm_head_loc,test:399_0,TEST,Allocentric,regression,B,B,A,A,False,True,False,False,-0.75,1.2499999403953552,1.2500000298023224,1.000000044703485,-1.2500000298023224
removal_final_norm_head_loc,test:416_0,TEST,Allocentric,regression,B,B,A,A,False,True,False,False,-0.5,1.0000000596046448,0.9999999403953552,0.9999999205271435,-0.9999999403953552
removal_final_norm_head_loc,test:470_0,TEST,Egocentric,regression,A,A,B,B,False,True,False,False,-1.25,3.7500000093132257,3.249999947845936,0.8999999878928066,-3.249999947845936
removal_final_norm_head_loc,test:504_0,TEST,Egocentric,regression,B,B,A,A,False,True,False,False,-0.5,3.4999999310821295,3.749999888241291,1.062499990366632,-3.749999888241291
removal_final_norm_head_loc,test:509_0,TEST,Egocentric,regression,B,B,C,C,False,True,False,False,-2.749999910593033,0.9999999701976776,1.0000000596046448,1.0000000238418587,-1.0000000596046448
removal_final_norm_head_loc,test:515_0,TEST,Egocentric,regression,A,A,B,B,False,True,False,False,-4.499999850988388,1.25,1.25,1.0,-1.25
removal_final_norm_head_loc,test:56_0,TEST,Allocentric,regression,A,A,B,A,True,False,False,True,-0.7500000298023224,0.5,0.0,0.6000000095367429,0.0
removal_final_norm_head_loc,test:69_0,TEST,Allocentric,regression,D,D,B,B,False,True,False,False,-1.4999999403953552,1.4999999850988388,1.4999999701976776,0.9999999950329461,-1.4999999701976776
removal_final_norm_head_loc,test:127_0,TEST,Allocentric,both_wrong_diff,D,B,C,C,False,True,False,False,-0.5000000596046448,1.75,1.5,0.8888888918323281,-2.25
removal_final_norm_head_loc,test:223_0,TEST,Hypothetical,both_wrong_diff,B,A,C,C,False,True,False,False,-5.8750001564621925,0.5,0.5000000596046448,1.0000000093497479,-5.250000059604645
removal_final_norm_head_loc,test:23_0,TEST,Allocentric,both_wrong_diff,C,A,B,B,False,True,False,False,-0.25,3.4999999701976776,3.0000001192092896,0.8666667053434587,-2.5000001192092896
removal_final_norm_head_loc,test:258_0,TEST,Allocentric,both_wrong_diff,B,A,D,D,False,True,False,False,0.0,1.7500000447034836,1.5000000298023224,0.857142852277172,-10.749999552965164
removal_final_norm_head_loc,test:338_0,TEST,Allocentric,both_wrong_diff,C,B,A,A,False,True,False,False,-1.0,0.5,0.7499999403953552,1.1666666269302368,-0.4999999403953552
removal_final_norm_head_loc,test:345_0,TEST,Allocentric,both_wrong_diff,A,D,B,B,False,True,False,False,-1.0,0.0,0.0,1.0,-2.0000001192092896
removal_final_norm_head_loc,test:350_0,TEST,Allocentric,both_wrong_diff,D,C,B,B,False,True,False,False,-2.25,1.0000000298023224,0.9999999701976776,0.9999999816601095,-3.4999999701976776
removal_final_norm_head_loc,test:418_0,TEST,Allocentric,both_wrong_diff,D,B,C,C,False,True,False,False,-0.25,0.5,0.7500000596046448,1.333333412806193,-5.750000059604645
removal_final_norm_head_loc,test:492_0,TEST,Egocentric,both_wrong_diff,D,A,C,C,False,True,False,False,-4.500000226311386,0.5,0.5,1.0,-4.750000178813934
removal_final_norm_head_loc,test:85_0,TEST,Allocentric,both_wrong_diff,A,B,C,C,False,True,False,False,-2.499999925494194,0.25,0.5,1.0909090933720929,-13.249999821186066
removal_final_norm_head_loc,test:3_0,TEST,Allocentric,both_correct,D,D,D,D,True,True,False,True,0.0,0.0,0.0,,7.250000133179128
removal_final_norm_head_loc,test:362_0,TEST,Allocentric,both_correct,B,B,B,B,True,True,False,True,0.0,0.0,0.0,,5.99999977927655
removal_final_norm_head_loc,test:47_0,TEST,Allocentric,both_correct,B,B,B,B,True,True,False,True,0.0,0.0,0.0,,3.249999973922968
removal_final_norm_head_loc,test:36_0,TEST,Allocentric,both_correct,C,C,C,C,True,True,False,True,0.0,0.0,0.0,,1.4999999701976776
removal_final_norm_head_loc,test:547_0,TEST,Egocentric,both_correct,A,A,A,A,True,True,False,True,0.0,0.0,0.0,,13.250000119210881
removal_final_norm_head_loc,test:211_0,TEST,Hypothetical,both_correct,C,C,C,C,True,True,False,True,0.0,0.0,0.0,,12.000000000022283
removal_final_norm_head_loc,test:39_0,TEST,Allocentric,both_wrong_same,C,B,B,B,True,True,False,False,0.0,0.0,0.0,,0.0
removal_final_norm_head_loc,test:76_0,TEST,Allocentric,both_wrong_same,A,C,C,B,False,False,False,False,0.0,0.0,0.0,,-6.749999940395355
removal_final_norm_head_loc,test:377_0,TEST,Allocentric,both_wrong_same,D,B,B,B,True,True,False,False,0.0,0.0,0.0,,-6.749999837717041
removal_final_norm_head_loc,test:376_0,TEST,Allocentric,both_wrong_same,B,C,C,C,True,True,False,False,0.0,0.0,0.0,,-13.750000240208465
removal_final_norm_head_loc,test:94_0,TEST,Allocentric,both_wrong_same,A,D,D,D,True,True,False,False,0.0,0.0,0.0,,-11.999999523181941
removal_final_norm_head_loc,test:497_0,TEST,Egocentric,both_wrong_same,A,D,D,D,True,True,False,False,0.0,0.0,0.0,,-3.7500000540167093
insertion_final_norm_head_loc,train:1029_2,RERANK,Egocentric,repair,A,C,A,C,True,False,False,False,-4.249999776482582,8.750000283122063,-4.249999821186066,-3.4387294905060552e-09,-4.249999821186066
insertion_final_norm_head_loc,train:105_0,RERANK,Hypothetical,repair,C,B,C,B,True,False,False,False,-2.0000001043081284,1.4999998807907104,-2.250000089406967,-0.07142856747520211,-2.250000089406967
insertion_final_norm_head_loc,train:1073_2,RERANK,Egocentric,repair,A,B,A,B,True,False,False,False,-0.25,0.0,-0.5,-1.0,-0.5
insertion_final_norm_head_loc,train:1113_2,RERANK,Egocentric,repair,C,B,C,B,True,False,False,False,-1.7499999701976776,1.0000000298023224,-2.0000000298023224,-0.09090911258350719,-2.0000000298023224
insertion_final_norm_head_loc,train:329_1,RERANK,Egocentric,repair,B,A,B,B,False,True,False,True,-0.25,1.75,0.25,0.25,0.25
insertion_final_norm_head_loc,train:40_0,RERANK,Hypothetical,repair,D,C,D,D,False,True,False,True,0.0,0.7500000298023224,0.25,0.33333332008785727,0.25
insertion_final_norm_head_loc,train:427_0,RERANK,Allocentric,repair,A,C,A,C,True,False,False,False,-1.7499999850988388,1.4999999850988388,-1.7499999552965164,9.169945434147994e-09,-1.7499999552965164
insertion_final_norm_head_loc,train:589_2,RERANK,Egocentric,repair,B,C,B,C,True,False,False,False,-1.5000000149011612,7.749999854568159,-1.2500000298023224,0.027027025797480526,-1.2500000298023224
insertion_final_norm_head_loc,train:605_2,RERANK,Egocentric,repair,A,C,A,C,True,False,False,False,-3.7499999701976776,1.5,-3.9999999403953552,-0.047619042212730604,-3.9999999403953552
insertion_final_norm_head_loc,train:610_2,RERANK,Egocentric,repair,A,B,A,B,True,False,False,False,-3.5000001192092896,4.249999970197678,-3.5,1.5381843635553194e-08,-3.5
insertion_final_norm_head_loc,train:1039_1,RERANK,Egocentric,regression,A,A,B,A,True,False,False,True,-1.2500000298023224,0.4999999701976776,-1.0000000298023224,0.14285714285714285,1.0000000298023224
insertion_final_norm_head_loc,train:466_0,RERANK,Allocentric,regression,A,A,B,A,True,False,False,True,-0.5,2.5000000596046448,-0.25,0.0833333316776488,0.25
insertion_final_norm_head_loc,train:1059_1,RERANK,Egocentric,both_wrong_diff,D,B,C,B,True,False,False,False,-2.750000022351742,2.7499999403953552,-2.749999985098839,6.773255133989556e-09,-2.749999985098839
insertion_final_norm_head_loc,train:521_0,RERANK,Allocentric,both_wrong_diff,D,B,A,B,True,False,False,False,-2.9999998956918716,7.999999994499376,-3.250000089406967,-0.02272729056461372,-3.750000089406967
insertion_final_norm_head_loc,train:628_0,RERANK,Allocentric,both_wrong_diff,A,B,D,B,True,False,False,False,-0.24999994039535522,1.4999999403953552,0.0,0.14285711852871477,-5.3749998807907104
insertion_final_norm_head_loc,train:677_2,RERANK,Egocentric,both_wrong_diff,B,D,C,D,True,False,False,False,-0.5,3.999999925494194,-0.5,0.0,-3.9999998211860657
insertion_final_norm_head_loc,train:774_0,RERANK,Allocentric,both_wrong_diff,D,B,C,B,True,False,False,False,-2.0,0.5000000298023224,-2.2499998956918716,-0.09999995708465627,-7.499999895691872
insertion_final_norm_head_loc,train:91_0,RERANK,Hypothetical,both_wrong_diff,B,A,C,A,True,False,False,False,0.0,0.75,0.0,0.0,0.0
insertion_final_norm_head_loc,train:1206_0,RERANK,Allocentric,both_correct,A,A,A,A,True,True,False,True,0.0,0.0,0.0,,3.499999899417162
insertion_final_norm_head_loc,train:442_0,RERANK,Allocentric,both_correct,D,D,D,D,True,True,False,True,0.0,0.0,0.0,,0.5
insertion_final_norm_head_loc,train:711_1,RERANK,Egocentric,both_correct,A,A,A,A,True,True,False,True,0.0,0.0,0.0,,0.0
insertion_final_norm_head_loc,train:629_1,RERANK,Egocentric,both_correct,B,B,B,B,True,True,False,True,0.0,0.0,0.0,,7.875000189698767
insertion_final_norm_head_loc,train:823_2,RERANK,Egocentric,both_correct,C,C,C,C,True,True,False,True,0.0,0.0,0.0,,5.249999826774001
insertion_final_norm_head_loc,train:996_1,RERANK,Egocentric,both_correct,B,B,B,B,True,True,False,True,0.0,0.0,0.0,,3.500000052154064
insertion_final_norm_head_loc,train:1097_0,RERANK,Allocentric,both_wrong_same,B,D,D,D,True,True,False,False,0.0,0.0,0.0,,-11.250000146246748
insertion_final_norm_head_loc,train:406_0,RERANK,Allocentric,both_wrong_same,D,B,B,B,True,True,False,False,0.0,0.0,0.0,,-6.8750001937150955
insertion_final_norm_head_loc,train:1102_0,RERANK,Allocentric,both_wrong_same,D,A,A,A,True,True,False,False,0.0,0.0,0.0,,-4.999999761581421
insertion_final_norm_head_loc,train:394_1,RERANK,Egocentric,both_wrong_same,B,C,C,C,True,True,False,False,0.0,0.0,0.0,,-11.124999756924808
insertion_final_norm_head_loc,train:956_2,RERANK,Egocentric,both_wrong_same,D,C,C,C,True,True,False,False,0.0,0.0,0.0,,-8.000000464409823
insertion_final_norm_head_loc,train:298_2,RERANK,Egocentric,both_wrong_same,C,B,B,B,True,True,False,False,0.0,0.0,0.0,,-4.499999816529453
insertion_final_norm_head_loc,test:10_0,TEST,Allocentric,repair,D,C,D,C,True,False,False,False,-0.7499999403953552,0.7500000596046448,-0.75,-3.9736429850260414e-08,-0.75
insertion_final_norm_head_loc,test:193_0,TEST,Hypothetical,repair,A,C,A,C,True,False,False,False,-0.5,0.0,-0.5,0.0,-0.5
insertion_final_norm_head_loc,test:207_0,TEST,Hypothetical,repair,C,B,C,B,True,False,False,False,-0.9999999701976776,0.4999999403953552,-1.0,-1.9868216109368172e-08,-1.0
insertion_final_norm_head_loc,test:238_0,TEST,Hypothetical,repair,D,B,D,B,True,False,False,False,-0.25,2.4999999031424522,-0.5,-0.09090909411099343,-0.5
insertion_final_norm_head_loc,test:245_0,TEST,Hypothetical,repair,D,A,D,A,True,False,False,False,-2.7499999031424522,1.7499999850988388,-2.5000000596046448,0.055555522165915756,-2.5000000596046448
insertion_final_norm_head_loc,test:304_0,TEST,Allocentric,repair,C,B,C,B,True,False,False,False,-0.25,1.4999999403953552,-0.4999999701976776,-0.1428571306929292,-0.4999999701976776
insertion_final_norm_head_loc,test:335_0,TEST,Allocentric,repair,C,A,C,A,True,False,False,False,-2.9999998956918716,2.250000022351742,-2.7499999403953552,0.04761903984746683,-2.7499999403953552
insertion_final_norm_head_loc,test:346_0,TEST,Allocentric,repair,D,B,D,B,True,False,False,False,0.0,2.250000074505806,-0.25,-0.11111110743181217,-0.25
insertion_final_norm_head_loc,test:379_0,TEST,Allocentric,repair,A,B,A,B,True,False,False,False,-1.2500000298023224,0.25,-1.5000000298023224,-0.1666666633552976,-1.5000000298023224
insertion_final_norm_head_loc,test:483_0,TEST,Egocentric,repair,C,B,C,B,True,False,False,False,0.0,1.4999999701976776,0.0,0.0,0.0
insertion_final_norm_head_loc,test:8_0,TEST,Allocentric,repair,D,B,D,B,True,False,False,False,-1.0000000298023224,0.9999999701976776,-1.2499999403953552,-0.12499995529651642,-1.2499999403953552
insertion_final_norm_head_loc,test:92_0,TEST,Allocentric,repair,A,B,A,B,True,False,False,False,-0.9999999403953552,0.25,-1.2500000298023224,-0.20000008106232076,-1.2500000298023224
insertion_final_norm_head_loc,test:141_0,TEST,Allocentric,regression,D,D,A,D,True,False,False,True,-3.0000000596046448,6.000000102445483,-3.2499998845160007,-0.02777775782332964,3.2499998845160007
insertion_final_norm_head_loc,test:156_0,TEST,Allocentric,regression,D,D,B,D,True,False,False,True,-2.000000074505806,1.7500000149011612,-1.7500000298023224,0.06666667699813818,1.7500000298023224
insertion_final_norm_head_loc,test:159_0,TEST,Allocentric,regression,C,C,A,C,True,False,False,True,-2.500000111758709,2.2499999552965164,-2.2500001192092896,0.052631576635830984,2.2500001192092896
insertion_final_norm_head_loc,test:177_0,TEST,Hypothetical,regression,D,D,B,B,False,True,False,False,-0.25,1.0,0.0,0.2,0.0
insertion_final_norm_head_loc,test:225_0,TEST,Hypothetical,regression,A,A,C,A,True,False,False,True,-2.4999999031424522,0.7500000596046448,-2.750000111758709,-0.07692314199442063,2.750000111758709
insertion_final_norm_head_loc,test:31_0,TEST,Allocentric,regression,C,C,A,C,True,False,False,True,-1.2500000596046448,0.0,-1.25,4.768371354657585e-08,1.25
insertion_final_norm_head_loc,test:33_0,TEST,Allocentric,regression,A,A,C,C,False,True,False,False,0.0,5.500000204890966,0.25,0.045454543761231744,-0.25
insertion_final_norm_head_loc,test:369_0,TEST,Allocentric,regression,A,A,D,A,True,False,False,True,-0.5,1.5000000298023224,-0.25,0.12499999813735488,0.25
insertion_final_norm_head_loc,test:371_0,TEST,Allocentric,regression,B,B,D,B,True,False,False,True,-0.5,1.2500000298023224,-0.5,0.0,0.5
insertion_final_norm_head_loc,test:385_0,TEST,Allocentric,regression,B,B,D,B,True,False,False,True,-0.4999999701976776,1.2499999701976776,-0.7500000596046448,-0.14285719881252557,0.7500000596046448
insertion_final_norm_head_loc,test:394_0,TEST,Allocentric,regression,C,C,D,D,False,True,False,False,0.0,9.249999527848559,0.25,0.027027028406578425,-0.25
insertion_final_norm_head_loc,test:399_0,TEST,Allocentric,regression,B,B,A,B,True,False,False,True,-0.75,1.2499999403953552,-1.0000000596046448,-0.12500003352761369,1.0000000596046448
insertion_final_norm_head_loc,test:416_0,TEST,Allocentric,regression,B,B,A,B,True,False,False,True,-0.5,1.0000000596046448,-0.75,-0.16666666004392863,0.75
insertion_final_norm_head_loc,test:470_0,TEST,Egocentric,regression,A,A,B,A,True,False,False,True,-1.25,3.7500000093132257,-0.75,0.09999999981373549,0.75
insertion_final_norm_head_loc,test:504_0,TEST,Egocentric,regression,B,B,A,B,True,False,False,True,-0.5,3.4999999310821295,-0.7499999701976776,-0.06249999362626102,0.7499999701976776
insertion_final_norm_head_loc,test:509_0,TEST,Egocentric,regression,B,B,C,B,True,False,False,True,-2.749999910593033,0.9999999701976776,-2.9999999664723873,-0.06666668368710466,2.9999999664723873
insertion_final_norm_head_loc,test:515_0,TEST,Egocentric,regression,A,A,B,A,True,False,False,True,-4.499999850988388,1.25,-4.499999850988388,0.0,0.7499999701976776
insertion_final_norm_head_loc,test:56_0,TEST,Allocentric,regression,A,A,B,A,True,False,False,True,-0.7500000298023224,0.5,-0.25,0.4000000143051144,0.25
insertion_final_norm_head_loc,test:69_0,TEST,Allocentric,regression,D,D,B,D,True,False,False,True,-1.4999999403953552,1.4999999850988388,-1.4999999850988388,-1.4901161563922006e-08,1.4999999850988388
insertion_final_norm_head_loc,test:127_0,TEST,Allocentric,both_wrong_diff,D,B,C,B,True,False,False,False,-0.5000000596046448,1.75,-0.5,2.649095253173636e-08,-1.5
insertion_final_norm_head_loc,test:223_0,TEST,Hypothetical,both_wrong_diff,B,A,C,A,True,False,False,False,-5.8750001564621925,0.5,-6.000000108033419,-0.01960783505934765,-5.125000108033419
insertion_final_norm_head_loc,test:23_0,TEST,Allocentric,both_wrong_diff,C,A,B,A,True,False,False,False,-0.25,3.4999999701976776,0.0,0.06666666719648573,-0.25
insertion_final_norm_head_loc,test:258_0,TEST,Allocentric,both_wrong_diff,B,A,D,D,False,True,False,False,0.0,1.7500000447034836,0.25,0.14285713920787899,-6.374999821186066
insertion_final_norm_head_loc,test:338_0,TEST,Allocentric,both_wrong_diff,C,B,A,B,True,False,False,False,-1.0,0.5,-1.0000000596046448,-3.9736429850260414e-08,-0.2500000596046448
insertion_final_norm_head_loc,test:345_0,TEST,Allocentric,both_wrong_diff,A,D,B,D,True,False,False,False,-1.0,0.0,-1.2500000596046448,-0.2500000596046448,-2.7500000596046448
insertion_final_norm_head_loc,test:350_0,TEST,Allocentric,both_wrong_diff,D,C,B,C,True,False,False,False,-2.25,1.0000000298023224,-2.250000089406967,-2.7509835797916597e-08,-2.500000089406967
insertion_final_norm_head_loc,test:418_0,TEST,Allocentric,both_wrong_diff,D,B,C,B,True,False,False,False,-0.25,0.5,-0.25,0.0,-3.7500000596046448
insertion_final_norm_head_loc,test:492_0,TEST,Egocentric,both_wrong_diff,D,A,C,A,True,False,False,False,-4.500000226311386,0.5,-4.500000053085387,3.464519820757524e-08,-7.250000053085387
insertion_final_norm_head_loc,test:85_0,TEST,Allocentric,both_wrong_diff,A,B,C,B,True,False,False,False,-2.499999925494194,0.25,-2.750000022351742,-0.09090912859302024,-10.875000022351742
insertion_final_norm_head_loc,test:3_0,TEST,Allocentric,both_correct,D,D,D,D,True,True,False,True,0.0,0.0,0.0,,4.750000047497451
insertion_final_norm_head_loc,test:362_0,TEST,Allocentric,both_correct,B,B,B,B,True,True,False,True,0.0,0.0,0.0,,1.7500000149011612
insertion_final_norm_head_loc,test:47_0,TEST,Allocentric,both_correct,B,B,B,B,True,True,False,True,0.0,0.0,0.0,,2.7499999329447746
insertion_final_norm_head_loc,test:36_0,TEST,Allocentric,both_correct,C,C,C,C,True,True,False,True,0.0,0.0,0.0,,2.999999888241291
insertion_final_norm_head_loc,test:547_0,TEST,Egocentric,both_correct,A,A,A,A,True,True,False,True,0.0,0.0,0.0,,11.5000003576788
insertion_final_norm_head_loc,test:211_0,TEST,Hypothetical,both_correct,C,C,C,C,True,True,False,True,0.0,0.0,0.0,,11.00000023863322
insertion_final_norm_head_loc,test:39_0,TEST,Allocentric,both_wrong_same,C,B,B,B,True,True,False,False,0.0,0.0,0.0,,-2.4999999925494194
insertion_final_norm_head_loc,test:76_0,TEST,Allocentric,both_wrong_same,A,C,C,C,True,True,False,False,0.0,0.0,0.0,,-7.999999582767487
insertion_final_norm_head_loc,test:377_0,TEST,Allocentric,both_wrong_same,D,B,B,B,True,True,False,False,0.0,0.0,0.0,,-6.249999988358468
insertion_final_norm_head_loc,test:376_0,TEST,Allocentric,both_wrong_same,B,C,C,C,True,True,False,False,0.0,0.0,0.0,,-2.2500000447034836
insertion_final_norm_head_loc,test:94_0,TEST,Allocentric,both_wrong_same,A,D,D,D,True,True,False,False,0.0,0.0,0.0,,-13.250000000001819
insertion_final_norm_head_loc,test:497_0,TEST,Egocentric,both_wrong_same,A,D,D,D,True,True,False,False,0.0,0.0,0.0,,-0.5
