trial,winner,winner_sigma,is_9504111,selection_gain_pp,heldout_gain_pp,uniform_member_heldout_pp,uniform_member_selection_pp,increment_over_uniform_pp,selection_minus_heldout_pp
0,25a60f0b59f103ebf782a31f94bb569d897a652a0bc1bd95c5cdc5521418b843,0.002,True,10.0,6.0,0.759999999999998,1.9799999999999969,5.240000000000002,4.0
1,76cef14153e1d850214cd9285b883b193d95539ff95708c26223e2a60f833198,0.002,False,5.0,0.0,2.719999999999999,0.020000000000003126,-2.719999999999999,5.0
2,25a60f0b59f103ebf782a31f94bb569d897a652a0bc1bd95c5cdc5521418b843,0.002,True,8.0,8.0,2.240000000000002,0.5,5.759999999999998,0.0
3,25a60f0b59f103ebf782a31f94bb569d897a652a0bc1bd95c5cdc5521418b843,0.002,True,7.0,9.0,2.4200000000000017,0.3200000000000003,6.579999999999998,-2.0
4,25a60f0b59f103ebf782a31f94bb569d897a652a0bc1bd95c5cdc5521418b843,0.002,True,8.0,8.0,-0.03999999999999915,2.780000000000001,8.04,0.0
5,ab90b43f348253a578dcb95935f52c00eb11253a5d50f45fb540cf45626d0620,0.002,False,8.0,0.0,-0.17999999999999972,2.9200000000000017,0.17999999999999972,8.0
6,25a60f0b59f103ebf782a31f94bb569d897a652a0bc1bd95c5cdc5521418b843,0.002,True,8.0,8.0,0.759999999999998,1.9799999999999969,7.240000000000002,0.0
7,25a60f0b59f103ebf782a31f94bb569d897a652a0bc1bd95c5cdc5521418b843,0.002,True,8.0,8.0,1.8400000000000034,0.8999999999999986,6.159999999999997,0.0
8,25a60f0b59f103ebf782a31f94bb569d897a652a0bc1bd95c5cdc5521418b843,0.002,True,7.0,9.0,2.700000000000003,0.03999999999999915,6.299999999999997,-2.0
9,2a688dce9ee3f6910a66c8306e45a673347e6c2da97ca4f612e37eadc34f421f,0.002,False,9.0,2.0,1.8999999999999986,0.8400000000000034,0.10000000000000142,7.0
10,25a60f0b59f103ebf782a31f94bb569d897a652a0bc1bd95c5cdc5521418b843,0.002,True,10.0,6.0,1.759999999999998,0.9799999999999969,4.240000000000002,4.0
11,25a60f0b59f103ebf782a31f94bb569d897a652a0bc1bd95c5cdc5521418b843,0.002,True,8.0,8.0,3.280000000000001,-0.5399999999999991,4.719999999999999,0.0
12,25a60f0b59f103ebf782a31f94bb569d897a652a0bc1bd95c5cdc5521418b843,0.002,True,8.0,8.0,1.6400000000000006,1.1000000000000014,6.359999999999999,0.0
13,9b314dbaab24207ccb63b6994337f27fd505f1c0ef868166102def484737fe46,0.001,False,6.0,1.0,1.2199999999999989,1.5200000000000031,-0.21999999999999886,5.0
14,25a60f0b59f103ebf782a31f94bb569d897a652a0bc1bd95c5cdc5521418b843,0.002,True,10.0,6.0,0.7000000000000028,2.039999999999999,5.299999999999997,4.0
15,25a60f0b59f103ebf782a31f94bb569d897a652a0bc1bd95c5cdc5521418b843,0.002,True,4.0,12.0,3.4200000000000017,-0.6799999999999997,8.579999999999998,-8.0
16,25a60f0b59f103ebf782a31f94bb569d897a652a0bc1bd95c5cdc5521418b843,0.002,True,10.0,6.0,0.7000000000000028,2.039999999999999,5.299999999999997,4.0
17,76fd1e2470419b464aa575afb0710800da330763a86d4deb65102df4412cfb61,0.002,False,6.0,3.0,2.039999999999999,0.7000000000000028,0.9600000000000009,3.0
18,76fd1e2470419b464aa575afb0710800da330763a86d4deb65102df4412cfb61,0.002,False,7.0,2.0,2.9200000000000017,-0.17999999999999972,-0.9200000000000017,5.0
19,76fd1e2470419b464aa575afb0710800da330763a86d4deb65102df4412cfb61,0.002,False,5.0,4.0,2.6400000000000006,0.10000000000000142,1.3599999999999994,1.0
20,b93b3e639207b61066839c0c4c5d4b187f3648ac0893403e393788147d3cf641,0.002,False,8.0,-1.0,0.6599999999999966,2.0799999999999983,-1.6599999999999966,9.0
21,2a688dce9ee3f6910a66c8306e45a673347e6c2da97ca4f612e37eadc34f421f,0.002,False,8.0,3.0,0.46000000000000085,2.280000000000001,2.539999999999999,5.0
22,25a60f0b59f103ebf782a31f94bb569d897a652a0bc1bd95c5cdc5521418b843,0.002,True,9.0,7.0,0.6000000000000014,2.1400000000000006,6.399999999999999,2.0
23,76fd1e2470419b464aa575afb0710800da330763a86d4deb65102df4412cfb61,0.002,False,7.0,2.0,1.3999999999999986,1.3400000000000034,0.6000000000000014,5.0
24,25a60f0b59f103ebf782a31f94bb569d897a652a0bc1bd95c5cdc5521418b843,0.002,True,9.0,7.0,2.9600000000000013,-0.21999999999999886,4.039999999999999,2.0
25,25a60f0b59f103ebf782a31f94bb569d897a652a0bc1bd95c5cdc5521418b843,0.002,True,12.0,4.0,2.0,0.740000000000002,2.0,8.0
26,76fd1e2470419b464aa575afb0710800da330763a86d4deb65102df4412cfb61,0.002,False,4.0,5.0,2.5,0.240000000000002,2.5,-1.0
27,25a60f0b59f103ebf782a31f94bb569d897a652a0bc1bd95c5cdc5521418b843,0.002,True,12.0,4.0,-0.259999999999998,3.0,4.259999999999998,8.0
28,25a60f0b59f103ebf782a31f94bb569d897a652a0bc1bd95c5cdc5521418b843,0.002,True,11.0,5.0,-0.03999999999999915,2.780000000000001,5.039999999999999,6.0
29,76fd1e2470419b464aa575afb0710800da330763a86d4deb65102df4412cfb61,0.002,False,6.0,3.0,1.7199999999999989,1.0200000000000031,1.2800000000000011,3.0
30,25a60f0b59f103ebf782a31f94bb569d897a652a0bc1bd95c5cdc5521418b843,0.002,True,10.0,6.0,-0.28000000000000114,3.0200000000000036,6.280000000000001,4.0
31,25a60f0b59f103ebf782a31f94bb569d897a652a0bc1bd95c5cdc5521418b843,0.002,True,8.0,8.0,0.03999999999999915,2.700000000000003,7.960000000000001,0.0
32,25a60f0b59f103ebf782a31f94bb569d897a652a0bc1bd95c5cdc5521418b843,0.002,True,6.0,10.0,0.9799999999999969,1.759999999999998,9.020000000000003,-4.0
33,25a60f0b59f103ebf782a31f94bb569d897a652a0bc1bd95c5cdc5521418b843,0.002,True,10.0,6.0,0.6599999999999966,2.0799999999999983,5.340000000000003,4.0
34,25a60f0b59f103ebf782a31f94bb569d897a652a0bc1bd95c5cdc5521418b843,0.002,True,9.0,7.0,2.1799999999999997,0.5600000000000023,4.82,2.0
35,25a60f0b59f103ebf782a31f94bb569d897a652a0bc1bd95c5cdc5521418b843,0.002,True,11.0,5.0,1.8400000000000034,0.8999999999999986,3.1599999999999966,6.0
36,2a688dce9ee3f6910a66c8306e45a673347e6c2da97ca4f612e37eadc34f421f,0.002,False,9.0,2.0,-0.240000000000002,2.9799999999999964,2.240000000000002,7.0
37,25a60f0b59f103ebf782a31f94bb569d897a652a0bc1bd95c5cdc5521418b843,0.002,True,11.0,5.0,0.7000000000000028,2.039999999999999,4.299999999999997,6.0
38,f6856a3437439e58b35ad8fedba5c2f1cabd89bb5550dc0db11d0fd01247215d,0.002,False,6.0,2.0,0.9600000000000009,1.7800000000000011,1.0399999999999991,4.0
39,25a60f0b59f103ebf782a31f94bb569d897a652a0bc1bd95c5cdc5521418b843,0.002,True,6.0,10.0,1.9799999999999969,0.759999999999998,8.020000000000003,-4.0
40,2a688dce9ee3f6910a66c8306e45a673347e6c2da97ca4f612e37eadc34f421f,0.002,False,8.0,3.0,0.7199999999999989,2.020000000000003,2.280000000000001,5.0
41,9b314dbaab24207ccb63b6994337f27fd505f1c0ef868166102def484737fe46,0.001,False,9.0,-2.0,-0.020000000000003126,2.7599999999999976,-1.9799999999999969,11.0
42,25a60f0b59f103ebf782a31f94bb569d897a652a0bc1bd95c5cdc5521418b843,0.002,True,9.0,7.0,2.520000000000003,0.21999999999999886,4.479999999999997,2.0
43,25a60f0b59f103ebf782a31f94bb569d897a652a0bc1bd95c5cdc5521418b843,0.002,True,5.0,11.0,2.0799999999999983,0.6599999999999966,8.920000000000002,-6.0
44,25a60f0b59f103ebf782a31f94bb569d897a652a0bc1bd95c5cdc5521418b843,0.002,True,8.0,8.0,1.5,1.240000000000002,6.5,0.0
45,25a60f0b59f103ebf782a31f94bb569d897a652a0bc1bd95c5cdc5521418b843,0.002,True,9.0,7.0,1.2999999999999972,1.4399999999999977,5.700000000000003,2.0
46,25a60f0b59f103ebf782a31f94bb569d897a652a0bc1bd95c5cdc5521418b843,0.002,True,8.0,8.0,0.8800000000000026,1.8599999999999994,7.119999999999997,0.0
47,2a688dce9ee3f6910a66c8306e45a673347e6c2da97ca4f612e37eadc34f421f,0.002,False,8.0,3.0,-0.3999999999999986,3.1400000000000006,3.3999999999999986,5.0
48,25a60f0b59f103ebf782a31f94bb569d897a652a0bc1bd95c5cdc5521418b843,0.002,True,7.0,9.0,2.1000000000000014,0.6400000000000006,6.899999999999999,-2.0
49,2a688dce9ee3f6910a66c8306e45a673347e6c2da97ca4f612e37eadc34f421f,0.002,False,8.0,3.0,0.6799999999999997,2.0600000000000023,2.3200000000000003,5.0
50,25a60f0b59f103ebf782a31f94bb569d897a652a0bc1bd95c5cdc5521418b843,0.002,True,8.0,8.0,0.9600000000000009,1.7800000000000011,7.039999999999999,0.0
51,25a60f0b59f103ebf782a31f94bb569d897a652a0bc1bd95c5cdc5521418b843,0.002,True,11.0,5.0,-0.1599999999999966,2.899999999999999,5.159999999999997,6.0
52,ab90b43f348253a578dcb95935f52c00eb11253a5d50f45fb540cf45626d0620,0.002,False,8.0,0.0,0.0,2.7400000000000024,0.0,8.0
53,25a60f0b59f103ebf782a31f94bb569d897a652a0bc1bd95c5cdc5521418b843,0.002,True,9.0,7.0,1.0399999999999991,1.7000000000000028,5.960000000000001,2.0
54,25a60f0b59f103ebf782a31f94bb569d897a652a0bc1bd95c5cdc5521418b843,0.002,True,11.0,5.0,2.479999999999997,0.259999999999998,2.520000000000003,6.0
55,25a60f0b59f103ebf782a31f94bb569d897a652a0bc1bd95c5cdc5521418b843,0.002,True,9.0,7.0,1.8599999999999994,0.8800000000000026,5.140000000000001,2.0
56,f6856a3437439e58b35ad8fedba5c2f1cabd89bb5550dc0db11d0fd01247215d,0.002,False,6.0,2.0,1.3400000000000034,1.3999999999999986,0.6599999999999966,4.0
57,76fd1e2470419b464aa575afb0710800da330763a86d4deb65102df4412cfb61,0.002,False,7.0,2.0,2.5,0.240000000000002,-0.5,5.0
58,97b28df35b811f0a5dba92060bfa9d60f1cc23fb3123298c2b14a461bea2df00,0.002,False,6.0,-1.0,2.3599999999999994,0.38000000000000256,-3.3599999999999994,7.0
59,25a60f0b59f103ebf782a31f94bb569d897a652a0bc1bd95c5cdc5521418b843,0.002,True,10.0,6.0,1.0399999999999991,1.7000000000000028,4.960000000000001,4.0
60,25a60f0b59f103ebf782a31f94bb569d897a652a0bc1bd95c5cdc5521418b843,0.002,True,8.0,8.0,1.259999999999998,1.4799999999999969,6.740000000000002,0.0
61,25a60f0b59f103ebf782a31f94bb569d897a652a0bc1bd95c5cdc5521418b843,0.002,True,11.0,5.0,3.0799999999999983,-0.3400000000000034,1.9200000000000017,6.0
62,25a60f0b59f103ebf782a31f94bb569d897a652a0bc1bd95c5cdc5521418b843,0.002,True,7.0,9.0,1.8200000000000003,0.9200000000000017,7.18,-2.0
63,25a60f0b59f103ebf782a31f94bb569d897a652a0bc1bd95c5cdc5521418b843,0.002,True,10.0,6.0,2.1000000000000014,0.6400000000000006,3.8999999999999986,4.0
64,25a60f0b59f103ebf782a31f94bb569d897a652a0bc1bd95c5cdc5521418b843,0.002,True,7.0,9.0,2.9200000000000017,-0.17999999999999972,6.079999999999998,-2.0
65,2a688dce9ee3f6910a66c8306e45a673347e6c2da97ca4f612e37eadc34f421f,0.002,False,4.0,7.0,3.2599999999999976,-0.5200000000000031,3.7400000000000024,-3.0
66,25a60f0b59f103ebf782a31f94bb569d897a652a0bc1bd95c5cdc5521418b843,0.002,True,7.0,9.0,2.6400000000000006,0.10000000000000142,6.359999999999999,-2.0
67,f6856a3437439e58b35ad8fedba5c2f1cabd89bb5550dc0db11d0fd01247215d,0.002,False,10.0,-2.0,-0.8999999999999986,3.6400000000000006,-1.1000000000000014,12.0
68,25a60f0b59f103ebf782a31f94bb569d897a652a0bc1bd95c5cdc5521418b843,0.002,True,11.0,5.0,-0.10000000000000142,2.8400000000000034,5.100000000000001,6.0
69,f6856a3437439e58b35ad8fedba5c2f1cabd89bb5550dc0db11d0fd01247215d,0.002,False,8.0,0.0,0.3999999999999986,2.3400000000000034,-0.3999999999999986,8.0
70,25a60f0b59f103ebf782a31f94bb569d897a652a0bc1bd95c5cdc5521418b843,0.002,True,7.0,9.0,2.7400000000000024,0.0,6.259999999999998,-2.0
71,f6856a3437439e58b35ad8fedba5c2f1cabd89bb5550dc0db11d0fd01247215d,0.002,False,10.0,-2.0,-0.4799999999999969,3.219999999999999,-1.5200000000000031,12.0
72,25a60f0b59f103ebf782a31f94bb569d897a652a0bc1bd95c5cdc5521418b843,0.002,True,10.0,6.0,1.7199999999999989,1.0200000000000031,4.280000000000001,4.0
73,25a60f0b59f103ebf782a31f94bb569d897a652a0bc1bd95c5cdc5521418b843,0.002,True,9.0,7.0,0.240000000000002,2.5,6.759999999999998,2.0
74,25a60f0b59f103ebf782a31f94bb569d897a652a0bc1bd95c5cdc5521418b843,0.002,True,11.0,5.0,1.0200000000000031,1.7199999999999989,3.979999999999997,6.0
75,25a60f0b59f103ebf782a31f94bb569d897a652a0bc1bd95c5cdc5521418b843,0.002,True,15.0,1.0,-1.3599999999999994,4.100000000000001,2.3599999999999994,14.0
76,ab90b43f348253a578dcb95935f52c00eb11253a5d50f45fb540cf45626d0620,0.002,False,7.0,1.0,1.240000000000002,1.5,-0.240000000000002,6.0
77,25a60f0b59f103ebf782a31f94bb569d897a652a0bc1bd95c5cdc5521418b843,0.002,True,8.0,8.0,1.8599999999999994,0.8800000000000026,6.140000000000001,0.0
78,25a60f0b59f103ebf782a31f94bb569d897a652a0bc1bd95c5cdc5521418b843,0.002,True,9.0,7.0,2.4399999999999977,0.29999999999999716,4.560000000000002,2.0
79,2a688dce9ee3f6910a66c8306e45a673347e6c2da97ca4f612e37eadc34f421f,0.002,False,8.0,3.0,1.2199999999999989,1.5200000000000031,1.7800000000000011,5.0
80,25a60f0b59f103ebf782a31f94bb569d897a652a0bc1bd95c5cdc5521418b843,0.002,True,9.0,7.0,1.1799999999999997,1.5600000000000023,5.82,2.0
81,25a60f0b59f103ebf782a31f94bb569d897a652a0bc1bd95c5cdc5521418b843,0.002,True,7.0,9.0,2.240000000000002,0.5,6.759999999999998,-2.0
82,a3a9766514890add553eb639947da5ae68bd92450572e8ba728a23d86c0aea11,0.001,False,4.0,3.0,2.600000000000001,0.14000000000000057,0.399999999999999,1.0
83,25a60f0b59f103ebf782a31f94bb569d897a652a0bc1bd95c5cdc5521418b843,0.002,True,9.0,7.0,0.259999999999998,2.479999999999997,6.740000000000002,2.0
84,25a60f0b59f103ebf782a31f94bb569d897a652a0bc1bd95c5cdc5521418b843,0.002,True,13.0,3.0,0.5600000000000023,2.1799999999999997,2.4399999999999977,10.0
85,18e38dc4225a11e2a43c1a7abd32ddeea5ac0a0bcf35f6f5854fbf708e98f5ca,0.002,False,7.0,1.0,0.740000000000002,2.0,0.259999999999998,6.0
86,ab90b43f348253a578dcb95935f52c00eb11253a5d50f45fb540cf45626d0620,0.002,False,4.0,4.0,3.4200000000000017,-0.6799999999999997,0.5799999999999983,0.0
87,25a60f0b59f103ebf782a31f94bb569d897a652a0bc1bd95c5cdc5521418b843,0.002,True,11.0,5.0,0.21999999999999886,2.520000000000003,4.780000000000001,6.0
88,25a60f0b59f103ebf782a31f94bb569d897a652a0bc1bd95c5cdc5521418b843,0.002,True,7.0,9.0,1.3200000000000003,1.4200000000000017,7.68,-2.0
89,25a60f0b59f103ebf782a31f94bb569d897a652a0bc1bd95c5cdc5521418b843,0.002,True,8.0,8.0,2.5,0.240000000000002,5.5,0.0
90,ab90b43f348253a578dcb95935f52c00eb11253a5d50f45fb540cf45626d0620,0.002,False,7.0,1.0,0.10000000000000142,2.6400000000000006,0.8999999999999986,6.0
91,25a60f0b59f103ebf782a31f94bb569d897a652a0bc1bd95c5cdc5521418b843,0.002,True,6.0,10.0,2.7400000000000024,0.0,7.259999999999998,-4.0
92,25a60f0b59f103ebf782a31f94bb569d897a652a0bc1bd95c5cdc5521418b843,0.002,True,9.0,7.0,-0.21999999999999886,2.9600000000000013,7.219999999999999,2.0
93,ab90b43f348253a578dcb95935f52c00eb11253a5d50f45fb540cf45626d0620,0.002,False,8.0,0.0,-0.11999999999999744,2.8599999999999994,0.11999999999999744,8.0
94,25a60f0b59f103ebf782a31f94bb569d897a652a0bc1bd95c5cdc5521418b843,0.002,True,9.0,7.0,1.2800000000000011,1.4600000000000009,5.719999999999999,2.0
95,adf172831755d5b68b20bd41481d7665e21425c51d614aae18c17d25d300847e,0.002,False,6.0,-3.0,2.020000000000003,0.7199999999999989,-5.020000000000003,9.0
96,25a60f0b59f103ebf782a31f94bb569d897a652a0bc1bd95c5cdc5521418b843,0.002,True,9.0,7.0,1.740000000000002,1.0,5.259999999999998,2.0
97,25a60f0b59f103ebf782a31f94bb569d897a652a0bc1bd95c5cdc5521418b843,0.002,True,12.0,4.0,-0.5,3.2400000000000024,4.5,8.0
98,25a60f0b59f103ebf782a31f94bb569d897a652a0bc1bd95c5cdc5521418b843,0.002,True,11.0,5.0,-0.21999999999999886,2.9600000000000013,5.219999999999999,6.0
99,25a60f0b59f103ebf782a31f94bb569d897a652a0bc1bd95c5cdc5521418b843,0.002,True,8.0,8.0,3.2400000000000024,-0.5,4.759999999999998,0.0
100,25a60f0b59f103ebf782a31f94bb569d897a652a0bc1bd95c5cdc5521418b843,0.002,True,9.0,7.0,1.0799999999999983,1.6599999999999966,5.920000000000002,2.0
101,25a60f0b59f103ebf782a31f94bb569d897a652a0bc1bd95c5cdc5521418b843,0.002,True,9.0,7.0,1.4200000000000017,1.3200000000000003,5.579999999999998,2.0
102,25a60f0b59f103ebf782a31f94bb569d897a652a0bc1bd95c5cdc5521418b843,0.002,True,11.0,5.0,-2.020000000000003,4.759999999999998,7.020000000000003,6.0
103,25a60f0b59f103ebf782a31f94bb569d897a652a0bc1bd95c5cdc5521418b843,0.002,True,8.0,8.0,0.7199999999999989,2.020000000000003,7.280000000000001,0.0
104,25a60f0b59f103ebf782a31f94bb569d897a652a0bc1bd95c5cdc5521418b843,0.002,True,5.0,11.0,2.9200000000000017,-0.17999999999999972,8.079999999999998,-6.0
105,25a60f0b59f103ebf782a31f94bb569d897a652a0bc1bd95c5cdc5521418b843,0.002,True,12.0,4.0,1.9600000000000009,0.7800000000000011,2.039999999999999,8.0
106,25a60f0b59f103ebf782a31f94bb569d897a652a0bc1bd95c5cdc5521418b843,0.002,True,12.0,4.0,1.0600000000000023,1.6799999999999997,2.9399999999999977,8.0
107,25a60f0b59f103ebf782a31f94bb569d897a652a0bc1bd95c5cdc5521418b843,0.002,True,9.0,7.0,1.1400000000000006,1.6000000000000014,5.859999999999999,2.0
108,2a688dce9ee3f6910a66c8306e45a673347e6c2da97ca4f612e37eadc34f421f,0.002,False,12.0,-1.0,-0.740000000000002,3.4799999999999964,-0.259999999999998,13.0
109,25a60f0b59f103ebf782a31f94bb569d897a652a0bc1bd95c5cdc5521418b843,0.002,True,11.0,5.0,0.9399999999999977,1.7999999999999972,4.060000000000002,6.0
110,25a60f0b59f103ebf782a31f94bb569d897a652a0bc1bd95c5cdc5521418b843,0.002,True,7.0,9.0,1.6599999999999966,1.0799999999999983,7.340000000000003,-2.0
111,76fd1e2470419b464aa575afb0710800da330763a86d4deb65102df4412cfb61,0.002,False,8.0,1.0,1.3200000000000003,1.4200000000000017,-0.3200000000000003,7.0
112,f6856a3437439e58b35ad8fedba5c2f1cabd89bb5550dc0db11d0fd01247215d,0.002,False,7.0,1.0,1.7999999999999972,0.9399999999999977,-0.7999999999999972,6.0
113,25a60f0b59f103ebf782a31f94bb569d897a652a0bc1bd95c5cdc5521418b843,0.002,True,10.0,6.0,1.1799999999999997,1.5600000000000023,4.82,4.0
114,76fd1e2470419b464aa575afb0710800da330763a86d4deb65102df4412cfb61,0.002,False,6.0,3.0,1.240000000000002,1.5,1.759999999999998,3.0
115,25a60f0b59f103ebf782a31f94bb569d897a652a0bc1bd95c5cdc5521418b843,0.002,True,14.0,2.0,-0.740000000000002,3.4799999999999964,2.740000000000002,12.0
116,25a60f0b59f103ebf782a31f94bb569d897a652a0bc1bd95c5cdc5521418b843,0.002,True,10.0,6.0,0.9200000000000017,1.8200000000000003,5.079999999999998,4.0
117,25a60f0b59f103ebf782a31f94bb569d897a652a0bc1bd95c5cdc5521418b843,0.002,True,10.0,6.0,0.28000000000000114,2.460000000000001,5.719999999999999,4.0
118,25a60f0b59f103ebf782a31f94bb569d897a652a0bc1bd95c5cdc5521418b843,0.002,True,10.0,6.0,1.6400000000000006,1.1000000000000014,4.359999999999999,4.0
119,25a60f0b59f103ebf782a31f94bb569d897a652a0bc1bd95c5cdc5521418b843,0.002,True,12.0,4.0,0.5399999999999991,2.200000000000003,3.460000000000001,8.0
120,25a60f0b59f103ebf782a31f94bb569d897a652a0bc1bd95c5cdc5521418b843,0.002,True,7.0,9.0,1.0399999999999991,1.7000000000000028,7.960000000000001,-2.0
121,25a60f0b59f103ebf782a31f94bb569d897a652a0bc1bd95c5cdc5521418b843,0.002,True,8.0,8.0,1.9200000000000017,0.8200000000000003,6.079999999999998,0.0
122,25a60f0b59f103ebf782a31f94bb569d897a652a0bc1bd95c5cdc5521418b843,0.002,True,9.0,7.0,0.3400000000000034,2.3999999999999986,6.659999999999997,2.0
123,25a60f0b59f103ebf782a31f94bb569d897a652a0bc1bd95c5cdc5521418b843,0.002,True,12.0,4.0,-0.21999999999999886,2.9600000000000013,4.219999999999999,8.0
124,25a60f0b59f103ebf782a31f94bb569d897a652a0bc1bd95c5cdc5521418b843,0.002,True,8.0,8.0,1.3800000000000026,1.3599999999999994,6.619999999999997,0.0
125,76fd1e2470419b464aa575afb0710800da330763a86d4deb65102df4412cfb61,0.002,False,7.0,2.0,2.619999999999998,0.11999999999999744,-0.6199999999999979,5.0
126,25a60f0b59f103ebf782a31f94bb569d897a652a0bc1bd95c5cdc5521418b843,0.002,True,7.0,9.0,2.280000000000001,0.46000000000000085,6.719999999999999,-2.0
127,22a7ea37d049fb3796d1d62374d85880b5088534ee983f628589c0cb8e859d91,0.002,False,5.0,-2.0,2.6400000000000006,0.10000000000000142,-4.640000000000001,7.0
128,25a60f0b59f103ebf782a31f94bb569d897a652a0bc1bd95c5cdc5521418b843,0.002,True,9.0,7.0,2.299999999999997,0.4399999999999977,4.700000000000003,2.0
129,f6856a3437439e58b35ad8fedba5c2f1cabd89bb5550dc0db11d0fd01247215d,0.002,False,9.0,-1.0,0.6400000000000006,2.1000000000000014,-1.6400000000000006,10.0
130,25a60f0b59f103ebf782a31f94bb569d897a652a0bc1bd95c5cdc5521418b843,0.002,True,9.0,7.0,2.6400000000000006,0.10000000000000142,4.359999999999999,2.0
131,25a60f0b59f103ebf782a31f94bb569d897a652a0bc1bd95c5cdc5521418b843,0.002,True,8.0,8.0,1.9600000000000009,0.7800000000000011,6.039999999999999,0.0
132,2a688dce9ee3f6910a66c8306e45a673347e6c2da97ca4f612e37eadc34f421f,0.002,False,5.0,6.0,3.899999999999999,-1.1599999999999966,2.100000000000001,-1.0
133,25a60f0b59f103ebf782a31f94bb569d897a652a0bc1bd95c5cdc5521418b843,0.002,True,10.0,6.0,1.7000000000000028,1.0399999999999991,4.299999999999997,4.0
134,76fd1e2470419b464aa575afb0710800da330763a86d4deb65102df4412cfb61,0.002,False,8.0,1.0,0.8800000000000026,1.8599999999999994,0.11999999999999744,7.0
135,25a60f0b59f103ebf782a31f94bb569d897a652a0bc1bd95c5cdc5521418b843,0.002,True,8.0,8.0,2.3200000000000003,0.4200000000000017,5.68,0.0
136,25a60f0b59f103ebf782a31f94bb569d897a652a0bc1bd95c5cdc5521418b843,0.002,True,9.0,7.0,1.240000000000002,1.5,5.759999999999998,2.0
137,25a60f0b59f103ebf782a31f94bb569d897a652a0bc1bd95c5cdc5521418b843,0.002,True,10.0,6.0,1.4600000000000009,1.2800000000000011,4.539999999999999,4.0
138,25a60f0b59f103ebf782a31f94bb569d897a652a0bc1bd95c5cdc5521418b843,0.002,True,12.0,4.0,0.10000000000000142,2.6400000000000006,3.8999999999999986,8.0
139,76fd1e2470419b464aa575afb0710800da330763a86d4deb65102df4412cfb61,0.002,False,4.0,5.0,4.079999999999998,-1.3400000000000034,0.9200000000000017,-1.0
140,f6856a3437439e58b35ad8fedba5c2f1cabd89bb5550dc0db11d0fd01247215d,0.002,False,3.0,5.0,2.6400000000000006,0.10000000000000142,2.3599999999999994,-2.0
141,18e38dc4225a11e2a43c1a7abd32ddeea5ac0a0bcf35f6f5854fbf708e98f5ca,0.002,False,7.0,1.0,0.5600000000000023,2.1799999999999997,0.4399999999999977,6.0
142,25a60f0b59f103ebf782a31f94bb569d897a652a0bc1bd95c5cdc5521418b843,0.002,True,7.0,9.0,2.020000000000003,0.7199999999999989,6.979999999999997,-2.0
143,25a60f0b59f103ebf782a31f94bb569d897a652a0bc1bd95c5cdc5521418b843,0.002,True,9.0,7.0,0.4200000000000017,2.3200000000000003,6.579999999999998,2.0
144,25a60f0b59f103ebf782a31f94bb569d897a652a0bc1bd95c5cdc5521418b843,0.002,True,9.0,7.0,1.5600000000000023,1.1799999999999997,5.439999999999998,2.0
145,25a60f0b59f103ebf782a31f94bb569d897a652a0bc1bd95c5cdc5521418b843,0.002,True,9.0,7.0,0.6799999999999997,2.0600000000000023,6.32,2.0
146,25a60f0b59f103ebf782a31f94bb569d897a652a0bc1bd95c5cdc5521418b843,0.002,True,4.0,12.0,2.899999999999999,-0.1599999999999966,9.100000000000001,-8.0
147,25a60f0b59f103ebf782a31f94bb569d897a652a0bc1bd95c5cdc5521418b843,0.002,True,6.0,10.0,2.240000000000002,0.5,7.759999999999998,-4.0
148,25a60f0b59f103ebf782a31f94bb569d897a652a0bc1bd95c5cdc5521418b843,0.002,True,7.0,9.0,2.7400000000000024,0.0,6.259999999999998,-2.0
149,25a60f0b59f103ebf782a31f94bb569d897a652a0bc1bd95c5cdc5521418b843,0.002,True,7.0,9.0,1.8400000000000034,0.8999999999999986,7.159999999999997,-2.0
150,25a60f0b59f103ebf782a31f94bb569d897a652a0bc1bd95c5cdc5521418b843,0.002,True,7.0,9.0,3.0600000000000023,-0.3200000000000003,5.939999999999998,-2.0
151,25a60f0b59f103ebf782a31f94bb569d897a652a0bc1bd95c5cdc5521418b843,0.002,True,9.0,7.0,2.880000000000002,-0.14000000000000057,4.119999999999997,2.0
152,25a60f0b59f103ebf782a31f94bb569d897a652a0bc1bd95c5cdc5521418b843,0.002,True,8.0,8.0,2.259999999999998,0.4799999999999969,5.740000000000002,0.0
153,ab90b43f348253a578dcb95935f52c00eb11253a5d50f45fb540cf45626d0620,0.002,False,10.0,-2.0,0.5399999999999991,2.200000000000003,-2.539999999999999,12.0
154,25a60f0b59f103ebf782a31f94bb569d897a652a0bc1bd95c5cdc5521418b843,0.002,True,8.0,8.0,2.200000000000003,0.5399999999999991,5.799999999999997,0.0
155,25a60f0b59f103ebf782a31f94bb569d897a652a0bc1bd95c5cdc5521418b843,0.002,True,11.0,5.0,0.3999999999999986,2.3400000000000034,4.600000000000001,6.0
156,25a60f0b59f103ebf782a31f94bb569d897a652a0bc1bd95c5cdc5521418b843,0.002,True,9.0,7.0,1.6599999999999966,1.0799999999999983,5.340000000000003,2.0
157,25a60f0b59f103ebf782a31f94bb569d897a652a0bc1bd95c5cdc5521418b843,0.002,True,9.0,7.0,1.1199999999999974,1.6199999999999974,5.880000000000003,2.0
158,25a60f0b59f103ebf782a31f94bb569d897a652a0bc1bd95c5cdc5521418b843,0.002,True,12.0,4.0,-0.4200000000000017,3.1599999999999966,4.420000000000002,8.0
159,25a60f0b59f103ebf782a31f94bb569d897a652a0bc1bd95c5cdc5521418b843,0.002,True,7.0,9.0,1.0399999999999991,1.7000000000000028,7.960000000000001,-2.0
160,25a60f0b59f103ebf782a31f94bb569d897a652a0bc1bd95c5cdc5521418b843,0.002,True,7.0,9.0,2.799999999999997,-0.060000000000002274,6.200000000000003,-2.0
161,97b28df35b811f0a5dba92060bfa9d60f1cc23fb3123298c2b14a461bea2df00,0.002,False,5.0,0.0,2.1199999999999974,0.6199999999999974,-2.1199999999999974,5.0
162,2a688dce9ee3f6910a66c8306e45a673347e6c2da97ca4f612e37eadc34f421f,0.002,False,5.0,6.0,2.8599999999999994,-0.11999999999999744,3.1400000000000006,-1.0
163,25a60f0b59f103ebf782a31f94bb569d897a652a0bc1bd95c5cdc5521418b843,0.002,True,10.0,6.0,0.29999999999999716,2.4399999999999977,5.700000000000003,4.0
164,76fd1e2470419b464aa575afb0710800da330763a86d4deb65102df4412cfb61,0.002,False,7.0,2.0,1.1199999999999974,1.6199999999999974,0.8800000000000026,5.0
165,25a60f0b59f103ebf782a31f94bb569d897a652a0bc1bd95c5cdc5521418b843,0.002,True,8.0,8.0,1.8599999999999994,0.8800000000000026,6.140000000000001,0.0
166,ab90b43f348253a578dcb95935f52c00eb11253a5d50f45fb540cf45626d0620,0.002,False,6.0,2.0,1.6000000000000014,1.1400000000000006,0.3999999999999986,4.0
167,25a60f0b59f103ebf782a31f94bb569d897a652a0bc1bd95c5cdc5521418b843,0.002,True,8.0,8.0,2.9399999999999977,-0.20000000000000284,5.060000000000002,0.0
168,25a60f0b59f103ebf782a31f94bb569d897a652a0bc1bd95c5cdc5521418b843,0.002,True,15.0,1.0,-0.03999999999999915,2.780000000000001,1.0399999999999991,14.0
169,25a60f0b59f103ebf782a31f94bb569d897a652a0bc1bd95c5cdc5521418b843,0.002,True,7.0,9.0,0.6199999999999974,2.1199999999999974,8.380000000000003,-2.0
170,25a60f0b59f103ebf782a31f94bb569d897a652a0bc1bd95c5cdc5521418b843,0.002,True,10.0,6.0,0.7199999999999989,2.020000000000003,5.280000000000001,4.0
171,76fd1e2470419b464aa575afb0710800da330763a86d4deb65102df4412cfb61,0.002,False,6.0,3.0,2.719999999999999,0.020000000000003126,0.28000000000000114,3.0
172,76fd1e2470419b464aa575afb0710800da330763a86d4deb65102df4412cfb61,0.002,False,6.0,3.0,3.899999999999999,-1.1599999999999966,-0.899999999999999,3.0
173,2a688dce9ee3f6910a66c8306e45a673347e6c2da97ca4f612e37eadc34f421f,0.002,False,9.0,2.0,-0.3200000000000003,3.0600000000000023,2.3200000000000003,7.0
174,76fd1e2470419b464aa575afb0710800da330763a86d4deb65102df4412cfb61,0.002,False,8.0,1.0,1.8400000000000034,0.8999999999999986,-0.8400000000000034,7.0
175,25a60f0b59f103ebf782a31f94bb569d897a652a0bc1bd95c5cdc5521418b843,0.002,True,9.0,7.0,1.5,1.240000000000002,5.5,2.0
176,f6856a3437439e58b35ad8fedba5c2f1cabd89bb5550dc0db11d0fd01247215d,0.002,False,8.0,0.0,-0.5399999999999991,3.280000000000001,0.5399999999999991,8.0
177,25a60f0b59f103ebf782a31f94bb569d897a652a0bc1bd95c5cdc5521418b843,0.002,True,8.0,8.0,1.6400000000000006,1.1000000000000014,6.359999999999999,0.0
178,25a60f0b59f103ebf782a31f94bb569d897a652a0bc1bd95c5cdc5521418b843,0.002,True,8.0,8.0,1.2999999999999972,1.4399999999999977,6.700000000000003,0.0
179,25a60f0b59f103ebf782a31f94bb569d897a652a0bc1bd95c5cdc5521418b843,0.002,True,11.0,5.0,0.5200000000000031,2.219999999999999,4.479999999999997,6.0
180,2a688dce9ee3f6910a66c8306e45a673347e6c2da97ca4f612e37eadc34f421f,0.002,False,7.0,4.0,2.3999999999999986,0.3400000000000034,1.6000000000000014,3.0
181,25a60f0b59f103ebf782a31f94bb569d897a652a0bc1bd95c5cdc5521418b843,0.002,True,8.0,8.0,1.0799999999999983,1.6599999999999966,6.920000000000002,0.0
182,25a60f0b59f103ebf782a31f94bb569d897a652a0bc1bd95c5cdc5521418b843,0.002,True,10.0,6.0,0.0,2.7400000000000024,6.0,4.0
183,25a60f0b59f103ebf782a31f94bb569d897a652a0bc1bd95c5cdc5521418b843,0.002,True,10.0,6.0,1.240000000000002,1.5,4.759999999999998,4.0
184,25a60f0b59f103ebf782a31f94bb569d897a652a0bc1bd95c5cdc5521418b843,0.002,True,8.0,8.0,1.6000000000000014,1.1400000000000006,6.399999999999999,0.0
185,25a60f0b59f103ebf782a31f94bb569d897a652a0bc1bd95c5cdc5521418b843,0.002,True,5.0,11.0,1.5200000000000031,1.2199999999999989,9.479999999999997,-6.0
186,25a60f0b59f103ebf782a31f94bb569d897a652a0bc1bd95c5cdc5521418b843,0.002,True,9.0,7.0,1.0399999999999991,1.7000000000000028,5.960000000000001,2.0
187,76fd1e2470419b464aa575afb0710800da330763a86d4deb65102df4412cfb61,0.002,False,5.0,4.0,2.1000000000000014,0.6400000000000006,1.8999999999999986,1.0
188,18e38dc4225a11e2a43c1a7abd32ddeea5ac0a0bcf35f6f5854fbf708e98f5ca,0.002,False,6.0,2.0,1.4200000000000017,1.3200000000000003,0.5799999999999983,4.0
189,25a60f0b59f103ebf782a31f94bb569d897a652a0bc1bd95c5cdc5521418b843,0.002,True,10.0,6.0,3.4600000000000013,-0.7199999999999989,2.5399999999999987,4.0
190,25a60f0b59f103ebf782a31f94bb569d897a652a0bc1bd95c5cdc5521418b843,0.002,True,10.0,6.0,1.9200000000000017,0.8200000000000003,4.079999999999998,4.0
191,25a60f0b59f103ebf782a31f94bb569d897a652a0bc1bd95c5cdc5521418b843,0.002,True,5.0,11.0,2.68,0.060000000000002274,8.32,-6.0
192,25a60f0b59f103ebf782a31f94bb569d897a652a0bc1bd95c5cdc5521418b843,0.002,True,6.0,10.0,2.299999999999997,0.4399999999999977,7.700000000000003,-4.0
193,2a688dce9ee3f6910a66c8306e45a673347e6c2da97ca4f612e37eadc34f421f,0.002,False,10.0,1.0,0.0799999999999983,2.6599999999999966,0.9200000000000017,9.0
194,f6856a3437439e58b35ad8fedba5c2f1cabd89bb5550dc0db11d0fd01247215d,0.002,False,7.0,1.0,-0.35999999999999943,3.100000000000001,1.3599999999999994,6.0
195,25a60f0b59f103ebf782a31f94bb569d897a652a0bc1bd95c5cdc5521418b843,0.002,True,6.0,10.0,2.880000000000002,-0.14000000000000057,7.119999999999997,-4.0
196,25a60f0b59f103ebf782a31f94bb569d897a652a0bc1bd95c5cdc5521418b843,0.002,True,9.0,7.0,0.9600000000000009,1.7800000000000011,6.039999999999999,2.0
197,25a60f0b59f103ebf782a31f94bb569d897a652a0bc1bd95c5cdc5521418b843,0.002,True,11.0,5.0,0.35999999999999943,2.3800000000000026,4.640000000000001,6.0
198,25a60f0b59f103ebf782a31f94bb569d897a652a0bc1bd95c5cdc5521418b843,0.002,True,9.0,7.0,1.1000000000000014,1.6400000000000006,5.899999999999999,2.0
199,18e38dc4225a11e2a43c1a7abd32ddeea5ac0a0bcf35f6f5854fbf708e98f5ca,0.002,False,6.0,2.0,1.4600000000000009,1.2800000000000011,0.5399999999999991,4.0
200,f6856a3437439e58b35ad8fedba5c2f1cabd89bb5550dc0db11d0fd01247215d,0.002,False,7.0,1.0,2.68,0.060000000000002274,-1.6800000000000002,6.0
201,25a60f0b59f103ebf782a31f94bb569d897a652a0bc1bd95c5cdc5521418b843,0.002,True,8.0,8.0,1.6199999999999974,1.1199999999999974,6.380000000000003,0.0
202,25a60f0b59f103ebf782a31f94bb569d897a652a0bc1bd95c5cdc5521418b843,0.002,True,7.0,9.0,2.8400000000000034,-0.10000000000000142,6.159999999999997,-2.0
203,18e38dc4225a11e2a43c1a7abd32ddeea5ac0a0bcf35f6f5854fbf708e98f5ca,0.002,False,5.0,3.0,3.68,-0.9399999999999977,-0.6800000000000002,2.0
204,25a60f0b59f103ebf782a31f94bb569d897a652a0bc1bd95c5cdc5521418b843,0.002,True,8.0,8.0,1.0799999999999983,1.6599999999999966,6.920000000000002,0.0
205,25a60f0b59f103ebf782a31f94bb569d897a652a0bc1bd95c5cdc5521418b843,0.002,True,8.0,8.0,1.6000000000000014,1.1400000000000006,6.399999999999999,0.0
206,76fd1e2470419b464aa575afb0710800da330763a86d4deb65102df4412cfb61,0.002,False,7.0,2.0,1.3999999999999986,1.3400000000000034,0.6000000000000014,5.0
207,ab90b43f348253a578dcb95935f52c00eb11253a5d50f45fb540cf45626d0620,0.002,False,5.0,3.0,0.8800000000000026,1.8599999999999994,2.1199999999999974,2.0
208,25a60f0b59f103ebf782a31f94bb569d897a652a0bc1bd95c5cdc5521418b843,0.002,True,9.0,7.0,1.5,1.240000000000002,5.5,2.0
209,25a60f0b59f103ebf782a31f94bb569d897a652a0bc1bd95c5cdc5521418b843,0.002,True,6.0,10.0,2.9799999999999964,-0.240000000000002,7.020000000000003,-4.0
210,76fd1e2470419b464aa575afb0710800da330763a86d4deb65102df4412cfb61,0.002,False,7.0,2.0,1.6000000000000014,1.1400000000000006,0.3999999999999986,5.0
211,25a60f0b59f103ebf782a31f94bb569d897a652a0bc1bd95c5cdc5521418b843,0.002,True,11.0,5.0,0.3400000000000034,2.3999999999999986,4.659999999999997,6.0
212,25a60f0b59f103ebf782a31f94bb569d897a652a0bc1bd95c5cdc5521418b843,0.002,True,8.0,8.0,1.0200000000000031,1.7199999999999989,6.979999999999997,0.0
213,25a60f0b59f103ebf782a31f94bb569d897a652a0bc1bd95c5cdc5521418b843,0.002,True,7.0,9.0,3.3599999999999994,-0.6199999999999974,5.640000000000001,-2.0
214,2a688dce9ee3f6910a66c8306e45a673347e6c2da97ca4f612e37eadc34f421f,0.002,False,8.0,3.0,0.6400000000000006,2.1000000000000014,2.3599999999999994,5.0
215,25a60f0b59f103ebf782a31f94bb569d897a652a0bc1bd95c5cdc5521418b843,0.002,True,3.0,13.0,3.8599999999999994,-1.1199999999999974,9.14,-10.0
216,25a60f0b59f103ebf782a31f94bb569d897a652a0bc1bd95c5cdc5521418b843,0.002,True,11.0,5.0,1.5600000000000023,1.1799999999999997,3.4399999999999977,6.0
217,76fd1e2470419b464aa575afb0710800da330763a86d4deb65102df4412cfb61,0.002,False,7.0,2.0,2.200000000000003,0.5399999999999991,-0.20000000000000284,5.0
218,25a60f0b59f103ebf782a31f94bb569d897a652a0bc1bd95c5cdc5521418b843,0.002,True,10.0,6.0,-0.0799999999999983,2.82,6.079999999999998,4.0
219,25a60f0b59f103ebf782a31f94bb569d897a652a0bc1bd95c5cdc5521418b843,0.002,True,12.0,4.0,1.740000000000002,1.0,2.259999999999998,8.0
220,25a60f0b59f103ebf782a31f94bb569d897a652a0bc1bd95c5cdc5521418b843,0.002,True,9.0,7.0,0.5,2.240000000000002,6.5,2.0
221,25a60f0b59f103ebf782a31f94bb569d897a652a0bc1bd95c5cdc5521418b843,0.002,True,9.0,7.0,1.3800000000000026,1.3599999999999994,5.619999999999997,2.0
222,25a60f0b59f103ebf782a31f94bb569d897a652a0bc1bd95c5cdc5521418b843,0.002,True,11.0,5.0,1.759999999999998,0.9799999999999969,3.240000000000002,6.0
223,25a60f0b59f103ebf782a31f94bb569d897a652a0bc1bd95c5cdc5521418b843,0.002,True,7.0,9.0,1.259999999999998,1.4799999999999969,7.740000000000002,-2.0
224,25a60f0b59f103ebf782a31f94bb569d897a652a0bc1bd95c5cdc5521418b843,0.002,True,10.0,6.0,1.6599999999999966,1.0799999999999983,4.340000000000003,4.0
225,76fd1e2470419b464aa575afb0710800da330763a86d4deb65102df4412cfb61,0.002,False,5.0,4.0,3.600000000000001,-0.8599999999999994,0.399999999999999,1.0
226,25a60f0b59f103ebf782a31f94bb569d897a652a0bc1bd95c5cdc5521418b843,0.002,True,12.0,4.0,-0.1599999999999966,2.899999999999999,4.159999999999997,8.0
227,25a60f0b59f103ebf782a31f94bb569d897a652a0bc1bd95c5cdc5521418b843,0.002,True,9.0,7.0,0.5,2.240000000000002,6.5,2.0
228,25a60f0b59f103ebf782a31f94bb569d897a652a0bc1bd95c5cdc5521418b843,0.002,True,12.0,4.0,-0.38000000000000256,3.119999999999998,4.380000000000003,8.0
229,25a60f0b59f103ebf782a31f94bb569d897a652a0bc1bd95c5cdc5521418b843,0.002,True,11.0,5.0,-1.0799999999999983,3.82,6.079999999999998,6.0
230,2a688dce9ee3f6910a66c8306e45a673347e6c2da97ca4f612e37eadc34f421f,0.002,False,9.0,2.0,1.0,1.740000000000002,1.0,7.0
231,f6856a3437439e58b35ad8fedba5c2f1cabd89bb5550dc0db11d0fd01247215d,0.002,False,7.0,1.0,1.6400000000000006,1.1000000000000014,-0.6400000000000006,6.0
232,25a60f0b59f103ebf782a31f94bb569d897a652a0bc1bd95c5cdc5521418b843,0.002,True,14.0,2.0,-0.29999999999999716,3.0399999999999987,2.299999999999997,12.0
233,25a60f0b59f103ebf782a31f94bb569d897a652a0bc1bd95c5cdc5521418b843,0.002,True,9.0,7.0,2.3400000000000034,0.3999999999999986,4.659999999999997,2.0
234,25a60f0b59f103ebf782a31f94bb569d897a652a0bc1bd95c5cdc5521418b843,0.002,True,6.0,10.0,1.6000000000000014,1.1400000000000006,8.399999999999999,-4.0
235,2a688dce9ee3f6910a66c8306e45a673347e6c2da97ca4f612e37eadc34f421f,0.002,False,9.0,2.0,0.759999999999998,1.9799999999999969,1.240000000000002,7.0
236,25a60f0b59f103ebf782a31f94bb569d897a652a0bc1bd95c5cdc5521418b843,0.002,True,4.0,12.0,2.9200000000000017,-0.17999999999999972,9.079999999999998,-8.0
237,18e38dc4225a11e2a43c1a7abd32ddeea5ac0a0bcf35f6f5854fbf708e98f5ca,0.002,False,9.0,-1.0,0.46000000000000085,2.280000000000001,-1.4600000000000009,10.0
238,25a60f0b59f103ebf782a31f94bb569d897a652a0bc1bd95c5cdc5521418b843,0.002,True,12.0,4.0,0.8800000000000026,1.8599999999999994,3.1199999999999974,8.0
239,25a60f0b59f103ebf782a31f94bb569d897a652a0bc1bd95c5cdc5521418b843,0.002,True,9.0,7.0,-1.4399999999999977,4.18,8.439999999999998,2.0
240,25a60f0b59f103ebf782a31f94bb569d897a652a0bc1bd95c5cdc5521418b843,0.002,True,10.0,6.0,0.060000000000002274,2.68,5.939999999999998,4.0
241,18e38dc4225a11e2a43c1a7abd32ddeea5ac0a0bcf35f6f5854fbf708e98f5ca,0.002,False,4.0,4.0,2.520000000000003,0.21999999999999886,1.4799999999999969,0.0
242,25a60f0b59f103ebf782a31f94bb569d897a652a0bc1bd95c5cdc5521418b843,0.002,True,8.0,8.0,3.0600000000000023,-0.3200000000000003,4.939999999999998,0.0
243,25a60f0b59f103ebf782a31f94bb569d897a652a0bc1bd95c5cdc5521418b843,0.002,True,5.0,11.0,4.719999999999999,-1.9799999999999969,6.280000000000001,-6.0
244,18e38dc4225a11e2a43c1a7abd32ddeea5ac0a0bcf35f6f5854fbf708e98f5ca,0.002,False,12.0,-4.0,0.240000000000002,2.5,-4.240000000000002,16.0
245,25a60f0b59f103ebf782a31f94bb569d897a652a0bc1bd95c5cdc5521418b843,0.002,True,9.0,7.0,1.2800000000000011,1.4600000000000009,5.719999999999999,2.0
246,b93b3e639207b61066839c0c4c5d4b187f3648ac0893403e393788147d3cf641,0.002,False,6.0,1.0,2.039999999999999,0.7000000000000028,-1.0399999999999991,5.0
247,25a60f0b59f103ebf782a31f94bb569d897a652a0bc1bd95c5cdc5521418b843,0.002,True,11.0,5.0,-0.10000000000000142,2.8400000000000034,5.100000000000001,6.0
248,2a688dce9ee3f6910a66c8306e45a673347e6c2da97ca4f612e37eadc34f421f,0.002,False,8.0,3.0,1.5600000000000023,1.1799999999999997,1.4399999999999977,5.0
249,25a60f0b59f103ebf782a31f94bb569d897a652a0bc1bd95c5cdc5521418b843,0.002,True,8.0,8.0,0.5600000000000023,2.1799999999999997,7.439999999999998,0.0
250,18e38dc4225a11e2a43c1a7abd32ddeea5ac0a0bcf35f6f5854fbf708e98f5ca,0.002,False,7.0,1.0,0.7199999999999989,2.020000000000003,0.28000000000000114,6.0
251,76fd1e2470419b464aa575afb0710800da330763a86d4deb65102df4412cfb61,0.002,False,6.0,3.0,1.2999999999999972,1.4399999999999977,1.7000000000000028,3.0
252,25a60f0b59f103ebf782a31f94bb569d897a652a0bc1bd95c5cdc5521418b843,0.002,True,9.0,7.0,1.1199999999999974,1.6199999999999974,5.880000000000003,2.0
253,25a60f0b59f103ebf782a31f94bb569d897a652a0bc1bd95c5cdc5521418b843,0.002,True,11.0,5.0,-0.03999999999999915,2.780000000000001,5.039999999999999,6.0
254,25a60f0b59f103ebf782a31f94bb569d897a652a0bc1bd95c5cdc5521418b843,0.002,True,10.0,6.0,0.5200000000000031,2.219999999999999,5.479999999999997,4.0
255,25a60f0b59f103ebf782a31f94bb569d897a652a0bc1bd95c5cdc5521418b843,0.002,True,10.0,6.0,2.1199999999999974,0.6199999999999974,3.8800000000000026,4.0
256,25a60f0b59f103ebf782a31f94bb569d897a652a0bc1bd95c5cdc5521418b843,0.002,True,11.0,5.0,0.14000000000000057,2.600000000000001,4.859999999999999,6.0
257,2a688dce9ee3f6910a66c8306e45a673347e6c2da97ca4f612e37eadc34f421f,0.002,False,6.0,5.0,0.14000000000000057,2.600000000000001,4.859999999999999,1.0
258,25a60f0b59f103ebf782a31f94bb569d897a652a0bc1bd95c5cdc5521418b843,0.002,True,8.0,8.0,2.1199999999999974,0.6199999999999974,5.880000000000003,0.0
259,25a60f0b59f103ebf782a31f94bb569d897a652a0bc1bd95c5cdc5521418b843,0.002,True,8.0,8.0,2.520000000000003,0.21999999999999886,5.479999999999997,0.0
260,25a60f0b59f103ebf782a31f94bb569d897a652a0bc1bd95c5cdc5521418b843,0.002,True,6.0,10.0,2.719999999999999,0.020000000000003126,7.280000000000001,-4.0
261,25a60f0b59f103ebf782a31f94bb569d897a652a0bc1bd95c5cdc5521418b843,0.002,True,9.0,7.0,1.3599999999999994,1.3800000000000026,5.640000000000001,2.0
262,25a60f0b59f103ebf782a31f94bb569d897a652a0bc1bd95c5cdc5521418b843,0.002,True,9.0,7.0,1.4399999999999977,1.2999999999999972,5.560000000000002,2.0
263,25a60f0b59f103ebf782a31f94bb569d897a652a0bc1bd95c5cdc5521418b843,0.002,True,11.0,5.0,1.3200000000000003,1.4200000000000017,3.6799999999999997,6.0
264,25a60f0b59f103ebf782a31f94bb569d897a652a0bc1bd95c5cdc5521418b843,0.002,True,8.0,8.0,2.539999999999999,0.20000000000000284,5.460000000000001,0.0
265,25a60f0b59f103ebf782a31f94bb569d897a652a0bc1bd95c5cdc5521418b843,0.002,True,13.0,3.0,-0.6000000000000014,3.3400000000000034,3.6000000000000014,10.0
266,25a60f0b59f103ebf782a31f94bb569d897a652a0bc1bd95c5cdc5521418b843,0.002,True,9.0,7.0,1.3999999999999986,1.3400000000000034,5.600000000000001,2.0
267,25a60f0b59f103ebf782a31f94bb569d897a652a0bc1bd95c5cdc5521418b843,0.002,True,9.0,7.0,0.5799999999999983,2.1599999999999966,6.420000000000002,2.0
268,25a60f0b59f103ebf782a31f94bb569d897a652a0bc1bd95c5cdc5521418b843,0.002,True,8.0,8.0,2.619999999999998,0.11999999999999744,5.380000000000003,0.0
269,f6856a3437439e58b35ad8fedba5c2f1cabd89bb5550dc0db11d0fd01247215d,0.002,False,13.0,-5.0,-1.3200000000000003,4.060000000000002,-3.6799999999999997,18.0
270,25a60f0b59f103ebf782a31f94bb569d897a652a0bc1bd95c5cdc5521418b843,0.002,True,4.0,12.0,4.0,-1.259999999999998,8.0,-8.0
271,661a2f1f1c8be0f7325fe0b664192bfa46380843fe52b675bf11075e1c265699,0.002,False,4.0,1.0,3.0600000000000023,-0.3200000000000003,-2.0600000000000023,3.0
272,25a60f0b59f103ebf782a31f94bb569d897a652a0bc1bd95c5cdc5521418b843,0.002,True,12.0,4.0,-1.8999999999999986,4.640000000000001,5.899999999999999,8.0
273,25a60f0b59f103ebf782a31f94bb569d897a652a0bc1bd95c5cdc5521418b843,0.002,True,9.0,7.0,0.8599999999999994,1.8800000000000026,6.140000000000001,2.0
274,25a60f0b59f103ebf782a31f94bb569d897a652a0bc1bd95c5cdc5521418b843,0.002,True,9.0,7.0,2.020000000000003,0.7199999999999989,4.979999999999997,2.0
275,76fd1e2470419b464aa575afb0710800da330763a86d4deb65102df4412cfb61,0.002,False,5.0,4.0,2.3400000000000034,0.3999999999999986,1.6599999999999966,1.0
276,2a688dce9ee3f6910a66c8306e45a673347e6c2da97ca4f612e37eadc34f421f,0.002,False,6.0,5.0,2.600000000000001,0.14000000000000057,2.399999999999999,1.0
277,ab90b43f348253a578dcb95935f52c00eb11253a5d50f45fb540cf45626d0620,0.002,False,7.0,1.0,0.9200000000000017,1.8200000000000003,0.0799999999999983,6.0
278,25a60f0b59f103ebf782a31f94bb569d897a652a0bc1bd95c5cdc5521418b843,0.002,True,8.0,8.0,2.039999999999999,0.7000000000000028,5.960000000000001,0.0
279,25a60f0b59f103ebf782a31f94bb569d897a652a0bc1bd95c5cdc5521418b843,0.002,True,7.0,9.0,1.4399999999999977,1.2999999999999972,7.560000000000002,-2.0
280,25a60f0b59f103ebf782a31f94bb569d897a652a0bc1bd95c5cdc5521418b843,0.002,True,7.0,9.0,1.8200000000000003,0.9200000000000017,7.18,-2.0
281,ab90b43f348253a578dcb95935f52c00eb11253a5d50f45fb540cf45626d0620,0.002,False,8.0,0.0,1.0399999999999991,1.7000000000000028,-1.0399999999999991,8.0
282,f6856a3437439e58b35ad8fedba5c2f1cabd89bb5550dc0db11d0fd01247215d,0.002,False,5.0,3.0,2.9200000000000017,-0.17999999999999972,0.0799999999999983,2.0
283,97b28df35b811f0a5dba92060bfa9d60f1cc23fb3123298c2b14a461bea2df00,0.002,False,6.0,-1.0,1.7199999999999989,1.0200000000000031,-2.719999999999999,7.0
284,76fd1e2470419b464aa575afb0710800da330763a86d4deb65102df4412cfb61,0.002,False,6.0,3.0,2.7400000000000024,0.0,0.25999999999999757,3.0
285,f6856a3437439e58b35ad8fedba5c2f1cabd89bb5550dc0db11d0fd01247215d,0.002,False,9.0,-1.0,0.21999999999999886,2.520000000000003,-1.2199999999999989,10.0
286,25a60f0b59f103ebf782a31f94bb569d897a652a0bc1bd95c5cdc5521418b843,0.002,True,8.0,8.0,1.0600000000000023,1.6799999999999997,6.939999999999998,0.0
287,25a60f0b59f103ebf782a31f94bb569d897a652a0bc1bd95c5cdc5521418b843,0.002,True,10.0,6.0,0.3400000000000034,2.3999999999999986,5.659999999999997,4.0
288,25a60f0b59f103ebf782a31f94bb569d897a652a0bc1bd95c5cdc5521418b843,0.002,True,8.0,8.0,2.880000000000002,-0.14000000000000057,5.119999999999997,0.0
289,25a60f0b59f103ebf782a31f94bb569d897a652a0bc1bd95c5cdc5521418b843,0.002,True,7.0,9.0,0.8999999999999986,1.8400000000000034,8.100000000000001,-2.0
290,2a688dce9ee3f6910a66c8306e45a673347e6c2da97ca4f612e37eadc34f421f,0.002,False,8.0,3.0,0.28000000000000114,2.460000000000001,2.719999999999999,5.0
291,2a688dce9ee3f6910a66c8306e45a673347e6c2da97ca4f612e37eadc34f421f,0.002,False,3.0,8.0,3.3400000000000034,-0.6000000000000014,4.659999999999997,-5.0
292,25a60f0b59f103ebf782a31f94bb569d897a652a0bc1bd95c5cdc5521418b843,0.002,True,5.0,11.0,3.1599999999999966,-0.4200000000000017,7.840000000000003,-6.0
293,25a60f0b59f103ebf782a31f94bb569d897a652a0bc1bd95c5cdc5521418b843,0.002,True,10.0,6.0,1.3200000000000003,1.4200000000000017,4.68,4.0
294,2a688dce9ee3f6910a66c8306e45a673347e6c2da97ca4f612e37eadc34f421f,0.002,False,6.0,5.0,1.8200000000000003,0.9200000000000017,3.1799999999999997,1.0
295,25a60f0b59f103ebf782a31f94bb569d897a652a0bc1bd95c5cdc5521418b843,0.002,True,9.0,7.0,0.759999999999998,1.9799999999999969,6.240000000000002,2.0
296,25a60f0b59f103ebf782a31f94bb569d897a652a0bc1bd95c5cdc5521418b843,0.002,True,10.0,6.0,1.5200000000000031,1.2199999999999989,4.479999999999997,4.0
297,25a60f0b59f103ebf782a31f94bb569d897a652a0bc1bd95c5cdc5521418b843,0.002,True,6.0,10.0,2.7400000000000024,0.0,7.259999999999998,-4.0
298,25a60f0b59f103ebf782a31f94bb569d897a652a0bc1bd95c5cdc5521418b843,0.002,True,9.0,7.0,2.539999999999999,0.20000000000000284,4.460000000000001,2.0
299,25a60f0b59f103ebf782a31f94bb569d897a652a0bc1bd95c5cdc5521418b843,0.002,True,9.0,7.0,1.4600000000000009,1.2800000000000011,5.539999999999999,2.0
300,25a60f0b59f103ebf782a31f94bb569d897a652a0bc1bd95c5cdc5521418b843,0.002,True,10.0,6.0,1.7800000000000011,0.9600000000000009,4.219999999999999,4.0
301,f6856a3437439e58b35ad8fedba5c2f1cabd89bb5550dc0db11d0fd01247215d,0.002,False,10.0,-2.0,-0.4799999999999969,3.219999999999999,-1.5200000000000031,12.0
302,18e38dc4225a11e2a43c1a7abd32ddeea5ac0a0bcf35f6f5854fbf708e98f5ca,0.002,False,6.0,2.0,1.3800000000000026,1.3599999999999994,0.6199999999999974,4.0
303,18e38dc4225a11e2a43c1a7abd32ddeea5ac0a0bcf35f6f5854fbf708e98f5ca,0.002,False,6.0,2.0,1.7800000000000011,0.9600000000000009,0.21999999999999886,4.0
304,25a60f0b59f103ebf782a31f94bb569d897a652a0bc1bd95c5cdc5521418b843,0.002,True,10.0,6.0,0.8200000000000003,1.9200000000000017,5.18,4.0
305,2a688dce9ee3f6910a66c8306e45a673347e6c2da97ca4f612e37eadc34f421f,0.002,False,4.0,7.0,2.880000000000002,-0.14000000000000057,4.119999999999997,-3.0
306,76fd1e2470419b464aa575afb0710800da330763a86d4deb65102df4412cfb61,0.002,False,7.0,2.0,1.8999999999999986,0.8400000000000034,0.10000000000000142,5.0
307,25a60f0b59f103ebf782a31f94bb569d897a652a0bc1bd95c5cdc5521418b843,0.002,True,8.0,8.0,2.1199999999999974,0.6199999999999974,5.880000000000003,0.0
308,18e38dc4225a11e2a43c1a7abd32ddeea5ac0a0bcf35f6f5854fbf708e98f5ca,0.002,False,8.0,0.0,1.5600000000000023,1.1799999999999997,-1.5600000000000023,8.0
309,25a60f0b59f103ebf782a31f94bb569d897a652a0bc1bd95c5cdc5521418b843,0.002,True,6.0,10.0,3.0799999999999983,-0.3400000000000034,6.920000000000002,-4.0
310,25a60f0b59f103ebf782a31f94bb569d897a652a0bc1bd95c5cdc5521418b843,0.002,True,10.0,6.0,0.0799999999999983,2.6599999999999966,5.920000000000002,4.0
311,25a60f0b59f103ebf782a31f94bb569d897a652a0bc1bd95c5cdc5521418b843,0.002,True,11.0,5.0,0.240000000000002,2.5,4.759999999999998,6.0
312,25a60f0b59f103ebf782a31f94bb569d897a652a0bc1bd95c5cdc5521418b843,0.002,True,7.0,9.0,2.200000000000003,0.5399999999999991,6.799999999999997,-2.0
313,25a60f0b59f103ebf782a31f94bb569d897a652a0bc1bd95c5cdc5521418b843,0.002,True,14.0,2.0,-1.5799999999999983,4.32,3.5799999999999983,12.0
314,18e38dc4225a11e2a43c1a7abd32ddeea5ac0a0bcf35f6f5854fbf708e98f5ca,0.002,False,10.0,-2.0,-0.6599999999999966,3.399999999999999,-1.3400000000000034,12.0
315,25a60f0b59f103ebf782a31f94bb569d897a652a0bc1bd95c5cdc5521418b843,0.002,True,6.0,10.0,2.299999999999997,0.4399999999999977,7.700000000000003,-4.0
316,2a688dce9ee3f6910a66c8306e45a673347e6c2da97ca4f612e37eadc34f421f,0.002,False,9.0,2.0,0.8400000000000034,1.8999999999999986,1.1599999999999966,7.0
317,adf172831755d5b68b20bd41481d7665e21425c51d614aae18c17d25d300847e,0.002,False,7.0,-4.0,1.2000000000000028,1.5399999999999991,-5.200000000000003,11.0
318,25a60f0b59f103ebf782a31f94bb569d897a652a0bc1bd95c5cdc5521418b843,0.002,True,6.0,10.0,2.479999999999997,0.259999999999998,7.520000000000003,-4.0
319,25a60f0b59f103ebf782a31f94bb569d897a652a0bc1bd95c5cdc5521418b843,0.002,True,8.0,8.0,1.7999999999999972,0.9399999999999977,6.200000000000003,0.0
320,f6856a3437439e58b35ad8fedba5c2f1cabd89bb5550dc0db11d0fd01247215d,0.002,False,7.0,1.0,-0.03999999999999915,2.780000000000001,1.0399999999999991,6.0
321,2a688dce9ee3f6910a66c8306e45a673347e6c2da97ca4f612e37eadc34f421f,0.002,False,3.0,8.0,4.259999999999998,-1.5200000000000031,3.740000000000002,-5.0
322,f6856a3437439e58b35ad8fedba5c2f1cabd89bb5550dc0db11d0fd01247215d,0.002,False,10.0,-2.0,-1.0,3.7399999999999984,-1.0,12.0
323,25a60f0b59f103ebf782a31f94bb569d897a652a0bc1bd95c5cdc5521418b843,0.002,True,8.0,8.0,4.140000000000001,-1.3999999999999986,3.8599999999999994,0.0
324,f6856a3437439e58b35ad8fedba5c2f1cabd89bb5550dc0db11d0fd01247215d,0.002,False,7.0,1.0,0.240000000000002,2.5,0.759999999999998,6.0
325,76fd1e2470419b464aa575afb0710800da330763a86d4deb65102df4412cfb61,0.002,False,8.0,1.0,1.5200000000000031,1.2199999999999989,-0.5200000000000031,7.0
326,25a60f0b59f103ebf782a31f94bb569d897a652a0bc1bd95c5cdc5521418b843,0.002,True,7.0,9.0,1.0600000000000023,1.6799999999999997,7.939999999999998,-2.0
327,25a60f0b59f103ebf782a31f94bb569d897a652a0bc1bd95c5cdc5521418b843,0.002,True,10.0,6.0,2.1400000000000006,0.6000000000000014,3.8599999999999994,4.0
328,25a60f0b59f103ebf782a31f94bb569d897a652a0bc1bd95c5cdc5521418b843,0.002,True,14.0,2.0,-0.46000000000000085,3.200000000000003,2.460000000000001,12.0
329,25a60f0b59f103ebf782a31f94bb569d897a652a0bc1bd95c5cdc5521418b843,0.002,True,8.0,8.0,1.7199999999999989,1.0200000000000031,6.280000000000001,0.0
330,2a688dce9ee3f6910a66c8306e45a673347e6c2da97ca4f612e37eadc34f421f,0.002,False,7.0,4.0,1.5799999999999983,1.1599999999999966,2.4200000000000017,3.0
331,2a688dce9ee3f6910a66c8306e45a673347e6c2da97ca4f612e37eadc34f421f,0.002,False,7.0,4.0,1.0799999999999983,1.6599999999999966,2.9200000000000017,3.0
332,ab90b43f348253a578dcb95935f52c00eb11253a5d50f45fb540cf45626d0620,0.002,False,7.0,1.0,0.9200000000000017,1.8200000000000003,0.0799999999999983,6.0
333,25a60f0b59f103ebf782a31f94bb569d897a652a0bc1bd95c5cdc5521418b843,0.002,True,6.0,10.0,3.6599999999999966,-0.9200000000000017,6.340000000000003,-4.0
334,76fd1e2470419b464aa575afb0710800da330763a86d4deb65102df4412cfb61,0.002,False,6.0,3.0,2.0,0.740000000000002,1.0,3.0
335,f6856a3437439e58b35ad8fedba5c2f1cabd89bb5550dc0db11d0fd01247215d,0.002,False,8.0,0.0,0.060000000000002274,2.68,-0.060000000000002274,8.0
336,25a60f0b59f103ebf782a31f94bb569d897a652a0bc1bd95c5cdc5521418b843,0.002,True,8.0,8.0,1.9799999999999969,0.759999999999998,6.020000000000003,0.0
337,18e38dc4225a11e2a43c1a7abd32ddeea5ac0a0bcf35f6f5854fbf708e98f5ca,0.002,False,9.0,-1.0,0.21999999999999886,2.520000000000003,-1.2199999999999989,10.0
338,25a60f0b59f103ebf782a31f94bb569d897a652a0bc1bd95c5cdc5521418b843,0.002,True,13.0,3.0,1.7800000000000011,0.9600000000000009,1.2199999999999989,10.0
339,b93b3e639207b61066839c0c4c5d4b187f3648ac0893403e393788147d3cf641,0.002,False,6.0,1.0,3.6400000000000006,-0.8999999999999986,-2.6400000000000006,5.0
340,25a60f0b59f103ebf782a31f94bb569d897a652a0bc1bd95c5cdc5521418b843,0.002,True,10.0,6.0,0.259999999999998,2.479999999999997,5.740000000000002,4.0
341,25a60f0b59f103ebf782a31f94bb569d897a652a0bc1bd95c5cdc5521418b843,0.002,True,7.0,9.0,2.520000000000003,0.21999999999999886,6.479999999999997,-2.0
342,25a60f0b59f103ebf782a31f94bb569d897a652a0bc1bd95c5cdc5521418b843,0.002,True,8.0,8.0,2.1799999999999997,0.5600000000000023,5.82,0.0
343,25a60f0b59f103ebf782a31f94bb569d897a652a0bc1bd95c5cdc5521418b843,0.002,True,12.0,4.0,0.3200000000000003,2.4200000000000017,3.6799999999999997,8.0
344,f6856a3437439e58b35ad8fedba5c2f1cabd89bb5550dc0db11d0fd01247215d,0.002,False,8.0,0.0,1.5399999999999991,1.2000000000000028,-1.5399999999999991,8.0
345,25a60f0b59f103ebf782a31f94bb569d897a652a0bc1bd95c5cdc5521418b843,0.002,True,10.0,6.0,-0.5200000000000031,3.2599999999999976,6.520000000000003,4.0
346,f6856a3437439e58b35ad8fedba5c2f1cabd89bb5550dc0db11d0fd01247215d,0.002,False,4.0,4.0,2.9200000000000017,-0.17999999999999972,1.0799999999999983,0.0
347,25a60f0b59f103ebf782a31f94bb569d897a652a0bc1bd95c5cdc5521418b843,0.002,True,13.0,3.0,-1.3599999999999994,4.100000000000001,4.359999999999999,10.0
348,25a60f0b59f103ebf782a31f94bb569d897a652a0bc1bd95c5cdc5521418b843,0.002,True,9.0,7.0,0.38000000000000256,2.3599999999999994,6.619999999999997,2.0
349,25a60f0b59f103ebf782a31f94bb569d897a652a0bc1bd95c5cdc5521418b843,0.002,True,10.0,6.0,1.7000000000000028,1.0399999999999991,4.299999999999997,4.0
350,25a60f0b59f103ebf782a31f94bb569d897a652a0bc1bd95c5cdc5521418b843,0.002,True,9.0,7.0,0.9799999999999969,1.759999999999998,6.020000000000003,2.0
351,25a60f0b59f103ebf782a31f94bb569d897a652a0bc1bd95c5cdc5521418b843,0.002,True,6.0,10.0,2.4200000000000017,0.3200000000000003,7.579999999999998,-4.0
352,25a60f0b59f103ebf782a31f94bb569d897a652a0bc1bd95c5cdc5521418b843,0.002,True,8.0,8.0,2.0,0.740000000000002,6.0,0.0
353,25a60f0b59f103ebf782a31f94bb569d897a652a0bc1bd95c5cdc5521418b843,0.002,True,9.0,7.0,0.7999999999999972,1.9399999999999977,6.200000000000003,2.0
354,25a60f0b59f103ebf782a31f94bb569d897a652a0bc1bd95c5cdc5521418b843,0.002,True,8.0,8.0,2.299999999999997,0.4399999999999977,5.700000000000003,0.0
355,ab90b43f348253a578dcb95935f52c00eb11253a5d50f45fb540cf45626d0620,0.002,False,9.0,-1.0,1.0799999999999983,1.6599999999999966,-2.0799999999999983,10.0
356,25a60f0b59f103ebf782a31f94bb569d897a652a0bc1bd95c5cdc5521418b843,0.002,True,10.0,6.0,0.5600000000000023,2.1799999999999997,5.439999999999998,4.0
357,25a60f0b59f103ebf782a31f94bb569d897a652a0bc1bd95c5cdc5521418b843,0.002,True,8.0,8.0,3.0600000000000023,-0.3200000000000003,4.939999999999998,0.0
358,25a60f0b59f103ebf782a31f94bb569d897a652a0bc1bd95c5cdc5521418b843,0.002,True,8.0,8.0,2.619999999999998,0.11999999999999744,5.380000000000003,0.0
359,ab90b43f348253a578dcb95935f52c00eb11253a5d50f45fb540cf45626d0620,0.002,False,8.0,0.0,0.759999999999998,1.9799999999999969,-0.759999999999998,8.0
360,25a60f0b59f103ebf782a31f94bb569d897a652a0bc1bd95c5cdc5521418b843,0.002,True,7.0,9.0,1.3599999999999994,1.3800000000000026,7.640000000000001,-2.0
361,25a60f0b59f103ebf782a31f94bb569d897a652a0bc1bd95c5cdc5521418b843,0.002,True,12.0,4.0,-0.5600000000000023,3.299999999999997,4.560000000000002,8.0
362,ab90b43f348253a578dcb95935f52c00eb11253a5d50f45fb540cf45626d0620,0.002,False,7.0,1.0,1.4399999999999977,1.2999999999999972,-0.4399999999999977,6.0
363,b93b3e639207b61066839c0c4c5d4b187f3648ac0893403e393788147d3cf641,0.002,False,4.0,3.0,2.719999999999999,0.020000000000003126,0.28000000000000114,1.0
364,25a60f0b59f103ebf782a31f94bb569d897a652a0bc1bd95c5cdc5521418b843,0.002,True,5.0,11.0,3.219999999999999,-0.4799999999999969,7.780000000000001,-6.0
365,f6856a3437439e58b35ad8fedba5c2f1cabd89bb5550dc0db11d0fd01247215d,0.002,False,7.0,1.0,1.7000000000000028,1.0399999999999991,-0.7000000000000028,6.0
366,f6856a3437439e58b35ad8fedba5c2f1cabd89bb5550dc0db11d0fd01247215d,0.002,False,4.0,4.0,3.119999999999998,-0.38000000000000256,0.8800000000000021,0.0
367,76fd1e2470419b464aa575afb0710800da330763a86d4deb65102df4412cfb61,0.002,False,11.0,-2.0,0.0,2.7400000000000024,-2.0,13.0
368,25a60f0b59f103ebf782a31f94bb569d897a652a0bc1bd95c5cdc5521418b843,0.002,True,6.0,10.0,2.3800000000000026,0.35999999999999943,7.619999999999997,-4.0
369,25a60f0b59f103ebf782a31f94bb569d897a652a0bc1bd95c5cdc5521418b843,0.002,True,7.0,9.0,1.0399999999999991,1.7000000000000028,7.960000000000001,-2.0
370,2a688dce9ee3f6910a66c8306e45a673347e6c2da97ca4f612e37eadc34f421f,0.002,False,8.0,3.0,0.6799999999999997,2.0600000000000023,2.3200000000000003,5.0
371,25a60f0b59f103ebf782a31f94bb569d897a652a0bc1bd95c5cdc5521418b843,0.002,True,8.0,8.0,1.1199999999999974,1.6199999999999974,6.880000000000003,0.0
372,76fd1e2470419b464aa575afb0710800da330763a86d4deb65102df4412cfb61,0.002,False,3.0,6.0,4.18,-1.4399999999999977,1.8200000000000003,-3.0
373,ab90b43f348253a578dcb95935f52c00eb11253a5d50f45fb540cf45626d0620,0.002,False,8.0,0.0,0.5,2.240000000000002,-0.5,8.0
374,25a60f0b59f103ebf782a31f94bb569d897a652a0bc1bd95c5cdc5521418b843,0.002,True,9.0,7.0,1.7199999999999989,1.0200000000000031,5.280000000000001,2.0
375,25a60f0b59f103ebf782a31f94bb569d897a652a0bc1bd95c5cdc5521418b843,0.002,True,11.0,5.0,0.240000000000002,2.5,4.759999999999998,6.0
376,661a2f1f1c8be0f7325fe0b664192bfa46380843fe52b675bf11075e1c265699,0.002,False,10.0,-5.0,-0.3400000000000034,3.0799999999999983,-4.659999999999997,15.0
377,25a60f0b59f103ebf782a31f94bb569d897a652a0bc1bd95c5cdc5521418b843,0.002,True,11.0,5.0,0.9799999999999969,1.759999999999998,4.020000000000003,6.0
378,25a60f0b59f103ebf782a31f94bb569d897a652a0bc1bd95c5cdc5521418b843,0.002,True,10.0,6.0,1.3999999999999986,1.3400000000000034,4.600000000000001,4.0
379,25a60f0b59f103ebf782a31f94bb569d897a652a0bc1bd95c5cdc5521418b843,0.002,True,7.0,9.0,2.240000000000002,0.5,6.759999999999998,-2.0
380,2a688dce9ee3f6910a66c8306e45a673347e6c2da97ca4f612e37eadc34f421f,0.002,False,7.0,4.0,2.700000000000003,0.03999999999999915,1.2999999999999972,3.0
381,25a60f0b59f103ebf782a31f94bb569d897a652a0bc1bd95c5cdc5521418b843,0.002,True,6.0,10.0,3.5399999999999987,-0.7999999999999972,6.460000000000001,-4.0
382,25a60f0b59f103ebf782a31f94bb569d897a652a0bc1bd95c5cdc5521418b843,0.002,True,6.0,10.0,1.9399999999999977,0.7999999999999972,8.060000000000002,-4.0
383,25a60f0b59f103ebf782a31f94bb569d897a652a0bc1bd95c5cdc5521418b843,0.002,True,9.0,7.0,1.3200000000000003,1.4200000000000017,5.68,2.0
384,25a60f0b59f103ebf782a31f94bb569d897a652a0bc1bd95c5cdc5521418b843,0.002,True,12.0,4.0,0.259999999999998,2.479999999999997,3.740000000000002,8.0
385,25a60f0b59f103ebf782a31f94bb569d897a652a0bc1bd95c5cdc5521418b843,0.002,True,5.0,11.0,2.600000000000001,0.14000000000000057,8.399999999999999,-6.0
386,25a60f0b59f103ebf782a31f94bb569d897a652a0bc1bd95c5cdc5521418b843,0.002,True,10.0,6.0,0.240000000000002,2.5,5.759999999999998,4.0
387,2a688dce9ee3f6910a66c8306e45a673347e6c2da97ca4f612e37eadc34f421f,0.002,False,5.0,6.0,3.3400000000000034,-0.6000000000000014,2.6599999999999966,-1.0
388,2a688dce9ee3f6910a66c8306e45a673347e6c2da97ca4f612e37eadc34f421f,0.002,False,7.0,4.0,1.1199999999999974,1.6199999999999974,2.8800000000000026,3.0
389,25a60f0b59f103ebf782a31f94bb569d897a652a0bc1bd95c5cdc5521418b843,0.002,True,10.0,6.0,0.8200000000000003,1.9200000000000017,5.18,4.0
390,25a60f0b59f103ebf782a31f94bb569d897a652a0bc1bd95c5cdc5521418b843,0.002,True,5.0,11.0,3.0600000000000023,-0.3200000000000003,7.939999999999998,-6.0
391,25a60f0b59f103ebf782a31f94bb569d897a652a0bc1bd95c5cdc5521418b843,0.002,True,8.0,8.0,1.6400000000000006,1.1000000000000014,6.359999999999999,0.0
392,2a688dce9ee3f6910a66c8306e45a673347e6c2da97ca4f612e37eadc34f421f,0.002,False,7.0,4.0,2.039999999999999,0.7000000000000028,1.9600000000000009,3.0
393,25a60f0b59f103ebf782a31f94bb569d897a652a0bc1bd95c5cdc5521418b843,0.002,True,8.0,8.0,2.039999999999999,0.7000000000000028,5.960000000000001,0.0
394,25a60f0b59f103ebf782a31f94bb569d897a652a0bc1bd95c5cdc5521418b843,0.002,True,12.0,4.0,-1.2800000000000011,4.020000000000003,5.280000000000001,8.0
395,adf172831755d5b68b20bd41481d7665e21425c51d614aae18c17d25d300847e,0.002,False,5.0,-2.0,2.0,0.740000000000002,-4.0,7.0
396,25a60f0b59f103ebf782a31f94bb569d897a652a0bc1bd95c5cdc5521418b843,0.002,True,5.0,11.0,3.7400000000000024,-1.0,7.259999999999998,-6.0
397,25a60f0b59f103ebf782a31f94bb569d897a652a0bc1bd95c5cdc5521418b843,0.002,True,10.0,6.0,2.1599999999999966,0.5799999999999983,3.8400000000000034,4.0
398,25a60f0b59f103ebf782a31f94bb569d897a652a0bc1bd95c5cdc5521418b843,0.002,True,10.0,6.0,1.3999999999999986,1.3400000000000034,4.600000000000001,4.0
399,25a60f0b59f103ebf782a31f94bb569d897a652a0bc1bd95c5cdc5521418b843,0.002,True,8.0,8.0,2.539999999999999,0.20000000000000284,5.460000000000001,0.0
400,25a60f0b59f103ebf782a31f94bb569d897a652a0bc1bd95c5cdc5521418b843,0.002,True,9.0,7.0,1.2000000000000028,1.5399999999999991,5.799999999999997,2.0
401,ab90b43f348253a578dcb95935f52c00eb11253a5d50f45fb540cf45626d0620,0.002,False,4.0,4.0,3.399999999999999,-0.6599999999999966,0.600000000000001,0.0
402,76fd1e2470419b464aa575afb0710800da330763a86d4deb65102df4412cfb61,0.002,False,7.0,2.0,2.039999999999999,0.7000000000000028,-0.03999999999999915,5.0
403,25a60f0b59f103ebf782a31f94bb569d897a652a0bc1bd95c5cdc5521418b843,0.002,True,12.0,4.0,-1.5200000000000031,4.259999999999998,5.520000000000003,8.0
404,25a60f0b59f103ebf782a31f94bb569d897a652a0bc1bd95c5cdc5521418b843,0.002,True,11.0,5.0,1.2800000000000011,1.4600000000000009,3.719999999999999,6.0
405,ab90b43f348253a578dcb95935f52c00eb11253a5d50f45fb540cf45626d0620,0.002,False,6.0,2.0,1.8599999999999994,0.8800000000000026,0.14000000000000057,4.0
406,ab90b43f348253a578dcb95935f52c00eb11253a5d50f45fb540cf45626d0620,0.002,False,7.0,1.0,0.6199999999999974,2.1199999999999974,0.38000000000000256,6.0
407,f6856a3437439e58b35ad8fedba5c2f1cabd89bb5550dc0db11d0fd01247215d,0.002,False,8.0,0.0,1.6599999999999966,1.0799999999999983,-1.6599999999999966,8.0
408,76fd1e2470419b464aa575afb0710800da330763a86d4deb65102df4412cfb61,0.002,False,5.0,4.0,2.9399999999999977,-0.20000000000000284,1.0600000000000023,1.0
409,25a60f0b59f103ebf782a31f94bb569d897a652a0bc1bd95c5cdc5521418b843,0.002,True,12.0,4.0,-0.9600000000000009,3.700000000000003,4.960000000000001,8.0
410,25a60f0b59f103ebf782a31f94bb569d897a652a0bc1bd95c5cdc5521418b843,0.002,True,9.0,7.0,1.2999999999999972,1.4399999999999977,5.700000000000003,2.0
411,76fd1e2470419b464aa575afb0710800da330763a86d4deb65102df4412cfb61,0.002,False,7.0,2.0,1.5200000000000031,1.2199999999999989,0.4799999999999969,5.0
412,25a60f0b59f103ebf782a31f94bb569d897a652a0bc1bd95c5cdc5521418b843,0.002,True,7.0,9.0,3.4399999999999977,-0.7000000000000028,5.560000000000002,-2.0
413,76fd1e2470419b464aa575afb0710800da330763a86d4deb65102df4412cfb61,0.002,False,8.0,1.0,1.5799999999999983,1.1599999999999966,-0.5799999999999983,7.0
414,76fd1e2470419b464aa575afb0710800da330763a86d4deb65102df4412cfb61,0.002,False,6.0,3.0,1.0200000000000031,1.7199999999999989,1.9799999999999969,3.0
415,25a60f0b59f103ebf782a31f94bb569d897a652a0bc1bd95c5cdc5521418b843,0.002,True,10.0,6.0,1.8400000000000034,0.8999999999999986,4.159999999999997,4.0
416,25a60f0b59f103ebf782a31f94bb569d897a652a0bc1bd95c5cdc5521418b843,0.002,True,6.0,10.0,2.719999999999999,0.020000000000003126,7.280000000000001,-4.0
417,25a60f0b59f103ebf782a31f94bb569d897a652a0bc1bd95c5cdc5521418b843,0.002,True,9.0,7.0,0.4200000000000017,2.3200000000000003,6.579999999999998,2.0
418,25a60f0b59f103ebf782a31f94bb569d897a652a0bc1bd95c5cdc5521418b843,0.002,True,10.0,6.0,2.3599999999999994,0.38000000000000256,3.6400000000000006,4.0
419,ab90b43f348253a578dcb95935f52c00eb11253a5d50f45fb540cf45626d0620,0.002,False,7.0,1.0,0.5399999999999991,2.200000000000003,0.46000000000000085,6.0
420,25a60f0b59f103ebf782a31f94bb569d897a652a0bc1bd95c5cdc5521418b843,0.002,True,8.0,8.0,2.299999999999997,0.4399999999999977,5.700000000000003,0.0
421,25a60f0b59f103ebf782a31f94bb569d897a652a0bc1bd95c5cdc5521418b843,0.002,True,7.0,9.0,2.1599999999999966,0.5799999999999983,6.840000000000003,-2.0
422,25a60f0b59f103ebf782a31f94bb569d897a652a0bc1bd95c5cdc5521418b843,0.002,True,8.0,8.0,1.7000000000000028,1.0399999999999991,6.299999999999997,0.0
423,b93b3e639207b61066839c0c4c5d4b187f3648ac0893403e393788147d3cf641,0.002,False,4.0,3.0,2.520000000000003,0.21999999999999886,0.4799999999999969,1.0
424,25a60f0b59f103ebf782a31f94bb569d897a652a0bc1bd95c5cdc5521418b843,0.002,True,7.0,9.0,2.1400000000000006,0.6000000000000014,6.859999999999999,-2.0
425,25a60f0b59f103ebf782a31f94bb569d897a652a0bc1bd95c5cdc5521418b843,0.002,True,11.0,5.0,-0.060000000000002274,2.799999999999997,5.060000000000002,6.0
426,25a60f0b59f103ebf782a31f94bb569d897a652a0bc1bd95c5cdc5521418b843,0.002,True,12.0,4.0,2.0799999999999983,0.6599999999999966,1.9200000000000017,8.0
427,25a60f0b59f103ebf782a31f94bb569d897a652a0bc1bd95c5cdc5521418b843,0.002,True,10.0,6.0,0.7800000000000011,1.9600000000000009,5.219999999999999,4.0
428,25a60f0b59f103ebf782a31f94bb569d897a652a0bc1bd95c5cdc5521418b843,0.002,True,10.0,6.0,1.9200000000000017,0.8200000000000003,4.079999999999998,4.0
429,18e38dc4225a11e2a43c1a7abd32ddeea5ac0a0bcf35f6f5854fbf708e98f5ca,0.002,False,9.0,-1.0,0.03999999999999915,2.700000000000003,-1.0399999999999991,10.0
430,25a60f0b59f103ebf782a31f94bb569d897a652a0bc1bd95c5cdc5521418b843,0.002,True,12.0,4.0,1.2199999999999989,1.5200000000000031,2.780000000000001,8.0
431,76fd1e2470419b464aa575afb0710800da330763a86d4deb65102df4412cfb61,0.002,False,8.0,1.0,-0.14000000000000057,2.880000000000002,1.1400000000000006,7.0
432,18e38dc4225a11e2a43c1a7abd32ddeea5ac0a0bcf35f6f5854fbf708e98f5ca,0.002,False,10.0,-2.0,-0.6000000000000014,3.3400000000000034,-1.3999999999999986,12.0
433,25a60f0b59f103ebf782a31f94bb569d897a652a0bc1bd95c5cdc5521418b843,0.002,True,8.0,8.0,2.3200000000000003,0.4200000000000017,5.68,0.0
434,25a60f0b59f103ebf782a31f94bb569d897a652a0bc1bd95c5cdc5521418b843,0.002,True,9.0,7.0,0.5600000000000023,2.1799999999999997,6.439999999999998,2.0
435,18e38dc4225a11e2a43c1a7abd32ddeea5ac0a0bcf35f6f5854fbf708e98f5ca,0.002,False,9.0,-1.0,1.1400000000000006,1.6000000000000014,-2.1400000000000006,10.0
436,25a60f0b59f103ebf782a31f94bb569d897a652a0bc1bd95c5cdc5521418b843,0.002,True,8.0,8.0,1.5600000000000023,1.1799999999999997,6.439999999999998,0.0
437,2a688dce9ee3f6910a66c8306e45a673347e6c2da97ca4f612e37eadc34f421f,0.002,False,9.0,2.0,1.1400000000000006,1.6000000000000014,0.8599999999999994,7.0
438,25a60f0b59f103ebf782a31f94bb569d897a652a0bc1bd95c5cdc5521418b843,0.002,True,9.0,7.0,0.6799999999999997,2.0600000000000023,6.32,2.0
439,25a60f0b59f103ebf782a31f94bb569d897a652a0bc1bd95c5cdc5521418b843,0.002,True,8.0,8.0,1.7199999999999989,1.0200000000000031,6.280000000000001,0.0
440,25a60f0b59f103ebf782a31f94bb569d897a652a0bc1bd95c5cdc5521418b843,0.002,True,7.0,9.0,2.3200000000000003,0.4200000000000017,6.68,-2.0
441,25a60f0b59f103ebf782a31f94bb569d897a652a0bc1bd95c5cdc5521418b843,0.002,True,5.0,11.0,3.8400000000000034,-1.1000000000000014,7.159999999999997,-6.0
442,25a60f0b59f103ebf782a31f94bb569d897a652a0bc1bd95c5cdc5521418b843,0.002,True,8.0,8.0,0.8800000000000026,1.8599999999999994,7.119999999999997,0.0
443,25a60f0b59f103ebf782a31f94bb569d897a652a0bc1bd95c5cdc5521418b843,0.002,True,10.0,6.0,1.9200000000000017,0.8200000000000003,4.079999999999998,4.0
444,76fd1e2470419b464aa575afb0710800da330763a86d4deb65102df4412cfb61,0.002,False,7.0,2.0,0.6400000000000006,2.1000000000000014,1.3599999999999994,5.0
445,25a60f0b59f103ebf782a31f94bb569d897a652a0bc1bd95c5cdc5521418b843,0.002,True,10.0,6.0,1.740000000000002,1.0,4.259999999999998,4.0
446,25a60f0b59f103ebf782a31f94bb569d897a652a0bc1bd95c5cdc5521418b843,0.002,True,8.0,8.0,1.8599999999999994,0.8800000000000026,6.140000000000001,0.0
447,25a60f0b59f103ebf782a31f94bb569d897a652a0bc1bd95c5cdc5521418b843,0.002,True,4.0,12.0,4.420000000000002,-1.6799999999999997,7.579999999999998,-8.0
448,25a60f0b59f103ebf782a31f94bb569d897a652a0bc1bd95c5cdc5521418b843,0.002,True,9.0,7.0,2.299999999999997,0.4399999999999977,4.700000000000003,2.0
449,25a60f0b59f103ebf782a31f94bb569d897a652a0bc1bd95c5cdc5521418b843,0.002,True,12.0,4.0,0.14000000000000057,2.600000000000001,3.8599999999999994,8.0
450,25a60f0b59f103ebf782a31f94bb569d897a652a0bc1bd95c5cdc5521418b843,0.002,True,11.0,5.0,-0.21999999999999886,2.9600000000000013,5.219999999999999,6.0
451,18e38dc4225a11e2a43c1a7abd32ddeea5ac0a0bcf35f6f5854fbf708e98f5ca,0.002,False,10.0,-2.0,1.7999999999999972,0.9399999999999977,-3.799999999999997,12.0
452,18e38dc4225a11e2a43c1a7abd32ddeea5ac0a0bcf35f6f5854fbf708e98f5ca,0.002,False,6.0,2.0,3.4399999999999977,-0.7000000000000028,-1.4399999999999977,4.0
453,2a688dce9ee3f6910a66c8306e45a673347e6c2da97ca4f612e37eadc34f421f,0.002,False,8.0,3.0,1.4600000000000009,1.2800000000000011,1.5399999999999991,5.0
454,25a60f0b59f103ebf782a31f94bb569d897a652a0bc1bd95c5cdc5521418b843,0.002,True,9.0,7.0,0.5399999999999991,2.200000000000003,6.460000000000001,2.0
455,2a688dce9ee3f6910a66c8306e45a673347e6c2da97ca4f612e37eadc34f421f,0.002,False,5.0,6.0,4.039999999999999,-1.2999999999999972,1.9600000000000009,-1.0
456,25a60f0b59f103ebf782a31f94bb569d897a652a0bc1bd95c5cdc5521418b843,0.002,True,5.0,11.0,3.7599999999999976,-1.0200000000000031,7.240000000000002,-6.0
457,25a60f0b59f103ebf782a31f94bb569d897a652a0bc1bd95c5cdc5521418b843,0.002,True,9.0,7.0,0.020000000000003126,2.719999999999999,6.979999999999997,2.0
458,25a60f0b59f103ebf782a31f94bb569d897a652a0bc1bd95c5cdc5521418b843,0.002,True,8.0,8.0,2.259999999999998,0.4799999999999969,5.740000000000002,0.0
459,25a60f0b59f103ebf782a31f94bb569d897a652a0bc1bd95c5cdc5521418b843,0.002,True,5.0,11.0,2.219999999999999,0.5200000000000031,8.780000000000001,-6.0
460,25a60f0b59f103ebf782a31f94bb569d897a652a0bc1bd95c5cdc5521418b843,0.002,True,10.0,6.0,2.0600000000000023,0.6799999999999997,3.9399999999999977,4.0
461,25a60f0b59f103ebf782a31f94bb569d897a652a0bc1bd95c5cdc5521418b843,0.002,True,11.0,5.0,-0.3400000000000034,3.0799999999999983,5.340000000000003,6.0
462,25a60f0b59f103ebf782a31f94bb569d897a652a0bc1bd95c5cdc5521418b843,0.002,True,7.0,9.0,2.8599999999999994,-0.11999999999999744,6.140000000000001,-2.0
463,76fd1e2470419b464aa575afb0710800da330763a86d4deb65102df4412cfb61,0.002,False,6.0,3.0,1.6199999999999974,1.1199999999999974,1.3800000000000026,3.0
464,25a60f0b59f103ebf782a31f94bb569d897a652a0bc1bd95c5cdc5521418b843,0.002,True,9.0,7.0,1.6799999999999997,1.0600000000000023,5.32,2.0
465,25a60f0b59f103ebf782a31f94bb569d897a652a0bc1bd95c5cdc5521418b843,0.002,True,9.0,7.0,0.6799999999999997,2.0600000000000023,6.32,2.0
466,2a688dce9ee3f6910a66c8306e45a673347e6c2da97ca4f612e37eadc34f421f,0.002,False,10.0,1.0,-0.3400000000000034,3.0799999999999983,1.3400000000000034,9.0
467,25a60f0b59f103ebf782a31f94bb569d897a652a0bc1bd95c5cdc5521418b843,0.002,True,8.0,8.0,1.6400000000000006,1.1000000000000014,6.359999999999999,0.0
468,25a60f0b59f103ebf782a31f94bb569d897a652a0bc1bd95c5cdc5521418b843,0.002,True,11.0,5.0,-0.9200000000000017,3.6599999999999966,5.920000000000002,6.0
469,25a60f0b59f103ebf782a31f94bb569d897a652a0bc1bd95c5cdc5521418b843,0.002,True,11.0,5.0,1.3200000000000003,1.4200000000000017,3.6799999999999997,6.0
470,25a60f0b59f103ebf782a31f94bb569d897a652a0bc1bd95c5cdc5521418b843,0.002,True,8.0,8.0,2.0799999999999983,0.6599999999999966,5.920000000000002,0.0
471,25a60f0b59f103ebf782a31f94bb569d897a652a0bc1bd95c5cdc5521418b843,0.002,True,9.0,7.0,0.9200000000000017,1.8200000000000003,6.079999999999998,2.0
472,25a60f0b59f103ebf782a31f94bb569d897a652a0bc1bd95c5cdc5521418b843,0.002,True,7.0,9.0,2.479999999999997,0.259999999999998,6.520000000000003,-2.0
473,ab90b43f348253a578dcb95935f52c00eb11253a5d50f45fb540cf45626d0620,0.002,False,6.0,2.0,1.4399999999999977,1.2999999999999972,0.5600000000000023,4.0
474,25a60f0b59f103ebf782a31f94bb569d897a652a0bc1bd95c5cdc5521418b843,0.002,True,11.0,5.0,0.8200000000000003,1.9200000000000017,4.18,6.0
475,25a60f0b59f103ebf782a31f94bb569d897a652a0bc1bd95c5cdc5521418b843,0.002,True,7.0,9.0,1.9600000000000009,0.7800000000000011,7.039999999999999,-2.0
476,25a60f0b59f103ebf782a31f94bb569d897a652a0bc1bd95c5cdc5521418b843,0.002,True,7.0,9.0,2.719999999999999,0.020000000000003126,6.280000000000001,-2.0
477,76fd1e2470419b464aa575afb0710800da330763a86d4deb65102df4412cfb61,0.002,False,9.0,0.0,-0.35999999999999943,3.100000000000001,0.35999999999999943,9.0
478,25a60f0b59f103ebf782a31f94bb569d897a652a0bc1bd95c5cdc5521418b843,0.002,True,8.0,8.0,1.9399999999999977,0.7999999999999972,6.060000000000002,0.0
479,25a60f0b59f103ebf782a31f94bb569d897a652a0bc1bd95c5cdc5521418b843,0.002,True,9.0,7.0,2.1599999999999966,0.5799999999999983,4.840000000000003,2.0
480,76fd1e2470419b464aa575afb0710800da330763a86d4deb65102df4412cfb61,0.002,False,6.0,3.0,3.9200000000000017,-1.1799999999999997,-0.9200000000000017,3.0
481,18e38dc4225a11e2a43c1a7abd32ddeea5ac0a0bcf35f6f5854fbf708e98f5ca,0.002,False,9.0,-1.0,1.740000000000002,1.0,-2.740000000000002,10.0
482,76fd1e2470419b464aa575afb0710800da330763a86d4deb65102df4412cfb61,0.002,False,7.0,2.0,0.3200000000000003,2.4200000000000017,1.6799999999999997,5.0
483,ab90b43f348253a578dcb95935f52c00eb11253a5d50f45fb540cf45626d0620,0.002,False,9.0,-1.0,-0.11999999999999744,2.8599999999999994,-0.8800000000000026,10.0
484,25a60f0b59f103ebf782a31f94bb569d897a652a0bc1bd95c5cdc5521418b843,0.002,True,11.0,5.0,-0.7999999999999972,3.5399999999999987,5.799999999999997,6.0
485,25a60f0b59f103ebf782a31f94bb569d897a652a0bc1bd95c5cdc5521418b843,0.002,True,11.0,5.0,1.759999999999998,0.9799999999999969,3.240000000000002,6.0
486,661a2f1f1c8be0f7325fe0b664192bfa46380843fe52b675bf11075e1c265699,0.002,False,10.0,-5.0,-0.7999999999999972,3.5399999999999987,-4.200000000000003,15.0
487,25a60f0b59f103ebf782a31f94bb569d897a652a0bc1bd95c5cdc5521418b843,0.002,True,11.0,5.0,0.35999999999999943,2.3800000000000026,4.640000000000001,6.0
488,25a60f0b59f103ebf782a31f94bb569d897a652a0bc1bd95c5cdc5521418b843,0.002,True,9.0,7.0,1.1599999999999966,1.5799999999999983,5.840000000000003,2.0
489,76fd1e2470419b464aa575afb0710800da330763a86d4deb65102df4412cfb61,0.002,False,7.0,2.0,2.1599999999999966,0.5799999999999983,-0.1599999999999966,5.0
490,18e38dc4225a11e2a43c1a7abd32ddeea5ac0a0bcf35f6f5854fbf708e98f5ca,0.002,False,12.0,-4.0,-1.1199999999999974,3.8599999999999994,-2.8800000000000026,16.0
491,2a688dce9ee3f6910a66c8306e45a673347e6c2da97ca4f612e37eadc34f421f,0.002,False,7.0,4.0,1.0600000000000023,1.6799999999999997,2.9399999999999977,3.0
492,25a60f0b59f103ebf782a31f94bb569d897a652a0bc1bd95c5cdc5521418b843,0.002,True,13.0,3.0,1.2800000000000011,1.4600000000000009,1.7199999999999989,10.0
493,18e38dc4225a11e2a43c1a7abd32ddeea5ac0a0bcf35f6f5854fbf708e98f5ca,0.002,False,7.0,1.0,2.3800000000000026,0.35999999999999943,-1.3800000000000026,6.0
494,25a60f0b59f103ebf782a31f94bb569d897a652a0bc1bd95c5cdc5521418b843,0.002,True,6.0,10.0,2.520000000000003,0.21999999999999886,7.479999999999997,-4.0
495,18e38dc4225a11e2a43c1a7abd32ddeea5ac0a0bcf35f6f5854fbf708e98f5ca,0.002,False,10.0,-2.0,-0.6599999999999966,3.399999999999999,-1.3400000000000034,12.0
496,97b28df35b811f0a5dba92060bfa9d60f1cc23fb3123298c2b14a461bea2df00,0.002,False,7.0,-2.0,0.9600000000000009,1.7800000000000011,-2.960000000000001,9.0
497,25a60f0b59f103ebf782a31f94bb569d897a652a0bc1bd95c5cdc5521418b843,0.002,True,7.0,9.0,1.7800000000000011,0.9600000000000009,7.219999999999999,-2.0
498,25a60f0b59f103ebf782a31f94bb569d897a652a0bc1bd95c5cdc5521418b843,0.002,True,12.0,4.0,-0.7199999999999989,3.4600000000000013,4.719999999999999,8.0
499,97b28df35b811f0a5dba92060bfa9d60f1cc23fb3123298c2b14a461bea2df00,0.002,False,9.0,-4.0,0.6599999999999966,2.0799999999999983,-4.659999999999997,13.0
500,2a688dce9ee3f6910a66c8306e45a673347e6c2da97ca4f612e37eadc34f421f,0.002,False,5.0,6.0,2.719999999999999,0.020000000000003126,3.280000000000001,-1.0
501,25a60f0b59f103ebf782a31f94bb569d897a652a0bc1bd95c5cdc5521418b843,0.002,True,7.0,9.0,0.9399999999999977,1.7999999999999972,8.060000000000002,-2.0
502,76fd1e2470419b464aa575afb0710800da330763a86d4deb65102df4412cfb61,0.002,False,6.0,3.0,0.6599999999999966,2.0799999999999983,2.3400000000000034,3.0
503,2a688dce9ee3f6910a66c8306e45a673347e6c2da97ca4f612e37eadc34f421f,0.002,False,9.0,2.0,1.5,1.240000000000002,0.5,7.0
504,25a60f0b59f103ebf782a31f94bb569d897a652a0bc1bd95c5cdc5521418b843,0.002,True,9.0,7.0,0.7199999999999989,2.020000000000003,6.280000000000001,2.0
505,25a60f0b59f103ebf782a31f94bb569d897a652a0bc1bd95c5cdc5521418b843,0.002,True,6.0,10.0,1.4399999999999977,1.2999999999999972,8.560000000000002,-4.0
506,25a60f0b59f103ebf782a31f94bb569d897a652a0bc1bd95c5cdc5521418b843,0.002,True,15.0,1.0,0.3400000000000034,2.3999999999999986,0.6599999999999966,14.0
507,ff40caff9436adbf9bd38cd8dd2a07eed72cc198918166d6ec73cd19617b2ff6,0.002,False,8.0,-3.0,0.3999999999999986,2.3400000000000034,-3.3999999999999986,11.0
508,25a60f0b59f103ebf782a31f94bb569d897a652a0bc1bd95c5cdc5521418b843,0.002,True,9.0,7.0,0.38000000000000256,2.3599999999999994,6.619999999999997,2.0
509,25a60f0b59f103ebf782a31f94bb569d897a652a0bc1bd95c5cdc5521418b843,0.002,True,9.0,7.0,2.219999999999999,0.5200000000000031,4.780000000000001,2.0
510,25a60f0b59f103ebf782a31f94bb569d897a652a0bc1bd95c5cdc5521418b843,0.002,True,10.0,6.0,0.3200000000000003,2.4200000000000017,5.68,4.0
511,25a60f0b59f103ebf782a31f94bb569d897a652a0bc1bd95c5cdc5521418b843,0.002,True,8.0,8.0,2.299999999999997,0.4399999999999977,5.700000000000003,0.0
512,25a60f0b59f103ebf782a31f94bb569d897a652a0bc1bd95c5cdc5521418b843,0.002,True,10.0,6.0,2.1400000000000006,0.6000000000000014,3.8599999999999994,4.0
513,76fd1e2470419b464aa575afb0710800da330763a86d4deb65102df4412cfb61,0.002,False,8.0,1.0,0.740000000000002,2.0,0.259999999999998,7.0
514,76fd1e2470419b464aa575afb0710800da330763a86d4deb65102df4412cfb61,0.002,False,7.0,2.0,2.4399999999999977,0.29999999999999716,-0.4399999999999977,5.0
515,25a60f0b59f103ebf782a31f94bb569d897a652a0bc1bd95c5cdc5521418b843,0.002,True,10.0,6.0,2.0600000000000023,0.6799999999999997,3.9399999999999977,4.0
516,ab90b43f348253a578dcb95935f52c00eb11253a5d50f45fb540cf45626d0620,0.002,False,10.0,-2.0,0.8200000000000003,1.9200000000000017,-2.8200000000000003,12.0
517,25a60f0b59f103ebf782a31f94bb569d897a652a0bc1bd95c5cdc5521418b843,0.002,True,14.0,2.0,-0.35999999999999943,3.100000000000001,2.3599999999999994,12.0
518,25a60f0b59f103ebf782a31f94bb569d897a652a0bc1bd95c5cdc5521418b843,0.002,True,11.0,5.0,0.4399999999999977,2.299999999999997,4.560000000000002,6.0
519,76fd1e2470419b464aa575afb0710800da330763a86d4deb65102df4412cfb61,0.002,False,8.0,1.0,1.6199999999999974,1.1199999999999974,-0.6199999999999974,7.0
520,25a60f0b59f103ebf782a31f94bb569d897a652a0bc1bd95c5cdc5521418b843,0.002,True,10.0,6.0,-0.17999999999999972,2.9200000000000017,6.18,4.0
521,25a60f0b59f103ebf782a31f94bb569d897a652a0bc1bd95c5cdc5521418b843,0.002,True,12.0,4.0,-0.240000000000002,2.9799999999999964,4.240000000000002,8.0
522,25a60f0b59f103ebf782a31f94bb569d897a652a0bc1bd95c5cdc5521418b843,0.002,True,7.0,9.0,0.240000000000002,2.5,8.759999999999998,-2.0
523,25a60f0b59f103ebf782a31f94bb569d897a652a0bc1bd95c5cdc5521418b843,0.002,True,11.0,5.0,-0.28000000000000114,3.0200000000000036,5.280000000000001,6.0
524,25a60f0b59f103ebf782a31f94bb569d897a652a0bc1bd95c5cdc5521418b843,0.002,True,11.0,5.0,0.7199999999999989,2.020000000000003,4.280000000000001,6.0
525,25a60f0b59f103ebf782a31f94bb569d897a652a0bc1bd95c5cdc5521418b843,0.002,True,12.0,4.0,-0.9399999999999977,3.68,4.939999999999998,8.0
526,25a60f0b59f103ebf782a31f94bb569d897a652a0bc1bd95c5cdc5521418b843,0.002,True,12.0,4.0,1.0600000000000023,1.6799999999999997,2.9399999999999977,8.0
527,25a60f0b59f103ebf782a31f94bb569d897a652a0bc1bd95c5cdc5521418b843,0.002,True,5.0,11.0,3.0799999999999983,-0.3400000000000034,7.920000000000002,-6.0
528,2a688dce9ee3f6910a66c8306e45a673347e6c2da97ca4f612e37eadc34f421f,0.002,False,7.0,4.0,1.8400000000000034,0.8999999999999986,2.1599999999999966,3.0
529,25a60f0b59f103ebf782a31f94bb569d897a652a0bc1bd95c5cdc5521418b843,0.002,True,10.0,6.0,0.9399999999999977,1.7999999999999972,5.060000000000002,4.0
530,b93b3e639207b61066839c0c4c5d4b187f3648ac0893403e393788147d3cf641,0.002,False,6.0,1.0,1.4799999999999969,1.259999999999998,-0.4799999999999969,5.0
531,25a60f0b59f103ebf782a31f94bb569d897a652a0bc1bd95c5cdc5521418b843,0.002,True,8.0,8.0,3.32,-0.5799999999999983,4.68,0.0
532,25a60f0b59f103ebf782a31f94bb569d897a652a0bc1bd95c5cdc5521418b843,0.002,True,8.0,8.0,2.8400000000000034,-0.10000000000000142,5.159999999999997,0.0
533,2a688dce9ee3f6910a66c8306e45a673347e6c2da97ca4f612e37eadc34f421f,0.002,False,6.0,5.0,1.0600000000000023,1.6799999999999997,3.9399999999999977,1.0
534,25a60f0b59f103ebf782a31f94bb569d897a652a0bc1bd95c5cdc5521418b843,0.002,True,6.0,10.0,2.7599999999999976,-0.020000000000003126,7.240000000000002,-4.0
535,25a60f0b59f103ebf782a31f94bb569d897a652a0bc1bd95c5cdc5521418b843,0.002,True,8.0,8.0,1.5399999999999991,1.2000000000000028,6.460000000000001,0.0
536,25a60f0b59f103ebf782a31f94bb569d897a652a0bc1bd95c5cdc5521418b843,0.002,True,7.0,9.0,2.1799999999999997,0.5600000000000023,6.82,-2.0
537,2a688dce9ee3f6910a66c8306e45a673347e6c2da97ca4f612e37eadc34f421f,0.002,False,6.0,5.0,1.0,1.740000000000002,4.0,1.0
538,25a60f0b59f103ebf782a31f94bb569d897a652a0bc1bd95c5cdc5521418b843,0.002,True,10.0,6.0,0.03999999999999915,2.700000000000003,5.960000000000001,4.0
539,25a60f0b59f103ebf782a31f94bb569d897a652a0bc1bd95c5cdc5521418b843,0.002,True,13.0,3.0,0.020000000000003126,2.719999999999999,2.979999999999997,10.0
540,18e38dc4225a11e2a43c1a7abd32ddeea5ac0a0bcf35f6f5854fbf708e98f5ca,0.002,False,10.0,-2.0,0.4799999999999969,2.259999999999998,-2.479999999999997,12.0
541,ab90b43f348253a578dcb95935f52c00eb11253a5d50f45fb540cf45626d0620,0.002,False,7.0,1.0,1.8200000000000003,0.9200000000000017,-0.8200000000000003,6.0
542,25a60f0b59f103ebf782a31f94bb569d897a652a0bc1bd95c5cdc5521418b843,0.002,True,9.0,7.0,1.0,1.740000000000002,6.0,2.0
543,76fd1e2470419b464aa575afb0710800da330763a86d4deb65102df4412cfb61,0.002,False,10.0,-1.0,-0.4399999999999977,3.18,-0.5600000000000023,11.0
544,25a60f0b59f103ebf782a31f94bb569d897a652a0bc1bd95c5cdc5521418b843,0.002,True,10.0,6.0,2.1400000000000006,0.6000000000000014,3.8599999999999994,4.0
545,25a60f0b59f103ebf782a31f94bb569d897a652a0bc1bd95c5cdc5521418b843,0.002,True,11.0,5.0,1.6400000000000006,1.1000000000000014,3.3599999999999994,6.0
546,25a60f0b59f103ebf782a31f94bb569d897a652a0bc1bd95c5cdc5521418b843,0.002,True,13.0,3.0,0.740000000000002,2.0,2.259999999999998,10.0
547,76fd1e2470419b464aa575afb0710800da330763a86d4deb65102df4412cfb61,0.002,False,9.0,0.0,1.0600000000000023,1.6799999999999997,-1.0600000000000023,9.0
548,25a60f0b59f103ebf782a31f94bb569d897a652a0bc1bd95c5cdc5521418b843,0.002,True,7.0,9.0,1.8599999999999994,0.8800000000000026,7.140000000000001,-2.0
549,2a688dce9ee3f6910a66c8306e45a673347e6c2da97ca4f612e37eadc34f421f,0.002,False,8.0,3.0,2.4200000000000017,0.3200000000000003,0.5799999999999983,5.0
550,25a60f0b59f103ebf782a31f94bb569d897a652a0bc1bd95c5cdc5521418b843,0.002,True,10.0,6.0,1.4600000000000009,1.2800000000000011,4.539999999999999,4.0
551,25a60f0b59f103ebf782a31f94bb569d897a652a0bc1bd95c5cdc5521418b843,0.002,True,10.0,6.0,0.7800000000000011,1.9600000000000009,5.219999999999999,4.0
552,b93b3e639207b61066839c0c4c5d4b187f3648ac0893403e393788147d3cf641,0.002,False,2.0,5.0,5.079999999999998,-2.3400000000000034,-0.0799999999999983,-3.0
553,25a60f0b59f103ebf782a31f94bb569d897a652a0bc1bd95c5cdc5521418b843,0.002,True,8.0,8.0,1.6400000000000006,1.1000000000000014,6.359999999999999,0.0
554,25a60f0b59f103ebf782a31f94bb569d897a652a0bc1bd95c5cdc5521418b843,0.002,True,6.0,10.0,1.9600000000000009,0.7800000000000011,8.04,-4.0
555,25a60f0b59f103ebf782a31f94bb569d897a652a0bc1bd95c5cdc5521418b843,0.002,True,10.0,6.0,1.3400000000000034,1.3999999999999986,4.659999999999997,4.0
556,25a60f0b59f103ebf782a31f94bb569d897a652a0bc1bd95c5cdc5521418b843,0.002,True,9.0,7.0,1.5,1.240000000000002,5.5,2.0
557,25a60f0b59f103ebf782a31f94bb569d897a652a0bc1bd95c5cdc5521418b843,0.002,True,8.0,8.0,1.1000000000000014,1.6400000000000006,6.899999999999999,0.0
558,76fd1e2470419b464aa575afb0710800da330763a86d4deb65102df4412cfb61,0.002,False,8.0,1.0,0.28000000000000114,2.460000000000001,0.7199999999999989,7.0
559,25a60f0b59f103ebf782a31f94bb569d897a652a0bc1bd95c5cdc5521418b843,0.002,True,8.0,8.0,1.3400000000000034,1.3999999999999986,6.659999999999997,0.0
560,25a60f0b59f103ebf782a31f94bb569d897a652a0bc1bd95c5cdc5521418b843,0.002,True,11.0,5.0,-0.4799999999999969,3.219999999999999,5.479999999999997,6.0
561,25a60f0b59f103ebf782a31f94bb569d897a652a0bc1bd95c5cdc5521418b843,0.002,True,10.0,6.0,-0.8400000000000034,3.5799999999999983,6.840000000000003,4.0
562,76fd1e2470419b464aa575afb0710800da330763a86d4deb65102df4412cfb61,0.002,False,8.0,1.0,1.4200000000000017,1.3200000000000003,-0.4200000000000017,7.0
563,25a60f0b59f103ebf782a31f94bb569d897a652a0bc1bd95c5cdc5521418b843,0.002,True,9.0,7.0,1.6400000000000006,1.1000000000000014,5.359999999999999,2.0
564,18e38dc4225a11e2a43c1a7abd32ddeea5ac0a0bcf35f6f5854fbf708e98f5ca,0.002,False,9.0,-1.0,0.5600000000000023,2.1799999999999997,-1.5600000000000023,10.0
565,25a60f0b59f103ebf782a31f94bb569d897a652a0bc1bd95c5cdc5521418b843,0.002,True,10.0,6.0,1.7999999999999972,0.9399999999999977,4.200000000000003,4.0
566,2a688dce9ee3f6910a66c8306e45a673347e6c2da97ca4f612e37eadc34f421f,0.002,False,6.0,5.0,2.6599999999999966,0.0799999999999983,2.3400000000000034,1.0
567,25a60f0b59f103ebf782a31f94bb569d897a652a0bc1bd95c5cdc5521418b843,0.002,True,10.0,6.0,0.5799999999999983,2.1599999999999966,5.420000000000002,4.0
568,76fd1e2470419b464aa575afb0710800da330763a86d4deb65102df4412cfb61,0.002,False,7.0,2.0,2.200000000000003,0.5399999999999991,-0.20000000000000284,5.0
569,ab90b43f348253a578dcb95935f52c00eb11253a5d50f45fb540cf45626d0620,0.002,False,6.0,2.0,0.9600000000000009,1.7800000000000011,1.0399999999999991,4.0
570,76fd1e2470419b464aa575afb0710800da330763a86d4deb65102df4412cfb61,0.002,False,7.0,2.0,1.7199999999999989,1.0200000000000031,0.28000000000000114,5.0
571,f6856a3437439e58b35ad8fedba5c2f1cabd89bb5550dc0db11d0fd01247215d,0.002,False,5.0,3.0,2.1000000000000014,0.6400000000000006,0.8999999999999986,2.0
572,25a60f0b59f103ebf782a31f94bb569d897a652a0bc1bd95c5cdc5521418b843,0.002,True,9.0,7.0,1.5200000000000031,1.2199999999999989,5.479999999999997,2.0
573,25a60f0b59f103ebf782a31f94bb569d897a652a0bc1bd95c5cdc5521418b843,0.002,True,9.0,7.0,1.0799999999999983,1.6599999999999966,5.920000000000002,2.0
574,25a60f0b59f103ebf782a31f94bb569d897a652a0bc1bd95c5cdc5521418b843,0.002,True,10.0,6.0,0.5200000000000031,2.219999999999999,5.479999999999997,4.0
575,25a60f0b59f103ebf782a31f94bb569d897a652a0bc1bd95c5cdc5521418b843,0.002,True,10.0,6.0,2.460000000000001,0.28000000000000114,3.539999999999999,4.0
576,25a60f0b59f103ebf782a31f94bb569d897a652a0bc1bd95c5cdc5521418b843,0.002,True,10.0,6.0,0.28000000000000114,2.460000000000001,5.719999999999999,4.0
577,25a60f0b59f103ebf782a31f94bb569d897a652a0bc1bd95c5cdc5521418b843,0.002,True,7.0,9.0,2.700000000000003,0.03999999999999915,6.299999999999997,-2.0
578,25a60f0b59f103ebf782a31f94bb569d897a652a0bc1bd95c5cdc5521418b843,0.002,True,8.0,8.0,2.240000000000002,0.5,5.759999999999998,0.0
579,25a60f0b59f103ebf782a31f94bb569d897a652a0bc1bd95c5cdc5521418b843,0.002,True,8.0,8.0,0.4799999999999969,2.259999999999998,7.520000000000003,0.0
580,25a60f0b59f103ebf782a31f94bb569d897a652a0bc1bd95c5cdc5521418b843,0.002,True,8.0,8.0,2.82,-0.0799999999999983,5.18,0.0
581,2a688dce9ee3f6910a66c8306e45a673347e6c2da97ca4f612e37eadc34f421f,0.002,False,8.0,3.0,1.9399999999999977,0.7999999999999972,1.0600000000000023,5.0
582,25a60f0b59f103ebf782a31f94bb569d897a652a0bc1bd95c5cdc5521418b843,0.002,True,7.0,9.0,1.7999999999999972,0.9399999999999977,7.200000000000003,-2.0
583,25a60f0b59f103ebf782a31f94bb569d897a652a0bc1bd95c5cdc5521418b843,0.002,True,6.0,10.0,2.1199999999999974,0.6199999999999974,7.880000000000003,-4.0
584,25a60f0b59f103ebf782a31f94bb569d897a652a0bc1bd95c5cdc5521418b843,0.002,True,13.0,3.0,-0.17999999999999972,2.9200000000000017,3.1799999999999997,10.0
585,76fd1e2470419b464aa575afb0710800da330763a86d4deb65102df4412cfb61,0.002,False,6.0,3.0,2.600000000000001,0.14000000000000057,0.399999999999999,3.0
586,ab90b43f348253a578dcb95935f52c00eb11253a5d50f45fb540cf45626d0620,0.002,False,7.0,1.0,1.9200000000000017,0.8200000000000003,-0.9200000000000017,6.0
587,25a60f0b59f103ebf782a31f94bb569d897a652a0bc1bd95c5cdc5521418b843,0.002,True,7.0,9.0,1.7199999999999989,1.0200000000000031,7.280000000000001,-2.0
588,25a60f0b59f103ebf782a31f94bb569d897a652a0bc1bd95c5cdc5521418b843,0.002,True,7.0,9.0,2.4399999999999977,0.29999999999999716,6.560000000000002,-2.0
589,25a60f0b59f103ebf782a31f94bb569d897a652a0bc1bd95c5cdc5521418b843,0.002,True,10.0,6.0,2.460000000000001,0.28000000000000114,3.539999999999999,4.0
590,25a60f0b59f103ebf782a31f94bb569d897a652a0bc1bd95c5cdc5521418b843,0.002,True,8.0,8.0,2.5600000000000023,0.17999999999999972,5.439999999999998,0.0
591,25a60f0b59f103ebf782a31f94bb569d897a652a0bc1bd95c5cdc5521418b843,0.002,True,7.0,9.0,2.0600000000000023,0.6799999999999997,6.939999999999998,-2.0
592,25a60f0b59f103ebf782a31f94bb569d897a652a0bc1bd95c5cdc5521418b843,0.002,True,9.0,7.0,2.3400000000000034,0.3999999999999986,4.659999999999997,2.0
593,25a60f0b59f103ebf782a31f94bb569d897a652a0bc1bd95c5cdc5521418b843,0.002,True,11.0,5.0,0.240000000000002,2.5,4.759999999999998,6.0
594,25a60f0b59f103ebf782a31f94bb569d897a652a0bc1bd95c5cdc5521418b843,0.002,True,9.0,7.0,1.5,1.240000000000002,5.5,2.0
595,25a60f0b59f103ebf782a31f94bb569d897a652a0bc1bd95c5cdc5521418b843,0.002,True,11.0,5.0,-0.6799999999999997,3.4200000000000017,5.68,6.0
596,661a2f1f1c8be0f7325fe0b664192bfa46380843fe52b675bf11075e1c265699,0.002,False,6.0,-1.0,1.8400000000000034,0.8999999999999986,-2.8400000000000034,7.0
597,25a60f0b59f103ebf782a31f94bb569d897a652a0bc1bd95c5cdc5521418b843,0.002,True,7.0,9.0,2.9399999999999977,-0.20000000000000284,6.060000000000002,-2.0
598,25a60f0b59f103ebf782a31f94bb569d897a652a0bc1bd95c5cdc5521418b843,0.002,True,10.0,6.0,0.7999999999999972,1.9399999999999977,5.200000000000003,4.0
599,18e38dc4225a11e2a43c1a7abd32ddeea5ac0a0bcf35f6f5854fbf708e98f5ca,0.002,False,7.0,1.0,0.28000000000000114,2.460000000000001,0.7199999999999989,6.0
600,b93b3e639207b61066839c0c4c5d4b187f3648ac0893403e393788147d3cf641,0.002,False,10.0,-3.0,-0.5,3.2400000000000024,-2.5,13.0
601,25a60f0b59f103ebf782a31f94bb569d897a652a0bc1bd95c5cdc5521418b843,0.002,True,9.0,7.0,0.6599999999999966,2.0799999999999983,6.340000000000003,2.0
602,25a60f0b59f103ebf782a31f94bb569d897a652a0bc1bd95c5cdc5521418b843,0.002,True,7.0,9.0,0.7199999999999989,2.020000000000003,8.280000000000001,-2.0
603,25a60f0b59f103ebf782a31f94bb569d897a652a0bc1bd95c5cdc5521418b843,0.002,True,8.0,8.0,1.3599999999999994,1.3800000000000026,6.640000000000001,0.0
604,25a60f0b59f103ebf782a31f94bb569d897a652a0bc1bd95c5cdc5521418b843,0.002,True,7.0,9.0,0.20000000000000284,2.539999999999999,8.799999999999997,-2.0
605,661a2f1f1c8be0f7325fe0b664192bfa46380843fe52b675bf11075e1c265699,0.002,False,8.0,-3.0,0.240000000000002,2.5,-3.240000000000002,11.0
606,2a688dce9ee3f6910a66c8306e45a673347e6c2da97ca4f612e37eadc34f421f,0.002,False,5.0,6.0,2.299999999999997,0.4399999999999977,3.700000000000003,-1.0
607,2a688dce9ee3f6910a66c8306e45a673347e6c2da97ca4f612e37eadc34f421f,0.002,False,9.0,2.0,0.5,2.240000000000002,1.5,7.0
608,2a688dce9ee3f6910a66c8306e45a673347e6c2da97ca4f612e37eadc34f421f,0.002,False,10.0,1.0,1.3599999999999994,1.3800000000000026,-0.35999999999999943,9.0
609,25a60f0b59f103ebf782a31f94bb569d897a652a0bc1bd95c5cdc5521418b843,0.002,True,9.0,7.0,1.4399999999999977,1.2999999999999972,5.560000000000002,2.0
610,25a60f0b59f103ebf782a31f94bb569d897a652a0bc1bd95c5cdc5521418b843,0.002,True,10.0,6.0,1.4200000000000017,1.3200000000000003,4.579999999999998,4.0
611,f6856a3437439e58b35ad8fedba5c2f1cabd89bb5550dc0db11d0fd01247215d,0.002,False,8.0,0.0,0.240000000000002,2.5,-0.240000000000002,8.0
612,76fd1e2470419b464aa575afb0710800da330763a86d4deb65102df4412cfb61,0.002,False,7.0,2.0,2.3400000000000034,0.3999999999999986,-0.3400000000000034,5.0
613,25a60f0b59f103ebf782a31f94bb569d897a652a0bc1bd95c5cdc5521418b843,0.002,True,10.0,6.0,0.8599999999999994,1.8800000000000026,5.140000000000001,4.0
614,25a60f0b59f103ebf782a31f94bb569d897a652a0bc1bd95c5cdc5521418b843,0.002,True,11.0,5.0,1.1599999999999966,1.5799999999999983,3.8400000000000034,6.0
615,25a60f0b59f103ebf782a31f94bb569d897a652a0bc1bd95c5cdc5521418b843,0.002,True,8.0,8.0,1.5200000000000031,1.2199999999999989,6.479999999999997,0.0
616,f6856a3437439e58b35ad8fedba5c2f1cabd89bb5550dc0db11d0fd01247215d,0.002,False,7.0,1.0,1.7199999999999989,1.0200000000000031,-0.7199999999999989,6.0
617,25a60f0b59f103ebf782a31f94bb569d897a652a0bc1bd95c5cdc5521418b843,0.002,True,10.0,6.0,1.8800000000000026,0.8599999999999994,4.119999999999997,4.0
618,25a60f0b59f103ebf782a31f94bb569d897a652a0bc1bd95c5cdc5521418b843,0.002,True,10.0,6.0,1.2999999999999972,1.4399999999999977,4.700000000000003,4.0
619,b93b3e639207b61066839c0c4c5d4b187f3648ac0893403e393788147d3cf641,0.002,False,7.0,0.0,2.3999999999999986,0.3400000000000034,-2.3999999999999986,7.0
620,25a60f0b59f103ebf782a31f94bb569d897a652a0bc1bd95c5cdc5521418b843,0.002,True,8.0,8.0,1.240000000000002,1.5,6.759999999999998,0.0
621,f6856a3437439e58b35ad8fedba5c2f1cabd89bb5550dc0db11d0fd01247215d,0.002,False,4.0,4.0,3.380000000000002,-0.6400000000000006,0.6199999999999979,0.0
622,25a60f0b59f103ebf782a31f94bb569d897a652a0bc1bd95c5cdc5521418b843,0.002,True,12.0,4.0,1.9200000000000017,0.8200000000000003,2.0799999999999983,8.0
623,25a60f0b59f103ebf782a31f94bb569d897a652a0bc1bd95c5cdc5521418b843,0.002,True,10.0,6.0,0.8200000000000003,1.9200000000000017,5.18,4.0
624,25a60f0b59f103ebf782a31f94bb569d897a652a0bc1bd95c5cdc5521418b843,0.002,True,7.0,9.0,3.3400000000000034,-0.6000000000000014,5.659999999999997,-2.0
625,f6856a3437439e58b35ad8fedba5c2f1cabd89bb5550dc0db11d0fd01247215d,0.002,False,8.0,0.0,0.3999999999999986,2.3400000000000034,-0.3999999999999986,8.0
626,25a60f0b59f103ebf782a31f94bb569d897a652a0bc1bd95c5cdc5521418b843,0.002,True,10.0,6.0,-0.46000000000000085,3.200000000000003,6.460000000000001,4.0
627,25a60f0b59f103ebf782a31f94bb569d897a652a0bc1bd95c5cdc5521418b843,0.002,True,10.0,6.0,0.6400000000000006,2.1000000000000014,5.359999999999999,4.0
628,25a60f0b59f103ebf782a31f94bb569d897a652a0bc1bd95c5cdc5521418b843,0.002,True,11.0,5.0,1.2800000000000011,1.4600000000000009,3.719999999999999,6.0
629,76fd1e2470419b464aa575afb0710800da330763a86d4deb65102df4412cfb61,0.002,False,8.0,1.0,2.4200000000000017,0.3200000000000003,-1.4200000000000017,7.0
630,25a60f0b59f103ebf782a31f94bb569d897a652a0bc1bd95c5cdc5521418b843,0.002,True,8.0,8.0,1.1599999999999966,1.5799999999999983,6.840000000000003,0.0
631,2a688dce9ee3f6910a66c8306e45a673347e6c2da97ca4f612e37eadc34f421f,0.002,False,6.0,5.0,0.8200000000000003,1.9200000000000017,4.18,1.0
632,f6856a3437439e58b35ad8fedba5c2f1cabd89bb5550dc0db11d0fd01247215d,0.002,False,3.0,5.0,3.18,-0.4399999999999977,1.8199999999999998,-2.0
633,25a60f0b59f103ebf782a31f94bb569d897a652a0bc1bd95c5cdc5521418b843,0.002,True,9.0,7.0,0.1599999999999966,2.5799999999999983,6.840000000000003,2.0
634,25a60f0b59f103ebf782a31f94bb569d897a652a0bc1bd95c5cdc5521418b843,0.002,True,8.0,8.0,1.8400000000000034,0.8999999999999986,6.159999999999997,0.0
635,25a60f0b59f103ebf782a31f94bb569d897a652a0bc1bd95c5cdc5521418b843,0.002,True,7.0,9.0,2.0,0.740000000000002,7.0,-2.0
636,25a60f0b59f103ebf782a31f94bb569d897a652a0bc1bd95c5cdc5521418b843,0.002,True,10.0,6.0,0.20000000000000284,2.539999999999999,5.799999999999997,4.0
637,25a60f0b59f103ebf782a31f94bb569d897a652a0bc1bd95c5cdc5521418b843,0.002,True,9.0,7.0,1.0399999999999991,1.7000000000000028,5.960000000000001,2.0
638,25a60f0b59f103ebf782a31f94bb569d897a652a0bc1bd95c5cdc5521418b843,0.002,True,8.0,8.0,1.8599999999999994,0.8800000000000026,6.140000000000001,0.0
639,25a60f0b59f103ebf782a31f94bb569d897a652a0bc1bd95c5cdc5521418b843,0.002,True,10.0,6.0,1.0799999999999983,1.6599999999999966,4.920000000000002,4.0
640,54eabf11f0ff8ce5bd00815f6625e45782a329579e500435eec1622edaff51d5,0.002,False,6.0,-7.0,0.8599999999999994,1.8800000000000026,-7.859999999999999,13.0
641,25a60f0b59f103ebf782a31f94bb569d897a652a0bc1bd95c5cdc5521418b843,0.002,True,8.0,8.0,2.020000000000003,0.7199999999999989,5.979999999999997,0.0
642,18e38dc4225a11e2a43c1a7abd32ddeea5ac0a0bcf35f6f5854fbf708e98f5ca,0.002,False,4.0,4.0,2.5,0.240000000000002,1.5,0.0
643,f6856a3437439e58b35ad8fedba5c2f1cabd89bb5550dc0db11d0fd01247215d,0.002,False,6.0,2.0,2.280000000000001,0.46000000000000085,-0.28000000000000114,4.0
644,18e38dc4225a11e2a43c1a7abd32ddeea5ac0a0bcf35f6f5854fbf708e98f5ca,0.002,False,6.0,2.0,1.9200000000000017,0.8200000000000003,0.0799999999999983,4.0
645,2a688dce9ee3f6910a66c8306e45a673347e6c2da97ca4f612e37eadc34f421f,0.002,False,10.0,1.0,-0.28000000000000114,3.0200000000000036,1.2800000000000011,9.0
646,76fd1e2470419b464aa575afb0710800da330763a86d4deb65102df4412cfb61,0.002,False,8.0,1.0,2.600000000000001,0.14000000000000057,-1.600000000000001,7.0
647,25a60f0b59f103ebf782a31f94bb569d897a652a0bc1bd95c5cdc5521418b843,0.002,True,11.0,5.0,0.6400000000000006,2.1000000000000014,4.359999999999999,6.0
648,25a60f0b59f103ebf782a31f94bb569d897a652a0bc1bd95c5cdc5521418b843,0.002,True,6.0,10.0,2.5,0.240000000000002,7.5,-4.0
649,25a60f0b59f103ebf782a31f94bb569d897a652a0bc1bd95c5cdc5521418b843,0.002,True,7.0,9.0,2.6400000000000006,0.10000000000000142,6.359999999999999,-2.0
650,25a60f0b59f103ebf782a31f94bb569d897a652a0bc1bd95c5cdc5521418b843,0.002,True,12.0,4.0,0.0799999999999983,2.6599999999999966,3.9200000000000017,8.0
651,25a60f0b59f103ebf782a31f94bb569d897a652a0bc1bd95c5cdc5521418b843,0.002,True,10.0,6.0,0.35999999999999943,2.3800000000000026,5.640000000000001,4.0
652,2a688dce9ee3f6910a66c8306e45a673347e6c2da97ca4f612e37eadc34f421f,0.002,False,5.0,6.0,2.520000000000003,0.21999999999999886,3.479999999999997,-1.0
653,25a60f0b59f103ebf782a31f94bb569d897a652a0bc1bd95c5cdc5521418b843,0.002,True,9.0,7.0,2.9600000000000013,-0.21999999999999886,4.039999999999999,2.0
654,25a60f0b59f103ebf782a31f94bb569d897a652a0bc1bd95c5cdc5521418b843,0.002,True,9.0,7.0,1.1799999999999997,1.5600000000000023,5.82,2.0
655,25a60f0b59f103ebf782a31f94bb569d897a652a0bc1bd95c5cdc5521418b843,0.002,True,11.0,5.0,0.3999999999999986,2.3400000000000034,4.600000000000001,6.0
656,25a60f0b59f103ebf782a31f94bb569d897a652a0bc1bd95c5cdc5521418b843,0.002,True,7.0,9.0,3.18,-0.4399999999999977,5.82,-2.0
657,ab90b43f348253a578dcb95935f52c00eb11253a5d50f45fb540cf45626d0620,0.002,False,4.0,4.0,1.3999999999999986,1.3400000000000034,2.6000000000000014,0.0
658,25a60f0b59f103ebf782a31f94bb569d897a652a0bc1bd95c5cdc5521418b843,0.002,True,7.0,9.0,2.4399999999999977,0.29999999999999716,6.560000000000002,-2.0
659,2a688dce9ee3f6910a66c8306e45a673347e6c2da97ca4f612e37eadc34f421f,0.002,False,5.0,6.0,3.880000000000002,-1.1400000000000006,2.119999999999998,-1.0
660,25a60f0b59f103ebf782a31f94bb569d897a652a0bc1bd95c5cdc5521418b843,0.002,True,8.0,8.0,1.4799999999999969,1.259999999999998,6.520000000000003,0.0
661,f6856a3437439e58b35ad8fedba5c2f1cabd89bb5550dc0db11d0fd01247215d,0.002,False,4.0,4.0,2.539999999999999,0.20000000000000284,1.4600000000000009,0.0
662,25a60f0b59f103ebf782a31f94bb569d897a652a0bc1bd95c5cdc5521418b843,0.002,True,7.0,9.0,1.7800000000000011,0.9600000000000009,7.219999999999999,-2.0
663,25a60f0b59f103ebf782a31f94bb569d897a652a0bc1bd95c5cdc5521418b843,0.002,True,9.0,7.0,0.8800000000000026,1.8599999999999994,6.119999999999997,2.0
664,25a60f0b59f103ebf782a31f94bb569d897a652a0bc1bd95c5cdc5521418b843,0.002,True,11.0,5.0,0.28000000000000114,2.460000000000001,4.719999999999999,6.0
665,25a60f0b59f103ebf782a31f94bb569d897a652a0bc1bd95c5cdc5521418b843,0.002,True,11.0,5.0,1.3599999999999994,1.3800000000000026,3.6400000000000006,6.0
666,25a60f0b59f103ebf782a31f94bb569d897a652a0bc1bd95c5cdc5521418b843,0.002,True,8.0,8.0,2.460000000000001,0.28000000000000114,5.539999999999999,0.0
667,25a60f0b59f103ebf782a31f94bb569d897a652a0bc1bd95c5cdc5521418b843,0.002,True,9.0,7.0,1.0,1.740000000000002,6.0,2.0
668,2a688dce9ee3f6910a66c8306e45a673347e6c2da97ca4f612e37eadc34f421f,0.002,False,8.0,3.0,0.7800000000000011,1.9600000000000009,2.219999999999999,5.0
669,25a60f0b59f103ebf782a31f94bb569d897a652a0bc1bd95c5cdc5521418b843,0.002,True,8.0,8.0,1.3599999999999994,1.3800000000000026,6.640000000000001,0.0
670,25a60f0b59f103ebf782a31f94bb569d897a652a0bc1bd95c5cdc5521418b843,0.002,True,8.0,8.0,0.28000000000000114,2.460000000000001,7.719999999999999,0.0
671,25a60f0b59f103ebf782a31f94bb569d897a652a0bc1bd95c5cdc5521418b843,0.002,True,11.0,5.0,-0.6000000000000014,3.3400000000000034,5.600000000000001,6.0
672,18e38dc4225a11e2a43c1a7abd32ddeea5ac0a0bcf35f6f5854fbf708e98f5ca,0.002,False,7.0,1.0,1.1199999999999974,1.6199999999999974,-0.11999999999999744,6.0
673,25a60f0b59f103ebf782a31f94bb569d897a652a0bc1bd95c5cdc5521418b843,0.002,True,7.0,9.0,1.8400000000000034,0.8999999999999986,7.159999999999997,-2.0
674,25a60f0b59f103ebf782a31f94bb569d897a652a0bc1bd95c5cdc5521418b843,0.002,True,9.0,7.0,2.4200000000000017,0.3200000000000003,4.579999999999998,2.0
675,25a60f0b59f103ebf782a31f94bb569d897a652a0bc1bd95c5cdc5521418b843,0.002,True,7.0,9.0,2.479999999999997,0.259999999999998,6.520000000000003,-2.0
676,18e38dc4225a11e2a43c1a7abd32ddeea5ac0a0bcf35f6f5854fbf708e98f5ca,0.002,False,9.0,-1.0,1.240000000000002,1.5,-2.240000000000002,10.0
677,25a60f0b59f103ebf782a31f94bb569d897a652a0bc1bd95c5cdc5521418b843,0.002,True,8.0,8.0,3.2400000000000024,-0.5,4.759999999999998,0.0
678,25a60f0b59f103ebf782a31f94bb569d897a652a0bc1bd95c5cdc5521418b843,0.002,True,11.0,5.0,-0.6400000000000006,3.380000000000002,5.640000000000001,6.0
679,25a60f0b59f103ebf782a31f94bb569d897a652a0bc1bd95c5cdc5521418b843,0.002,True,8.0,8.0,2.7599999999999976,-0.020000000000003126,5.240000000000002,0.0
680,25a60f0b59f103ebf782a31f94bb569d897a652a0bc1bd95c5cdc5521418b843,0.002,True,8.0,8.0,1.4600000000000009,1.2800000000000011,6.539999999999999,0.0
681,ab90b43f348253a578dcb95935f52c00eb11253a5d50f45fb540cf45626d0620,0.002,False,6.0,2.0,1.3800000000000026,1.3599999999999994,0.6199999999999974,4.0
682,25a60f0b59f103ebf782a31f94bb569d897a652a0bc1bd95c5cdc5521418b843,0.002,True,8.0,8.0,1.8999999999999986,0.8400000000000034,6.100000000000001,0.0
683,76fd1e2470419b464aa575afb0710800da330763a86d4deb65102df4412cfb61,0.002,False,6.0,3.0,3.0399999999999987,-0.29999999999999716,-0.0399999999999987,3.0
684,25a60f0b59f103ebf782a31f94bb569d897a652a0bc1bd95c5cdc5521418b843,0.002,True,10.0,6.0,1.6799999999999997,1.0600000000000023,4.32,4.0
685,76fd1e2470419b464aa575afb0710800da330763a86d4deb65102df4412cfb61,0.002,False,8.0,1.0,1.5399999999999991,1.2000000000000028,-0.5399999999999991,7.0
686,2a688dce9ee3f6910a66c8306e45a673347e6c2da97ca4f612e37eadc34f421f,0.002,False,8.0,3.0,0.9600000000000009,1.7800000000000011,2.039999999999999,5.0
687,25a60f0b59f103ebf782a31f94bb569d897a652a0bc1bd95c5cdc5521418b843,0.002,True,7.0,9.0,0.8200000000000003,1.9200000000000017,8.18,-2.0
688,76fd1e2470419b464aa575afb0710800da330763a86d4deb65102df4412cfb61,0.002,False,7.0,2.0,1.8999999999999986,0.8400000000000034,0.10000000000000142,5.0
689,2a688dce9ee3f6910a66c8306e45a673347e6c2da97ca4f612e37eadc34f421f,0.002,False,8.0,3.0,1.740000000000002,1.0,1.259999999999998,5.0
690,25a60f0b59f103ebf782a31f94bb569d897a652a0bc1bd95c5cdc5521418b843,0.002,True,11.0,5.0,1.759999999999998,0.9799999999999969,3.240000000000002,6.0
691,25a60f0b59f103ebf782a31f94bb569d897a652a0bc1bd95c5cdc5521418b843,0.002,True,8.0,8.0,0.7000000000000028,2.039999999999999,7.299999999999997,0.0
692,25a60f0b59f103ebf782a31f94bb569d897a652a0bc1bd95c5cdc5521418b843,0.002,True,9.0,7.0,0.38000000000000256,2.3599999999999994,6.619999999999997,2.0
693,25a60f0b59f103ebf782a31f94bb569d897a652a0bc1bd95c5cdc5521418b843,0.002,True,8.0,8.0,2.520000000000003,0.21999999999999886,5.479999999999997,0.0
694,25a60f0b59f103ebf782a31f94bb569d897a652a0bc1bd95c5cdc5521418b843,0.002,True,8.0,8.0,2.299999999999997,0.4399999999999977,5.700000000000003,0.0
695,adf172831755d5b68b20bd41481d7665e21425c51d614aae18c17d25d300847e,0.002,False,6.0,-3.0,0.6400000000000006,2.1000000000000014,-3.6400000000000006,9.0
696,25a60f0b59f103ebf782a31f94bb569d897a652a0bc1bd95c5cdc5521418b843,0.002,True,6.0,10.0,1.9200000000000017,0.8200000000000003,8.079999999999998,-4.0
697,25a60f0b59f103ebf782a31f94bb569d897a652a0bc1bd95c5cdc5521418b843,0.002,True,6.0,10.0,2.0799999999999983,0.6599999999999966,7.920000000000002,-4.0
698,25a60f0b59f103ebf782a31f94bb569d897a652a0bc1bd95c5cdc5521418b843,0.002,True,8.0,8.0,0.740000000000002,2.0,7.259999999999998,0.0
699,25a60f0b59f103ebf782a31f94bb569d897a652a0bc1bd95c5cdc5521418b843,0.002,True,7.0,9.0,1.259999999999998,1.4799999999999969,7.740000000000002,-2.0
700,25a60f0b59f103ebf782a31f94bb569d897a652a0bc1bd95c5cdc5521418b843,0.002,True,6.0,10.0,3.3400000000000034,-0.6000000000000014,6.659999999999997,-4.0
701,25a60f0b59f103ebf782a31f94bb569d897a652a0bc1bd95c5cdc5521418b843,0.002,True,8.0,8.0,1.9799999999999969,0.759999999999998,6.020000000000003,0.0
702,25a60f0b59f103ebf782a31f94bb569d897a652a0bc1bd95c5cdc5521418b843,0.002,True,10.0,6.0,1.0600000000000023,1.6799999999999997,4.939999999999998,4.0
703,25a60f0b59f103ebf782a31f94bb569d897a652a0bc1bd95c5cdc5521418b843,0.002,True,11.0,5.0,1.0,1.740000000000002,4.0,6.0
704,25a60f0b59f103ebf782a31f94bb569d897a652a0bc1bd95c5cdc5521418b843,0.002,True,11.0,5.0,1.6599999999999966,1.0799999999999983,3.3400000000000034,6.0
705,25a60f0b59f103ebf782a31f94bb569d897a652a0bc1bd95c5cdc5521418b843,0.002,True,8.0,8.0,1.240000000000002,1.5,6.759999999999998,0.0
706,18e38dc4225a11e2a43c1a7abd32ddeea5ac0a0bcf35f6f5854fbf708e98f5ca,0.002,False,9.0,-1.0,0.0,2.7400000000000024,-1.0,10.0
707,25a60f0b59f103ebf782a31f94bb569d897a652a0bc1bd95c5cdc5521418b843,0.002,True,9.0,7.0,1.3400000000000034,1.3999999999999986,5.659999999999997,2.0
708,25a60f0b59f103ebf782a31f94bb569d897a652a0bc1bd95c5cdc5521418b843,0.002,True,10.0,6.0,0.5600000000000023,2.1799999999999997,5.439999999999998,4.0
709,25a60f0b59f103ebf782a31f94bb569d897a652a0bc1bd95c5cdc5521418b843,0.002,True,7.0,9.0,1.9600000000000009,0.7800000000000011,7.039999999999999,-2.0
710,25a60f0b59f103ebf782a31f94bb569d897a652a0bc1bd95c5cdc5521418b843,0.002,True,8.0,8.0,1.759999999999998,0.9799999999999969,6.240000000000002,0.0
711,25a60f0b59f103ebf782a31f94bb569d897a652a0bc1bd95c5cdc5521418b843,0.002,True,6.0,10.0,2.520000000000003,0.21999999999999886,7.479999999999997,-4.0
712,f6856a3437439e58b35ad8fedba5c2f1cabd89bb5550dc0db11d0fd01247215d,0.002,False,8.0,0.0,1.8400000000000034,0.8999999999999986,-1.8400000000000034,8.0
713,25a60f0b59f103ebf782a31f94bb569d897a652a0bc1bd95c5cdc5521418b843,0.002,True,6.0,10.0,1.759999999999998,0.9799999999999969,8.240000000000002,-4.0
714,25a60f0b59f103ebf782a31f94bb569d897a652a0bc1bd95c5cdc5521418b843,0.002,True,6.0,10.0,2.619999999999998,0.11999999999999744,7.380000000000003,-4.0
715,25a60f0b59f103ebf782a31f94bb569d897a652a0bc1bd95c5cdc5521418b843,0.002,True,7.0,9.0,2.1799999999999997,0.5600000000000023,6.82,-2.0
716,a3243ce7707a2a3682e9edb42f661751af7593e49dee8391462be0e0e7feca5b,0.002,False,6.0,-2.0,1.1199999999999974,1.6199999999999974,-3.1199999999999974,8.0
717,25a60f0b59f103ebf782a31f94bb569d897a652a0bc1bd95c5cdc5521418b843,0.002,True,10.0,6.0,1.1000000000000014,1.6400000000000006,4.899999999999999,4.0
718,25a60f0b59f103ebf782a31f94bb569d897a652a0bc1bd95c5cdc5521418b843,0.002,True,7.0,9.0,2.020000000000003,0.7199999999999989,6.979999999999997,-2.0
719,76fd1e2470419b464aa575afb0710800da330763a86d4deb65102df4412cfb61,0.002,False,4.0,5.0,3.2599999999999976,-0.5200000000000031,1.7400000000000024,-1.0
720,76fd1e2470419b464aa575afb0710800da330763a86d4deb65102df4412cfb61,0.002,False,7.0,2.0,2.0799999999999983,0.6599999999999966,-0.0799999999999983,5.0
721,25a60f0b59f103ebf782a31f94bb569d897a652a0bc1bd95c5cdc5521418b843,0.002,True,9.0,7.0,0.8599999999999994,1.8800000000000026,6.140000000000001,2.0
722,25a60f0b59f103ebf782a31f94bb569d897a652a0bc1bd95c5cdc5521418b843,0.002,True,9.0,7.0,1.7800000000000011,0.9600000000000009,5.219999999999999,2.0
723,25a60f0b59f103ebf782a31f94bb569d897a652a0bc1bd95c5cdc5521418b843,0.002,True,7.0,9.0,2.3999999999999986,0.3400000000000034,6.600000000000001,-2.0
724,25a60f0b59f103ebf782a31f94bb569d897a652a0bc1bd95c5cdc5521418b843,0.002,True,11.0,5.0,-0.5600000000000023,3.299999999999997,5.560000000000002,6.0
725,2a688dce9ee3f6910a66c8306e45a673347e6c2da97ca4f612e37eadc34f421f,0.002,False,11.0,0.0,0.8400000000000034,1.8999999999999986,-0.8400000000000034,11.0
726,2a688dce9ee3f6910a66c8306e45a673347e6c2da97ca4f612e37eadc34f421f,0.002,False,9.0,2.0,0.7199999999999989,2.020000000000003,1.2800000000000011,7.0
727,25a60f0b59f103ebf782a31f94bb569d897a652a0bc1bd95c5cdc5521418b843,0.002,True,12.0,4.0,-1.5,4.240000000000002,5.5,8.0
728,25a60f0b59f103ebf782a31f94bb569d897a652a0bc1bd95c5cdc5521418b843,0.002,True,11.0,5.0,0.6000000000000014,2.1400000000000006,4.399999999999999,6.0
729,9b314dbaab24207ccb63b6994337f27fd505f1c0ef868166102def484737fe46,0.001,False,6.0,1.0,1.9200000000000017,0.8200000000000003,-0.9200000000000017,5.0
730,25a60f0b59f103ebf782a31f94bb569d897a652a0bc1bd95c5cdc5521418b843,0.002,True,9.0,7.0,0.6799999999999997,2.0600000000000023,6.32,2.0
731,25a60f0b59f103ebf782a31f94bb569d897a652a0bc1bd95c5cdc5521418b843,0.002,True,7.0,9.0,2.280000000000001,0.46000000000000085,6.719999999999999,-2.0
732,25a60f0b59f103ebf782a31f94bb569d897a652a0bc1bd95c5cdc5521418b843,0.002,True,10.0,6.0,1.759999999999998,0.9799999999999969,4.240000000000002,4.0
733,25a60f0b59f103ebf782a31f94bb569d897a652a0bc1bd95c5cdc5521418b843,0.002,True,8.0,8.0,1.259999999999998,1.4799999999999969,6.740000000000002,0.0
734,a3a9766514890add553eb639947da5ae68bd92450572e8ba728a23d86c0aea11,0.001,False,6.0,1.0,1.6799999999999997,1.0600000000000023,-0.6799999999999997,5.0
735,2a688dce9ee3f6910a66c8306e45a673347e6c2da97ca4f612e37eadc34f421f,0.002,False,9.0,2.0,1.2000000000000028,1.5399999999999991,0.7999999999999972,7.0
736,76fd1e2470419b464aa575afb0710800da330763a86d4deb65102df4412cfb61,0.002,False,5.0,4.0,1.9799999999999969,0.759999999999998,2.020000000000003,1.0
737,25a60f0b59f103ebf782a31f94bb569d897a652a0bc1bd95c5cdc5521418b843,0.002,True,11.0,5.0,-0.9399999999999977,3.68,5.939999999999998,6.0
738,25a60f0b59f103ebf782a31f94bb569d897a652a0bc1bd95c5cdc5521418b843,0.002,True,6.0,10.0,1.8999999999999986,0.8400000000000034,8.100000000000001,-4.0
739,25a60f0b59f103ebf782a31f94bb569d897a652a0bc1bd95c5cdc5521418b843,0.002,True,11.0,5.0,1.0,1.740000000000002,4.0,6.0
740,25a60f0b59f103ebf782a31f94bb569d897a652a0bc1bd95c5cdc5521418b843,0.002,True,8.0,8.0,0.38000000000000256,2.3599999999999994,7.619999999999997,0.0
741,25a60f0b59f103ebf782a31f94bb569d897a652a0bc1bd95c5cdc5521418b843,0.002,True,9.0,7.0,1.9799999999999969,0.759999999999998,5.020000000000003,2.0
742,25a60f0b59f103ebf782a31f94bb569d897a652a0bc1bd95c5cdc5521418b843,0.002,True,8.0,8.0,2.1799999999999997,0.5600000000000023,5.82,0.0
743,25a60f0b59f103ebf782a31f94bb569d897a652a0bc1bd95c5cdc5521418b843,0.002,True,11.0,5.0,0.240000000000002,2.5,4.759999999999998,6.0
744,25a60f0b59f103ebf782a31f94bb569d897a652a0bc1bd95c5cdc5521418b843,0.002,True,9.0,7.0,-0.17999999999999972,2.9200000000000017,7.18,2.0
745,25a60f0b59f103ebf782a31f94bb569d897a652a0bc1bd95c5cdc5521418b843,0.002,True,14.0,2.0,0.21999999999999886,2.520000000000003,1.7800000000000011,12.0
746,76fd1e2470419b464aa575afb0710800da330763a86d4deb65102df4412cfb61,0.002,False,6.0,3.0,2.6400000000000006,0.10000000000000142,0.35999999999999943,3.0
747,25a60f0b59f103ebf782a31f94bb569d897a652a0bc1bd95c5cdc5521418b843,0.002,True,9.0,7.0,2.539999999999999,0.20000000000000284,4.460000000000001,2.0
748,25a60f0b59f103ebf782a31f94bb569d897a652a0bc1bd95c5cdc5521418b843,0.002,True,7.0,9.0,2.020000000000003,0.7199999999999989,6.979999999999997,-2.0
749,f6856a3437439e58b35ad8fedba5c2f1cabd89bb5550dc0db11d0fd01247215d,0.002,False,6.0,2.0,1.2199999999999989,1.5200000000000031,0.7800000000000011,4.0
750,25a60f0b59f103ebf782a31f94bb569d897a652a0bc1bd95c5cdc5521418b843,0.002,True,10.0,6.0,-0.5600000000000023,3.299999999999997,6.560000000000002,4.0
751,2a688dce9ee3f6910a66c8306e45a673347e6c2da97ca4f612e37eadc34f421f,0.002,False,7.0,4.0,0.3999999999999986,2.3400000000000034,3.6000000000000014,3.0
752,ab90b43f348253a578dcb95935f52c00eb11253a5d50f45fb540cf45626d0620,0.002,False,6.0,2.0,1.759999999999998,0.9799999999999969,0.240000000000002,4.0
753,76fd1e2470419b464aa575afb0710800da330763a86d4deb65102df4412cfb61,0.002,False,7.0,2.0,0.6400000000000006,2.1000000000000014,1.3599999999999994,5.0
754,25a60f0b59f103ebf782a31f94bb569d897a652a0bc1bd95c5cdc5521418b843,0.002,True,8.0,8.0,1.2000000000000028,1.5399999999999991,6.799999999999997,0.0
755,25a60f0b59f103ebf782a31f94bb569d897a652a0bc1bd95c5cdc5521418b843,0.002,True,12.0,4.0,-0.20000000000000284,2.9399999999999977,4.200000000000003,8.0
756,25a60f0b59f103ebf782a31f94bb569d897a652a0bc1bd95c5cdc5521418b843,0.002,True,7.0,9.0,1.4799999999999969,1.259999999999998,7.520000000000003,-2.0
757,18e38dc4225a11e2a43c1a7abd32ddeea5ac0a0bcf35f6f5854fbf708e98f5ca,0.002,False,7.0,1.0,0.5,2.240000000000002,0.5,6.0
758,25a60f0b59f103ebf782a31f94bb569d897a652a0bc1bd95c5cdc5521418b843,0.002,True,9.0,7.0,0.10000000000000142,2.6400000000000006,6.899999999999999,2.0
759,25a60f0b59f103ebf782a31f94bb569d897a652a0bc1bd95c5cdc5521418b843,0.002,True,10.0,6.0,0.240000000000002,2.5,5.759999999999998,4.0
760,2a688dce9ee3f6910a66c8306e45a673347e6c2da97ca4f612e37eadc34f421f,0.002,False,7.0,4.0,1.7999999999999972,0.9399999999999977,2.200000000000003,3.0
761,25a60f0b59f103ebf782a31f94bb569d897a652a0bc1bd95c5cdc5521418b843,0.002,True,8.0,8.0,1.8200000000000003,0.9200000000000017,6.18,0.0
762,25a60f0b59f103ebf782a31f94bb569d897a652a0bc1bd95c5cdc5521418b843,0.002,True,9.0,7.0,0.5600000000000023,2.1799999999999997,6.439999999999998,2.0
763,76fd1e2470419b464aa575afb0710800da330763a86d4deb65102df4412cfb61,0.002,False,6.0,3.0,2.9600000000000013,-0.21999999999999886,0.0399999999999987,3.0
764,25a60f0b59f103ebf782a31f94bb569d897a652a0bc1bd95c5cdc5521418b843,0.002,True,10.0,6.0,0.8999999999999986,1.8400000000000034,5.100000000000001,4.0
765,9b314dbaab24207ccb63b6994337f27fd505f1c0ef868166102def484737fe46,0.001,False,7.0,0.0,0.10000000000000142,2.6400000000000006,-0.10000000000000142,7.0
766,2a688dce9ee3f6910a66c8306e45a673347e6c2da97ca4f612e37eadc34f421f,0.002,False,8.0,3.0,1.5200000000000031,1.2199999999999989,1.4799999999999969,5.0
767,ab90b43f348253a578dcb95935f52c00eb11253a5d50f45fb540cf45626d0620,0.002,False,7.0,1.0,0.8800000000000026,1.8599999999999994,0.11999999999999744,6.0
768,25a60f0b59f103ebf782a31f94bb569d897a652a0bc1bd95c5cdc5521418b843,0.002,True,8.0,8.0,1.8200000000000003,0.9200000000000017,6.18,0.0
769,f6856a3437439e58b35ad8fedba5c2f1cabd89bb5550dc0db11d0fd01247215d,0.002,False,7.0,1.0,0.9399999999999977,1.7999999999999972,0.060000000000002274,6.0
770,2a688dce9ee3f6910a66c8306e45a673347e6c2da97ca4f612e37eadc34f421f,0.002,False,9.0,2.0,0.1599999999999966,2.5799999999999983,1.8400000000000034,7.0
771,2a688dce9ee3f6910a66c8306e45a673347e6c2da97ca4f612e37eadc34f421f,0.002,False,8.0,3.0,1.7999999999999972,0.9399999999999977,1.2000000000000028,5.0
772,b93b3e639207b61066839c0c4c5d4b187f3648ac0893403e393788147d3cf641,0.002,False,8.0,-1.0,1.7000000000000028,1.0399999999999991,-2.700000000000003,9.0
773,25a60f0b59f103ebf782a31f94bb569d897a652a0bc1bd95c5cdc5521418b843,0.002,True,10.0,6.0,0.5799999999999983,2.1599999999999966,5.420000000000002,4.0
774,25a60f0b59f103ebf782a31f94bb569d897a652a0bc1bd95c5cdc5521418b843,0.002,True,8.0,8.0,0.28000000000000114,2.460000000000001,7.719999999999999,0.0
775,2a688dce9ee3f6910a66c8306e45a673347e6c2da97ca4f612e37eadc34f421f,0.002,False,7.0,4.0,1.0,1.740000000000002,3.0,3.0
776,76fd1e2470419b464aa575afb0710800da330763a86d4deb65102df4412cfb61,0.002,False,5.0,4.0,2.899999999999999,-0.1599999999999966,1.100000000000001,1.0
777,25a60f0b59f103ebf782a31f94bb569d897a652a0bc1bd95c5cdc5521418b843,0.002,True,8.0,8.0,1.8400000000000034,0.8999999999999986,6.159999999999997,0.0
778,25a60f0b59f103ebf782a31f94bb569d897a652a0bc1bd95c5cdc5521418b843,0.002,True,8.0,8.0,0.38000000000000256,2.3599999999999994,7.619999999999997,0.0
779,25a60f0b59f103ebf782a31f94bb569d897a652a0bc1bd95c5cdc5521418b843,0.002,True,13.0,3.0,-1.0,3.7400000000000024,4.0,10.0
780,25a60f0b59f103ebf782a31f94bb569d897a652a0bc1bd95c5cdc5521418b843,0.002,True,10.0,6.0,1.6000000000000014,1.1400000000000006,4.399999999999999,4.0
781,f6856a3437439e58b35ad8fedba5c2f1cabd89bb5550dc0db11d0fd01247215d,0.002,False,6.0,2.0,1.740000000000002,1.0,0.259999999999998,4.0
782,ab90b43f348253a578dcb95935f52c00eb11253a5d50f45fb540cf45626d0620,0.002,False,5.0,3.0,1.740000000000002,1.0,1.259999999999998,2.0
783,25a60f0b59f103ebf782a31f94bb569d897a652a0bc1bd95c5cdc5521418b843,0.002,True,11.0,5.0,1.240000000000002,1.5,3.759999999999998,6.0
784,2a688dce9ee3f6910a66c8306e45a673347e6c2da97ca4f612e37eadc34f421f,0.002,False,10.0,1.0,-1.259999999999998,4.0,2.259999999999998,9.0
785,76fd1e2470419b464aa575afb0710800da330763a86d4deb65102df4412cfb61,0.002,False,5.0,4.0,3.1400000000000006,-0.3999999999999986,0.8599999999999994,1.0
786,2a688dce9ee3f6910a66c8306e45a673347e6c2da97ca4f612e37eadc34f421f,0.002,False,9.0,2.0,0.6000000000000014,2.1400000000000006,1.3999999999999986,7.0
787,25a60f0b59f103ebf782a31f94bb569d897a652a0bc1bd95c5cdc5521418b843,0.002,True,8.0,8.0,1.3599999999999994,1.3800000000000026,6.640000000000001,0.0
788,25a60f0b59f103ebf782a31f94bb569d897a652a0bc1bd95c5cdc5521418b843,0.002,True,9.0,7.0,1.8599999999999994,0.8800000000000026,5.140000000000001,2.0
789,2a688dce9ee3f6910a66c8306e45a673347e6c2da97ca4f612e37eadc34f421f,0.002,False,4.0,7.0,4.140000000000001,-1.3999999999999986,2.8599999999999994,-3.0
790,25a60f0b59f103ebf782a31f94bb569d897a652a0bc1bd95c5cdc5521418b843,0.002,True,9.0,7.0,0.5,2.240000000000002,6.5,2.0
791,25a60f0b59f103ebf782a31f94bb569d897a652a0bc1bd95c5cdc5521418b843,0.002,True,6.0,10.0,3.600000000000001,-0.8599999999999994,6.399999999999999,-4.0
792,25a60f0b59f103ebf782a31f94bb569d897a652a0bc1bd95c5cdc5521418b843,0.002,True,12.0,4.0,2.0799999999999983,0.6599999999999966,1.9200000000000017,8.0
793,ab90b43f348253a578dcb95935f52c00eb11253a5d50f45fb540cf45626d0620,0.002,False,8.0,0.0,0.8200000000000003,1.9200000000000017,-0.8200000000000003,8.0
794,25a60f0b59f103ebf782a31f94bb569d897a652a0bc1bd95c5cdc5521418b843,0.002,True,7.0,9.0,2.219999999999999,0.5200000000000031,6.780000000000001,-2.0
795,2a688dce9ee3f6910a66c8306e45a673347e6c2da97ca4f612e37eadc34f421f,0.002,False,9.0,2.0,2.0600000000000023,0.6799999999999997,-0.060000000000002274,7.0
796,18e38dc4225a11e2a43c1a7abd32ddeea5ac0a0bcf35f6f5854fbf708e98f5ca,0.002,False,10.0,-2.0,0.5399999999999991,2.200000000000003,-2.539999999999999,12.0
797,25a60f0b59f103ebf782a31f94bb569d897a652a0bc1bd95c5cdc5521418b843,0.002,True,7.0,9.0,1.3200000000000003,1.4200000000000017,7.68,-2.0
798,25a60f0b59f103ebf782a31f94bb569d897a652a0bc1bd95c5cdc5521418b843,0.002,True,9.0,7.0,1.4200000000000017,1.3200000000000003,5.579999999999998,2.0
799,25a60f0b59f103ebf782a31f94bb569d897a652a0bc1bd95c5cdc5521418b843,0.002,True,7.0,9.0,1.759999999999998,0.9799999999999969,7.240000000000002,-2.0
800,76fd1e2470419b464aa575afb0710800da330763a86d4deb65102df4412cfb61,0.002,False,6.0,3.0,1.9200000000000017,0.8200000000000003,1.0799999999999983,3.0
801,18e38dc4225a11e2a43c1a7abd32ddeea5ac0a0bcf35f6f5854fbf708e98f5ca,0.002,False,10.0,-2.0,1.5799999999999983,1.1599999999999966,-3.5799999999999983,12.0
802,25a60f0b59f103ebf782a31f94bb569d897a652a0bc1bd95c5cdc5521418b843,0.002,True,8.0,8.0,2.619999999999998,0.11999999999999744,5.380000000000003,0.0
803,25a60f0b59f103ebf782a31f94bb569d897a652a0bc1bd95c5cdc5521418b843,0.002,True,11.0,5.0,0.6199999999999974,2.1199999999999974,4.380000000000003,6.0
804,25a60f0b59f103ebf782a31f94bb569d897a652a0bc1bd95c5cdc5521418b843,0.002,True,9.0,7.0,2.020000000000003,0.7199999999999989,4.979999999999997,2.0
805,25a60f0b59f103ebf782a31f94bb569d897a652a0bc1bd95c5cdc5521418b843,0.002,True,12.0,4.0,0.6400000000000006,2.1000000000000014,3.3599999999999994,8.0
806,76fd1e2470419b464aa575afb0710800da330763a86d4deb65102df4412cfb61,0.002,False,4.0,5.0,2.6400000000000006,0.10000000000000142,2.3599999999999994,-1.0
807,25a60f0b59f103ebf782a31f94bb569d897a652a0bc1bd95c5cdc5521418b843,0.002,True,8.0,8.0,2.700000000000003,0.03999999999999915,5.299999999999997,0.0
808,18e38dc4225a11e2a43c1a7abd32ddeea5ac0a0bcf35f6f5854fbf708e98f5ca,0.002,False,9.0,-1.0,-0.3200000000000003,3.0600000000000023,-0.6799999999999997,10.0
809,18e38dc4225a11e2a43c1a7abd32ddeea5ac0a0bcf35f6f5854fbf708e98f5ca,0.002,False,8.0,0.0,-0.3200000000000003,3.0600000000000023,0.3200000000000003,8.0
810,18e38dc4225a11e2a43c1a7abd32ddeea5ac0a0bcf35f6f5854fbf708e98f5ca,0.002,False,9.0,-1.0,0.7000000000000028,2.039999999999999,-1.7000000000000028,10.0
811,25a60f0b59f103ebf782a31f94bb569d897a652a0bc1bd95c5cdc5521418b843,0.002,True,9.0,7.0,0.8400000000000034,1.8999999999999986,6.159999999999997,2.0
812,f6856a3437439e58b35ad8fedba5c2f1cabd89bb5550dc0db11d0fd01247215d,0.002,False,4.0,4.0,2.82,-0.0799999999999983,1.1800000000000002,0.0
813,25a60f0b59f103ebf782a31f94bb569d897a652a0bc1bd95c5cdc5521418b843,0.002,True,5.0,11.0,3.880000000000002,-1.1400000000000006,7.119999999999997,-6.0
814,25a60f0b59f103ebf782a31f94bb569d897a652a0bc1bd95c5cdc5521418b843,0.002,True,13.0,3.0,-0.29999999999999716,3.0399999999999987,3.299999999999997,10.0
815,76fd1e2470419b464aa575afb0710800da330763a86d4deb65102df4412cfb61,0.002,False,7.0,2.0,1.0799999999999983,1.6599999999999966,0.9200000000000017,5.0
816,25a60f0b59f103ebf782a31f94bb569d897a652a0bc1bd95c5cdc5521418b843,0.002,True,6.0,10.0,2.799999999999997,-0.060000000000002274,7.200000000000003,-4.0
817,25a60f0b59f103ebf782a31f94bb569d897a652a0bc1bd95c5cdc5521418b843,0.002,True,13.0,3.0,1.5399999999999991,1.2000000000000028,1.4600000000000009,10.0
818,25a60f0b59f103ebf782a31f94bb569d897a652a0bc1bd95c5cdc5521418b843,0.002,True,10.0,6.0,0.9600000000000009,1.7800000000000011,5.039999999999999,4.0
819,2a688dce9ee3f6910a66c8306e45a673347e6c2da97ca4f612e37eadc34f421f,0.002,False,5.0,6.0,2.240000000000002,0.5,3.759999999999998,-1.0
820,25a60f0b59f103ebf782a31f94bb569d897a652a0bc1bd95c5cdc5521418b843,0.002,True,8.0,8.0,0.5,2.240000000000002,7.5,0.0
821,25a60f0b59f103ebf782a31f94bb569d897a652a0bc1bd95c5cdc5521418b843,0.002,True,8.0,8.0,2.1599999999999966,0.5799999999999983,5.840000000000003,0.0
822,25a60f0b59f103ebf782a31f94bb569d897a652a0bc1bd95c5cdc5521418b843,0.002,True,8.0,8.0,0.3400000000000034,2.3999999999999986,7.659999999999997,0.0
823,25a60f0b59f103ebf782a31f94bb569d897a652a0bc1bd95c5cdc5521418b843,0.002,True,8.0,8.0,2.780000000000001,-0.03999999999999915,5.219999999999999,0.0
824,18e38dc4225a11e2a43c1a7abd32ddeea5ac0a0bcf35f6f5854fbf708e98f5ca,0.002,False,6.0,2.0,0.9799999999999969,1.759999999999998,1.0200000000000031,4.0
825,25a60f0b59f103ebf782a31f94bb569d897a652a0bc1bd95c5cdc5521418b843,0.002,True,7.0,9.0,4.079999999999998,-1.3400000000000034,4.920000000000002,-2.0
826,25a60f0b59f103ebf782a31f94bb569d897a652a0bc1bd95c5cdc5521418b843,0.002,True,10.0,6.0,0.8800000000000026,1.8599999999999994,5.119999999999997,4.0
827,25a60f0b59f103ebf782a31f94bb569d897a652a0bc1bd95c5cdc5521418b843,0.002,True,7.0,9.0,1.740000000000002,1.0,7.259999999999998,-2.0
828,25a60f0b59f103ebf782a31f94bb569d897a652a0bc1bd95c5cdc5521418b843,0.002,True,8.0,8.0,1.7999999999999972,0.9399999999999977,6.200000000000003,0.0
829,25a60f0b59f103ebf782a31f94bb569d897a652a0bc1bd95c5cdc5521418b843,0.002,True,9.0,7.0,0.7199999999999989,2.020000000000003,6.280000000000001,2.0
830,18e38dc4225a11e2a43c1a7abd32ddeea5ac0a0bcf35f6f5854fbf708e98f5ca,0.002,False,7.0,1.0,1.5,1.240000000000002,-0.5,6.0
831,25a60f0b59f103ebf782a31f94bb569d897a652a0bc1bd95c5cdc5521418b843,0.002,True,10.0,6.0,2.619999999999998,0.11999999999999744,3.380000000000002,4.0
832,25a60f0b59f103ebf782a31f94bb569d897a652a0bc1bd95c5cdc5521418b843,0.002,True,9.0,7.0,0.6199999999999974,2.1199999999999974,6.380000000000003,2.0
833,f6856a3437439e58b35ad8fedba5c2f1cabd89bb5550dc0db11d0fd01247215d,0.002,False,6.0,2.0,2.1199999999999974,0.6199999999999974,-0.11999999999999744,4.0
834,97b28df35b811f0a5dba92060bfa9d60f1cc23fb3123298c2b14a461bea2df00,0.002,False,8.0,-3.0,0.259999999999998,2.479999999999997,-3.259999999999998,11.0
835,25a60f0b59f103ebf782a31f94bb569d897a652a0bc1bd95c5cdc5521418b843,0.002,True,7.0,9.0,1.8400000000000034,0.8999999999999986,7.159999999999997,-2.0
836,25a60f0b59f103ebf782a31f94bb569d897a652a0bc1bd95c5cdc5521418b843,0.002,True,6.0,10.0,1.6799999999999997,1.0600000000000023,8.32,-4.0
837,9b314dbaab24207ccb63b6994337f27fd505f1c0ef868166102def484737fe46,0.001,False,7.0,0.0,1.0399999999999991,1.7000000000000028,-1.0399999999999991,7.0
838,76fd1e2470419b464aa575afb0710800da330763a86d4deb65102df4412cfb61,0.002,False,7.0,2.0,2.8599999999999994,-0.11999999999999744,-0.8599999999999994,5.0
839,25a60f0b59f103ebf782a31f94bb569d897a652a0bc1bd95c5cdc5521418b843,0.002,True,8.0,8.0,1.2199999999999989,1.5200000000000031,6.780000000000001,0.0
840,25a60f0b59f103ebf782a31f94bb569d897a652a0bc1bd95c5cdc5521418b843,0.002,True,10.0,6.0,2.0,0.740000000000002,4.0,4.0
841,25a60f0b59f103ebf782a31f94bb569d897a652a0bc1bd95c5cdc5521418b843,0.002,True,11.0,5.0,0.3400000000000034,2.3999999999999986,4.659999999999997,6.0
842,25a60f0b59f103ebf782a31f94bb569d897a652a0bc1bd95c5cdc5521418b843,0.002,True,9.0,7.0,1.1400000000000006,1.6000000000000014,5.859999999999999,2.0
843,25a60f0b59f103ebf782a31f94bb569d897a652a0bc1bd95c5cdc5521418b843,0.002,True,9.0,7.0,1.5399999999999991,1.2000000000000028,5.460000000000001,2.0
844,25a60f0b59f103ebf782a31f94bb569d897a652a0bc1bd95c5cdc5521418b843,0.002,True,6.0,10.0,1.259999999999998,1.4799999999999969,8.740000000000002,-4.0
845,25a60f0b59f103ebf782a31f94bb569d897a652a0bc1bd95c5cdc5521418b843,0.002,True,8.0,8.0,1.5799999999999983,1.1599999999999966,6.420000000000002,0.0
846,25a60f0b59f103ebf782a31f94bb569d897a652a0bc1bd95c5cdc5521418b843,0.002,True,10.0,6.0,0.29999999999999716,2.4399999999999977,5.700000000000003,4.0
847,18e38dc4225a11e2a43c1a7abd32ddeea5ac0a0bcf35f6f5854fbf708e98f5ca,0.002,False,10.0,-2.0,-0.759999999999998,3.5,-1.240000000000002,12.0
848,18e38dc4225a11e2a43c1a7abd32ddeea5ac0a0bcf35f6f5854fbf708e98f5ca,0.002,False,9.0,-1.0,0.10000000000000142,2.6400000000000006,-1.1000000000000014,10.0
849,25a60f0b59f103ebf782a31f94bb569d897a652a0bc1bd95c5cdc5521418b843,0.002,True,6.0,10.0,2.1599999999999966,0.5799999999999983,7.840000000000003,-4.0
850,25a60f0b59f103ebf782a31f94bb569d897a652a0bc1bd95c5cdc5521418b843,0.002,True,11.0,5.0,0.17999999999999972,2.5600000000000023,4.82,6.0
851,ab90b43f348253a578dcb95935f52c00eb11253a5d50f45fb540cf45626d0620,0.002,False,9.0,-1.0,0.060000000000002274,2.68,-1.0600000000000023,10.0
852,25a60f0b59f103ebf782a31f94bb569d897a652a0bc1bd95c5cdc5521418b843,0.002,True,8.0,8.0,1.7800000000000011,0.9600000000000009,6.219999999999999,0.0
853,97b28df35b811f0a5dba92060bfa9d60f1cc23fb3123298c2b14a461bea2df00,0.002,False,7.0,-2.0,0.8400000000000034,1.8999999999999986,-2.8400000000000034,9.0
854,18e38dc4225a11e2a43c1a7abd32ddeea5ac0a0bcf35f6f5854fbf708e98f5ca,0.002,False,8.0,0.0,1.8400000000000034,0.8999999999999986,-1.8400000000000034,8.0
855,25a60f0b59f103ebf782a31f94bb569d897a652a0bc1bd95c5cdc5521418b843,0.002,True,7.0,9.0,2.600000000000001,0.14000000000000057,6.399999999999999,-2.0
856,25a60f0b59f103ebf782a31f94bb569d897a652a0bc1bd95c5cdc5521418b843,0.002,True,8.0,8.0,1.6000000000000014,1.1400000000000006,6.399999999999999,0.0
857,25a60f0b59f103ebf782a31f94bb569d897a652a0bc1bd95c5cdc5521418b843,0.002,True,9.0,7.0,1.8599999999999994,0.8800000000000026,5.140000000000001,2.0
858,25a60f0b59f103ebf782a31f94bb569d897a652a0bc1bd95c5cdc5521418b843,0.002,True,7.0,9.0,3.399999999999999,-0.6599999999999966,5.600000000000001,-2.0
859,25a60f0b59f103ebf782a31f94bb569d897a652a0bc1bd95c5cdc5521418b843,0.002,True,8.0,8.0,1.9799999999999969,0.759999999999998,6.020000000000003,0.0
860,25a60f0b59f103ebf782a31f94bb569d897a652a0bc1bd95c5cdc5521418b843,0.002,True,11.0,5.0,1.8400000000000034,0.8999999999999986,3.1599999999999966,6.0
861,25a60f0b59f103ebf782a31f94bb569d897a652a0bc1bd95c5cdc5521418b843,0.002,True,8.0,8.0,1.8599999999999994,0.8800000000000026,6.140000000000001,0.0
862,25a60f0b59f103ebf782a31f94bb569d897a652a0bc1bd95c5cdc5521418b843,0.002,True,8.0,8.0,0.7199999999999989,2.020000000000003,7.280000000000001,0.0
863,25a60f0b59f103ebf782a31f94bb569d897a652a0bc1bd95c5cdc5521418b843,0.002,True,8.0,8.0,1.0600000000000023,1.6799999999999997,6.939999999999998,0.0
864,76fd1e2470419b464aa575afb0710800da330763a86d4deb65102df4412cfb61,0.002,False,6.0,3.0,3.619999999999998,-0.8800000000000026,-0.6199999999999979,3.0
865,ab90b43f348253a578dcb95935f52c00eb11253a5d50f45fb540cf45626d0620,0.002,False,6.0,2.0,1.7199999999999989,1.0200000000000031,0.28000000000000114,4.0
866,25a60f0b59f103ebf782a31f94bb569d897a652a0bc1bd95c5cdc5521418b843,0.002,True,10.0,6.0,0.7199999999999989,2.020000000000003,5.280000000000001,4.0
867,2a688dce9ee3f6910a66c8306e45a673347e6c2da97ca4f612e37eadc34f421f,0.002,False,4.0,7.0,3.5,-0.759999999999998,3.5,-3.0
868,25a60f0b59f103ebf782a31f94bb569d897a652a0bc1bd95c5cdc5521418b843,0.002,True,7.0,9.0,1.3200000000000003,1.4200000000000017,7.68,-2.0
869,76fd1e2470419b464aa575afb0710800da330763a86d4deb65102df4412cfb61,0.002,False,7.0,2.0,1.1799999999999997,1.5600000000000023,0.8200000000000003,5.0
870,76fd1e2470419b464aa575afb0710800da330763a86d4deb65102df4412cfb61,0.002,False,9.0,0.0,1.8800000000000026,0.8599999999999994,-1.8800000000000026,9.0
871,25a60f0b59f103ebf782a31f94bb569d897a652a0bc1bd95c5cdc5521418b843,0.002,True,12.0,4.0,0.21999999999999886,2.520000000000003,3.780000000000001,8.0
872,25a60f0b59f103ebf782a31f94bb569d897a652a0bc1bd95c5cdc5521418b843,0.002,True,10.0,6.0,1.7800000000000011,0.9600000000000009,4.219999999999999,4.0
873,25a60f0b59f103ebf782a31f94bb569d897a652a0bc1bd95c5cdc5521418b843,0.002,True,5.0,11.0,2.3800000000000026,0.35999999999999943,8.619999999999997,-6.0
874,25a60f0b59f103ebf782a31f94bb569d897a652a0bc1bd95c5cdc5521418b843,0.002,True,6.0,10.0,3.700000000000003,-0.9600000000000009,6.299999999999997,-4.0
875,76fd1e2470419b464aa575afb0710800da330763a86d4deb65102df4412cfb61,0.002,False,10.0,-1.0,0.8599999999999994,1.8800000000000026,-1.8599999999999994,11.0
876,25a60f0b59f103ebf782a31f94bb569d897a652a0bc1bd95c5cdc5521418b843,0.002,True,9.0,7.0,1.6000000000000014,1.1400000000000006,5.399999999999999,2.0
877,2a688dce9ee3f6910a66c8306e45a673347e6c2da97ca4f612e37eadc34f421f,0.002,False,8.0,3.0,0.7800000000000011,1.9600000000000009,2.219999999999999,5.0
878,18e38dc4225a11e2a43c1a7abd32ddeea5ac0a0bcf35f6f5854fbf708e98f5ca,0.002,False,13.0,-5.0,-1.2199999999999989,3.9600000000000013,-3.780000000000001,18.0
879,25a60f0b59f103ebf782a31f94bb569d897a652a0bc1bd95c5cdc5521418b843,0.002,True,13.0,3.0,-1.7999999999999972,4.539999999999999,4.799999999999997,10.0
880,25a60f0b59f103ebf782a31f94bb569d897a652a0bc1bd95c5cdc5521418b843,0.002,True,6.0,10.0,2.799999999999997,-0.060000000000002274,7.200000000000003,-4.0
881,2a688dce9ee3f6910a66c8306e45a673347e6c2da97ca4f612e37eadc34f421f,0.002,False,5.0,6.0,2.9799999999999964,-0.240000000000002,3.0200000000000036,-1.0
882,25a60f0b59f103ebf782a31f94bb569d897a652a0bc1bd95c5cdc5521418b843,0.002,True,9.0,7.0,1.0,1.740000000000002,6.0,2.0
883,25a60f0b59f103ebf782a31f94bb569d897a652a0bc1bd95c5cdc5521418b843,0.002,True,9.0,7.0,3.2400000000000024,-0.5,3.7599999999999976,2.0
884,25a60f0b59f103ebf782a31f94bb569d897a652a0bc1bd95c5cdc5521418b843,0.002,True,8.0,8.0,2.5,0.240000000000002,5.5,0.0
885,b93b3e639207b61066839c0c4c5d4b187f3648ac0893403e393788147d3cf641,0.002,False,4.0,3.0,4.259999999999998,-1.5200000000000031,-1.259999999999998,1.0
886,25a60f0b59f103ebf782a31f94bb569d897a652a0bc1bd95c5cdc5521418b843,0.002,True,9.0,7.0,1.3599999999999994,1.3800000000000026,5.640000000000001,2.0
887,25a60f0b59f103ebf782a31f94bb569d897a652a0bc1bd95c5cdc5521418b843,0.002,True,8.0,8.0,1.4399999999999977,1.2999999999999972,6.560000000000002,0.0
888,25a60f0b59f103ebf782a31f94bb569d897a652a0bc1bd95c5cdc5521418b843,0.002,True,9.0,7.0,1.3200000000000003,1.4200000000000017,5.68,2.0
889,2a688dce9ee3f6910a66c8306e45a673347e6c2da97ca4f612e37eadc34f421f,0.002,False,9.0,2.0,-0.29999999999999716,3.0399999999999987,2.299999999999997,7.0
890,25a60f0b59f103ebf782a31f94bb569d897a652a0bc1bd95c5cdc5521418b843,0.002,True,12.0,4.0,-0.17999999999999972,2.9200000000000017,4.18,8.0
891,25a60f0b59f103ebf782a31f94bb569d897a652a0bc1bd95c5cdc5521418b843,0.002,True,6.0,10.0,3.0399999999999987,-0.29999999999999716,6.960000000000001,-4.0
892,25a60f0b59f103ebf782a31f94bb569d897a652a0bc1bd95c5cdc5521418b843,0.002,True,9.0,7.0,0.4799999999999969,2.259999999999998,6.520000000000003,2.0
893,76fd1e2470419b464aa575afb0710800da330763a86d4deb65102df4412cfb61,0.002,False,6.0,3.0,2.259999999999998,0.4799999999999969,0.740000000000002,3.0
894,25a60f0b59f103ebf782a31f94bb569d897a652a0bc1bd95c5cdc5521418b843,0.002,True,7.0,9.0,2.3400000000000034,0.3999999999999986,6.659999999999997,-2.0
895,25a60f0b59f103ebf782a31f94bb569d897a652a0bc1bd95c5cdc5521418b843,0.002,True,9.0,7.0,0.9399999999999977,1.7999999999999972,6.060000000000002,2.0
896,ab90b43f348253a578dcb95935f52c00eb11253a5d50f45fb540cf45626d0620,0.002,False,4.0,4.0,1.9799999999999969,0.759999999999998,2.020000000000003,0.0
897,25a60f0b59f103ebf782a31f94bb569d897a652a0bc1bd95c5cdc5521418b843,0.002,True,9.0,7.0,0.6400000000000006,2.1000000000000014,6.359999999999999,2.0
898,25a60f0b59f103ebf782a31f94bb569d897a652a0bc1bd95c5cdc5521418b843,0.002,True,12.0,4.0,-0.240000000000002,2.9799999999999964,4.240000000000002,8.0
899,25a60f0b59f103ebf782a31f94bb569d897a652a0bc1bd95c5cdc5521418b843,0.002,True,8.0,8.0,1.2999999999999972,1.4399999999999977,6.700000000000003,0.0
900,2a688dce9ee3f6910a66c8306e45a673347e6c2da97ca4f612e37eadc34f421f,0.002,False,11.0,0.0,-0.3400000000000034,3.0799999999999983,0.3400000000000034,11.0
901,25a60f0b59f103ebf782a31f94bb569d897a652a0bc1bd95c5cdc5521418b843,0.002,True,11.0,5.0,0.0,2.7400000000000024,5.0,6.0
902,ab90b43f348253a578dcb95935f52c00eb11253a5d50f45fb540cf45626d0620,0.002,False,7.0,1.0,0.6199999999999974,2.1199999999999974,0.38000000000000256,6.0
903,25a60f0b59f103ebf782a31f94bb569d897a652a0bc1bd95c5cdc5521418b843,0.002,True,6.0,10.0,2.6599999999999966,0.0799999999999983,7.340000000000003,-4.0
904,25a60f0b59f103ebf782a31f94bb569d897a652a0bc1bd95c5cdc5521418b843,0.002,True,13.0,3.0,-1.259999999999998,4.0,4.259999999999998,10.0
905,25a60f0b59f103ebf782a31f94bb569d897a652a0bc1bd95c5cdc5521418b843,0.002,True,6.0,10.0,3.5,-0.759999999999998,6.5,-4.0
906,25a60f0b59f103ebf782a31f94bb569d897a652a0bc1bd95c5cdc5521418b843,0.002,True,10.0,6.0,1.240000000000002,1.5,4.759999999999998,4.0
907,9b314dbaab24207ccb63b6994337f27fd505f1c0ef868166102def484737fe46,0.001,False,6.0,1.0,1.740000000000002,1.0,-0.740000000000002,5.0
908,ab90b43f348253a578dcb95935f52c00eb11253a5d50f45fb540cf45626d0620,0.002,False,10.0,-2.0,-0.9200000000000017,3.6599999999999966,-1.0799999999999983,12.0
909,18e38dc4225a11e2a43c1a7abd32ddeea5ac0a0bcf35f6f5854fbf708e98f5ca,0.002,False,10.0,-2.0,-0.11999999999999744,2.8599999999999994,-1.8800000000000026,12.0
910,25a60f0b59f103ebf782a31f94bb569d897a652a0bc1bd95c5cdc5521418b843,0.002,True,8.0,8.0,1.5,1.240000000000002,6.5,0.0
911,25a60f0b59f103ebf782a31f94bb569d897a652a0bc1bd95c5cdc5521418b843,0.002,True,8.0,8.0,1.0799999999999983,1.6599999999999966,6.920000000000002,0.0
912,76fd1e2470419b464aa575afb0710800da330763a86d4deb65102df4412cfb61,0.002,False,5.0,4.0,3.4799999999999964,-0.740000000000002,0.5200000000000036,1.0
913,a3a9766514890add553eb639947da5ae68bd92450572e8ba728a23d86c0aea11,0.001,False,8.0,-1.0,-0.759999999999998,3.5,-0.240000000000002,9.0
914,b93b3e639207b61066839c0c4c5d4b187f3648ac0893403e393788147d3cf641,0.002,False,5.0,2.0,2.200000000000003,0.5399999999999991,-0.20000000000000284,3.0
915,25a60f0b59f103ebf782a31f94bb569d897a652a0bc1bd95c5cdc5521418b843,0.002,True,8.0,8.0,1.3400000000000034,1.3999999999999986,6.659999999999997,0.0
916,25a60f0b59f103ebf782a31f94bb569d897a652a0bc1bd95c5cdc5521418b843,0.002,True,10.0,6.0,0.9200000000000017,1.8200000000000003,5.079999999999998,4.0
917,25a60f0b59f103ebf782a31f94bb569d897a652a0bc1bd95c5cdc5521418b843,0.002,True,13.0,3.0,0.7000000000000028,2.039999999999999,2.299999999999997,10.0
918,2a688dce9ee3f6910a66c8306e45a673347e6c2da97ca4f612e37eadc34f421f,0.002,False,6.0,5.0,2.0,0.740000000000002,3.0,1.0
919,25a60f0b59f103ebf782a31f94bb569d897a652a0bc1bd95c5cdc5521418b843,0.002,True,9.0,7.0,-0.060000000000002274,2.799999999999997,7.060000000000002,2.0
920,25a60f0b59f103ebf782a31f94bb569d897a652a0bc1bd95c5cdc5521418b843,0.002,True,8.0,8.0,1.1400000000000006,1.6000000000000014,6.859999999999999,0.0
921,25a60f0b59f103ebf782a31f94bb569d897a652a0bc1bd95c5cdc5521418b843,0.002,True,12.0,4.0,0.7800000000000011,1.9600000000000009,3.219999999999999,8.0
922,25a60f0b59f103ebf782a31f94bb569d897a652a0bc1bd95c5cdc5521418b843,0.002,True,8.0,8.0,2.4399999999999977,0.29999999999999716,5.560000000000002,0.0
923,2a688dce9ee3f6910a66c8306e45a673347e6c2da97ca4f612e37eadc34f421f,0.002,False,3.0,8.0,2.5600000000000023,0.17999999999999972,5.439999999999998,-5.0
924,25a60f0b59f103ebf782a31f94bb569d897a652a0bc1bd95c5cdc5521418b843,0.002,True,6.0,10.0,2.9399999999999977,-0.20000000000000284,7.060000000000002,-4.0
925,25a60f0b59f103ebf782a31f94bb569d897a652a0bc1bd95c5cdc5521418b843,0.002,True,6.0,10.0,2.3400000000000034,0.3999999999999986,7.659999999999997,-4.0
926,76fd1e2470419b464aa575afb0710800da330763a86d4deb65102df4412cfb61,0.002,False,5.0,4.0,3.5600000000000023,-0.8200000000000003,0.4399999999999977,1.0
927,ab90b43f348253a578dcb95935f52c00eb11253a5d50f45fb540cf45626d0620,0.002,False,9.0,-1.0,0.740000000000002,2.0,-1.740000000000002,10.0
928,25a60f0b59f103ebf782a31f94bb569d897a652a0bc1bd95c5cdc5521418b843,0.002,True,7.0,9.0,2.4399999999999977,0.29999999999999716,6.560000000000002,-2.0
929,2a688dce9ee3f6910a66c8306e45a673347e6c2da97ca4f612e37eadc34f421f,0.002,False,9.0,2.0,0.29999999999999716,2.4399999999999977,1.7000000000000028,7.0
930,25a60f0b59f103ebf782a31f94bb569d897a652a0bc1bd95c5cdc5521418b843,0.002,True,10.0,6.0,1.3400000000000034,1.3999999999999986,4.659999999999997,4.0
931,76fd1e2470419b464aa575afb0710800da330763a86d4deb65102df4412cfb61,0.002,False,7.0,2.0,0.7999999999999972,1.9399999999999977,1.2000000000000028,5.0
932,25a60f0b59f103ebf782a31f94bb569d897a652a0bc1bd95c5cdc5521418b843,0.002,True,10.0,6.0,0.46000000000000085,2.280000000000001,5.539999999999999,4.0
933,b93b3e639207b61066839c0c4c5d4b187f3648ac0893403e393788147d3cf641,0.002,False,7.0,0.0,2.1400000000000006,0.6000000000000014,-2.1400000000000006,7.0
934,f6856a3437439e58b35ad8fedba5c2f1cabd89bb5550dc0db11d0fd01247215d,0.002,False,10.0,-2.0,1.259999999999998,1.4799999999999969,-3.259999999999998,12.0
935,76fd1e2470419b464aa575afb0710800da330763a86d4deb65102df4412cfb61,0.002,False,6.0,3.0,3.8400000000000034,-1.1000000000000014,-0.8400000000000034,3.0
936,25a60f0b59f103ebf782a31f94bb569d897a652a0bc1bd95c5cdc5521418b843,0.002,True,8.0,8.0,1.740000000000002,1.0,6.259999999999998,0.0
937,25a60f0b59f103ebf782a31f94bb569d897a652a0bc1bd95c5cdc5521418b843,0.002,True,9.0,7.0,1.1799999999999997,1.5600000000000023,5.82,2.0
938,2a688dce9ee3f6910a66c8306e45a673347e6c2da97ca4f612e37eadc34f421f,0.002,False,9.0,2.0,0.8999999999999986,1.8400000000000034,1.1000000000000014,7.0
939,25a60f0b59f103ebf782a31f94bb569d897a652a0bc1bd95c5cdc5521418b843,0.002,True,9.0,7.0,0.8599999999999994,1.8800000000000026,6.140000000000001,2.0
940,25a60f0b59f103ebf782a31f94bb569d897a652a0bc1bd95c5cdc5521418b843,0.002,True,6.0,10.0,2.9200000000000017,-0.17999999999999972,7.079999999999998,-4.0
941,25a60f0b59f103ebf782a31f94bb569d897a652a0bc1bd95c5cdc5521418b843,0.002,True,11.0,5.0,1.5,1.240000000000002,3.5,6.0
942,25a60f0b59f103ebf782a31f94bb569d897a652a0bc1bd95c5cdc5521418b843,0.002,True,8.0,8.0,3.399999999999999,-0.6599999999999966,4.600000000000001,0.0
943,25a60f0b59f103ebf782a31f94bb569d897a652a0bc1bd95c5cdc5521418b843,0.002,True,12.0,4.0,0.5399999999999991,2.200000000000003,3.460000000000001,8.0
944,25a60f0b59f103ebf782a31f94bb569d897a652a0bc1bd95c5cdc5521418b843,0.002,True,6.0,10.0,3.4799999999999964,-0.740000000000002,6.520000000000003,-4.0
945,25a60f0b59f103ebf782a31f94bb569d897a652a0bc1bd95c5cdc5521418b843,0.002,True,11.0,5.0,1.4600000000000009,1.2800000000000011,3.539999999999999,6.0
946,97b28df35b811f0a5dba92060bfa9d60f1cc23fb3123298c2b14a461bea2df00,0.002,False,8.0,-3.0,0.17999999999999972,2.5600000000000023,-3.1799999999999997,11.0
947,25a60f0b59f103ebf782a31f94bb569d897a652a0bc1bd95c5cdc5521418b843,0.002,True,7.0,9.0,2.0600000000000023,0.6799999999999997,6.939999999999998,-2.0
948,25a60f0b59f103ebf782a31f94bb569d897a652a0bc1bd95c5cdc5521418b843,0.002,True,10.0,6.0,1.8800000000000026,0.8599999999999994,4.119999999999997,4.0
949,25a60f0b59f103ebf782a31f94bb569d897a652a0bc1bd95c5cdc5521418b843,0.002,True,8.0,8.0,2.5600000000000023,0.17999999999999972,5.439999999999998,0.0
950,25a60f0b59f103ebf782a31f94bb569d897a652a0bc1bd95c5cdc5521418b843,0.002,True,11.0,5.0,0.240000000000002,2.5,4.759999999999998,6.0
951,25a60f0b59f103ebf782a31f94bb569d897a652a0bc1bd95c5cdc5521418b843,0.002,True,11.0,5.0,1.1199999999999974,1.6199999999999974,3.8800000000000026,6.0
952,25a60f0b59f103ebf782a31f94bb569d897a652a0bc1bd95c5cdc5521418b843,0.002,True,12.0,4.0,1.4399999999999977,1.2999999999999972,2.5600000000000023,8.0
953,25a60f0b59f103ebf782a31f94bb569d897a652a0bc1bd95c5cdc5521418b843,0.002,True,7.0,9.0,0.8400000000000034,1.8999999999999986,8.159999999999997,-2.0
954,18e38dc4225a11e2a43c1a7abd32ddeea5ac0a0bcf35f6f5854fbf708e98f5ca,0.002,False,3.0,5.0,3.9600000000000013,-1.2199999999999989,1.0399999999999987,-2.0
955,25a60f0b59f103ebf782a31f94bb569d897a652a0bc1bd95c5cdc5521418b843,0.002,True,13.0,3.0,-1.240000000000002,3.9799999999999964,4.240000000000002,10.0
956,f6856a3437439e58b35ad8fedba5c2f1cabd89bb5550dc0db11d0fd01247215d,0.002,False,9.0,-1.0,-0.8200000000000003,3.5600000000000023,-0.17999999999999972,10.0
957,25a60f0b59f103ebf782a31f94bb569d897a652a0bc1bd95c5cdc5521418b843,0.002,True,5.0,11.0,1.6199999999999974,1.1199999999999974,9.380000000000003,-6.0
958,25a60f0b59f103ebf782a31f94bb569d897a652a0bc1bd95c5cdc5521418b843,0.002,True,8.0,8.0,1.1799999999999997,1.5600000000000023,6.82,0.0
959,2a688dce9ee3f6910a66c8306e45a673347e6c2da97ca4f612e37eadc34f421f,0.002,False,6.0,5.0,2.1799999999999997,0.5600000000000023,2.8200000000000003,1.0
960,25a60f0b59f103ebf782a31f94bb569d897a652a0bc1bd95c5cdc5521418b843,0.002,True,10.0,6.0,1.6400000000000006,1.1000000000000014,4.359999999999999,4.0
961,25a60f0b59f103ebf782a31f94bb569d897a652a0bc1bd95c5cdc5521418b843,0.002,True,4.0,12.0,3.880000000000002,-1.1400000000000006,8.119999999999997,-8.0
962,25a60f0b59f103ebf782a31f94bb569d897a652a0bc1bd95c5cdc5521418b843,0.002,True,11.0,5.0,1.3800000000000026,1.3599999999999994,3.6199999999999974,6.0
963,25a60f0b59f103ebf782a31f94bb569d897a652a0bc1bd95c5cdc5521418b843,0.002,True,10.0,6.0,-0.10000000000000142,2.8400000000000034,6.100000000000001,4.0
964,25a60f0b59f103ebf782a31f94bb569d897a652a0bc1bd95c5cdc5521418b843,0.002,True,7.0,9.0,2.1400000000000006,0.6000000000000014,6.859999999999999,-2.0
965,76cef14153e1d850214cd9285b883b193d95539ff95708c26223e2a60f833198,0.002,False,8.0,-3.0,0.1599999999999966,2.5799999999999983,-3.1599999999999966,11.0
966,2a688dce9ee3f6910a66c8306e45a673347e6c2da97ca4f612e37eadc34f421f,0.002,False,6.0,5.0,1.7199999999999989,1.0200000000000031,3.280000000000001,1.0
967,25a60f0b59f103ebf782a31f94bb569d897a652a0bc1bd95c5cdc5521418b843,0.002,True,8.0,8.0,0.8599999999999994,1.8800000000000026,7.140000000000001,0.0
968,76fd1e2470419b464aa575afb0710800da330763a86d4deb65102df4412cfb61,0.002,False,9.0,0.0,1.5600000000000023,1.1799999999999997,-1.5600000000000023,9.0
969,25a60f0b59f103ebf782a31f94bb569d897a652a0bc1bd95c5cdc5521418b843,0.002,True,9.0,7.0,2.619999999999998,0.11999999999999744,4.380000000000003,2.0
970,25a60f0b59f103ebf782a31f94bb569d897a652a0bc1bd95c5cdc5521418b843,0.002,True,11.0,5.0,0.4399999999999977,2.299999999999997,4.560000000000002,6.0
971,25a60f0b59f103ebf782a31f94bb569d897a652a0bc1bd95c5cdc5521418b843,0.002,True,11.0,5.0,-0.38000000000000256,3.119999999999998,5.380000000000003,6.0
972,f6856a3437439e58b35ad8fedba5c2f1cabd89bb5550dc0db11d0fd01247215d,0.002,False,9.0,-1.0,-0.9600000000000009,3.700000000000003,-0.03999999999999915,10.0
973,25a60f0b59f103ebf782a31f94bb569d897a652a0bc1bd95c5cdc5521418b843,0.002,True,9.0,7.0,1.3599999999999994,1.3800000000000026,5.640000000000001,2.0
974,25a60f0b59f103ebf782a31f94bb569d897a652a0bc1bd95c5cdc5521418b843,0.002,True,9.0,7.0,1.3400000000000034,1.3999999999999986,5.659999999999997,2.0
975,18e38dc4225a11e2a43c1a7abd32ddeea5ac0a0bcf35f6f5854fbf708e98f5ca,0.002,False,9.0,-1.0,0.6000000000000014,2.1400000000000006,-1.6000000000000014,10.0
976,25a60f0b59f103ebf782a31f94bb569d897a652a0bc1bd95c5cdc5521418b843,0.002,True,8.0,8.0,1.4399999999999977,1.2999999999999972,6.560000000000002,0.0
977,25a60f0b59f103ebf782a31f94bb569d897a652a0bc1bd95c5cdc5521418b843,0.002,True,9.0,7.0,-0.7000000000000028,3.4399999999999977,7.700000000000003,2.0
978,25a60f0b59f103ebf782a31f94bb569d897a652a0bc1bd95c5cdc5521418b843,0.002,True,9.0,7.0,0.240000000000002,2.5,6.759999999999998,2.0
979,25a60f0b59f103ebf782a31f94bb569d897a652a0bc1bd95c5cdc5521418b843,0.002,True,12.0,4.0,-1.2199999999999989,3.9600000000000013,5.219999999999999,8.0
980,25a60f0b59f103ebf782a31f94bb569d897a652a0bc1bd95c5cdc5521418b843,0.002,True,8.0,8.0,1.7999999999999972,0.9399999999999977,6.200000000000003,0.0
981,25a60f0b59f103ebf782a31f94bb569d897a652a0bc1bd95c5cdc5521418b843,0.002,True,4.0,12.0,2.899999999999999,-0.1599999999999966,9.100000000000001,-8.0
982,25a60f0b59f103ebf782a31f94bb569d897a652a0bc1bd95c5cdc5521418b843,0.002,True,8.0,8.0,0.7999999999999972,1.9399999999999977,7.200000000000003,0.0
983,25a60f0b59f103ebf782a31f94bb569d897a652a0bc1bd95c5cdc5521418b843,0.002,True,8.0,8.0,1.8200000000000003,0.9200000000000017,6.18,0.0
984,25a60f0b59f103ebf782a31f94bb569d897a652a0bc1bd95c5cdc5521418b843,0.002,True,7.0,9.0,1.4399999999999977,1.2999999999999972,7.560000000000002,-2.0
985,25a60f0b59f103ebf782a31f94bb569d897a652a0bc1bd95c5cdc5521418b843,0.002,True,5.0,11.0,3.100000000000001,-0.35999999999999943,7.899999999999999,-6.0
986,25a60f0b59f103ebf782a31f94bb569d897a652a0bc1bd95c5cdc5521418b843,0.002,True,7.0,9.0,2.899999999999999,-0.1599999999999966,6.100000000000001,-2.0
987,ab90b43f348253a578dcb95935f52c00eb11253a5d50f45fb540cf45626d0620,0.002,False,5.0,3.0,1.740000000000002,1.0,1.259999999999998,2.0
988,25a60f0b59f103ebf782a31f94bb569d897a652a0bc1bd95c5cdc5521418b843,0.002,True,8.0,8.0,1.6599999999999966,1.0799999999999983,6.340000000000003,0.0
989,76fd1e2470419b464aa575afb0710800da330763a86d4deb65102df4412cfb61,0.002,False,7.0,2.0,3.5200000000000036,-0.7800000000000011,-1.5200000000000036,5.0
990,25a60f0b59f103ebf782a31f94bb569d897a652a0bc1bd95c5cdc5521418b843,0.002,True,6.0,10.0,2.9399999999999977,-0.20000000000000284,7.060000000000002,-4.0
991,25a60f0b59f103ebf782a31f94bb569d897a652a0bc1bd95c5cdc5521418b843,0.002,True,9.0,7.0,2.3400000000000034,0.3999999999999986,4.659999999999997,2.0
992,2a688dce9ee3f6910a66c8306e45a673347e6c2da97ca4f612e37eadc34f421f,0.002,False,9.0,2.0,0.6199999999999974,2.1199999999999974,1.3800000000000026,7.0
993,25a60f0b59f103ebf782a31f94bb569d897a652a0bc1bd95c5cdc5521418b843,0.002,True,6.0,10.0,4.299999999999997,-1.5600000000000023,5.700000000000003,-4.0
994,25a60f0b59f103ebf782a31f94bb569d897a652a0bc1bd95c5cdc5521418b843,0.002,True,14.0,2.0,-1.1599999999999966,3.899999999999999,3.1599999999999966,12.0
995,25a60f0b59f103ebf782a31f94bb569d897a652a0bc1bd95c5cdc5521418b843,0.002,True,10.0,6.0,0.5200000000000031,2.219999999999999,5.479999999999997,4.0
996,25a60f0b59f103ebf782a31f94bb569d897a652a0bc1bd95c5cdc5521418b843,0.002,True,10.0,6.0,0.35999999999999943,2.3800000000000026,5.640000000000001,4.0
997,25a60f0b59f103ebf782a31f94bb569d897a652a0bc1bd95c5cdc5521418b843,0.002,True,8.0,8.0,2.6599999999999966,0.0799999999999983,5.340000000000003,0.0
998,25a60f0b59f103ebf782a31f94bb569d897a652a0bc1bd95c5cdc5521418b843,0.002,True,9.0,7.0,1.2999999999999972,1.4399999999999977,5.700000000000003,2.0
999,f6856a3437439e58b35ad8fedba5c2f1cabd89bb5550dc0db11d0fd01247215d,0.002,False,6.0,2.0,1.9600000000000009,0.7800000000000011,0.03999999999999915,4.0
1000,25a60f0b59f103ebf782a31f94bb569d897a652a0bc1bd95c5cdc5521418b843,0.002,True,12.0,4.0,-0.46000000000000085,3.200000000000003,4.460000000000001,8.0
1001,25a60f0b59f103ebf782a31f94bb569d897a652a0bc1bd95c5cdc5521418b843,0.002,True,9.0,7.0,1.6400000000000006,1.1000000000000014,5.359999999999999,2.0
1002,b93b3e639207b61066839c0c4c5d4b187f3648ac0893403e393788147d3cf641,0.002,False,6.0,1.0,2.539999999999999,0.20000000000000284,-1.5399999999999991,5.0
1003,25a60f0b59f103ebf782a31f94bb569d897a652a0bc1bd95c5cdc5521418b843,0.002,True,8.0,8.0,0.6000000000000014,2.1400000000000006,7.399999999999999,0.0
1004,25a60f0b59f103ebf782a31f94bb569d897a652a0bc1bd95c5cdc5521418b843,0.002,True,5.0,11.0,2.9799999999999964,-0.240000000000002,8.020000000000003,-6.0
1005,ab90b43f348253a578dcb95935f52c00eb11253a5d50f45fb540cf45626d0620,0.002,False,6.0,2.0,1.7999999999999972,0.9399999999999977,0.20000000000000284,4.0
1006,18e38dc4225a11e2a43c1a7abd32ddeea5ac0a0bcf35f6f5854fbf708e98f5ca,0.002,False,8.0,0.0,1.3800000000000026,1.3599999999999994,-1.3800000000000026,8.0
1007,f6856a3437439e58b35ad8fedba5c2f1cabd89bb5550dc0db11d0fd01247215d,0.002,False,8.0,0.0,0.740000000000002,2.0,-0.740000000000002,8.0
1008,76fd1e2470419b464aa575afb0710800da330763a86d4deb65102df4412cfb61,0.002,False,7.0,2.0,2.299999999999997,0.4399999999999977,-0.29999999999999716,5.0
1009,25a60f0b59f103ebf782a31f94bb569d897a652a0bc1bd95c5cdc5521418b843,0.002,True,8.0,8.0,1.0200000000000031,1.7199999999999989,6.979999999999997,0.0
1010,25a60f0b59f103ebf782a31f94bb569d897a652a0bc1bd95c5cdc5521418b843,0.002,True,7.0,9.0,1.7999999999999972,0.9399999999999977,7.200000000000003,-2.0
1011,25a60f0b59f103ebf782a31f94bb569d897a652a0bc1bd95c5cdc5521418b843,0.002,True,11.0,5.0,1.8400000000000034,0.8999999999999986,3.1599999999999966,6.0
1012,f6856a3437439e58b35ad8fedba5c2f1cabd89bb5550dc0db11d0fd01247215d,0.002,False,6.0,2.0,1.5200000000000031,1.2199999999999989,0.4799999999999969,4.0
1013,25a60f0b59f103ebf782a31f94bb569d897a652a0bc1bd95c5cdc5521418b843,0.002,True,15.0,1.0,0.17999999999999972,2.5600000000000023,0.8200000000000003,14.0
1014,18e38dc4225a11e2a43c1a7abd32ddeea5ac0a0bcf35f6f5854fbf708e98f5ca,0.002,False,10.0,-2.0,-0.259999999999998,3.0,-1.740000000000002,12.0
1015,ab90b43f348253a578dcb95935f52c00eb11253a5d50f45fb540cf45626d0620,0.002,False,6.0,2.0,1.3200000000000003,1.4200000000000017,0.6799999999999997,4.0
1016,2a688dce9ee3f6910a66c8306e45a673347e6c2da97ca4f612e37eadc34f421f,0.002,False,7.0,4.0,1.9799999999999969,0.759999999999998,2.020000000000003,3.0
1017,76fd1e2470419b464aa575afb0710800da330763a86d4deb65102df4412cfb61,0.002,False,5.0,4.0,4.600000000000001,-1.8599999999999994,-0.6000000000000014,1.0
1018,f6856a3437439e58b35ad8fedba5c2f1cabd89bb5550dc0db11d0fd01247215d,0.002,False,7.0,1.0,1.1799999999999997,1.5600000000000023,-0.17999999999999972,6.0
1019,2a688dce9ee3f6910a66c8306e45a673347e6c2da97ca4f612e37eadc34f421f,0.002,False,7.0,4.0,0.5600000000000023,2.1799999999999997,3.4399999999999977,3.0
1020,25a60f0b59f103ebf782a31f94bb569d897a652a0bc1bd95c5cdc5521418b843,0.002,True,5.0,11.0,1.3999999999999986,1.3400000000000034,9.600000000000001,-6.0
1021,2a688dce9ee3f6910a66c8306e45a673347e6c2da97ca4f612e37eadc34f421f,0.002,False,8.0,3.0,1.1000000000000014,1.6400000000000006,1.8999999999999986,5.0
1022,25a60f0b59f103ebf782a31f94bb569d897a652a0bc1bd95c5cdc5521418b843,0.002,True,8.0,8.0,0.7999999999999972,1.9399999999999977,7.200000000000003,0.0
1023,ab90b43f348253a578dcb95935f52c00eb11253a5d50f45fb540cf45626d0620,0.002,False,8.0,0.0,0.3200000000000003,2.4200000000000017,-0.3200000000000003,8.0
1024,25a60f0b59f103ebf782a31f94bb569d897a652a0bc1bd95c5cdc5521418b843,0.002,True,11.0,5.0,-1.0,3.7400000000000024,6.0,6.0
1025,76fd1e2470419b464aa575afb0710800da330763a86d4deb65102df4412cfb61,0.002,False,9.0,0.0,1.0399999999999991,1.7000000000000028,-1.0399999999999991,9.0
1026,25a60f0b59f103ebf782a31f94bb569d897a652a0bc1bd95c5cdc5521418b843,0.002,True,10.0,6.0,0.3999999999999986,2.3400000000000034,5.600000000000001,4.0
1027,25a60f0b59f103ebf782a31f94bb569d897a652a0bc1bd95c5cdc5521418b843,0.002,True,6.0,10.0,1.2800000000000011,1.4600000000000009,8.719999999999999,-4.0
1028,25a60f0b59f103ebf782a31f94bb569d897a652a0bc1bd95c5cdc5521418b843,0.002,True,9.0,7.0,0.7800000000000011,1.9600000000000009,6.219999999999999,2.0
1029,25a60f0b59f103ebf782a31f94bb569d897a652a0bc1bd95c5cdc5521418b843,0.002,True,7.0,9.0,1.7199999999999989,1.0200000000000031,7.280000000000001,-2.0
1030,2a688dce9ee3f6910a66c8306e45a673347e6c2da97ca4f612e37eadc34f421f,0.002,False,7.0,4.0,1.3400000000000034,1.3999999999999986,2.6599999999999966,3.0
1031,25a60f0b59f103ebf782a31f94bb569d897a652a0bc1bd95c5cdc5521418b843,0.002,True,7.0,9.0,1.7999999999999972,0.9399999999999977,7.200000000000003,-2.0
1032,25a60f0b59f103ebf782a31f94bb569d897a652a0bc1bd95c5cdc5521418b843,0.002,True,5.0,11.0,3.100000000000001,-0.35999999999999943,7.899999999999999,-6.0
1033,18e38dc4225a11e2a43c1a7abd32ddeea5ac0a0bcf35f6f5854fbf708e98f5ca,0.002,False,7.0,1.0,0.6000000000000014,2.1400000000000006,0.3999999999999986,6.0
1034,2a688dce9ee3f6910a66c8306e45a673347e6c2da97ca4f612e37eadc34f421f,0.002,False,9.0,2.0,2.1199999999999974,0.6199999999999974,-0.11999999999999744,7.0
1035,9b314dbaab24207ccb63b6994337f27fd505f1c0ef868166102def484737fe46,0.001,False,6.0,1.0,2.1400000000000006,0.6000000000000014,-1.1400000000000006,5.0
1036,25a60f0b59f103ebf782a31f94bb569d897a652a0bc1bd95c5cdc5521418b843,0.002,True,8.0,8.0,0.9200000000000017,1.8200000000000003,7.079999999999998,0.0
1037,25a60f0b59f103ebf782a31f94bb569d897a652a0bc1bd95c5cdc5521418b843,0.002,True,10.0,6.0,0.8400000000000034,1.8999999999999986,5.159999999999997,4.0
1038,25a60f0b59f103ebf782a31f94bb569d897a652a0bc1bd95c5cdc5521418b843,0.002,True,11.0,5.0,0.3999999999999986,2.3400000000000034,4.600000000000001,6.0
1039,25a60f0b59f103ebf782a31f94bb569d897a652a0bc1bd95c5cdc5521418b843,0.002,True,6.0,10.0,2.799999999999997,-0.060000000000002274,7.200000000000003,-4.0
1040,ab90b43f348253a578dcb95935f52c00eb11253a5d50f45fb540cf45626d0620,0.002,False,4.0,4.0,3.5799999999999983,-0.8400000000000034,0.4200000000000017,0.0
1041,76fd1e2470419b464aa575afb0710800da330763a86d4deb65102df4412cfb61,0.002,False,6.0,3.0,3.18,-0.4399999999999977,-0.18000000000000016,3.0
1042,25a60f0b59f103ebf782a31f94bb569d897a652a0bc1bd95c5cdc5521418b843,0.002,True,5.0,11.0,2.799999999999997,-0.060000000000002274,8.200000000000003,-6.0
1043,25a60f0b59f103ebf782a31f94bb569d897a652a0bc1bd95c5cdc5521418b843,0.002,True,6.0,10.0,3.200000000000003,-0.46000000000000085,6.799999999999997,-4.0
1044,25a60f0b59f103ebf782a31f94bb569d897a652a0bc1bd95c5cdc5521418b843,0.002,True,5.0,11.0,2.0799999999999983,0.6599999999999966,8.920000000000002,-6.0
1045,25a60f0b59f103ebf782a31f94bb569d897a652a0bc1bd95c5cdc5521418b843,0.002,True,9.0,7.0,0.020000000000003126,2.719999999999999,6.979999999999997,2.0
1046,ab90b43f348253a578dcb95935f52c00eb11253a5d50f45fb540cf45626d0620,0.002,False,5.0,3.0,3.2599999999999976,-0.5200000000000031,-0.25999999999999757,2.0
1047,25a60f0b59f103ebf782a31f94bb569d897a652a0bc1bd95c5cdc5521418b843,0.002,True,9.0,7.0,1.1400000000000006,1.6000000000000014,5.859999999999999,2.0
1048,25a60f0b59f103ebf782a31f94bb569d897a652a0bc1bd95c5cdc5521418b843,0.002,True,8.0,8.0,1.6199999999999974,1.1199999999999974,6.380000000000003,0.0
1049,25a60f0b59f103ebf782a31f94bb569d897a652a0bc1bd95c5cdc5521418b843,0.002,True,9.0,7.0,0.9600000000000009,1.7800000000000011,6.039999999999999,2.0
1050,25a60f0b59f103ebf782a31f94bb569d897a652a0bc1bd95c5cdc5521418b843,0.002,True,6.0,10.0,3.0200000000000036,-0.28000000000000114,6.979999999999997,-4.0
1051,ab90b43f348253a578dcb95935f52c00eb11253a5d50f45fb540cf45626d0620,0.002,False,6.0,2.0,2.5600000000000023,0.17999999999999972,-0.5600000000000023,4.0
1052,25a60f0b59f103ebf782a31f94bb569d897a652a0bc1bd95c5cdc5521418b843,0.002,True,8.0,8.0,2.3400000000000034,0.3999999999999986,5.659999999999997,0.0
1053,25a60f0b59f103ebf782a31f94bb569d897a652a0bc1bd95c5cdc5521418b843,0.002,True,10.0,6.0,0.28000000000000114,2.460000000000001,5.719999999999999,4.0
1054,25a60f0b59f103ebf782a31f94bb569d897a652a0bc1bd95c5cdc5521418b843,0.002,True,14.0,2.0,-1.2999999999999972,4.039999999999999,3.299999999999997,12.0
1055,ab90b43f348253a578dcb95935f52c00eb11253a5d50f45fb540cf45626d0620,0.002,False,6.0,2.0,0.8599999999999994,1.8800000000000026,1.1400000000000006,4.0
1056,18e38dc4225a11e2a43c1a7abd32ddeea5ac0a0bcf35f6f5854fbf708e98f5ca,0.002,False,5.0,3.0,1.6599999999999966,1.0799999999999983,1.3400000000000034,2.0
1057,25a60f0b59f103ebf782a31f94bb569d897a652a0bc1bd95c5cdc5521418b843,0.002,True,10.0,6.0,0.740000000000002,2.0,5.259999999999998,4.0
1058,76fd1e2470419b464aa575afb0710800da330763a86d4deb65102df4412cfb61,0.002,False,9.0,0.0,0.46000000000000085,2.280000000000001,-0.46000000000000085,9.0
1059,25a60f0b59f103ebf782a31f94bb569d897a652a0bc1bd95c5cdc5521418b843,0.002,True,10.0,6.0,0.3999999999999986,2.3400000000000034,5.600000000000001,4.0
1060,25a60f0b59f103ebf782a31f94bb569d897a652a0bc1bd95c5cdc5521418b843,0.002,True,9.0,7.0,0.7999999999999972,1.9399999999999977,6.200000000000003,2.0
1061,25a60f0b59f103ebf782a31f94bb569d897a652a0bc1bd95c5cdc5521418b843,0.002,True,7.0,9.0,1.6799999999999997,1.0600000000000023,7.32,-2.0
1062,25a60f0b59f103ebf782a31f94bb569d897a652a0bc1bd95c5cdc5521418b843,0.002,True,12.0,4.0,0.4399999999999977,2.299999999999997,3.5600000000000023,8.0
1063,25a60f0b59f103ebf782a31f94bb569d897a652a0bc1bd95c5cdc5521418b843,0.002,True,7.0,9.0,2.8400000000000034,-0.10000000000000142,6.159999999999997,-2.0
1064,25a60f0b59f103ebf782a31f94bb569d897a652a0bc1bd95c5cdc5521418b843,0.002,True,8.0,8.0,0.6400000000000006,2.1000000000000014,7.359999999999999,0.0
1065,f6856a3437439e58b35ad8fedba5c2f1cabd89bb5550dc0db11d0fd01247215d,0.002,False,5.0,3.0,2.700000000000003,0.03999999999999915,0.29999999999999716,2.0
1066,ab90b43f348253a578dcb95935f52c00eb11253a5d50f45fb540cf45626d0620,0.002,False,6.0,2.0,1.8200000000000003,0.9200000000000017,0.17999999999999972,4.0
1067,25a60f0b59f103ebf782a31f94bb569d897a652a0bc1bd95c5cdc5521418b843,0.002,True,11.0,5.0,-1.2999999999999972,4.039999999999999,6.299999999999997,6.0
1068,25a60f0b59f103ebf782a31f94bb569d897a652a0bc1bd95c5cdc5521418b843,0.002,True,7.0,9.0,1.5399999999999991,1.2000000000000028,7.460000000000001,-2.0
1069,25a60f0b59f103ebf782a31f94bb569d897a652a0bc1bd95c5cdc5521418b843,0.002,True,6.0,10.0,2.9799999999999964,-0.240000000000002,7.020000000000003,-4.0
1070,76fd1e2470419b464aa575afb0710800da330763a86d4deb65102df4412cfb61,0.002,False,7.0,2.0,1.3200000000000003,1.4200000000000017,0.6799999999999997,5.0
1071,25a60f0b59f103ebf782a31f94bb569d897a652a0bc1bd95c5cdc5521418b843,0.002,True,13.0,3.0,-1.6799999999999997,4.420000000000002,4.68,10.0
1072,25a60f0b59f103ebf782a31f94bb569d897a652a0bc1bd95c5cdc5521418b843,0.002,True,8.0,8.0,0.5399999999999991,2.200000000000003,7.460000000000001,0.0
1073,25a60f0b59f103ebf782a31f94bb569d897a652a0bc1bd95c5cdc5521418b843,0.002,True,11.0,5.0,0.9200000000000017,1.8200000000000003,4.079999999999998,6.0
1074,25a60f0b59f103ebf782a31f94bb569d897a652a0bc1bd95c5cdc5521418b843,0.002,True,9.0,7.0,0.6199999999999974,2.1199999999999974,6.380000000000003,2.0
1075,25a60f0b59f103ebf782a31f94bb569d897a652a0bc1bd95c5cdc5521418b843,0.002,True,10.0,6.0,1.6400000000000006,1.1000000000000014,4.359999999999999,4.0
1076,76fd1e2470419b464aa575afb0710800da330763a86d4deb65102df4412cfb61,0.002,False,9.0,0.0,-0.46000000000000085,3.200000000000003,0.46000000000000085,9.0
1077,25a60f0b59f103ebf782a31f94bb569d897a652a0bc1bd95c5cdc5521418b843,0.002,True,8.0,8.0,1.5200000000000031,1.2199999999999989,6.479999999999997,0.0
1078,25a60f0b59f103ebf782a31f94bb569d897a652a0bc1bd95c5cdc5521418b843,0.002,True,9.0,7.0,0.29999999999999716,2.4399999999999977,6.700000000000003,2.0
1079,25a60f0b59f103ebf782a31f94bb569d897a652a0bc1bd95c5cdc5521418b843,0.002,True,9.0,7.0,1.2199999999999989,1.5200000000000031,5.780000000000001,2.0
1080,25a60f0b59f103ebf782a31f94bb569d897a652a0bc1bd95c5cdc5521418b843,0.002,True,11.0,5.0,0.20000000000000284,2.539999999999999,4.799999999999997,6.0
1081,25a60f0b59f103ebf782a31f94bb569d897a652a0bc1bd95c5cdc5521418b843,0.002,True,5.0,11.0,2.0799999999999983,0.6599999999999966,8.920000000000002,-6.0
1082,25a60f0b59f103ebf782a31f94bb569d897a652a0bc1bd95c5cdc5521418b843,0.002,True,9.0,7.0,-0.20000000000000284,2.9399999999999977,7.200000000000003,2.0
1083,25a60f0b59f103ebf782a31f94bb569d897a652a0bc1bd95c5cdc5521418b843,0.002,True,5.0,11.0,3.32,-0.5799999999999983,7.68,-6.0
1084,25a60f0b59f103ebf782a31f94bb569d897a652a0bc1bd95c5cdc5521418b843,0.002,True,12.0,4.0,-0.4799999999999969,3.219999999999999,4.479999999999997,8.0
1085,18e38dc4225a11e2a43c1a7abd32ddeea5ac0a0bcf35f6f5854fbf708e98f5ca,0.002,False,9.0,-1.0,0.6000000000000014,2.1400000000000006,-1.6000000000000014,10.0
1086,25a60f0b59f103ebf782a31f94bb569d897a652a0bc1bd95c5cdc5521418b843,0.002,True,9.0,7.0,2.039999999999999,0.7000000000000028,4.960000000000001,2.0
1087,76fd1e2470419b464aa575afb0710800da330763a86d4deb65102df4412cfb61,0.002,False,3.0,6.0,3.9399999999999977,-1.2000000000000028,2.0600000000000023,-3.0
1088,25a60f0b59f103ebf782a31f94bb569d897a652a0bc1bd95c5cdc5521418b843,0.002,True,10.0,6.0,0.6599999999999966,2.0799999999999983,5.340000000000003,4.0
1089,d57523a1ce45d74f69d618053a3cb8d0526b46e2798dba5cbb96086599cb54ea,0.001,False,4.0,-2.0,2.259999999999998,0.4799999999999969,-4.259999999999998,6.0
1090,25a60f0b59f103ebf782a31f94bb569d897a652a0bc1bd95c5cdc5521418b843,0.002,True,6.0,10.0,3.0799999999999983,-0.3400000000000034,6.920000000000002,-4.0
1091,18e38dc4225a11e2a43c1a7abd32ddeea5ac0a0bcf35f6f5854fbf708e98f5ca,0.002,False,9.0,-1.0,0.6400000000000006,2.1000000000000014,-1.6400000000000006,10.0
1092,25a60f0b59f103ebf782a31f94bb569d897a652a0bc1bd95c5cdc5521418b843,0.002,True,6.0,10.0,2.880000000000002,-0.14000000000000057,7.119999999999997,-4.0
1093,25a60f0b59f103ebf782a31f94bb569d897a652a0bc1bd95c5cdc5521418b843,0.002,True,12.0,4.0,-0.020000000000003126,2.7599999999999976,4.020000000000003,8.0
1094,25a60f0b59f103ebf782a31f94bb569d897a652a0bc1bd95c5cdc5521418b843,0.002,True,8.0,8.0,2.7599999999999976,-0.020000000000003126,5.240000000000002,0.0
1095,25a60f0b59f103ebf782a31f94bb569d897a652a0bc1bd95c5cdc5521418b843,0.002,True,7.0,9.0,1.0200000000000031,1.7199999999999989,7.979999999999997,-2.0
1096,25a60f0b59f103ebf782a31f94bb569d897a652a0bc1bd95c5cdc5521418b843,0.002,True,9.0,7.0,-0.28000000000000114,3.0200000000000036,7.280000000000001,2.0
1097,25a60f0b59f103ebf782a31f94bb569d897a652a0bc1bd95c5cdc5521418b843,0.002,True,9.0,7.0,1.4200000000000017,1.3200000000000003,5.579999999999998,2.0
1098,f6856a3437439e58b35ad8fedba5c2f1cabd89bb5550dc0db11d0fd01247215d,0.002,False,7.0,1.0,1.7999999999999972,0.9399999999999977,-0.7999999999999972,6.0
1099,25a60f0b59f103ebf782a31f94bb569d897a652a0bc1bd95c5cdc5521418b843,0.002,True,10.0,6.0,0.6599999999999966,2.0799999999999983,5.340000000000003,4.0
1100,25a60f0b59f103ebf782a31f94bb569d897a652a0bc1bd95c5cdc5521418b843,0.002,True,12.0,4.0,0.6599999999999966,2.0799999999999983,3.3400000000000034,8.0
1101,25a60f0b59f103ebf782a31f94bb569d897a652a0bc1bd95c5cdc5521418b843,0.002,True,14.0,2.0,-0.020000000000003126,2.7599999999999976,2.020000000000003,12.0
1102,25a60f0b59f103ebf782a31f94bb569d897a652a0bc1bd95c5cdc5521418b843,0.002,True,8.0,8.0,1.6199999999999974,1.1199999999999974,6.380000000000003,0.0
1103,25a60f0b59f103ebf782a31f94bb569d897a652a0bc1bd95c5cdc5521418b843,0.002,True,7.0,9.0,1.4799999999999969,1.259999999999998,7.520000000000003,-2.0
1104,25a60f0b59f103ebf782a31f94bb569d897a652a0bc1bd95c5cdc5521418b843,0.002,True,11.0,5.0,2.299999999999997,0.4399999999999977,2.700000000000003,6.0
1105,25a60f0b59f103ebf782a31f94bb569d897a652a0bc1bd95c5cdc5521418b843,0.002,True,8.0,8.0,1.6199999999999974,1.1199999999999974,6.380000000000003,0.0
1106,25a60f0b59f103ebf782a31f94bb569d897a652a0bc1bd95c5cdc5521418b843,0.002,True,6.0,10.0,3.18,-0.4399999999999977,6.82,-4.0
1107,25a60f0b59f103ebf782a31f94bb569d897a652a0bc1bd95c5cdc5521418b843,0.002,True,8.0,8.0,1.5799999999999983,1.1599999999999966,6.420000000000002,0.0
1108,b93b3e639207b61066839c0c4c5d4b187f3648ac0893403e393788147d3cf641,0.002,False,7.0,0.0,2.039999999999999,0.7000000000000028,-2.039999999999999,7.0
1109,25a60f0b59f103ebf782a31f94bb569d897a652a0bc1bd95c5cdc5521418b843,0.002,True,6.0,10.0,2.4200000000000017,0.3200000000000003,7.579999999999998,-4.0
1110,2a688dce9ee3f6910a66c8306e45a673347e6c2da97ca4f612e37eadc34f421f,0.002,False,8.0,3.0,2.479999999999997,0.259999999999998,0.5200000000000031,5.0
1111,25a60f0b59f103ebf782a31f94bb569d897a652a0bc1bd95c5cdc5521418b843,0.002,True,7.0,9.0,1.8999999999999986,0.8400000000000034,7.100000000000001,-2.0
1112,25a60f0b59f103ebf782a31f94bb569d897a652a0bc1bd95c5cdc5521418b843,0.002,True,8.0,8.0,2.1599999999999966,0.5799999999999983,5.840000000000003,0.0
1113,ef5ccd9e100038eaeca590bb86f90622b26afb602bebc9512c60f4a108b50adc,0.002,False,7.0,-4.0,0.20000000000000284,2.539999999999999,-4.200000000000003,11.0
1114,25a60f0b59f103ebf782a31f94bb569d897a652a0bc1bd95c5cdc5521418b843,0.002,True,10.0,6.0,1.2800000000000011,1.4600000000000009,4.719999999999999,4.0
1115,25a60f0b59f103ebf782a31f94bb569d897a652a0bc1bd95c5cdc5521418b843,0.002,True,9.0,7.0,1.1599999999999966,1.5799999999999983,5.840000000000003,2.0
1116,25a60f0b59f103ebf782a31f94bb569d897a652a0bc1bd95c5cdc5521418b843,0.002,True,7.0,9.0,1.6400000000000006,1.1000000000000014,7.359999999999999,-2.0
1117,2a688dce9ee3f6910a66c8306e45a673347e6c2da97ca4f612e37eadc34f421f,0.002,False,8.0,3.0,0.5600000000000023,2.1799999999999997,2.4399999999999977,5.0
1118,25a60f0b59f103ebf782a31f94bb569d897a652a0bc1bd95c5cdc5521418b843,0.002,True,7.0,9.0,4.5,-1.759999999999998,4.5,-2.0
1119,18e38dc4225a11e2a43c1a7abd32ddeea5ac0a0bcf35f6f5854fbf708e98f5ca,0.002,False,6.0,2.0,1.4800000000000006,1.259999999999998,0.5199999999999994,4.0
1120,25a60f0b59f103ebf782a31f94bb569d897a652a0bc1bd95c5cdc5521418b843,0.002,True,8.0,8.0,1.8599999999999994,0.8800000000000026,6.140000000000001,0.0
1121,25a60f0b59f103ebf782a31f94bb569d897a652a0bc1bd95c5cdc5521418b843,0.002,True,9.0,7.0,0.4200000000000017,2.3200000000000003,6.579999999999998,2.0
1122,25a60f0b59f103ebf782a31f94bb569d897a652a0bc1bd95c5cdc5521418b843,0.002,True,8.0,8.0,3.200000000000003,-0.46000000000000085,4.799999999999997,0.0
1123,25a60f0b59f103ebf782a31f94bb569d897a652a0bc1bd95c5cdc5521418b843,0.002,True,6.0,10.0,3.5600000000000023,-0.8200000000000003,6.439999999999998,-4.0
1124,661a2f1f1c8be0f7325fe0b664192bfa46380843fe52b675bf11075e1c265699,0.002,False,8.0,-3.0,0.8200000000000003,1.9200000000000017,-3.8200000000000003,11.0
1125,25a60f0b59f103ebf782a31f94bb569d897a652a0bc1bd95c5cdc5521418b843,0.002,True,10.0,6.0,0.6000000000000014,2.1400000000000006,5.399999999999999,4.0
1126,b93b3e639207b61066839c0c4c5d4b187f3648ac0893403e393788147d3cf641,0.002,False,6.0,1.0,1.2199999999999989,1.5200000000000031,-0.21999999999999886,5.0
1127,25a60f0b59f103ebf782a31f94bb569d897a652a0bc1bd95c5cdc5521418b843,0.002,True,8.0,8.0,0.9200000000000017,1.8200000000000003,7.079999999999998,0.0
1128,25a60f0b59f103ebf782a31f94bb569d897a652a0bc1bd95c5cdc5521418b843,0.002,True,9.0,7.0,1.5399999999999991,1.2000000000000028,5.460000000000001,2.0
1129,2a688dce9ee3f6910a66c8306e45a673347e6c2da97ca4f612e37eadc34f421f,0.002,False,9.0,2.0,1.5399999999999991,1.2000000000000028,0.46000000000000085,7.0
1130,25a60f0b59f103ebf782a31f94bb569d897a652a0bc1bd95c5cdc5521418b843,0.002,True,7.0,9.0,1.4600000000000009,1.2800000000000011,7.539999999999999,-2.0
1131,25a60f0b59f103ebf782a31f94bb569d897a652a0bc1bd95c5cdc5521418b843,0.002,True,7.0,9.0,3.0,-0.259999999999998,6.0,-2.0
1132,25a60f0b59f103ebf782a31f94bb569d897a652a0bc1bd95c5cdc5521418b843,0.002,True,8.0,8.0,2.020000000000003,0.7199999999999989,5.979999999999997,0.0
1133,25a60f0b59f103ebf782a31f94bb569d897a652a0bc1bd95c5cdc5521418b843,0.002,True,8.0,8.0,0.759999999999998,1.9799999999999969,7.240000000000002,0.0
1134,25a60f0b59f103ebf782a31f94bb569d897a652a0bc1bd95c5cdc5521418b843,0.002,True,8.0,8.0,1.0600000000000023,1.6799999999999997,6.939999999999998,0.0
1135,25a60f0b59f103ebf782a31f94bb569d897a652a0bc1bd95c5cdc5521418b843,0.002,True,5.0,11.0,4.600000000000001,-1.8599999999999994,6.399999999999999,-6.0
1136,25a60f0b59f103ebf782a31f94bb569d897a652a0bc1bd95c5cdc5521418b843,0.002,True,8.0,8.0,2.3599999999999994,0.38000000000000256,5.640000000000001,0.0
1137,25a60f0b59f103ebf782a31f94bb569d897a652a0bc1bd95c5cdc5521418b843,0.002,True,7.0,9.0,1.1199999999999974,1.6199999999999974,7.880000000000003,-2.0
1138,76fd1e2470419b464aa575afb0710800da330763a86d4deb65102df4412cfb61,0.002,False,6.0,3.0,2.719999999999999,0.020000000000003126,0.28000000000000114,3.0
1139,25a60f0b59f103ebf782a31f94bb569d897a652a0bc1bd95c5cdc5521418b843,0.002,True,10.0,6.0,0.5399999999999991,2.200000000000003,5.460000000000001,4.0
1140,25a60f0b59f103ebf782a31f94bb569d897a652a0bc1bd95c5cdc5521418b843,0.002,True,10.0,6.0,0.9799999999999969,1.759999999999998,5.020000000000003,4.0
1141,25a60f0b59f103ebf782a31f94bb569d897a652a0bc1bd95c5cdc5521418b843,0.002,True,11.0,5.0,2.1000000000000014,0.6400000000000006,2.8999999999999986,6.0
1142,18e38dc4225a11e2a43c1a7abd32ddeea5ac0a0bcf35f6f5854fbf708e98f5ca,0.002,False,9.0,-1.0,0.4799999999999969,2.259999999999998,-1.4799999999999969,10.0
1143,2a688dce9ee3f6910a66c8306e45a673347e6c2da97ca4f612e37eadc34f421f,0.002,False,6.0,5.0,2.4399999999999977,0.29999999999999716,2.5600000000000023,1.0
1144,25a60f0b59f103ebf782a31f94bb569d897a652a0bc1bd95c5cdc5521418b843,0.002,True,10.0,6.0,0.38000000000000256,2.3599999999999994,5.619999999999997,4.0
1145,25a60f0b59f103ebf782a31f94bb569d897a652a0bc1bd95c5cdc5521418b843,0.002,True,7.0,9.0,2.1599999999999966,0.5799999999999983,6.840000000000003,-2.0
1146,2a688dce9ee3f6910a66c8306e45a673347e6c2da97ca4f612e37eadc34f421f,0.002,False,7.0,4.0,3.619999999999998,-0.8800000000000026,0.3800000000000021,3.0
1147,76fd1e2470419b464aa575afb0710800da330763a86d4deb65102df4412cfb61,0.002,False,8.0,1.0,1.0,1.740000000000002,0.0,7.0
1148,25a60f0b59f103ebf782a31f94bb569d897a652a0bc1bd95c5cdc5521418b843,0.002,True,8.0,8.0,0.4399999999999977,2.299999999999997,7.560000000000002,0.0
1149,25a60f0b59f103ebf782a31f94bb569d897a652a0bc1bd95c5cdc5521418b843,0.002,True,11.0,5.0,-0.6799999999999997,3.4200000000000017,5.68,6.0
1150,25a60f0b59f103ebf782a31f94bb569d897a652a0bc1bd95c5cdc5521418b843,0.002,True,7.0,9.0,2.880000000000002,-0.14000000000000057,6.119999999999997,-2.0
1151,25a60f0b59f103ebf782a31f94bb569d897a652a0bc1bd95c5cdc5521418b843,0.002,True,11.0,5.0,-1.2000000000000028,3.9399999999999977,6.200000000000003,6.0
1152,25a60f0b59f103ebf782a31f94bb569d897a652a0bc1bd95c5cdc5521418b843,0.002,True,10.0,6.0,0.7000000000000028,2.039999999999999,5.299999999999997,4.0
1153,25a60f0b59f103ebf782a31f94bb569d897a652a0bc1bd95c5cdc5521418b843,0.002,True,4.0,12.0,3.380000000000002,-0.6400000000000006,8.619999999999997,-8.0
1154,25a60f0b59f103ebf782a31f94bb569d897a652a0bc1bd95c5cdc5521418b843,0.002,True,10.0,6.0,1.0399999999999991,1.7000000000000028,4.960000000000001,4.0
1155,25a60f0b59f103ebf782a31f94bb569d897a652a0bc1bd95c5cdc5521418b843,0.002,True,11.0,5.0,1.2199999999999989,1.5200000000000031,3.780000000000001,6.0
1156,25a60f0b59f103ebf782a31f94bb569d897a652a0bc1bd95c5cdc5521418b843,0.002,True,6.0,10.0,2.8400000000000034,-0.10000000000000142,7.159999999999997,-4.0
1157,ab90b43f348253a578dcb95935f52c00eb11253a5d50f45fb540cf45626d0620,0.002,False,6.0,2.0,1.6199999999999974,1.1199999999999974,0.38000000000000256,4.0
1158,25a60f0b59f103ebf782a31f94bb569d897a652a0bc1bd95c5cdc5521418b843,0.002,True,8.0,8.0,0.20000000000000284,2.539999999999999,7.799999999999997,0.0
1159,2a688dce9ee3f6910a66c8306e45a673347e6c2da97ca4f612e37eadc34f421f,0.002,False,6.0,5.0,2.82,-0.0799999999999983,2.18,1.0
1160,25a60f0b59f103ebf782a31f94bb569d897a652a0bc1bd95c5cdc5521418b843,0.002,True,8.0,8.0,1.3200000000000003,1.4200000000000017,6.68,0.0
1161,25a60f0b59f103ebf782a31f94bb569d897a652a0bc1bd95c5cdc5521418b843,0.002,True,7.0,9.0,2.3400000000000034,0.3999999999999986,6.659999999999997,-2.0
1162,a3a9766514890add553eb639947da5ae68bd92450572e8ba728a23d86c0aea11,0.001,False,4.0,3.0,2.7599999999999976,-0.020000000000003126,0.24000000000000243,1.0
1163,25a60f0b59f103ebf782a31f94bb569d897a652a0bc1bd95c5cdc5521418b843,0.002,True,12.0,4.0,-0.020000000000003126,2.7599999999999976,4.020000000000003,8.0
1164,25a60f0b59f103ebf782a31f94bb569d897a652a0bc1bd95c5cdc5521418b843,0.002,True,5.0,11.0,2.299999999999997,0.4399999999999977,8.700000000000003,-6.0
1165,25a60f0b59f103ebf782a31f94bb569d897a652a0bc1bd95c5cdc5521418b843,0.002,True,7.0,9.0,2.799999999999997,-0.060000000000002274,6.200000000000003,-2.0
1166,25a60f0b59f103ebf782a31f94bb569d897a652a0bc1bd95c5cdc5521418b843,0.002,True,10.0,6.0,0.0,2.7400000000000024,6.0,4.0
1167,76fd1e2470419b464aa575afb0710800da330763a86d4deb65102df4412cfb61,0.002,False,4.0,5.0,3.380000000000002,-0.6400000000000006,1.6199999999999979,-1.0
1168,25a60f0b59f103ebf782a31f94bb569d897a652a0bc1bd95c5cdc5521418b843,0.002,True,8.0,8.0,2.3599999999999994,0.38000000000000256,5.640000000000001,0.0
1169,2a688dce9ee3f6910a66c8306e45a673347e6c2da97ca4f612e37eadc34f421f,0.002,False,8.0,3.0,1.6799999999999997,1.0600000000000023,1.3200000000000003,5.0
1170,76fd1e2470419b464aa575afb0710800da330763a86d4deb65102df4412cfb61,0.002,False,9.0,0.0,-0.10000000000000142,2.8400000000000034,0.10000000000000142,9.0
1171,25a60f0b59f103ebf782a31f94bb569d897a652a0bc1bd95c5cdc5521418b843,0.002,True,6.0,10.0,4.119999999999997,-1.3800000000000026,5.880000000000003,-4.0
1172,f6856a3437439e58b35ad8fedba5c2f1cabd89bb5550dc0db11d0fd01247215d,0.002,False,7.0,1.0,0.8800000000000026,1.8599999999999994,0.11999999999999744,6.0
1173,ef5ccd9e100038eaeca590bb86f90622b26afb602bebc9512c60f4a108b50adc,0.002,False,7.0,-4.0,0.8999999999999986,1.8400000000000034,-4.899999999999999,11.0
1174,18e38dc4225a11e2a43c1a7abd32ddeea5ac0a0bcf35f6f5854fbf708e98f5ca,0.002,False,9.0,-1.0,0.6000000000000014,2.1400000000000006,-1.6000000000000014,10.0
1175,76fd1e2470419b464aa575afb0710800da330763a86d4deb65102df4412cfb61,0.002,False,5.0,4.0,3.0600000000000023,-0.3200000000000003,0.9399999999999977,1.0
1176,2a688dce9ee3f6910a66c8306e45a673347e6c2da97ca4f612e37eadc34f421f,0.002,False,6.0,5.0,1.7000000000000028,1.0399999999999991,3.299999999999997,1.0
1177,25a60f0b59f103ebf782a31f94bb569d897a652a0bc1bd95c5cdc5521418b843,0.002,True,5.0,11.0,3.6400000000000006,-0.8999999999999986,7.359999999999999,-6.0
1178,25a60f0b59f103ebf782a31f94bb569d897a652a0bc1bd95c5cdc5521418b843,0.002,True,9.0,7.0,0.14000000000000057,2.600000000000001,6.859999999999999,2.0
1179,25a60f0b59f103ebf782a31f94bb569d897a652a0bc1bd95c5cdc5521418b843,0.002,True,8.0,8.0,1.8200000000000003,0.9200000000000017,6.18,0.0
1180,18e38dc4225a11e2a43c1a7abd32ddeea5ac0a0bcf35f6f5854fbf708e98f5ca,0.002,False,8.0,0.0,1.0200000000000031,1.7199999999999989,-1.0200000000000031,8.0
1181,22a7ea37d049fb3796d1d62374d85880b5088534ee983f628589c0cb8e859d91,0.002,False,6.0,-3.0,1.6599999999999966,1.0799999999999983,-4.659999999999997,9.0
1182,25a60f0b59f103ebf782a31f94bb569d897a652a0bc1bd95c5cdc5521418b843,0.002,True,10.0,6.0,0.3200000000000003,2.4200000000000017,5.68,4.0
1183,25a60f0b59f103ebf782a31f94bb569d897a652a0bc1bd95c5cdc5521418b843,0.002,True,6.0,10.0,2.799999999999997,-0.060000000000002274,7.200000000000003,-4.0
1184,ab90b43f348253a578dcb95935f52c00eb11253a5d50f45fb540cf45626d0620,0.002,False,6.0,2.0,2.1000000000000014,0.6400000000000006,-0.10000000000000142,4.0
1185,25a60f0b59f103ebf782a31f94bb569d897a652a0bc1bd95c5cdc5521418b843,0.002,True,11.0,5.0,0.5200000000000031,2.219999999999999,4.479999999999997,6.0
1186,2a688dce9ee3f6910a66c8306e45a673347e6c2da97ca4f612e37eadc34f421f,0.002,False,6.0,5.0,2.7400000000000024,0.0,2.2599999999999976,1.0
1187,25a60f0b59f103ebf782a31f94bb569d897a652a0bc1bd95c5cdc5521418b843,0.002,True,6.0,10.0,4.219999999999999,-1.4799999999999969,5.780000000000001,-4.0
1188,f6856a3437439e58b35ad8fedba5c2f1cabd89bb5550dc0db11d0fd01247215d,0.002,False,8.0,0.0,-0.28000000000000114,3.0200000000000036,0.28000000000000114,8.0
1189,25a60f0b59f103ebf782a31f94bb569d897a652a0bc1bd95c5cdc5521418b843,0.002,True,7.0,9.0,2.1599999999999966,0.5799999999999983,6.840000000000003,-2.0
1190,a3243ce7707a2a3682e9edb42f661751af7593e49dee8391462be0e0e7feca5b,0.002,False,8.0,-4.0,0.35999999999999943,2.3800000000000026,-4.359999999999999,12.0
1191,25a60f0b59f103ebf782a31f94bb569d897a652a0bc1bd95c5cdc5521418b843,0.002,True,8.0,8.0,2.539999999999999,0.20000000000000284,5.460000000000001,0.0
1192,2a688dce9ee3f6910a66c8306e45a673347e6c2da97ca4f612e37eadc34f421f,0.002,False,8.0,3.0,1.0799999999999983,1.6599999999999966,1.9200000000000017,5.0
1193,25a60f0b59f103ebf782a31f94bb569d897a652a0bc1bd95c5cdc5521418b843,0.002,True,7.0,9.0,3.0,-0.259999999999998,6.0,-2.0
1194,25a60f0b59f103ebf782a31f94bb569d897a652a0bc1bd95c5cdc5521418b843,0.002,True,11.0,5.0,1.3599999999999994,1.3800000000000026,3.6400000000000006,6.0
1195,25a60f0b59f103ebf782a31f94bb569d897a652a0bc1bd95c5cdc5521418b843,0.002,True,11.0,5.0,-0.5799999999999983,3.32,5.579999999999998,6.0
1196,25a60f0b59f103ebf782a31f94bb569d897a652a0bc1bd95c5cdc5521418b843,0.002,True,13.0,3.0,0.9399999999999977,1.7999999999999972,2.0600000000000023,10.0
1197,25a60f0b59f103ebf782a31f94bb569d897a652a0bc1bd95c5cdc5521418b843,0.002,True,7.0,9.0,0.7800000000000011,1.9600000000000009,8.219999999999999,-2.0
1198,2a688dce9ee3f6910a66c8306e45a673347e6c2da97ca4f612e37eadc34f421f,0.002,False,6.0,5.0,2.9399999999999977,-0.20000000000000284,2.0600000000000023,1.0
1199,25a60f0b59f103ebf782a31f94bb569d897a652a0bc1bd95c5cdc5521418b843,0.002,True,9.0,7.0,2.3200000000000003,0.4200000000000017,4.68,2.0
1200,ab90b43f348253a578dcb95935f52c00eb11253a5d50f45fb540cf45626d0620,0.002,False,7.0,1.0,0.9600000000000009,1.7800000000000011,0.03999999999999915,6.0
1201,2a688dce9ee3f6910a66c8306e45a673347e6c2da97ca4f612e37eadc34f421f,0.002,False,6.0,5.0,1.2999999999999972,1.4399999999999977,3.700000000000003,1.0
1202,25a60f0b59f103ebf782a31f94bb569d897a652a0bc1bd95c5cdc5521418b843,0.002,True,9.0,7.0,2.520000000000003,0.21999999999999886,4.479999999999997,2.0
1203,25a60f0b59f103ebf782a31f94bb569d897a652a0bc1bd95c5cdc5521418b843,0.002,True,8.0,8.0,2.799999999999997,-0.060000000000002274,5.200000000000003,0.0
1204,25a60f0b59f103ebf782a31f94bb569d897a652a0bc1bd95c5cdc5521418b843,0.002,True,6.0,10.0,2.4399999999999977,0.29999999999999716,7.560000000000002,-4.0
1205,2a688dce9ee3f6910a66c8306e45a673347e6c2da97ca4f612e37eadc34f421f,0.002,False,3.0,8.0,3.880000000000002,-1.1400000000000006,4.119999999999997,-5.0
1206,25a60f0b59f103ebf782a31f94bb569d897a652a0bc1bd95c5cdc5521418b843,0.002,True,5.0,11.0,2.7400000000000024,0.0,8.259999999999998,-6.0
1207,25a60f0b59f103ebf782a31f94bb569d897a652a0bc1bd95c5cdc5521418b843,0.002,True,4.0,12.0,2.7400000000000024,0.0,9.259999999999998,-8.0
1208,25a60f0b59f103ebf782a31f94bb569d897a652a0bc1bd95c5cdc5521418b843,0.002,True,10.0,6.0,0.6400000000000006,2.1000000000000014,5.359999999999999,4.0
1209,25a60f0b59f103ebf782a31f94bb569d897a652a0bc1bd95c5cdc5521418b843,0.002,True,6.0,10.0,2.1199999999999974,0.6199999999999974,7.880000000000003,-4.0
1210,25a60f0b59f103ebf782a31f94bb569d897a652a0bc1bd95c5cdc5521418b843,0.002,True,10.0,6.0,1.6000000000000014,1.1400000000000006,4.399999999999999,4.0
1211,2a688dce9ee3f6910a66c8306e45a673347e6c2da97ca4f612e37eadc34f421f,0.002,False,7.0,4.0,1.5799999999999983,1.1599999999999966,2.4200000000000017,3.0
1212,f6856a3437439e58b35ad8fedba5c2f1cabd89bb5550dc0db11d0fd01247215d,0.002,False,6.0,2.0,2.479999999999997,0.259999999999998,-0.4799999999999969,4.0
1213,25a60f0b59f103ebf782a31f94bb569d897a652a0bc1bd95c5cdc5521418b843,0.002,True,10.0,6.0,0.9600000000000009,1.7800000000000011,5.039999999999999,4.0
1214,2a688dce9ee3f6910a66c8306e45a673347e6c2da97ca4f612e37eadc34f421f,0.002,False,7.0,4.0,1.2199999999999989,1.5200000000000031,2.780000000000001,3.0
1215,25a60f0b59f103ebf782a31f94bb569d897a652a0bc1bd95c5cdc5521418b843,0.002,True,10.0,6.0,-0.9600000000000009,3.700000000000003,6.960000000000001,4.0
1216,76fd1e2470419b464aa575afb0710800da330763a86d4deb65102df4412cfb61,0.002,False,7.0,2.0,1.7199999999999989,1.0200000000000031,0.28000000000000114,5.0
1217,97b28df35b811f0a5dba92060bfa9d60f1cc23fb3123298c2b14a461bea2df00,0.002,False,6.0,-1.0,2.1000000000000014,0.6400000000000006,-3.1000000000000014,7.0
1218,f6856a3437439e58b35ad8fedba5c2f1cabd89bb5550dc0db11d0fd01247215d,0.002,False,6.0,2.0,1.240000000000002,1.5,0.759999999999998,4.0
1219,25a60f0b59f103ebf782a31f94bb569d897a652a0bc1bd95c5cdc5521418b843,0.002,True,7.0,9.0,2.0799999999999983,0.6599999999999966,6.920000000000002,-2.0
1220,25a60f0b59f103ebf782a31f94bb569d897a652a0bc1bd95c5cdc5521418b843,0.002,True,11.0,5.0,1.0200000000000031,1.7199999999999989,3.979999999999997,6.0
1221,18e38dc4225a11e2a43c1a7abd32ddeea5ac0a0bcf35f6f5854fbf708e98f5ca,0.002,False,11.0,-3.0,0.6000000000000014,2.1400000000000006,-3.6000000000000014,14.0
1222,25a60f0b59f103ebf782a31f94bb569d897a652a0bc1bd95c5cdc5521418b843,0.002,True,7.0,9.0,1.6599999999999966,1.0799999999999983,7.340000000000003,-2.0
1223,25a60f0b59f103ebf782a31f94bb569d897a652a0bc1bd95c5cdc5521418b843,0.002,True,7.0,9.0,2.3400000000000034,0.3999999999999986,6.659999999999997,-2.0
1224,25a60f0b59f103ebf782a31f94bb569d897a652a0bc1bd95c5cdc5521418b843,0.002,True,14.0,2.0,-0.29999999999999716,3.0399999999999987,2.299999999999997,12.0
1225,25a60f0b59f103ebf782a31f94bb569d897a652a0bc1bd95c5cdc5521418b843,0.002,True,7.0,9.0,2.219999999999999,0.5200000000000031,6.780000000000001,-2.0
1226,25a60f0b59f103ebf782a31f94bb569d897a652a0bc1bd95c5cdc5521418b843,0.002,True,9.0,7.0,1.759999999999998,0.9799999999999969,5.240000000000002,2.0
1227,25a60f0b59f103ebf782a31f94bb569d897a652a0bc1bd95c5cdc5521418b843,0.002,True,7.0,9.0,2.479999999999997,0.259999999999998,6.520000000000003,-2.0
1228,25a60f0b59f103ebf782a31f94bb569d897a652a0bc1bd95c5cdc5521418b843,0.002,True,6.0,10.0,1.9200000000000017,0.8200000000000003,8.079999999999998,-4.0
1229,25a60f0b59f103ebf782a31f94bb569d897a652a0bc1bd95c5cdc5521418b843,0.002,True,6.0,10.0,2.240000000000002,0.5,7.759999999999998,-4.0
1230,25a60f0b59f103ebf782a31f94bb569d897a652a0bc1bd95c5cdc5521418b843,0.002,True,9.0,7.0,0.4200000000000017,2.3200000000000003,6.579999999999998,2.0
1231,25a60f0b59f103ebf782a31f94bb569d897a652a0bc1bd95c5cdc5521418b843,0.002,True,10.0,6.0,2.6400000000000006,0.10000000000000142,3.3599999999999994,4.0
1232,76fd1e2470419b464aa575afb0710800da330763a86d4deb65102df4412cfb61,0.002,False,7.0,2.0,0.9399999999999977,1.7999999999999972,1.0600000000000023,5.0
1233,b93b3e639207b61066839c0c4c5d4b187f3648ac0893403e393788147d3cf641,0.002,False,7.0,0.0,0.9399999999999977,1.7999999999999972,-0.9399999999999977,7.0
1234,25a60f0b59f103ebf782a31f94bb569d897a652a0bc1bd95c5cdc5521418b843,0.002,True,13.0,3.0,-0.7999999999999972,3.5399999999999987,3.799999999999997,10.0
1235,25a60f0b59f103ebf782a31f94bb569d897a652a0bc1bd95c5cdc5521418b843,0.002,True,8.0,8.0,2.4399999999999977,0.29999999999999716,5.560000000000002,0.0
1236,25a60f0b59f103ebf782a31f94bb569d897a652a0bc1bd95c5cdc5521418b843,0.002,True,6.0,10.0,1.4399999999999977,1.2999999999999972,8.560000000000002,-4.0
1237,25a60f0b59f103ebf782a31f94bb569d897a652a0bc1bd95c5cdc5521418b843,0.002,True,5.0,11.0,3.9399999999999977,-1.2000000000000028,7.060000000000002,-6.0
1238,76fd1e2470419b464aa575afb0710800da330763a86d4deb65102df4412cfb61,0.002,False,8.0,1.0,1.2000000000000028,1.5399999999999991,-0.20000000000000284,7.0
1239,25a60f0b59f103ebf782a31f94bb569d897a652a0bc1bd95c5cdc5521418b843,0.002,True,11.0,5.0,0.6199999999999974,2.1199999999999974,4.380000000000003,6.0
1240,ab90b43f348253a578dcb95935f52c00eb11253a5d50f45fb540cf45626d0620,0.002,False,9.0,-1.0,0.1599999999999966,2.5799999999999983,-1.1599999999999966,10.0
1241,25a60f0b59f103ebf782a31f94bb569d897a652a0bc1bd95c5cdc5521418b843,0.002,True,4.0,12.0,3.8400000000000034,-1.1000000000000014,8.159999999999997,-8.0
1242,25a60f0b59f103ebf782a31f94bb569d897a652a0bc1bd95c5cdc5521418b843,0.002,True,9.0,7.0,1.6400000000000006,1.1000000000000014,5.359999999999999,2.0
1243,25a60f0b59f103ebf782a31f94bb569d897a652a0bc1bd95c5cdc5521418b843,0.002,True,9.0,7.0,1.7199999999999989,1.0200000000000031,5.280000000000001,2.0
1244,25a60f0b59f103ebf782a31f94bb569d897a652a0bc1bd95c5cdc5521418b843,0.002,True,8.0,8.0,1.0200000000000031,1.7199999999999989,6.979999999999997,0.0
1245,25a60f0b59f103ebf782a31f94bb569d897a652a0bc1bd95c5cdc5521418b843,0.002,True,13.0,3.0,0.46000000000000085,2.280000000000001,2.539999999999999,10.0
1246,18e38dc4225a11e2a43c1a7abd32ddeea5ac0a0bcf35f6f5854fbf708e98f5ca,0.002,False,11.0,-3.0,-1.759999999999998,4.5,-1.240000000000002,14.0
1247,76fd1e2470419b464aa575afb0710800da330763a86d4deb65102df4412cfb61,0.002,False,9.0,0.0,1.8599999999999994,0.8800000000000026,-1.8599999999999994,9.0
1248,25a60f0b59f103ebf782a31f94bb569d897a652a0bc1bd95c5cdc5521418b843,0.002,True,14.0,2.0,-0.9200000000000017,3.6599999999999966,2.9200000000000017,12.0
1249,25a60f0b59f103ebf782a31f94bb569d897a652a0bc1bd95c5cdc5521418b843,0.002,True,8.0,8.0,1.5,1.240000000000002,6.5,0.0
1250,25a60f0b59f103ebf782a31f94bb569d897a652a0bc1bd95c5cdc5521418b843,0.002,True,12.0,4.0,0.3400000000000034,2.3999999999999986,3.6599999999999966,8.0
1251,25a60f0b59f103ebf782a31f94bb569d897a652a0bc1bd95c5cdc5521418b843,0.002,True,11.0,5.0,0.4200000000000017,2.3200000000000003,4.579999999999998,6.0
1252,25a60f0b59f103ebf782a31f94bb569d897a652a0bc1bd95c5cdc5521418b843,0.002,True,7.0,9.0,1.4600000000000009,1.2800000000000011,7.539999999999999,-2.0
1253,2a688dce9ee3f6910a66c8306e45a673347e6c2da97ca4f612e37eadc34f421f,0.002,False,8.0,3.0,1.3599999999999994,1.3800000000000026,1.6400000000000006,5.0
1254,25a60f0b59f103ebf782a31f94bb569d897a652a0bc1bd95c5cdc5521418b843,0.002,True,9.0,7.0,0.4200000000000017,2.3200000000000003,6.579999999999998,2.0
1255,25a60f0b59f103ebf782a31f94bb569d897a652a0bc1bd95c5cdc5521418b843,0.002,True,10.0,6.0,0.7199999999999989,2.020000000000003,5.280000000000001,4.0
1256,ab90b43f348253a578dcb95935f52c00eb11253a5d50f45fb540cf45626d0620,0.002,False,8.0,0.0,0.3400000000000034,2.3999999999999986,-0.3400000000000034,8.0
1257,25a60f0b59f103ebf782a31f94bb569d897a652a0bc1bd95c5cdc5521418b843,0.002,True,10.0,6.0,1.6400000000000006,1.1000000000000014,4.359999999999999,4.0
1258,25a60f0b59f103ebf782a31f94bb569d897a652a0bc1bd95c5cdc5521418b843,0.002,True,8.0,8.0,2.9799999999999964,-0.240000000000002,5.020000000000003,0.0
1259,25a60f0b59f103ebf782a31f94bb569d897a652a0bc1bd95c5cdc5521418b843,0.002,True,9.0,7.0,2.68,0.060000000000002274,4.32,2.0
1260,18e38dc4225a11e2a43c1a7abd32ddeea5ac0a0bcf35f6f5854fbf708e98f5ca,0.002,False,6.0,2.0,2.3200000000000003,0.4200000000000017,-0.3200000000000003,4.0
1261,25a60f0b59f103ebf782a31f94bb569d897a652a0bc1bd95c5cdc5521418b843,0.002,True,7.0,9.0,3.0,-0.259999999999998,6.0,-2.0
1262,25a60f0b59f103ebf782a31f94bb569d897a652a0bc1bd95c5cdc5521418b843,0.002,True,10.0,6.0,1.259999999999998,1.4799999999999969,4.740000000000002,4.0
1263,25a60f0b59f103ebf782a31f94bb569d897a652a0bc1bd95c5cdc5521418b843,0.002,True,8.0,8.0,1.0799999999999983,1.6599999999999966,6.920000000000002,0.0
1264,25a60f0b59f103ebf782a31f94bb569d897a652a0bc1bd95c5cdc5521418b843,0.002,True,7.0,9.0,1.5200000000000031,1.2199999999999989,7.479999999999997,-2.0
1265,25a60f0b59f103ebf782a31f94bb569d897a652a0bc1bd95c5cdc5521418b843,0.002,True,8.0,8.0,3.299999999999997,-0.5600000000000023,4.700000000000003,0.0
1266,25a60f0b59f103ebf782a31f94bb569d897a652a0bc1bd95c5cdc5521418b843,0.002,True,10.0,6.0,1.259999999999998,1.4799999999999969,4.740000000000002,4.0
1267,25a60f0b59f103ebf782a31f94bb569d897a652a0bc1bd95c5cdc5521418b843,0.002,True,9.0,7.0,0.5799999999999983,2.1599999999999966,6.420000000000002,2.0
1268,2a688dce9ee3f6910a66c8306e45a673347e6c2da97ca4f612e37eadc34f421f,0.002,False,6.0,5.0,2.68,0.060000000000002274,2.32,1.0
1269,f6856a3437439e58b35ad8fedba5c2f1cabd89bb5550dc0db11d0fd01247215d,0.002,False,7.0,1.0,1.2999999999999972,1.4399999999999977,-0.29999999999999716,6.0
1270,25a60f0b59f103ebf782a31f94bb569d897a652a0bc1bd95c5cdc5521418b843,0.002,True,8.0,8.0,1.6000000000000014,1.1400000000000006,6.399999999999999,0.0
1271,25a60f0b59f103ebf782a31f94bb569d897a652a0bc1bd95c5cdc5521418b843,0.002,True,10.0,6.0,2.5,0.240000000000002,3.5,4.0
1272,25a60f0b59f103ebf782a31f94bb569d897a652a0bc1bd95c5cdc5521418b843,0.002,True,13.0,3.0,0.5,2.240000000000002,2.5,10.0
1273,25a60f0b59f103ebf782a31f94bb569d897a652a0bc1bd95c5cdc5521418b843,0.002,True,14.0,2.0,-1.9200000000000017,4.659999999999997,3.9200000000000017,12.0
1274,2a688dce9ee3f6910a66c8306e45a673347e6c2da97ca4f612e37eadc34f421f,0.002,False,8.0,3.0,0.4200000000000017,2.3200000000000003,2.5799999999999983,5.0
1275,18e38dc4225a11e2a43c1a7abd32ddeea5ac0a0bcf35f6f5854fbf708e98f5ca,0.002,False,10.0,-2.0,-0.28000000000000114,3.0200000000000036,-1.7199999999999989,12.0
1276,25a60f0b59f103ebf782a31f94bb569d897a652a0bc1bd95c5cdc5521418b843,0.002,True,14.0,2.0,-1.5600000000000023,4.299999999999997,3.5600000000000023,12.0
1277,2a688dce9ee3f6910a66c8306e45a673347e6c2da97ca4f612e37eadc34f421f,0.002,False,8.0,3.0,0.8200000000000003,1.9200000000000017,2.1799999999999997,5.0
1278,18e38dc4225a11e2a43c1a7abd32ddeea5ac0a0bcf35f6f5854fbf708e98f5ca,0.002,False,8.0,0.0,1.1400000000000006,1.6000000000000014,-1.1400000000000006,8.0
1279,76fd1e2470419b464aa575afb0710800da330763a86d4deb65102df4412cfb61,0.002,False,5.0,4.0,2.3800000000000026,0.35999999999999943,1.6199999999999974,1.0
1280,25a60f0b59f103ebf782a31f94bb569d897a652a0bc1bd95c5cdc5521418b843,0.002,True,13.0,3.0,-1.5600000000000023,4.299999999999997,4.560000000000002,10.0
1281,25a60f0b59f103ebf782a31f94bb569d897a652a0bc1bd95c5cdc5521418b843,0.002,True,12.0,4.0,2.219999999999999,0.5200000000000031,1.7800000000000011,8.0
1282,9b314dbaab24207ccb63b6994337f27fd505f1c0ef868166102def484737fe46,0.001,False,4.0,3.0,3.4399999999999977,-0.7000000000000028,-0.4399999999999977,1.0
1283,25a60f0b59f103ebf782a31f94bb569d897a652a0bc1bd95c5cdc5521418b843,0.002,True,10.0,6.0,0.5600000000000023,2.1799999999999997,5.439999999999998,4.0
1284,25a60f0b59f103ebf782a31f94bb569d897a652a0bc1bd95c5cdc5521418b843,0.002,True,11.0,5.0,-0.9799999999999969,3.719999999999999,5.979999999999997,6.0
1285,25a60f0b59f103ebf782a31f94bb569d897a652a0bc1bd95c5cdc5521418b843,0.002,True,7.0,9.0,2.520000000000003,0.21999999999999886,6.479999999999997,-2.0
1286,25a60f0b59f103ebf782a31f94bb569d897a652a0bc1bd95c5cdc5521418b843,0.002,True,9.0,7.0,2.039999999999999,0.7000000000000028,4.960000000000001,2.0
1287,25a60f0b59f103ebf782a31f94bb569d897a652a0bc1bd95c5cdc5521418b843,0.002,True,7.0,9.0,0.9799999999999969,1.759999999999998,8.020000000000003,-2.0
1288,76fd1e2470419b464aa575afb0710800da330763a86d4deb65102df4412cfb61,0.002,False,6.0,3.0,2.880000000000002,-0.14000000000000057,0.11999999999999789,3.0
1289,25a60f0b59f103ebf782a31f94bb569d897a652a0bc1bd95c5cdc5521418b843,0.002,True,9.0,7.0,2.0,0.740000000000002,5.0,2.0
1290,2a688dce9ee3f6910a66c8306e45a673347e6c2da97ca4f612e37eadc34f421f,0.002,False,10.0,1.0,0.5600000000000023,2.1799999999999997,0.4399999999999977,9.0
1291,b93b3e639207b61066839c0c4c5d4b187f3648ac0893403e393788147d3cf641,0.002,False,12.0,-5.0,-0.3200000000000003,3.0600000000000023,-4.68,17.0
1292,18e38dc4225a11e2a43c1a7abd32ddeea5ac0a0bcf35f6f5854fbf708e98f5ca,0.002,False,8.0,0.0,1.1799999999999997,1.5600000000000023,-1.1799999999999997,8.0
1293,25a60f0b59f103ebf782a31f94bb569d897a652a0bc1bd95c5cdc5521418b843,0.002,True,7.0,9.0,1.9200000000000017,0.8200000000000003,7.079999999999998,-2.0
1294,76fd1e2470419b464aa575afb0710800da330763a86d4deb65102df4412cfb61,0.002,False,10.0,-1.0,-0.5600000000000023,3.299999999999997,-0.4399999999999977,11.0
1295,76fd1e2470419b464aa575afb0710800da330763a86d4deb65102df4412cfb61,0.002,False,8.0,1.0,1.6199999999999974,1.1199999999999974,-0.6199999999999974,7.0
1296,2a688dce9ee3f6910a66c8306e45a673347e6c2da97ca4f612e37eadc34f421f,0.002,False,11.0,0.0,-0.8999999999999986,3.6400000000000006,0.8999999999999986,11.0
1297,25a60f0b59f103ebf782a31f94bb569d897a652a0bc1bd95c5cdc5521418b843,0.002,True,6.0,10.0,2.4200000000000017,0.3200000000000003,7.579999999999998,-4.0
1298,25a60f0b59f103ebf782a31f94bb569d897a652a0bc1bd95c5cdc5521418b843,0.002,True,8.0,8.0,1.3200000000000003,1.4200000000000017,6.68,0.0
1299,25a60f0b59f103ebf782a31f94bb569d897a652a0bc1bd95c5cdc5521418b843,0.002,True,12.0,4.0,-0.020000000000003126,2.7599999999999976,4.020000000000003,8.0
1300,25a60f0b59f103ebf782a31f94bb569d897a652a0bc1bd95c5cdc5521418b843,0.002,True,7.0,9.0,2.3800000000000026,0.35999999999999943,6.619999999999997,-2.0
1301,25a60f0b59f103ebf782a31f94bb569d897a652a0bc1bd95c5cdc5521418b843,0.002,True,8.0,8.0,1.2000000000000028,1.5399999999999991,6.799999999999997,0.0
1302,b93b3e639207b61066839c0c4c5d4b187f3648ac0893403e393788147d3cf641,0.002,False,6.0,1.0,1.7999999999999972,0.9399999999999977,-0.7999999999999972,5.0
1303,25a60f0b59f103ebf782a31f94bb569d897a652a0bc1bd95c5cdc5521418b843,0.002,True,10.0,6.0,2.240000000000002,0.5,3.759999999999998,4.0
1304,2a688dce9ee3f6910a66c8306e45a673347e6c2da97ca4f612e37eadc34f421f,0.002,False,11.0,0.0,0.21999999999999886,2.520000000000003,-0.21999999999999886,11.0
1305,2a688dce9ee3f6910a66c8306e45a673347e6c2da97ca4f612e37eadc34f421f,0.002,False,7.0,4.0,2.82,-0.0799999999999983,1.1800000000000002,3.0
1306,25a60f0b59f103ebf782a31f94bb569d897a652a0bc1bd95c5cdc5521418b843,0.002,True,10.0,6.0,2.0,0.740000000000002,4.0,4.0
1307,18e38dc4225a11e2a43c1a7abd32ddeea5ac0a0bcf35f6f5854fbf708e98f5ca,0.002,False,8.0,0.0,3.1400000000000006,-0.3999999999999986,-3.1400000000000006,8.0
1308,25a60f0b59f103ebf782a31f94bb569d897a652a0bc1bd95c5cdc5521418b843,0.002,True,6.0,10.0,3.1599999999999966,-0.4200000000000017,6.840000000000003,-4.0
1309,25a60f0b59f103ebf782a31f94bb569d897a652a0bc1bd95c5cdc5521418b843,0.002,True,7.0,9.0,1.9399999999999977,0.7999999999999972,7.060000000000002,-2.0
1310,25a60f0b59f103ebf782a31f94bb569d897a652a0bc1bd95c5cdc5521418b843,0.002,True,10.0,6.0,1.5,1.240000000000002,4.5,4.0
1311,2a688dce9ee3f6910a66c8306e45a673347e6c2da97ca4f612e37eadc34f421f,0.002,False,8.0,3.0,-0.29999999999999716,3.0399999999999987,3.299999999999997,5.0
1312,25a60f0b59f103ebf782a31f94bb569d897a652a0bc1bd95c5cdc5521418b843,0.002,True,9.0,7.0,1.6400000000000006,1.1000000000000014,5.359999999999999,2.0
1313,f6856a3437439e58b35ad8fedba5c2f1cabd89bb5550dc0db11d0fd01247215d,0.002,False,7.0,1.0,0.29999999999999716,2.4399999999999977,0.7000000000000028,6.0
1314,25a60f0b59f103ebf782a31f94bb569d897a652a0bc1bd95c5cdc5521418b843,0.002,True,8.0,8.0,0.7199999999999989,2.020000000000003,7.280000000000001,0.0
1315,25a60f0b59f103ebf782a31f94bb569d897a652a0bc1bd95c5cdc5521418b843,0.002,True,9.0,7.0,0.0799999999999983,2.6599999999999966,6.920000000000002,2.0
1316,ab90b43f348253a578dcb95935f52c00eb11253a5d50f45fb540cf45626d0620,0.002,False,9.0,-1.0,-1.3200000000000003,4.060000000000002,0.3200000000000003,10.0
1317,2a688dce9ee3f6910a66c8306e45a673347e6c2da97ca4f612e37eadc34f421f,0.002,False,6.0,5.0,1.740000000000002,1.0,3.259999999999998,1.0
1318,18e38dc4225a11e2a43c1a7abd32ddeea5ac0a0bcf35f6f5854fbf708e98f5ca,0.002,False,11.0,-3.0,-1.6000000000000014,4.340000000000003,-1.3999999999999986,14.0
1319,25a60f0b59f103ebf782a31f94bb569d897a652a0bc1bd95c5cdc5521418b843,0.002,True,9.0,7.0,0.5799999999999983,2.1599999999999966,6.420000000000002,2.0
1320,2a688dce9ee3f6910a66c8306e45a673347e6c2da97ca4f612e37eadc34f421f,0.002,False,5.0,6.0,2.240000000000002,0.5,3.759999999999998,-1.0
1321,25a60f0b59f103ebf782a31f94bb569d897a652a0bc1bd95c5cdc5521418b843,0.002,True,11.0,5.0,0.03999999999999915,2.700000000000003,4.960000000000001,6.0
1322,25a60f0b59f103ebf782a31f94bb569d897a652a0bc1bd95c5cdc5521418b843,0.002,True,9.0,7.0,2.1000000000000014,0.6400000000000006,4.899999999999999,2.0
1323,25a60f0b59f103ebf782a31f94bb569d897a652a0bc1bd95c5cdc5521418b843,0.002,True,7.0,9.0,2.6400000000000006,0.10000000000000142,6.359999999999999,-2.0
1324,25a60f0b59f103ebf782a31f94bb569d897a652a0bc1bd95c5cdc5521418b843,0.002,True,8.0,8.0,1.4200000000000017,1.3200000000000003,6.579999999999998,0.0
1325,25a60f0b59f103ebf782a31f94bb569d897a652a0bc1bd95c5cdc5521418b843,0.002,True,10.0,6.0,1.5399999999999991,1.2000000000000028,4.460000000000001,4.0
1326,76fd1e2470419b464aa575afb0710800da330763a86d4deb65102df4412cfb61,0.002,False,7.0,2.0,2.219999999999999,0.5200000000000031,-0.21999999999999886,5.0
1327,f6856a3437439e58b35ad8fedba5c2f1cabd89bb5550dc0db11d0fd01247215d,0.002,False,6.0,2.0,1.9600000000000009,0.7800000000000011,0.03999999999999915,4.0
1328,25a60f0b59f103ebf782a31f94bb569d897a652a0bc1bd95c5cdc5521418b843,0.002,True,10.0,6.0,1.6000000000000014,1.1400000000000006,4.399999999999999,4.0
1329,25a60f0b59f103ebf782a31f94bb569d897a652a0bc1bd95c5cdc5521418b843,0.002,True,10.0,6.0,2.520000000000003,0.21999999999999886,3.479999999999997,4.0
1330,25a60f0b59f103ebf782a31f94bb569d897a652a0bc1bd95c5cdc5521418b843,0.002,True,9.0,7.0,0.8599999999999994,1.8800000000000026,6.140000000000001,2.0
1331,25a60f0b59f103ebf782a31f94bb569d897a652a0bc1bd95c5cdc5521418b843,0.002,True,8.0,8.0,0.7999999999999972,1.9399999999999977,7.200000000000003,0.0
1332,25a60f0b59f103ebf782a31f94bb569d897a652a0bc1bd95c5cdc5521418b843,0.002,True,10.0,6.0,1.3400000000000034,1.3999999999999986,4.659999999999997,4.0
1333,25a60f0b59f103ebf782a31f94bb569d897a652a0bc1bd95c5cdc5521418b843,0.002,True,9.0,7.0,3.18,-0.4399999999999977,3.82,2.0
1334,25a60f0b59f103ebf782a31f94bb569d897a652a0bc1bd95c5cdc5521418b843,0.002,True,6.0,10.0,3.6599999999999966,-0.9200000000000017,6.340000000000003,-4.0
1335,25a60f0b59f103ebf782a31f94bb569d897a652a0bc1bd95c5cdc5521418b843,0.002,True,5.0,11.0,3.0799999999999983,-0.3400000000000034,7.920000000000002,-6.0
1336,25a60f0b59f103ebf782a31f94bb569d897a652a0bc1bd95c5cdc5521418b843,0.002,True,12.0,4.0,-1.1199999999999974,3.8599999999999994,5.119999999999997,8.0
1337,25a60f0b59f103ebf782a31f94bb569d897a652a0bc1bd95c5cdc5521418b843,0.002,True,8.0,8.0,2.6400000000000006,0.10000000000000142,5.359999999999999,0.0
1338,25a60f0b59f103ebf782a31f94bb569d897a652a0bc1bd95c5cdc5521418b843,0.002,True,5.0,11.0,1.4799999999999969,1.259999999999998,9.520000000000003,-6.0
1339,25a60f0b59f103ebf782a31f94bb569d897a652a0bc1bd95c5cdc5521418b843,0.002,True,8.0,8.0,3.799999999999997,-1.0600000000000023,4.200000000000003,0.0
1340,25a60f0b59f103ebf782a31f94bb569d897a652a0bc1bd95c5cdc5521418b843,0.002,True,10.0,6.0,1.0600000000000023,1.6799999999999997,4.939999999999998,4.0
1341,25a60f0b59f103ebf782a31f94bb569d897a652a0bc1bd95c5cdc5521418b843,0.002,True,8.0,8.0,1.5600000000000023,1.1799999999999997,6.439999999999998,0.0
1342,18e38dc4225a11e2a43c1a7abd32ddeea5ac0a0bcf35f6f5854fbf708e98f5ca,0.002,False,8.0,0.0,-0.10000000000000142,2.8400000000000034,0.10000000000000142,8.0
1343,25a60f0b59f103ebf782a31f94bb569d897a652a0bc1bd95c5cdc5521418b843,0.002,True,8.0,8.0,2.0799999999999983,0.6599999999999966,5.920000000000002,0.0
1344,76fd1e2470419b464aa575afb0710800da330763a86d4deb65102df4412cfb61,0.002,False,4.0,5.0,2.3599999999999994,0.38000000000000256,2.6400000000000006,-1.0
1345,25a60f0b59f103ebf782a31f94bb569d897a652a0bc1bd95c5cdc5521418b843,0.002,True,9.0,7.0,1.5799999999999983,1.1599999999999966,5.420000000000002,2.0
1346,25a60f0b59f103ebf782a31f94bb569d897a652a0bc1bd95c5cdc5521418b843,0.002,True,13.0,3.0,-1.0200000000000031,3.7599999999999976,4.020000000000003,10.0
1347,25a60f0b59f103ebf782a31f94bb569d897a652a0bc1bd95c5cdc5521418b843,0.002,True,7.0,9.0,1.3599999999999994,1.3800000000000026,7.640000000000001,-2.0
1348,ab90b43f348253a578dcb95935f52c00eb11253a5d50f45fb540cf45626d0620,0.002,False,11.0,-3.0,0.6199999999999974,2.1199999999999974,-3.6199999999999974,14.0
1349,25a60f0b59f103ebf782a31f94bb569d897a652a0bc1bd95c5cdc5521418b843,0.002,True,10.0,6.0,1.0799999999999983,1.6599999999999966,4.920000000000002,4.0
1350,25a60f0b59f103ebf782a31f94bb569d897a652a0bc1bd95c5cdc5521418b843,0.002,True,9.0,7.0,1.6199999999999974,1.1199999999999974,5.380000000000003,2.0
1351,25a60f0b59f103ebf782a31f94bb569d897a652a0bc1bd95c5cdc5521418b843,0.002,True,7.0,9.0,3.1599999999999966,-0.4200000000000017,5.840000000000003,-2.0
1352,f6856a3437439e58b35ad8fedba5c2f1cabd89bb5550dc0db11d0fd01247215d,0.002,False,11.0,-3.0,0.38000000000000256,2.3599999999999994,-3.3800000000000026,14.0
1353,25a60f0b59f103ebf782a31f94bb569d897a652a0bc1bd95c5cdc5521418b843,0.002,True,11.0,5.0,1.0200000000000031,1.7199999999999989,3.979999999999997,6.0
1354,25a60f0b59f103ebf782a31f94bb569d897a652a0bc1bd95c5cdc5521418b843,0.002,True,7.0,9.0,3.18,-0.4399999999999977,5.82,-2.0
1355,25a60f0b59f103ebf782a31f94bb569d897a652a0bc1bd95c5cdc5521418b843,0.002,True,9.0,7.0,1.759999999999998,0.9799999999999969,5.240000000000002,2.0
1356,25a60f0b59f103ebf782a31f94bb569d897a652a0bc1bd95c5cdc5521418b843,0.002,True,7.0,9.0,1.7000000000000028,1.0399999999999991,7.299999999999997,-2.0
1357,25a60f0b59f103ebf782a31f94bb569d897a652a0bc1bd95c5cdc5521418b843,0.002,True,6.0,10.0,3.219999999999999,-0.4799999999999969,6.780000000000001,-4.0
1358,25a60f0b59f103ebf782a31f94bb569d897a652a0bc1bd95c5cdc5521418b843,0.002,True,9.0,7.0,1.9200000000000017,0.8200000000000003,5.079999999999998,2.0
1359,25a60f0b59f103ebf782a31f94bb569d897a652a0bc1bd95c5cdc5521418b843,0.002,True,8.0,8.0,2.0,0.740000000000002,6.0,0.0
1360,25a60f0b59f103ebf782a31f94bb569d897a652a0bc1bd95c5cdc5521418b843,0.002,True,9.0,7.0,1.0799999999999983,1.6599999999999966,5.920000000000002,2.0
1361,18e38dc4225a11e2a43c1a7abd32ddeea5ac0a0bcf35f6f5854fbf708e98f5ca,0.002,False,9.0,-1.0,0.6599999999999966,2.0799999999999983,-1.6599999999999966,10.0
1362,25a60f0b59f103ebf782a31f94bb569d897a652a0bc1bd95c5cdc5521418b843,0.002,True,9.0,7.0,3.3599999999999994,-0.6199999999999974,3.6400000000000006,2.0
1363,25a60f0b59f103ebf782a31f94bb569d897a652a0bc1bd95c5cdc5521418b843,0.002,True,16.0,0.0,-3.5399999999999987,6.280000000000001,3.5399999999999987,16.0
1364,25a60f0b59f103ebf782a31f94bb569d897a652a0bc1bd95c5cdc5521418b843,0.002,True,11.0,5.0,-0.5200000000000031,3.2599999999999976,5.520000000000003,6.0
1365,18e38dc4225a11e2a43c1a7abd32ddeea5ac0a0bcf35f6f5854fbf708e98f5ca,0.002,False,7.0,1.0,0.6400000000000006,2.1000000000000014,0.35999999999999943,6.0
1366,25a60f0b59f103ebf782a31f94bb569d897a652a0bc1bd95c5cdc5521418b843,0.002,True,10.0,6.0,1.1400000000000006,1.6000000000000014,4.859999999999999,4.0
1367,f6856a3437439e58b35ad8fedba5c2f1cabd89bb5550dc0db11d0fd01247215d,0.002,False,5.0,3.0,2.4200000000000017,0.3200000000000003,0.5799999999999983,2.0
1368,2a688dce9ee3f6910a66c8306e45a673347e6c2da97ca4f612e37eadc34f421f,0.002,False,7.0,4.0,2.1000000000000014,0.6400000000000006,1.8999999999999986,3.0
1369,25a60f0b59f103ebf782a31f94bb569d897a652a0bc1bd95c5cdc5521418b843,0.002,True,9.0,7.0,0.020000000000003126,2.719999999999999,6.979999999999997,2.0
1370,25a60f0b59f103ebf782a31f94bb569d897a652a0bc1bd95c5cdc5521418b843,0.002,True,10.0,6.0,-0.3400000000000034,3.0799999999999983,6.340000000000003,4.0
1371,25a60f0b59f103ebf782a31f94bb569d897a652a0bc1bd95c5cdc5521418b843,0.002,True,10.0,6.0,-0.9399999999999977,3.68,6.939999999999998,4.0
1372,25a60f0b59f103ebf782a31f94bb569d897a652a0bc1bd95c5cdc5521418b843,0.002,True,10.0,6.0,1.4600000000000009,1.2800000000000011,4.539999999999999,4.0
1373,25a60f0b59f103ebf782a31f94bb569d897a652a0bc1bd95c5cdc5521418b843,0.002,True,7.0,9.0,1.4399999999999977,1.2999999999999972,7.560000000000002,-2.0
1374,2a688dce9ee3f6910a66c8306e45a673347e6c2da97ca4f612e37eadc34f421f,0.002,False,9.0,2.0,0.7199999999999989,2.020000000000003,1.2800000000000011,7.0
1375,25a60f0b59f103ebf782a31f94bb569d897a652a0bc1bd95c5cdc5521418b843,0.002,True,9.0,7.0,1.1400000000000006,1.6000000000000014,5.859999999999999,2.0
1376,25a60f0b59f103ebf782a31f94bb569d897a652a0bc1bd95c5cdc5521418b843,0.002,True,7.0,9.0,1.6799999999999997,1.0600000000000023,7.32,-2.0
1377,25a60f0b59f103ebf782a31f94bb569d897a652a0bc1bd95c5cdc5521418b843,0.002,True,8.0,8.0,1.8400000000000034,0.8999999999999986,6.159999999999997,0.0
1378,25a60f0b59f103ebf782a31f94bb569d897a652a0bc1bd95c5cdc5521418b843,0.002,True,10.0,6.0,1.4399999999999977,1.2999999999999972,4.560000000000002,4.0
1379,76fd1e2470419b464aa575afb0710800da330763a86d4deb65102df4412cfb61,0.002,False,8.0,1.0,0.10000000000000142,2.6400000000000006,0.8999999999999986,7.0
1380,25a60f0b59f103ebf782a31f94bb569d897a652a0bc1bd95c5cdc5521418b843,0.002,True,7.0,9.0,3.100000000000001,-0.35999999999999943,5.899999999999999,-2.0
1381,25a60f0b59f103ebf782a31f94bb569d897a652a0bc1bd95c5cdc5521418b843,0.002,True,12.0,4.0,1.6199999999999974,1.1199999999999974,2.3800000000000026,8.0
1382,18e38dc4225a11e2a43c1a7abd32ddeea5ac0a0bcf35f6f5854fbf708e98f5ca,0.002,False,11.0,-3.0,-0.9799999999999969,3.719999999999999,-2.020000000000003,14.0
1383,18e38dc4225a11e2a43c1a7abd32ddeea5ac0a0bcf35f6f5854fbf708e98f5ca,0.002,False,9.0,-1.0,0.28000000000000114,2.460000000000001,-1.2800000000000011,10.0
1384,25a60f0b59f103ebf782a31f94bb569d897a652a0bc1bd95c5cdc5521418b843,0.002,True,8.0,8.0,1.5,1.240000000000002,6.5,0.0
1385,25a60f0b59f103ebf782a31f94bb569d897a652a0bc1bd95c5cdc5521418b843,0.002,True,13.0,3.0,-0.020000000000003126,2.7599999999999976,3.020000000000003,10.0
1386,2a688dce9ee3f6910a66c8306e45a673347e6c2da97ca4f612e37eadc34f421f,0.002,False,3.0,8.0,3.7599999999999976,-1.0200000000000031,4.240000000000002,-5.0
1387,97b28df35b811f0a5dba92060bfa9d60f1cc23fb3123298c2b14a461bea2df00,0.002,False,9.0,-4.0,-0.5799999999999983,3.32,-3.4200000000000017,13.0
1388,25a60f0b59f103ebf782a31f94bb569d897a652a0bc1bd95c5cdc5521418b843,0.002,True,9.0,7.0,0.020000000000003126,2.719999999999999,6.979999999999997,2.0
1389,25a60f0b59f103ebf782a31f94bb569d897a652a0bc1bd95c5cdc5521418b843,0.002,True,9.0,7.0,-0.240000000000002,2.9799999999999964,7.240000000000002,2.0
1390,76fd1e2470419b464aa575afb0710800da330763a86d4deb65102df4412cfb61,0.002,False,9.0,0.0,1.759999999999998,0.9799999999999969,-1.759999999999998,9.0
1391,2a688dce9ee3f6910a66c8306e45a673347e6c2da97ca4f612e37eadc34f421f,0.002,False,5.0,6.0,3.0600000000000023,-0.3200000000000003,2.9399999999999977,-1.0
1392,2a688dce9ee3f6910a66c8306e45a673347e6c2da97ca4f612e37eadc34f421f,0.002,False,5.0,6.0,2.039999999999999,0.7000000000000028,3.960000000000001,-1.0
1393,25a60f0b59f103ebf782a31f94bb569d897a652a0bc1bd95c5cdc5521418b843,0.002,True,10.0,6.0,1.7800000000000011,0.9600000000000009,4.219999999999999,4.0
1394,25a60f0b59f103ebf782a31f94bb569d897a652a0bc1bd95c5cdc5521418b843,0.002,True,8.0,8.0,2.5,0.240000000000002,5.5,0.0
1395,25a60f0b59f103ebf782a31f94bb569d897a652a0bc1bd95c5cdc5521418b843,0.002,True,5.0,11.0,3.4799999999999964,-0.740000000000002,7.520000000000003,-6.0
1396,2a688dce9ee3f6910a66c8306e45a673347e6c2da97ca4f612e37eadc34f421f,0.002,False,6.0,5.0,0.8800000000000026,1.8599999999999994,4.119999999999997,1.0
1397,76fd1e2470419b464aa575afb0710800da330763a86d4deb65102df4412cfb61,0.002,False,7.0,2.0,2.1599999999999966,0.5799999999999983,-0.1599999999999966,5.0
1398,25a60f0b59f103ebf782a31f94bb569d897a652a0bc1bd95c5cdc5521418b843,0.002,True,10.0,6.0,1.259999999999998,1.4799999999999969,4.740000000000002,4.0
1399,76fd1e2470419b464aa575afb0710800da330763a86d4deb65102df4412cfb61,0.002,False,8.0,1.0,1.9200000000000017,0.8200000000000003,-0.9200000000000017,7.0
1400,25a60f0b59f103ebf782a31f94bb569d897a652a0bc1bd95c5cdc5521418b843,0.002,True,8.0,8.0,2.880000000000002,-0.14000000000000057,5.119999999999997,0.0
1401,25a60f0b59f103ebf782a31f94bb569d897a652a0bc1bd95c5cdc5521418b843,0.002,True,13.0,3.0,-0.9600000000000009,3.700000000000003,3.960000000000001,10.0
1402,2a688dce9ee3f6910a66c8306e45a673347e6c2da97ca4f612e37eadc34f421f,0.002,False,10.0,1.0,0.20000000000000284,2.539999999999999,0.7999999999999972,9.0
1403,25a60f0b59f103ebf782a31f94bb569d897a652a0bc1bd95c5cdc5521418b843,0.002,True,9.0,7.0,0.5399999999999991,2.200000000000003,6.460000000000001,2.0
1404,25a60f0b59f103ebf782a31f94bb569d897a652a0bc1bd95c5cdc5521418b843,0.002,True,10.0,6.0,0.17999999999999972,2.5600000000000023,5.82,4.0
1405,2a688dce9ee3f6910a66c8306e45a673347e6c2da97ca4f612e37eadc34f421f,0.002,False,9.0,2.0,0.6599999999999966,2.0799999999999983,1.3400000000000034,7.0
1406,9b314dbaab24207ccb63b6994337f27fd505f1c0ef868166102def484737fe46,0.001,False,7.0,0.0,0.38000000000000256,2.3599999999999994,-0.38000000000000256,7.0
1407,76fd1e2470419b464aa575afb0710800da330763a86d4deb65102df4412cfb61,0.002,False,10.0,-1.0,-1.8200000000000003,4.560000000000002,0.8200000000000003,11.0
1408,25a60f0b59f103ebf782a31f94bb569d897a652a0bc1bd95c5cdc5521418b843,0.002,True,11.0,5.0,0.6000000000000014,2.1400000000000006,4.399999999999999,6.0
1409,25a60f0b59f103ebf782a31f94bb569d897a652a0bc1bd95c5cdc5521418b843,0.002,True,5.0,11.0,3.3400000000000034,-0.6000000000000014,7.659999999999997,-6.0
1410,76fd1e2470419b464aa575afb0710800da330763a86d4deb65102df4412cfb61,0.002,False,7.0,2.0,1.7999999999999972,0.9399999999999977,0.20000000000000284,5.0
1411,25a60f0b59f103ebf782a31f94bb569d897a652a0bc1bd95c5cdc5521418b843,0.002,True,5.0,11.0,1.9200000000000017,0.8200000000000003,9.079999999999998,-6.0
1412,25a60f0b59f103ebf782a31f94bb569d897a652a0bc1bd95c5cdc5521418b843,0.002,True,8.0,8.0,1.0399999999999991,1.7000000000000028,6.960000000000001,0.0
1413,f6856a3437439e58b35ad8fedba5c2f1cabd89bb5550dc0db11d0fd01247215d,0.002,False,8.0,0.0,0.259999999999998,2.479999999999997,-0.259999999999998,8.0
1414,25a60f0b59f103ebf782a31f94bb569d897a652a0bc1bd95c5cdc5521418b843,0.002,True,9.0,7.0,0.8400000000000034,1.8999999999999986,6.159999999999997,2.0
1415,25a60f0b59f103ebf782a31f94bb569d897a652a0bc1bd95c5cdc5521418b843,0.002,True,10.0,6.0,2.299999999999997,0.4399999999999977,3.700000000000003,4.0
1416,25a60f0b59f103ebf782a31f94bb569d897a652a0bc1bd95c5cdc5521418b843,0.002,True,11.0,5.0,1.0399999999999991,1.7000000000000028,3.960000000000001,6.0
1417,25a60f0b59f103ebf782a31f94bb569d897a652a0bc1bd95c5cdc5521418b843,0.002,True,8.0,8.0,1.5,1.240000000000002,6.5,0.0
1418,25a60f0b59f103ebf782a31f94bb569d897a652a0bc1bd95c5cdc5521418b843,0.002,True,8.0,8.0,-0.14000000000000057,2.880000000000002,8.14,0.0
1419,25a60f0b59f103ebf782a31f94bb569d897a652a0bc1bd95c5cdc5521418b843,0.002,True,12.0,4.0,0.8999999999999986,1.8400000000000034,3.1000000000000014,8.0
1420,25a60f0b59f103ebf782a31f94bb569d897a652a0bc1bd95c5cdc5521418b843,0.002,True,8.0,8.0,0.6599999999999966,2.0799999999999983,7.340000000000003,0.0
1421,25a60f0b59f103ebf782a31f94bb569d897a652a0bc1bd95c5cdc5521418b843,0.002,True,6.0,10.0,2.3400000000000034,0.3999999999999986,7.659999999999997,-4.0
1422,2a688dce9ee3f6910a66c8306e45a673347e6c2da97ca4f612e37eadc34f421f,0.002,False,8.0,3.0,2.9799999999999964,-0.240000000000002,0.02000000000000357,5.0
1423,25a60f0b59f103ebf782a31f94bb569d897a652a0bc1bd95c5cdc5521418b843,0.002,True,9.0,7.0,1.1199999999999974,1.6199999999999974,5.880000000000003,2.0
1424,76fd1e2470419b464aa575afb0710800da330763a86d4deb65102df4412cfb61,0.002,False,5.0,4.0,1.0399999999999991,1.7000000000000028,2.960000000000001,1.0
1425,b93b3e639207b61066839c0c4c5d4b187f3648ac0893403e393788147d3cf641,0.002,False,6.0,1.0,2.259999999999998,0.4799999999999969,-1.259999999999998,5.0
1426,25a60f0b59f103ebf782a31f94bb569d897a652a0bc1bd95c5cdc5521418b843,0.002,True,8.0,8.0,2.9799999999999964,-0.240000000000002,5.020000000000003,0.0
1427,2a688dce9ee3f6910a66c8306e45a673347e6c2da97ca4f612e37eadc34f421f,0.002,False,6.0,5.0,1.1000000000000014,1.6400000000000006,3.8999999999999986,1.0
1428,76fd1e2470419b464aa575afb0710800da330763a86d4deb65102df4412cfb61,0.002,False,9.0,0.0,1.0200000000000031,1.7199999999999989,-1.0200000000000031,9.0
1429,2a688dce9ee3f6910a66c8306e45a673347e6c2da97ca4f612e37eadc34f421f,0.002,False,11.0,0.0,0.020000000000003126,2.719999999999999,-0.020000000000003126,11.0
1430,2a688dce9ee3f6910a66c8306e45a673347e6c2da97ca4f612e37eadc34f421f,0.002,False,6.0,5.0,1.6400000000000006,1.1000000000000014,3.3599999999999994,1.0
1431,25a60f0b59f103ebf782a31f94bb569d897a652a0bc1bd95c5cdc5521418b843,0.002,True,10.0,6.0,1.6199999999999974,1.1199999999999974,4.380000000000003,4.0
1432,25a60f0b59f103ebf782a31f94bb569d897a652a0bc1bd95c5cdc5521418b843,0.002,True,11.0,5.0,0.9799999999999969,1.759999999999998,4.020000000000003,6.0
1433,25a60f0b59f103ebf782a31f94bb569d897a652a0bc1bd95c5cdc5521418b843,0.002,True,10.0,6.0,1.8400000000000034,0.8999999999999986,4.159999999999997,4.0
1434,25a60f0b59f103ebf782a31f94bb569d897a652a0bc1bd95c5cdc5521418b843,0.002,True,6.0,10.0,1.0600000000000023,1.6799999999999997,8.939999999999998,-4.0
1435,25a60f0b59f103ebf782a31f94bb569d897a652a0bc1bd95c5cdc5521418b843,0.002,True,7.0,9.0,3.18,-0.4399999999999977,5.82,-2.0
1436,b93b3e639207b61066839c0c4c5d4b187f3648ac0893403e393788147d3cf641,0.002,False,6.0,1.0,3.0799999999999983,-0.3400000000000034,-2.0799999999999983,5.0
1437,18e38dc4225a11e2a43c1a7abd32ddeea5ac0a0bcf35f6f5854fbf708e98f5ca,0.002,False,6.0,2.0,0.9399999999999977,1.7999999999999972,1.0600000000000023,4.0
1438,25a60f0b59f103ebf782a31f94bb569d897a652a0bc1bd95c5cdc5521418b843,0.002,True,7.0,9.0,2.1599999999999966,0.5799999999999983,6.840000000000003,-2.0
1439,25a60f0b59f103ebf782a31f94bb569d897a652a0bc1bd95c5cdc5521418b843,0.002,True,8.0,8.0,0.9600000000000009,1.7800000000000011,7.039999999999999,0.0
1440,25a60f0b59f103ebf782a31f94bb569d897a652a0bc1bd95c5cdc5521418b843,0.002,True,15.0,1.0,-0.8400000000000034,3.5799999999999983,1.8400000000000034,14.0
1441,25a60f0b59f103ebf782a31f94bb569d897a652a0bc1bd95c5cdc5521418b843,0.002,True,11.0,5.0,-0.6199999999999974,3.3599999999999994,5.619999999999997,6.0
1442,2a688dce9ee3f6910a66c8306e45a673347e6c2da97ca4f612e37eadc34f421f,0.002,False,8.0,3.0,0.6400000000000006,2.1000000000000014,2.3599999999999994,5.0
1443,f6856a3437439e58b35ad8fedba5c2f1cabd89bb5550dc0db11d0fd01247215d,0.002,False,9.0,-1.0,1.259999999999998,1.4799999999999969,-2.259999999999998,10.0
1444,25a60f0b59f103ebf782a31f94bb569d897a652a0bc1bd95c5cdc5521418b843,0.002,True,10.0,6.0,1.4799999999999969,1.259999999999998,4.520000000000003,4.0
1445,25a60f0b59f103ebf782a31f94bb569d897a652a0bc1bd95c5cdc5521418b843,0.002,True,9.0,7.0,1.9200000000000017,0.8200000000000003,5.079999999999998,2.0
1446,25a60f0b59f103ebf782a31f94bb569d897a652a0bc1bd95c5cdc5521418b843,0.002,True,6.0,10.0,1.3599999999999994,1.3800000000000026,8.64,-4.0
1447,25a60f0b59f103ebf782a31f94bb569d897a652a0bc1bd95c5cdc5521418b843,0.002,True,6.0,10.0,2.4200000000000017,0.3200000000000003,7.579999999999998,-4.0
1448,25a60f0b59f103ebf782a31f94bb569d897a652a0bc1bd95c5cdc5521418b843,0.002,True,7.0,9.0,3.6400000000000006,-0.8999999999999986,5.359999999999999,-2.0
1449,25a60f0b59f103ebf782a31f94bb569d897a652a0bc1bd95c5cdc5521418b843,0.002,True,13.0,3.0,-0.03999999999999915,2.780000000000001,3.039999999999999,10.0
1450,25a60f0b59f103ebf782a31f94bb569d897a652a0bc1bd95c5cdc5521418b843,0.002,True,8.0,8.0,1.3599999999999994,1.3800000000000026,6.640000000000001,0.0
1451,b93b3e639207b61066839c0c4c5d4b187f3648ac0893403e393788147d3cf641,0.002,False,9.0,-2.0,0.5399999999999991,2.200000000000003,-2.539999999999999,11.0
1452,25a60f0b59f103ebf782a31f94bb569d897a652a0bc1bd95c5cdc5521418b843,0.002,True,9.0,7.0,1.6400000000000006,1.1000000000000014,5.359999999999999,2.0
1453,25a60f0b59f103ebf782a31f94bb569d897a652a0bc1bd95c5cdc5521418b843,0.002,True,13.0,3.0,-1.0399999999999991,3.780000000000001,4.039999999999999,10.0
1454,18e38dc4225a11e2a43c1a7abd32ddeea5ac0a0bcf35f6f5854fbf708e98f5ca,0.002,False,6.0,2.0,2.3800000000000026,0.35999999999999943,-0.38000000000000256,4.0
1455,2a688dce9ee3f6910a66c8306e45a673347e6c2da97ca4f612e37eadc34f421f,0.002,False,7.0,4.0,0.5200000000000031,2.219999999999999,3.479999999999997,3.0
1456,25a60f0b59f103ebf782a31f94bb569d897a652a0bc1bd95c5cdc5521418b843,0.002,True,7.0,9.0,3.380000000000002,-0.6400000000000006,5.619999999999997,-2.0
1457,25a60f0b59f103ebf782a31f94bb569d897a652a0bc1bd95c5cdc5521418b843,0.002,True,11.0,5.0,0.6599999999999966,2.0799999999999983,4.340000000000003,6.0
1458,25a60f0b59f103ebf782a31f94bb569d897a652a0bc1bd95c5cdc5521418b843,0.002,True,7.0,9.0,2.460000000000001,0.28000000000000114,6.539999999999999,-2.0
1459,25a60f0b59f103ebf782a31f94bb569d897a652a0bc1bd95c5cdc5521418b843,0.002,True,8.0,8.0,1.3200000000000003,1.4200000000000017,6.68,0.0
1460,25a60f0b59f103ebf782a31f94bb569d897a652a0bc1bd95c5cdc5521418b843,0.002,True,11.0,5.0,1.7999999999999972,0.9399999999999977,3.200000000000003,6.0
1461,18e38dc4225a11e2a43c1a7abd32ddeea5ac0a0bcf35f6f5854fbf708e98f5ca,0.002,False,9.0,-1.0,0.3999999999999986,2.3400000000000034,-1.3999999999999986,10.0
1462,18e38dc4225a11e2a43c1a7abd32ddeea5ac0a0bcf35f6f5854fbf708e98f5ca,0.002,False,10.0,-2.0,0.7000000000000028,2.039999999999999,-2.700000000000003,12.0
1463,25a60f0b59f103ebf782a31f94bb569d897a652a0bc1bd95c5cdc5521418b843,0.002,True,5.0,11.0,4.259999999999998,-1.5200000000000031,6.740000000000002,-6.0
1464,25a60f0b59f103ebf782a31f94bb569d897a652a0bc1bd95c5cdc5521418b843,0.002,True,8.0,8.0,1.7800000000000011,0.9600000000000009,6.219999999999999,0.0
1465,76fd1e2470419b464aa575afb0710800da330763a86d4deb65102df4412cfb61,0.002,False,8.0,1.0,1.0799999999999983,1.6599999999999966,-0.0799999999999983,7.0
1466,76fd1e2470419b464aa575afb0710800da330763a86d4deb65102df4412cfb61,0.002,False,8.0,1.0,2.3800000000000026,0.35999999999999943,-1.3800000000000026,7.0
1467,76fd1e2470419b464aa575afb0710800da330763a86d4deb65102df4412cfb61,0.002,False,6.0,3.0,1.5200000000000031,1.2199999999999989,1.4799999999999969,3.0
1468,25a60f0b59f103ebf782a31f94bb569d897a652a0bc1bd95c5cdc5521418b843,0.002,True,10.0,6.0,0.6199999999999974,2.1199999999999974,5.380000000000003,4.0
1469,a3243ce7707a2a3682e9edb42f661751af7593e49dee8391462be0e0e7feca5b,0.002,False,11.0,-7.0,-1.6799999999999997,4.420000000000002,-5.32,18.0
1470,18e38dc4225a11e2a43c1a7abd32ddeea5ac0a0bcf35f6f5854fbf708e98f5ca,0.002,False,7.0,1.0,0.7000000000000028,2.039999999999999,0.29999999999999716,6.0
1471,2a688dce9ee3f6910a66c8306e45a673347e6c2da97ca4f612e37eadc34f421f,0.002,False,11.0,0.0,1.5799999999999983,1.1599999999999966,-1.5799999999999983,11.0
1472,25a60f0b59f103ebf782a31f94bb569d897a652a0bc1bd95c5cdc5521418b843,0.002,True,13.0,3.0,-1.1000000000000014,3.8400000000000034,4.100000000000001,10.0
1473,25a60f0b59f103ebf782a31f94bb569d897a652a0bc1bd95c5cdc5521418b843,0.002,True,7.0,9.0,2.259999999999998,0.4799999999999969,6.740000000000002,-2.0
1474,25a60f0b59f103ebf782a31f94bb569d897a652a0bc1bd95c5cdc5521418b843,0.002,True,9.0,7.0,0.8800000000000026,1.8599999999999994,6.119999999999997,2.0
1475,25a60f0b59f103ebf782a31f94bb569d897a652a0bc1bd95c5cdc5521418b843,0.002,True,8.0,8.0,1.7000000000000028,1.0399999999999991,6.299999999999997,0.0
1476,25a60f0b59f103ebf782a31f94bb569d897a652a0bc1bd95c5cdc5521418b843,0.002,True,8.0,8.0,3.200000000000003,-0.46000000000000085,4.799999999999997,0.0
1477,25a60f0b59f103ebf782a31f94bb569d897a652a0bc1bd95c5cdc5521418b843,0.002,True,9.0,7.0,2.1199999999999974,0.6199999999999974,4.880000000000003,2.0
1478,25a60f0b59f103ebf782a31f94bb569d897a652a0bc1bd95c5cdc5521418b843,0.002,True,9.0,7.0,1.7199999999999989,1.0200000000000031,5.280000000000001,2.0
1479,25a60f0b59f103ebf782a31f94bb569d897a652a0bc1bd95c5cdc5521418b843,0.002,True,9.0,7.0,0.9600000000000009,1.7800000000000011,6.039999999999999,2.0
1480,76fd1e2470419b464aa575afb0710800da330763a86d4deb65102df4412cfb61,0.002,False,4.0,5.0,4.32,-1.5799999999999983,0.6799999999999997,-1.0
1481,f6856a3437439e58b35ad8fedba5c2f1cabd89bb5550dc0db11d0fd01247215d,0.002,False,8.0,0.0,0.759999999999998,1.9799999999999969,-0.759999999999998,8.0
1482,76fd1e2470419b464aa575afb0710800da330763a86d4deb65102df4412cfb61,0.002,False,6.0,3.0,2.5799999999999983,0.1599999999999966,0.4200000000000017,3.0
1483,2a688dce9ee3f6910a66c8306e45a673347e6c2da97ca4f612e37eadc34f421f,0.002,False,9.0,2.0,0.9600000000000009,1.7800000000000011,1.0399999999999991,7.0
1484,25a60f0b59f103ebf782a31f94bb569d897a652a0bc1bd95c5cdc5521418b843,0.002,True,12.0,4.0,0.060000000000002274,2.68,3.9399999999999977,8.0
1485,76fd1e2470419b464aa575afb0710800da330763a86d4deb65102df4412cfb61,0.002,False,7.0,2.0,1.759999999999998,0.9799999999999969,0.240000000000002,5.0
1486,25a60f0b59f103ebf782a31f94bb569d897a652a0bc1bd95c5cdc5521418b843,0.002,True,10.0,6.0,1.759999999999998,0.9799999999999969,4.240000000000002,4.0
1487,25a60f0b59f103ebf782a31f94bb569d897a652a0bc1bd95c5cdc5521418b843,0.002,True,8.0,8.0,2.3999999999999986,0.3400000000000034,5.600000000000001,0.0
1488,18e38dc4225a11e2a43c1a7abd32ddeea5ac0a0bcf35f6f5854fbf708e98f5ca,0.002,False,8.0,0.0,1.8999999999999986,0.8400000000000034,-1.8999999999999986,8.0
1489,25a60f0b59f103ebf782a31f94bb569d897a652a0bc1bd95c5cdc5521418b843,0.002,True,9.0,7.0,0.8200000000000003,1.9200000000000017,6.18,2.0
1490,25a60f0b59f103ebf782a31f94bb569d897a652a0bc1bd95c5cdc5521418b843,0.002,True,9.0,7.0,1.1000000000000014,1.6400000000000006,5.899999999999999,2.0
1491,25a60f0b59f103ebf782a31f94bb569d897a652a0bc1bd95c5cdc5521418b843,0.002,True,12.0,4.0,-0.17999999999999972,2.9200000000000017,4.18,8.0
1492,18e38dc4225a11e2a43c1a7abd32ddeea5ac0a0bcf35f6f5854fbf708e98f5ca,0.002,False,7.0,1.0,0.8800000000000026,1.8599999999999994,0.11999999999999744,6.0
1493,2a688dce9ee3f6910a66c8306e45a673347e6c2da97ca4f612e37eadc34f421f,0.002,False,9.0,2.0,-1.1000000000000014,3.8400000000000034,3.1000000000000014,7.0
1494,76fd1e2470419b464aa575afb0710800da330763a86d4deb65102df4412cfb61,0.002,False,7.0,2.0,1.2199999999999989,1.5200000000000031,0.7800000000000011,5.0
1495,25a60f0b59f103ebf782a31f94bb569d897a652a0bc1bd95c5cdc5521418b843,0.002,True,7.0,9.0,2.8599999999999994,-0.11999999999999744,6.140000000000001,-2.0
1496,25a60f0b59f103ebf782a31f94bb569d897a652a0bc1bd95c5cdc5521418b843,0.002,True,5.0,11.0,3.799999999999997,-1.0600000000000023,7.200000000000003,-6.0
1497,2a688dce9ee3f6910a66c8306e45a673347e6c2da97ca4f612e37eadc34f421f,0.002,False,5.0,6.0,1.4799999999999969,1.259999999999998,4.520000000000003,-1.0
1498,25a60f0b59f103ebf782a31f94bb569d897a652a0bc1bd95c5cdc5521418b843,0.002,True,8.0,8.0,1.6000000000000014,1.1400000000000006,6.399999999999999,0.0
1499,25a60f0b59f103ebf782a31f94bb569d897a652a0bc1bd95c5cdc5521418b843,0.002,True,8.0,8.0,0.28000000000000114,2.460000000000001,7.719999999999999,0.0
1500,25a60f0b59f103ebf782a31f94bb569d897a652a0bc1bd95c5cdc5521418b843,0.002,True,8.0,8.0,2.6400000000000006,0.10000000000000142,5.359999999999999,0.0
1501,18e38dc4225a11e2a43c1a7abd32ddeea5ac0a0bcf35f6f5854fbf708e98f5ca,0.002,False,8.0,0.0,0.259999999999998,2.479999999999997,-0.259999999999998,8.0
1502,25a60f0b59f103ebf782a31f94bb569d897a652a0bc1bd95c5cdc5521418b843,0.002,True,7.0,9.0,1.2999999999999972,1.4399999999999977,7.700000000000003,-2.0
1503,25a60f0b59f103ebf782a31f94bb569d897a652a0bc1bd95c5cdc5521418b843,0.002,True,7.0,9.0,1.5,1.240000000000002,7.5,-2.0
1504,25a60f0b59f103ebf782a31f94bb569d897a652a0bc1bd95c5cdc5521418b843,0.002,True,11.0,5.0,0.7199999999999989,2.020000000000003,4.280000000000001,6.0
1505,25a60f0b59f103ebf782a31f94bb569d897a652a0bc1bd95c5cdc5521418b843,0.002,True,12.0,4.0,-0.10000000000000142,2.8400000000000034,4.100000000000001,8.0
1506,25a60f0b59f103ebf782a31f94bb569d897a652a0bc1bd95c5cdc5521418b843,0.002,True,12.0,4.0,-0.8599999999999994,3.600000000000001,4.859999999999999,8.0
1507,25a60f0b59f103ebf782a31f94bb569d897a652a0bc1bd95c5cdc5521418b843,0.002,True,10.0,6.0,-1.2800000000000011,4.020000000000003,7.280000000000001,4.0
1508,25a60f0b59f103ebf782a31f94bb569d897a652a0bc1bd95c5cdc5521418b843,0.002,True,9.0,7.0,0.8599999999999994,1.8800000000000026,6.140000000000001,2.0
1509,25a60f0b59f103ebf782a31f94bb569d897a652a0bc1bd95c5cdc5521418b843,0.002,True,11.0,5.0,-0.38000000000000256,3.119999999999998,5.380000000000003,6.0
1510,ab90b43f348253a578dcb95935f52c00eb11253a5d50f45fb540cf45626d0620,0.002,False,7.0,1.0,1.240000000000002,1.5,-0.240000000000002,6.0
1511,25a60f0b59f103ebf782a31f94bb569d897a652a0bc1bd95c5cdc5521418b843,0.002,True,7.0,9.0,2.8400000000000034,-0.10000000000000142,6.159999999999997,-2.0
1512,25a60f0b59f103ebf782a31f94bb569d897a652a0bc1bd95c5cdc5521418b843,0.002,True,10.0,6.0,0.10000000000000142,2.6400000000000006,5.899999999999999,4.0
1513,25a60f0b59f103ebf782a31f94bb569d897a652a0bc1bd95c5cdc5521418b843,0.002,True,9.0,7.0,2.539999999999999,0.20000000000000284,4.460000000000001,2.0
1514,25a60f0b59f103ebf782a31f94bb569d897a652a0bc1bd95c5cdc5521418b843,0.002,True,9.0,7.0,2.4399999999999977,0.29999999999999716,4.560000000000002,2.0
1515,25a60f0b59f103ebf782a31f94bb569d897a652a0bc1bd95c5cdc5521418b843,0.002,True,10.0,6.0,1.2999999999999972,1.4399999999999977,4.700000000000003,4.0
1516,18e38dc4225a11e2a43c1a7abd32ddeea5ac0a0bcf35f6f5854fbf708e98f5ca,0.002,False,4.0,4.0,3.1400000000000006,-0.3999999999999986,0.8599999999999994,0.0
1517,661a2f1f1c8be0f7325fe0b664192bfa46380843fe52b675bf11075e1c265699,0.002,False,6.0,-1.0,0.8200000000000003,1.9200000000000017,-1.8200000000000003,7.0
1518,25a60f0b59f103ebf782a31f94bb569d897a652a0bc1bd95c5cdc5521418b843,0.002,True,6.0,10.0,2.0799999999999983,0.6599999999999966,7.920000000000002,-4.0
1519,f6856a3437439e58b35ad8fedba5c2f1cabd89bb5550dc0db11d0fd01247215d,0.002,False,7.0,1.0,0.6599999999999966,2.0799999999999983,0.3400000000000034,6.0
1520,25a60f0b59f103ebf782a31f94bb569d897a652a0bc1bd95c5cdc5521418b843,0.002,True,8.0,8.0,0.6000000000000014,2.1400000000000006,7.399999999999999,0.0
1521,ab90b43f348253a578dcb95935f52c00eb11253a5d50f45fb540cf45626d0620,0.002,False,9.0,-1.0,-0.38000000000000256,3.119999999999998,-0.6199999999999974,10.0
1522,25a60f0b59f103ebf782a31f94bb569d897a652a0bc1bd95c5cdc5521418b843,0.002,True,10.0,6.0,0.6199999999999974,2.1199999999999974,5.380000000000003,4.0
1523,25a60f0b59f103ebf782a31f94bb569d897a652a0bc1bd95c5cdc5521418b843,0.002,True,5.0,11.0,3.0799999999999983,-0.3400000000000034,7.920000000000002,-6.0
1524,25a60f0b59f103ebf782a31f94bb569d897a652a0bc1bd95c5cdc5521418b843,0.002,True,8.0,8.0,1.2800000000000011,1.4600000000000009,6.719999999999999,0.0
1525,f6856a3437439e58b35ad8fedba5c2f1cabd89bb5550dc0db11d0fd01247215d,0.002,False,8.0,0.0,0.8400000000000034,1.8999999999999986,-0.8400000000000034,8.0
1526,25a60f0b59f103ebf782a31f94bb569d897a652a0bc1bd95c5cdc5521418b843,0.002,True,8.0,8.0,2.1199999999999974,0.6199999999999974,5.880000000000003,0.0
1527,76fd1e2470419b464aa575afb0710800da330763a86d4deb65102df4412cfb61,0.002,False,6.0,3.0,3.2400000000000024,-0.5,-0.24000000000000243,3.0
1528,25a60f0b59f103ebf782a31f94bb569d897a652a0bc1bd95c5cdc5521418b843,0.002,True,8.0,8.0,1.1199999999999974,1.6199999999999974,6.880000000000003,0.0
1529,25a60f0b59f103ebf782a31f94bb569d897a652a0bc1bd95c5cdc5521418b843,0.002,True,6.0,10.0,1.1799999999999997,1.5600000000000023,8.82,-4.0
1530,25a60f0b59f103ebf782a31f94bb569d897a652a0bc1bd95c5cdc5521418b843,0.002,True,7.0,9.0,1.740000000000002,1.0,7.259999999999998,-2.0
1531,6b6f91ba62efae00f09fbbdb547009f73ef44ff90923e257225aa6c928379dbe,0.002,False,6.0,0.0,1.9399999999999977,0.7999999999999972,-1.9399999999999977,6.0
1532,25a60f0b59f103ebf782a31f94bb569d897a652a0bc1bd95c5cdc5521418b843,0.002,True,9.0,7.0,2.240000000000002,0.5,4.759999999999998,2.0
1533,2a688dce9ee3f6910a66c8306e45a673347e6c2da97ca4f612e37eadc34f421f,0.002,False,5.0,6.0,2.479999999999997,0.259999999999998,3.520000000000003,-1.0
1534,2a688dce9ee3f6910a66c8306e45a673347e6c2da97ca4f612e37eadc34f421f,0.002,False,7.0,4.0,1.7800000000000011,0.9600000000000009,2.219999999999999,3.0
1535,25a60f0b59f103ebf782a31f94bb569d897a652a0bc1bd95c5cdc5521418b843,0.002,True,9.0,7.0,1.6199999999999974,1.1199999999999974,5.380000000000003,2.0
1536,25a60f0b59f103ebf782a31f94bb569d897a652a0bc1bd95c5cdc5521418b843,0.002,True,6.0,10.0,1.759999999999998,0.9799999999999969,8.240000000000002,-4.0
1537,25a60f0b59f103ebf782a31f94bb569d897a652a0bc1bd95c5cdc5521418b843,0.002,True,10.0,6.0,0.9600000000000009,1.7800000000000011,5.039999999999999,4.0
1538,25a60f0b59f103ebf782a31f94bb569d897a652a0bc1bd95c5cdc5521418b843,0.002,True,10.0,6.0,0.9600000000000009,1.7800000000000011,5.039999999999999,4.0
1539,25a60f0b59f103ebf782a31f94bb569d897a652a0bc1bd95c5cdc5521418b843,0.002,True,5.0,11.0,2.700000000000003,0.03999999999999915,8.299999999999997,-6.0
1540,25a60f0b59f103ebf782a31f94bb569d897a652a0bc1bd95c5cdc5521418b843,0.002,True,11.0,5.0,0.6599999999999966,2.0799999999999983,4.340000000000003,6.0
1541,76fd1e2470419b464aa575afb0710800da330763a86d4deb65102df4412cfb61,0.002,False,6.0,3.0,2.82,-0.0799999999999983,0.18000000000000016,3.0
1542,f6856a3437439e58b35ad8fedba5c2f1cabd89bb5550dc0db11d0fd01247215d,0.002,False,12.0,-4.0,-0.9600000000000009,3.700000000000003,-3.039999999999999,16.0
1543,25a60f0b59f103ebf782a31f94bb569d897a652a0bc1bd95c5cdc5521418b843,0.002,True,10.0,6.0,2.1400000000000006,0.6000000000000014,3.8599999999999994,4.0
1544,18e38dc4225a11e2a43c1a7abd32ddeea5ac0a0bcf35f6f5854fbf708e98f5ca,0.002,False,8.0,0.0,0.7199999999999989,2.020000000000003,-0.7199999999999989,8.0
1545,2a688dce9ee3f6910a66c8306e45a673347e6c2da97ca4f612e37eadc34f421f,0.002,False,10.0,1.0,-0.11999999999999744,2.8599999999999994,1.1199999999999974,9.0
1546,25a60f0b59f103ebf782a31f94bb569d897a652a0bc1bd95c5cdc5521418b843,0.002,True,7.0,9.0,0.3999999999999986,2.3400000000000034,8.600000000000001,-2.0
1547,25a60f0b59f103ebf782a31f94bb569d897a652a0bc1bd95c5cdc5521418b843,0.002,True,7.0,9.0,2.1000000000000014,0.6400000000000006,6.899999999999999,-2.0
1548,25a60f0b59f103ebf782a31f94bb569d897a652a0bc1bd95c5cdc5521418b843,0.002,True,7.0,9.0,1.4200000000000017,1.3200000000000003,7.579999999999998,-2.0
1549,76fd1e2470419b464aa575afb0710800da330763a86d4deb65102df4412cfb61,0.002,False,8.0,1.0,1.3999999999999986,1.3400000000000034,-0.3999999999999986,7.0
1550,2a688dce9ee3f6910a66c8306e45a673347e6c2da97ca4f612e37eadc34f421f,0.002,False,9.0,2.0,1.5200000000000031,1.2199999999999989,0.4799999999999969,7.0
1551,25a60f0b59f103ebf782a31f94bb569d897a652a0bc1bd95c5cdc5521418b843,0.002,True,10.0,6.0,1.1799999999999997,1.5600000000000023,4.82,4.0
1552,25a60f0b59f103ebf782a31f94bb569d897a652a0bc1bd95c5cdc5521418b843,0.002,True,9.0,7.0,2.520000000000003,0.21999999999999886,4.479999999999997,2.0
1553,25a60f0b59f103ebf782a31f94bb569d897a652a0bc1bd95c5cdc5521418b843,0.002,True,10.0,6.0,1.3200000000000003,1.4200000000000017,4.68,4.0
1554,25a60f0b59f103ebf782a31f94bb569d897a652a0bc1bd95c5cdc5521418b843,0.002,True,7.0,9.0,2.8599999999999994,-0.11999999999999744,6.140000000000001,-2.0
1555,25a60f0b59f103ebf782a31f94bb569d897a652a0bc1bd95c5cdc5521418b843,0.002,True,8.0,8.0,1.5399999999999991,1.2000000000000028,6.460000000000001,0.0
1556,2a688dce9ee3f6910a66c8306e45a673347e6c2da97ca4f612e37eadc34f421f,0.002,False,9.0,2.0,0.4799999999999969,2.259999999999998,1.5200000000000031,7.0
1557,76fd1e2470419b464aa575afb0710800da330763a86d4deb65102df4412cfb61,0.002,False,5.0,4.0,2.460000000000001,0.28000000000000114,1.5399999999999991,1.0
1558,25a60f0b59f103ebf782a31f94bb569d897a652a0bc1bd95c5cdc5521418b843,0.002,True,8.0,8.0,2.1400000000000006,0.6000000000000014,5.859999999999999,0.0
1559,adf172831755d5b68b20bd41481d7665e21425c51d614aae18c17d25d300847e,0.002,False,8.0,-5.0,1.2000000000000028,1.5399999999999991,-6.200000000000003,13.0
1560,25a60f0b59f103ebf782a31f94bb569d897a652a0bc1bd95c5cdc5521418b843,0.002,True,6.0,10.0,1.6599999999999966,1.0799999999999983,8.340000000000003,-4.0
1561,25a60f0b59f103ebf782a31f94bb569d897a652a0bc1bd95c5cdc5521418b843,0.002,True,10.0,6.0,0.8599999999999994,1.8800000000000026,5.140000000000001,4.0
1562,25a60f0b59f103ebf782a31f94bb569d897a652a0bc1bd95c5cdc5521418b843,0.002,True,7.0,9.0,1.2199999999999989,1.5200000000000031,7.780000000000001,-2.0
1563,76fd1e2470419b464aa575afb0710800da330763a86d4deb65102df4412cfb61,0.002,False,6.0,3.0,1.6799999999999997,1.0600000000000023,1.3200000000000003,3.0
1564,76fd1e2470419b464aa575afb0710800da330763a86d4deb65102df4412cfb61,0.002,False,9.0,0.0,2.1599999999999966,0.5799999999999983,-2.1599999999999966,9.0
1565,25a60f0b59f103ebf782a31f94bb569d897a652a0bc1bd95c5cdc5521418b843,0.002,True,9.0,7.0,0.5,2.240000000000002,6.5,2.0
1566,25a60f0b59f103ebf782a31f94bb569d897a652a0bc1bd95c5cdc5521418b843,0.002,True,12.0,4.0,1.9399999999999977,0.7999999999999972,2.0600000000000023,8.0
1567,18e38dc4225a11e2a43c1a7abd32ddeea5ac0a0bcf35f6f5854fbf708e98f5ca,0.002,False,10.0,-2.0,-1.5399999999999991,4.280000000000001,-0.46000000000000085,12.0
1568,18e38dc4225a11e2a43c1a7abd32ddeea5ac0a0bcf35f6f5854fbf708e98f5ca,0.002,False,7.0,1.0,-0.240000000000002,2.9799999999999964,1.240000000000002,6.0
1569,25a60f0b59f103ebf782a31f94bb569d897a652a0bc1bd95c5cdc5521418b843,0.002,True,14.0,2.0,-0.9399999999999977,3.68,2.9399999999999977,12.0
1570,25a60f0b59f103ebf782a31f94bb569d897a652a0bc1bd95c5cdc5521418b843,0.002,True,7.0,9.0,2.8599999999999994,-0.11999999999999744,6.140000000000001,-2.0
1571,2a688dce9ee3f6910a66c8306e45a673347e6c2da97ca4f612e37eadc34f421f,0.002,False,6.0,5.0,1.8200000000000003,0.9200000000000017,3.1799999999999997,1.0
1572,25a60f0b59f103ebf782a31f94bb569d897a652a0bc1bd95c5cdc5521418b843,0.002,True,9.0,7.0,1.7999999999999972,0.9399999999999977,5.200000000000003,2.0
1573,f6856a3437439e58b35ad8fedba5c2f1cabd89bb5550dc0db11d0fd01247215d,0.002,False,6.0,2.0,0.3400000000000034,2.3999999999999986,1.6599999999999966,4.0
1574,ab90b43f348253a578dcb95935f52c00eb11253a5d50f45fb540cf45626d0620,0.002,False,7.0,1.0,0.5399999999999991,2.200000000000003,0.46000000000000085,6.0
1575,25a60f0b59f103ebf782a31f94bb569d897a652a0bc1bd95c5cdc5521418b843,0.002,True,7.0,9.0,2.479999999999997,0.259999999999998,6.520000000000003,-2.0
1576,25a60f0b59f103ebf782a31f94bb569d897a652a0bc1bd95c5cdc5521418b843,0.002,True,9.0,7.0,-0.28000000000000114,3.0200000000000036,7.280000000000001,2.0
1577,25a60f0b59f103ebf782a31f94bb569d897a652a0bc1bd95c5cdc5521418b843,0.002,True,10.0,6.0,-0.38000000000000256,3.119999999999998,6.380000000000003,4.0
1578,18e38dc4225a11e2a43c1a7abd32ddeea5ac0a0bcf35f6f5854fbf708e98f5ca,0.002,False,5.0,3.0,1.6000000000000014,1.1400000000000006,1.3999999999999986,2.0
1579,2a688dce9ee3f6910a66c8306e45a673347e6c2da97ca4f612e37eadc34f421f,0.002,False,7.0,4.0,2.479999999999997,0.259999999999998,1.5200000000000031,3.0
1580,25a60f0b59f103ebf782a31f94bb569d897a652a0bc1bd95c5cdc5521418b843,0.002,True,10.0,6.0,1.4399999999999977,1.2999999999999972,4.560000000000002,4.0
1581,25a60f0b59f103ebf782a31f94bb569d897a652a0bc1bd95c5cdc5521418b843,0.002,True,8.0,8.0,1.5799999999999983,1.1599999999999966,6.420000000000002,0.0
1582,25a60f0b59f103ebf782a31f94bb569d897a652a0bc1bd95c5cdc5521418b843,0.002,True,7.0,9.0,3.299999999999997,-0.5600000000000023,5.700000000000003,-2.0
1583,25a60f0b59f103ebf782a31f94bb569d897a652a0bc1bd95c5cdc5521418b843,0.002,True,7.0,9.0,2.799999999999997,-0.060000000000002274,6.200000000000003,-2.0
1584,76fd1e2470419b464aa575afb0710800da330763a86d4deb65102df4412cfb61,0.002,False,8.0,1.0,1.4600000000000009,1.2800000000000011,-0.46000000000000085,7.0
1585,76fd1e2470419b464aa575afb0710800da330763a86d4deb65102df4412cfb61,0.002,False,7.0,2.0,1.3400000000000034,1.3999999999999986,0.6599999999999966,5.0
1586,76fd1e2470419b464aa575afb0710800da330763a86d4deb65102df4412cfb61,0.002,False,5.0,4.0,2.460000000000001,0.28000000000000114,1.5399999999999991,1.0
1587,18e38dc4225a11e2a43c1a7abd32ddeea5ac0a0bcf35f6f5854fbf708e98f5ca,0.002,False,7.0,1.0,2.0600000000000023,0.6799999999999997,-1.0600000000000023,6.0
1588,25a60f0b59f103ebf782a31f94bb569d897a652a0bc1bd95c5cdc5521418b843,0.002,True,5.0,11.0,2.8599999999999994,-0.11999999999999744,8.14,-6.0
1589,25a60f0b59f103ebf782a31f94bb569d897a652a0bc1bd95c5cdc5521418b843,0.002,True,10.0,6.0,-0.6199999999999974,3.3599999999999994,6.619999999999997,4.0
1590,f6856a3437439e58b35ad8fedba5c2f1cabd89bb5550dc0db11d0fd01247215d,0.002,False,6.0,2.0,1.4799999999999969,1.259999999999998,0.5200000000000031,4.0
1591,25a60f0b59f103ebf782a31f94bb569d897a652a0bc1bd95c5cdc5521418b843,0.002,True,10.0,6.0,-0.4200000000000017,3.1599999999999966,6.420000000000002,4.0
1592,2a688dce9ee3f6910a66c8306e45a673347e6c2da97ca4f612e37eadc34f421f,0.002,False,7.0,4.0,1.5200000000000031,1.2199999999999989,2.479999999999997,3.0
1593,25a60f0b59f103ebf782a31f94bb569d897a652a0bc1bd95c5cdc5521418b843,0.002,True,8.0,8.0,1.6599999999999966,1.0799999999999983,6.340000000000003,0.0
1594,25a60f0b59f103ebf782a31f94bb569d897a652a0bc1bd95c5cdc5521418b843,0.002,True,7.0,9.0,1.9600000000000009,0.7800000000000011,7.039999999999999,-2.0
1595,25a60f0b59f103ebf782a31f94bb569d897a652a0bc1bd95c5cdc5521418b843,0.002,True,8.0,8.0,1.1199999999999974,1.6199999999999974,6.880000000000003,0.0
1596,f6856a3437439e58b35ad8fedba5c2f1cabd89bb5550dc0db11d0fd01247215d,0.002,False,8.0,0.0,0.5799999999999983,2.1599999999999966,-0.5799999999999983,8.0
1597,2a688dce9ee3f6910a66c8306e45a673347e6c2da97ca4f612e37eadc34f421f,0.002,False,11.0,0.0,0.9200000000000017,1.8200000000000003,-0.9200000000000017,11.0
1598,18e38dc4225a11e2a43c1a7abd32ddeea5ac0a0bcf35f6f5854fbf708e98f5ca,0.002,False,10.0,-2.0,0.29999999999999716,2.4399999999999977,-2.299999999999997,12.0
1599,f6856a3437439e58b35ad8fedba5c2f1cabd89bb5550dc0db11d0fd01247215d,0.002,False,6.0,2.0,1.1599999999999966,1.5799999999999983,0.8400000000000034,4.0
1600,25a60f0b59f103ebf782a31f94bb569d897a652a0bc1bd95c5cdc5521418b843,0.002,True,9.0,7.0,1.3999999999999986,1.3400000000000034,5.600000000000001,2.0
1601,25a60f0b59f103ebf782a31f94bb569d897a652a0bc1bd95c5cdc5521418b843,0.002,True,7.0,9.0,1.4600000000000009,1.2800000000000011,7.539999999999999,-2.0
1602,25a60f0b59f103ebf782a31f94bb569d897a652a0bc1bd95c5cdc5521418b843,0.002,True,11.0,5.0,1.8400000000000034,0.8999999999999986,3.1599999999999966,6.0
1603,25a60f0b59f103ebf782a31f94bb569d897a652a0bc1bd95c5cdc5521418b843,0.002,True,8.0,8.0,0.7000000000000028,2.039999999999999,7.299999999999997,0.0
1604,76fd1e2470419b464aa575afb0710800da330763a86d4deb65102df4412cfb61,0.002,False,6.0,3.0,2.240000000000002,0.5,0.759999999999998,3.0
1605,18e38dc4225a11e2a43c1a7abd32ddeea5ac0a0bcf35f6f5854fbf708e98f5ca,0.002,False,8.0,0.0,0.5200000000000031,2.219999999999999,-0.5200000000000031,8.0
1606,ab90b43f348253a578dcb95935f52c00eb11253a5d50f45fb540cf45626d0620,0.002,False,9.0,-1.0,-0.1599999999999966,2.899999999999999,-0.8400000000000034,10.0
1607,2a688dce9ee3f6910a66c8306e45a673347e6c2da97ca4f612e37eadc34f421f,0.002,False,8.0,3.0,1.240000000000002,1.5,1.759999999999998,5.0
1608,25a60f0b59f103ebf782a31f94bb569d897a652a0bc1bd95c5cdc5521418b843,0.002,True,10.0,6.0,-1.3400000000000034,4.079999999999998,7.340000000000003,4.0
1609,ab90b43f348253a578dcb95935f52c00eb11253a5d50f45fb540cf45626d0620,0.002,False,10.0,-2.0,-0.259999999999998,3.0,-1.740000000000002,12.0
1610,76fd1e2470419b464aa575afb0710800da330763a86d4deb65102df4412cfb61,0.002,False,9.0,0.0,0.8599999999999994,1.8800000000000026,-0.8599999999999994,9.0
1611,25a60f0b59f103ebf782a31f94bb569d897a652a0bc1bd95c5cdc5521418b843,0.002,True,11.0,5.0,0.020000000000003126,2.719999999999999,4.979999999999997,6.0
1612,18e38dc4225a11e2a43c1a7abd32ddeea5ac0a0bcf35f6f5854fbf708e98f5ca,0.002,False,9.0,-1.0,2.020000000000003,0.7199999999999989,-3.020000000000003,10.0
1613,25a60f0b59f103ebf782a31f94bb569d897a652a0bc1bd95c5cdc5521418b843,0.002,True,12.0,4.0,-1.5799999999999983,4.32,5.579999999999998,8.0
1614,25a60f0b59f103ebf782a31f94bb569d897a652a0bc1bd95c5cdc5521418b843,0.002,True,9.0,7.0,2.1199999999999974,0.6199999999999974,4.880000000000003,2.0
1615,76fd1e2470419b464aa575afb0710800da330763a86d4deb65102df4412cfb61,0.002,False,9.0,0.0,1.3599999999999994,1.3800000000000026,-1.3599999999999994,9.0
1616,661a2f1f1c8be0f7325fe0b664192bfa46380843fe52b675bf11075e1c265699,0.002,False,6.0,-1.0,1.6599999999999966,1.0799999999999983,-2.6599999999999966,7.0
1617,25a60f0b59f103ebf782a31f94bb569d897a652a0bc1bd95c5cdc5521418b843,0.002,True,10.0,6.0,0.9399999999999977,1.7999999999999972,5.060000000000002,4.0
1618,25a60f0b59f103ebf782a31f94bb569d897a652a0bc1bd95c5cdc5521418b843,0.002,True,10.0,6.0,0.9200000000000017,1.8200000000000003,5.079999999999998,4.0
1619,25a60f0b59f103ebf782a31f94bb569d897a652a0bc1bd95c5cdc5521418b843,0.002,True,10.0,6.0,1.5799999999999983,1.1599999999999966,4.420000000000002,4.0
1620,25a60f0b59f103ebf782a31f94bb569d897a652a0bc1bd95c5cdc5521418b843,0.002,True,7.0,9.0,2.240000000000002,0.5,6.759999999999998,-2.0
1621,25a60f0b59f103ebf782a31f94bb569d897a652a0bc1bd95c5cdc5521418b843,0.002,True,7.0,9.0,2.9600000000000013,-0.21999999999999886,6.039999999999999,-2.0
1622,25a60f0b59f103ebf782a31f94bb569d897a652a0bc1bd95c5cdc5521418b843,0.002,True,9.0,7.0,1.0799999999999983,1.6599999999999966,5.920000000000002,2.0
1623,76fd1e2470419b464aa575afb0710800da330763a86d4deb65102df4412cfb61,0.002,False,6.0,3.0,2.700000000000003,0.03999999999999915,0.29999999999999716,3.0
1624,25a60f0b59f103ebf782a31f94bb569d897a652a0bc1bd95c5cdc5521418b843,0.002,True,11.0,5.0,0.6799999999999997,2.0600000000000023,4.32,6.0
1625,76fd1e2470419b464aa575afb0710800da330763a86d4deb65102df4412cfb61,0.002,False,6.0,3.0,3.1400000000000006,-0.3999999999999986,-0.14000000000000057,3.0
1626,76fd1e2470419b464aa575afb0710800da330763a86d4deb65102df4412cfb61,0.002,False,7.0,2.0,3.32,-0.5799999999999983,-1.3199999999999998,5.0
1627,25a60f0b59f103ebf782a31f94bb569d897a652a0bc1bd95c5cdc5521418b843,0.002,True,14.0,2.0,-1.1599999999999966,3.899999999999999,3.1599999999999966,12.0
1628,f6856a3437439e58b35ad8fedba5c2f1cabd89bb5550dc0db11d0fd01247215d,0.002,False,2.0,6.0,4.060000000000002,-1.3200000000000003,1.9399999999999977,-4.0
1629,25a60f0b59f103ebf782a31f94bb569d897a652a0bc1bd95c5cdc5521418b843,0.002,True,8.0,8.0,0.5200000000000031,2.219999999999999,7.479999999999997,0.0
1630,25a60f0b59f103ebf782a31f94bb569d897a652a0bc1bd95c5cdc5521418b843,0.002,True,9.0,7.0,1.2000000000000028,1.5399999999999991,5.799999999999997,2.0
1631,25a60f0b59f103ebf782a31f94bb569d897a652a0bc1bd95c5cdc5521418b843,0.002,True,11.0,5.0,1.7999999999999972,0.9399999999999977,3.200000000000003,6.0
1632,25a60f0b59f103ebf782a31f94bb569d897a652a0bc1bd95c5cdc5521418b843,0.002,True,6.0,10.0,2.6400000000000006,0.10000000000000142,7.359999999999999,-4.0
1633,25a60f0b59f103ebf782a31f94bb569d897a652a0bc1bd95c5cdc5521418b843,0.002,True,6.0,10.0,3.0200000000000036,-0.28000000000000114,6.979999999999997,-4.0
1634,25a60f0b59f103ebf782a31f94bb569d897a652a0bc1bd95c5cdc5521418b843,0.002,True,9.0,7.0,1.5799999999999983,1.1599999999999966,5.420000000000002,2.0
1635,25a60f0b59f103ebf782a31f94bb569d897a652a0bc1bd95c5cdc5521418b843,0.002,True,8.0,8.0,1.2800000000000011,1.4600000000000009,6.719999999999999,0.0
1636,25a60f0b59f103ebf782a31f94bb569d897a652a0bc1bd95c5cdc5521418b843,0.002,True,9.0,7.0,0.0799999999999983,2.6599999999999966,6.920000000000002,2.0
1637,25a60f0b59f103ebf782a31f94bb569d897a652a0bc1bd95c5cdc5521418b843,0.002,True,5.0,11.0,3.4200000000000017,-0.6799999999999997,7.579999999999998,-6.0
1638,25a60f0b59f103ebf782a31f94bb569d897a652a0bc1bd95c5cdc5521418b843,0.002,True,8.0,8.0,3.0399999999999987,-0.29999999999999716,4.960000000000001,0.0
1639,ab90b43f348253a578dcb95935f52c00eb11253a5d50f45fb540cf45626d0620,0.002,False,7.0,1.0,0.020000000000003126,2.719999999999999,0.9799999999999969,6.0
1640,2a688dce9ee3f6910a66c8306e45a673347e6c2da97ca4f612e37eadc34f421f,0.002,False,8.0,3.0,2.7400000000000024,0.0,0.25999999999999757,5.0
1641,25a60f0b59f103ebf782a31f94bb569d897a652a0bc1bd95c5cdc5521418b843,0.002,True,8.0,8.0,1.6799999999999997,1.0600000000000023,6.32,0.0
1642,25a60f0b59f103ebf782a31f94bb569d897a652a0bc1bd95c5cdc5521418b843,0.002,True,8.0,8.0,0.8599999999999994,1.8800000000000026,7.140000000000001,0.0
1643,b93b3e639207b61066839c0c4c5d4b187f3648ac0893403e393788147d3cf641,0.002,False,8.0,-1.0,1.2999999999999972,1.4399999999999977,-2.299999999999997,9.0
1644,25a60f0b59f103ebf782a31f94bb569d897a652a0bc1bd95c5cdc5521418b843,0.002,True,9.0,7.0,1.4399999999999977,1.2999999999999972,5.560000000000002,2.0
1645,9b314dbaab24207ccb63b6994337f27fd505f1c0ef868166102def484737fe46,0.001,False,8.0,-1.0,0.240000000000002,2.5,-1.240000000000002,9.0
1646,25a60f0b59f103ebf782a31f94bb569d897a652a0bc1bd95c5cdc5521418b843,0.002,True,9.0,7.0,1.759999999999998,0.9799999999999969,5.240000000000002,2.0
1647,25a60f0b59f103ebf782a31f94bb569d897a652a0bc1bd95c5cdc5521418b843,0.002,True,8.0,8.0,1.0799999999999983,1.6599999999999966,6.920000000000002,0.0
1648,2a688dce9ee3f6910a66c8306e45a673347e6c2da97ca4f612e37eadc34f421f,0.002,False,8.0,3.0,2.1199999999999974,0.6199999999999974,0.8800000000000026,5.0
1649,25a60f0b59f103ebf782a31f94bb569d897a652a0bc1bd95c5cdc5521418b843,0.002,True,12.0,4.0,-0.3999999999999986,3.1400000000000006,4.399999999999999,8.0
1650,25a60f0b59f103ebf782a31f94bb569d897a652a0bc1bd95c5cdc5521418b843,0.002,True,11.0,5.0,0.8400000000000034,1.8999999999999986,4.159999999999997,6.0
1651,76fd1e2470419b464aa575afb0710800da330763a86d4deb65102df4412cfb61,0.002,False,8.0,1.0,0.1599999999999966,2.5799999999999983,0.8400000000000034,7.0
1652,25a60f0b59f103ebf782a31f94bb569d897a652a0bc1bd95c5cdc5521418b843,0.002,True,10.0,6.0,1.3800000000000026,1.3599999999999994,4.619999999999997,4.0
1653,25a60f0b59f103ebf782a31f94bb569d897a652a0bc1bd95c5cdc5521418b843,0.002,True,8.0,8.0,1.240000000000002,1.5,6.759999999999998,0.0
1654,f6856a3437439e58b35ad8fedba5c2f1cabd89bb5550dc0db11d0fd01247215d,0.002,False,5.0,3.0,1.3400000000000034,1.3999999999999986,1.6599999999999966,2.0
1655,25a60f0b59f103ebf782a31f94bb569d897a652a0bc1bd95c5cdc5521418b843,0.002,True,4.0,12.0,3.8400000000000034,-1.1000000000000014,8.159999999999997,-8.0
1656,f6856a3437439e58b35ad8fedba5c2f1cabd89bb5550dc0db11d0fd01247215d,0.002,False,9.0,-1.0,0.03999999999999915,2.700000000000003,-1.0399999999999991,10.0
1657,25a60f0b59f103ebf782a31f94bb569d897a652a0bc1bd95c5cdc5521418b843,0.002,True,9.0,7.0,0.11999999999999744,2.619999999999998,6.880000000000003,2.0
1658,25a60f0b59f103ebf782a31f94bb569d897a652a0bc1bd95c5cdc5521418b843,0.002,True,12.0,4.0,0.3200000000000003,2.4200000000000017,3.6799999999999997,8.0
1659,2a688dce9ee3f6910a66c8306e45a673347e6c2da97ca4f612e37eadc34f421f,0.002,False,7.0,4.0,1.4799999999999969,1.259999999999998,2.520000000000003,3.0
1660,25a60f0b59f103ebf782a31f94bb569d897a652a0bc1bd95c5cdc5521418b843,0.002,True,8.0,8.0,2.1400000000000006,0.6000000000000014,5.859999999999999,0.0
1661,76fd1e2470419b464aa575afb0710800da330763a86d4deb65102df4412cfb61,0.002,False,7.0,2.0,1.4600000000000009,1.2800000000000011,0.5399999999999991,5.0
1662,25a60f0b59f103ebf782a31f94bb569d897a652a0bc1bd95c5cdc5521418b843,0.002,True,11.0,5.0,0.240000000000002,2.5,4.759999999999998,6.0
1663,25a60f0b59f103ebf782a31f94bb569d897a652a0bc1bd95c5cdc5521418b843,0.002,True,8.0,8.0,2.0,0.740000000000002,6.0,0.0
1664,25a60f0b59f103ebf782a31f94bb569d897a652a0bc1bd95c5cdc5521418b843,0.002,True,8.0,8.0,1.2000000000000028,1.5399999999999991,6.799999999999997,0.0
1665,2a688dce9ee3f6910a66c8306e45a673347e6c2da97ca4f612e37eadc34f421f,0.002,False,9.0,2.0,-0.28000000000000114,3.0200000000000036,2.280000000000001,7.0
1666,b93b3e639207b61066839c0c4c5d4b187f3648ac0893403e393788147d3cf641,0.002,False,6.0,1.0,1.9200000000000017,0.8200000000000003,-0.9200000000000017,5.0
1667,f6856a3437439e58b35ad8fedba5c2f1cabd89bb5550dc0db11d0fd01247215d,0.002,False,6.0,2.0,0.6000000000000014,2.1400000000000006,1.3999999999999986,4.0
1668,2a688dce9ee3f6910a66c8306e45a673347e6c2da97ca4f612e37eadc34f421f,0.002,False,9.0,2.0,0.020000000000003126,2.719999999999999,1.9799999999999969,7.0
1669,76fd1e2470419b464aa575afb0710800da330763a86d4deb65102df4412cfb61,0.002,False,6.0,3.0,2.8400000000000034,-0.10000000000000142,0.1599999999999966,3.0
1670,25a60f0b59f103ebf782a31f94bb569d897a652a0bc1bd95c5cdc5521418b843,0.002,True,12.0,4.0,-0.21999999999999886,2.9600000000000013,4.219999999999999,8.0
1671,25a60f0b59f103ebf782a31f94bb569d897a652a0bc1bd95c5cdc5521418b843,0.002,True,8.0,8.0,2.5600000000000023,0.17999999999999972,5.439999999999998,0.0
1672,25a60f0b59f103ebf782a31f94bb569d897a652a0bc1bd95c5cdc5521418b843,0.002,True,8.0,8.0,0.8400000000000034,1.8999999999999986,7.159999999999997,0.0
1673,f6856a3437439e58b35ad8fedba5c2f1cabd89bb5550dc0db11d0fd01247215d,0.002,False,10.0,-2.0,1.0200000000000031,1.7199999999999989,-3.020000000000003,12.0
1674,2a688dce9ee3f6910a66c8306e45a673347e6c2da97ca4f612e37eadc34f421f,0.002,False,6.0,5.0,2.0799999999999983,0.6599999999999966,2.9200000000000017,1.0
1675,97b28df35b811f0a5dba92060bfa9d60f1cc23fb3123298c2b14a461bea2df00,0.002,False,5.0,0.0,2.82,-0.0799999999999983,-2.82,5.0
1676,25a60f0b59f103ebf782a31f94bb569d897a652a0bc1bd95c5cdc5521418b843,0.002,True,10.0,6.0,1.2000000000000028,1.5399999999999991,4.799999999999997,4.0
1677,18e38dc4225a11e2a43c1a7abd32ddeea5ac0a0bcf35f6f5854fbf708e98f5ca,0.002,False,7.0,1.0,2.539999999999999,0.20000000000000284,-1.5399999999999991,6.0
1678,2a688dce9ee3f6910a66c8306e45a673347e6c2da97ca4f612e37eadc34f421f,0.002,False,8.0,3.0,0.8599999999999994,1.8800000000000026,2.1400000000000006,5.0
1679,25a60f0b59f103ebf782a31f94bb569d897a652a0bc1bd95c5cdc5521418b843,0.002,True,7.0,9.0,2.240000000000002,0.5,6.759999999999998,-2.0
1680,9b314dbaab24207ccb63b6994337f27fd505f1c0ef868166102def484737fe46,0.001,False,6.0,1.0,1.3400000000000034,1.3999999999999986,-0.3400000000000034,5.0
1681,25a60f0b59f103ebf782a31f94bb569d897a652a0bc1bd95c5cdc5521418b843,0.002,True,7.0,9.0,3.1400000000000006,-0.3999999999999986,5.859999999999999,-2.0
1682,18e38dc4225a11e2a43c1a7abd32ddeea5ac0a0bcf35f6f5854fbf708e98f5ca,0.002,False,6.0,2.0,-0.11999999999999744,2.8599999999999994,2.1199999999999974,4.0
1683,76fd1e2470419b464aa575afb0710800da330763a86d4deb65102df4412cfb61,0.002,False,9.0,0.0,-0.38000000000000256,3.119999999999998,0.38000000000000256,9.0
1684,661a2f1f1c8be0f7325fe0b664192bfa46380843fe52b675bf11075e1c265699,0.002,False,5.0,0.0,2.1599999999999966,0.5799999999999983,-2.1599999999999966,5.0
1685,25a60f0b59f103ebf782a31f94bb569d897a652a0bc1bd95c5cdc5521418b843,0.002,True,7.0,9.0,1.6199999999999974,1.1199999999999974,7.380000000000003,-2.0
1686,76fd1e2470419b464aa575afb0710800da330763a86d4deb65102df4412cfb61,0.002,False,9.0,0.0,0.5,2.240000000000002,-0.5,9.0
1687,25a60f0b59f103ebf782a31f94bb569d897a652a0bc1bd95c5cdc5521418b843,0.002,True,9.0,7.0,0.6799999999999997,2.0600000000000023,6.32,2.0
1688,2a688dce9ee3f6910a66c8306e45a673347e6c2da97ca4f612e37eadc34f421f,0.002,False,6.0,5.0,1.5799999999999983,1.1599999999999966,3.4200000000000017,1.0
1689,f6856a3437439e58b35ad8fedba5c2f1cabd89bb5550dc0db11d0fd01247215d,0.002,False,5.0,3.0,1.3400000000000034,1.3999999999999986,1.6599999999999966,2.0
1690,25a60f0b59f103ebf782a31f94bb569d897a652a0bc1bd95c5cdc5521418b843,0.002,True,11.0,5.0,1.8599999999999994,0.8800000000000026,3.1400000000000006,6.0
1691,ab90b43f348253a578dcb95935f52c00eb11253a5d50f45fb540cf45626d0620,0.002,False,8.0,0.0,0.20000000000000284,2.539999999999999,-0.20000000000000284,8.0
1692,18e38dc4225a11e2a43c1a7abd32ddeea5ac0a0bcf35f6f5854fbf708e98f5ca,0.002,False,8.0,0.0,1.9600000000000009,0.7800000000000011,-1.9600000000000009,8.0
1693,a3a9766514890add553eb639947da5ae68bd92450572e8ba728a23d86c0aea11,0.001,False,7.0,0.0,1.0200000000000031,1.7199999999999989,-1.0200000000000031,7.0
1694,25a60f0b59f103ebf782a31f94bb569d897a652a0bc1bd95c5cdc5521418b843,0.002,True,11.0,5.0,-1.1199999999999974,3.8599999999999994,6.119999999999997,6.0
1695,25a60f0b59f103ebf782a31f94bb569d897a652a0bc1bd95c5cdc5521418b843,0.002,True,6.0,10.0,1.1400000000000006,1.6000000000000014,8.86,-4.0
1696,2a688dce9ee3f6910a66c8306e45a673347e6c2da97ca4f612e37eadc34f421f,0.002,False,7.0,4.0,1.7999999999999972,0.9399999999999977,2.200000000000003,3.0
1697,25a60f0b59f103ebf782a31f94bb569d897a652a0bc1bd95c5cdc5521418b843,0.002,True,8.0,8.0,2.7400000000000024,0.0,5.259999999999998,0.0
1698,25a60f0b59f103ebf782a31f94bb569d897a652a0bc1bd95c5cdc5521418b843,0.002,True,7.0,9.0,1.9799999999999969,0.759999999999998,7.020000000000003,-2.0
1699,25a60f0b59f103ebf782a31f94bb569d897a652a0bc1bd95c5cdc5521418b843,0.002,True,10.0,6.0,1.1799999999999997,1.5600000000000023,4.82,4.0
1700,25a60f0b59f103ebf782a31f94bb569d897a652a0bc1bd95c5cdc5521418b843,0.002,True,8.0,8.0,2.3999999999999986,0.3400000000000034,5.600000000000001,0.0
1701,25a60f0b59f103ebf782a31f94bb569d897a652a0bc1bd95c5cdc5521418b843,0.002,True,10.0,6.0,1.2999999999999972,1.4399999999999977,4.700000000000003,4.0
1702,25a60f0b59f103ebf782a31f94bb569d897a652a0bc1bd95c5cdc5521418b843,0.002,True,9.0,7.0,1.5799999999999983,1.1599999999999966,5.420000000000002,2.0
1703,25a60f0b59f103ebf782a31f94bb569d897a652a0bc1bd95c5cdc5521418b843,0.002,True,13.0,3.0,-0.020000000000003126,2.7599999999999976,3.020000000000003,10.0
1704,25a60f0b59f103ebf782a31f94bb569d897a652a0bc1bd95c5cdc5521418b843,0.002,True,7.0,9.0,1.2199999999999989,1.5200000000000031,7.780000000000001,-2.0
1705,ab90b43f348253a578dcb95935f52c00eb11253a5d50f45fb540cf45626d0620,0.002,False,6.0,2.0,0.259999999999998,2.479999999999997,1.740000000000002,4.0
1706,25a60f0b59f103ebf782a31f94bb569d897a652a0bc1bd95c5cdc5521418b843,0.002,True,7.0,9.0,2.4399999999999977,0.29999999999999716,6.560000000000002,-2.0
1707,b93b3e639207b61066839c0c4c5d4b187f3648ac0893403e393788147d3cf641,0.002,False,8.0,-1.0,1.6400000000000006,1.1000000000000014,-2.6400000000000006,9.0
1708,25a60f0b59f103ebf782a31f94bb569d897a652a0bc1bd95c5cdc5521418b843,0.002,True,10.0,6.0,-0.020000000000003126,2.7599999999999976,6.020000000000003,4.0
1709,25a60f0b59f103ebf782a31f94bb569d897a652a0bc1bd95c5cdc5521418b843,0.002,True,7.0,9.0,0.20000000000000284,2.539999999999999,8.799999999999997,-2.0
1710,25a60f0b59f103ebf782a31f94bb569d897a652a0bc1bd95c5cdc5521418b843,0.002,True,9.0,7.0,1.5200000000000031,1.2199999999999989,5.479999999999997,2.0
1711,25a60f0b59f103ebf782a31f94bb569d897a652a0bc1bd95c5cdc5521418b843,0.002,True,12.0,4.0,1.7999999999999972,0.9399999999999977,2.200000000000003,8.0
1712,25a60f0b59f103ebf782a31f94bb569d897a652a0bc1bd95c5cdc5521418b843,0.002,True,6.0,10.0,2.3599999999999994,0.38000000000000256,7.640000000000001,-4.0
1713,25a60f0b59f103ebf782a31f94bb569d897a652a0bc1bd95c5cdc5521418b843,0.002,True,7.0,9.0,1.2199999999999989,1.5200000000000031,7.780000000000001,-2.0
1714,25a60f0b59f103ebf782a31f94bb569d897a652a0bc1bd95c5cdc5521418b843,0.002,True,11.0,5.0,0.29999999999999716,2.4399999999999977,4.700000000000003,6.0
1715,ab90b43f348253a578dcb95935f52c00eb11253a5d50f45fb540cf45626d0620,0.002,False,5.0,3.0,2.9200000000000017,-0.17999999999999972,0.0799999999999983,2.0
1716,25a60f0b59f103ebf782a31f94bb569d897a652a0bc1bd95c5cdc5521418b843,0.002,True,9.0,7.0,3.4399999999999977,-0.7000000000000028,3.5600000000000023,2.0
1717,25a60f0b59f103ebf782a31f94bb569d897a652a0bc1bd95c5cdc5521418b843,0.002,True,7.0,9.0,0.7199999999999989,2.020000000000003,8.280000000000001,-2.0
1718,25a60f0b59f103ebf782a31f94bb569d897a652a0bc1bd95c5cdc5521418b843,0.002,True,8.0,8.0,3.399999999999999,-0.6599999999999966,4.600000000000001,0.0
1719,ab90b43f348253a578dcb95935f52c00eb11253a5d50f45fb540cf45626d0620,0.002,False,7.0,1.0,1.1599999999999966,1.5799999999999983,-0.1599999999999966,6.0
1720,2a688dce9ee3f6910a66c8306e45a673347e6c2da97ca4f612e37eadc34f421f,0.002,False,10.0,1.0,-0.060000000000002274,2.799999999999997,1.0600000000000023,9.0
1721,2a688dce9ee3f6910a66c8306e45a673347e6c2da97ca4f612e37eadc34f421f,0.002,False,7.0,4.0,2.3200000000000003,0.4200000000000017,1.6799999999999997,3.0
1722,25a60f0b59f103ebf782a31f94bb569d897a652a0bc1bd95c5cdc5521418b843,0.002,True,9.0,7.0,1.5600000000000023,1.1799999999999997,5.439999999999998,2.0
1723,25a60f0b59f103ebf782a31f94bb569d897a652a0bc1bd95c5cdc5521418b843,0.002,True,10.0,6.0,0.6799999999999997,2.0600000000000023,5.32,4.0
1724,25a60f0b59f103ebf782a31f94bb569d897a652a0bc1bd95c5cdc5521418b843,0.002,True,8.0,8.0,2.68,0.060000000000002274,5.32,0.0
1725,76fd1e2470419b464aa575afb0710800da330763a86d4deb65102df4412cfb61,0.002,False,10.0,-1.0,-1.0200000000000031,3.7599999999999976,0.020000000000003126,11.0
1726,25a60f0b59f103ebf782a31f94bb569d897a652a0bc1bd95c5cdc5521418b843,0.002,True,11.0,5.0,-0.060000000000002274,2.799999999999997,5.060000000000002,6.0
1727,76fd1e2470419b464aa575afb0710800da330763a86d4deb65102df4412cfb61,0.002,False,7.0,2.0,2.799999999999997,-0.060000000000002274,-0.7999999999999972,5.0
1728,25a60f0b59f103ebf782a31f94bb569d897a652a0bc1bd95c5cdc5521418b843,0.002,True,12.0,4.0,-1.2000000000000028,3.9399999999999977,5.200000000000003,8.0
1729,25a60f0b59f103ebf782a31f94bb569d897a652a0bc1bd95c5cdc5521418b843,0.002,True,7.0,9.0,1.8800000000000026,0.8599999999999994,7.119999999999997,-2.0
1730,2a688dce9ee3f6910a66c8306e45a673347e6c2da97ca4f612e37eadc34f421f,0.002,False,7.0,4.0,2.039999999999999,0.7000000000000028,1.9600000000000009,3.0
1731,76fd1e2470419b464aa575afb0710800da330763a86d4deb65102df4412cfb61,0.002,False,8.0,1.0,0.5600000000000023,2.1799999999999997,0.4399999999999977,7.0
1732,18e38dc4225a11e2a43c1a7abd32ddeea5ac0a0bcf35f6f5854fbf708e98f5ca,0.002,False,13.0,-5.0,0.5799999999999983,2.1599999999999966,-5.579999999999998,18.0
1733,f6856a3437439e58b35ad8fedba5c2f1cabd89bb5550dc0db11d0fd01247215d,0.002,False,8.0,0.0,0.9600000000000009,1.7800000000000011,-0.9600000000000009,8.0
1734,25a60f0b59f103ebf782a31f94bb569d897a652a0bc1bd95c5cdc5521418b843,0.002,True,10.0,6.0,2.240000000000002,0.5,3.759999999999998,4.0
1735,25a60f0b59f103ebf782a31f94bb569d897a652a0bc1bd95c5cdc5521418b843,0.002,True,8.0,8.0,1.240000000000002,1.5,6.759999999999998,0.0
1736,25a60f0b59f103ebf782a31f94bb569d897a652a0bc1bd95c5cdc5521418b843,0.002,True,11.0,5.0,-0.6000000000000014,3.3400000000000034,5.600000000000001,6.0
1737,25a60f0b59f103ebf782a31f94bb569d897a652a0bc1bd95c5cdc5521418b843,0.002,True,11.0,5.0,1.5200000000000031,1.2199999999999989,3.479999999999997,6.0
1738,25a60f0b59f103ebf782a31f94bb569d897a652a0bc1bd95c5cdc5521418b843,0.002,True,3.0,13.0,3.7400000000000024,-1.0,9.259999999999998,-10.0
1739,76fd1e2470419b464aa575afb0710800da330763a86d4deb65102df4412cfb61,0.002,False,8.0,1.0,3.18,-0.4399999999999977,-2.18,7.0
1740,ab90b43f348253a578dcb95935f52c00eb11253a5d50f45fb540cf45626d0620,0.002,False,5.0,3.0,2.280000000000001,0.46000000000000085,0.7199999999999989,2.0
1741,ab90b43f348253a578dcb95935f52c00eb11253a5d50f45fb540cf45626d0620,0.002,False,7.0,1.0,1.9799999999999969,0.759999999999998,-0.9799999999999969,6.0
1742,76fd1e2470419b464aa575afb0710800da330763a86d4deb65102df4412cfb61,0.002,False,6.0,3.0,2.460000000000001,0.28000000000000114,0.5399999999999991,3.0
1743,25a60f0b59f103ebf782a31f94bb569d897a652a0bc1bd95c5cdc5521418b843,0.002,True,10.0,6.0,0.3200000000000003,2.4200000000000017,5.68,4.0
1744,ab90b43f348253a578dcb95935f52c00eb11253a5d50f45fb540cf45626d0620,0.002,False,8.0,0.0,-0.060000000000002274,2.799999999999997,0.060000000000002274,8.0
1745,25a60f0b59f103ebf782a31f94bb569d897a652a0bc1bd95c5cdc5521418b843,0.002,True,6.0,10.0,2.600000000000001,0.14000000000000057,7.399999999999999,-4.0
1746,25a60f0b59f103ebf782a31f94bb569d897a652a0bc1bd95c5cdc5521418b843,0.002,True,13.0,3.0,0.7999999999999972,1.9399999999999977,2.200000000000003,10.0
1747,25a60f0b59f103ebf782a31f94bb569d897a652a0bc1bd95c5cdc5521418b843,0.002,True,9.0,7.0,1.5799999999999983,1.1599999999999966,5.420000000000002,2.0
1748,f6856a3437439e58b35ad8fedba5c2f1cabd89bb5550dc0db11d0fd01247215d,0.002,False,9.0,-1.0,-1.5600000000000023,4.299999999999997,0.5600000000000023,10.0
1749,25a60f0b59f103ebf782a31f94bb569d897a652a0bc1bd95c5cdc5521418b843,0.002,True,6.0,10.0,1.740000000000002,1.0,8.259999999999998,-4.0
1750,2a688dce9ee3f6910a66c8306e45a673347e6c2da97ca4f612e37eadc34f421f,0.002,False,10.0,1.0,0.03999999999999915,2.700000000000003,0.9600000000000009,9.0
1751,76fd1e2470419b464aa575afb0710800da330763a86d4deb65102df4412cfb61,0.002,False,7.0,2.0,0.740000000000002,2.0,1.259999999999998,5.0
1752,25a60f0b59f103ebf782a31f94bb569d897a652a0bc1bd95c5cdc5521418b843,0.002,True,10.0,6.0,1.7000000000000028,1.0399999999999991,4.299999999999997,4.0
1753,25a60f0b59f103ebf782a31f94bb569d897a652a0bc1bd95c5cdc5521418b843,0.002,True,8.0,8.0,0.14000000000000057,2.600000000000001,7.859999999999999,0.0
1754,f6856a3437439e58b35ad8fedba5c2f1cabd89bb5550dc0db11d0fd01247215d,0.002,False,9.0,-1.0,-0.3400000000000034,3.0799999999999983,-0.6599999999999966,10.0
1755,25a60f0b59f103ebf782a31f94bb569d897a652a0bc1bd95c5cdc5521418b843,0.002,True,8.0,8.0,0.35999999999999943,2.3800000000000026,7.640000000000001,0.0
1756,25a60f0b59f103ebf782a31f94bb569d897a652a0bc1bd95c5cdc5521418b843,0.002,True,11.0,5.0,1.1400000000000006,1.6000000000000014,3.8599999999999994,6.0
1757,25a60f0b59f103ebf782a31f94bb569d897a652a0bc1bd95c5cdc5521418b843,0.002,True,12.0,4.0,0.8200000000000003,1.9200000000000017,3.1799999999999997,8.0
1758,25a60f0b59f103ebf782a31f94bb569d897a652a0bc1bd95c5cdc5521418b843,0.002,True,9.0,7.0,3.100000000000001,-0.35999999999999943,3.899999999999999,2.0
1759,25a60f0b59f103ebf782a31f94bb569d897a652a0bc1bd95c5cdc5521418b843,0.002,True,15.0,1.0,-1.5,4.240000000000002,2.5,14.0
1760,76fd1e2470419b464aa575afb0710800da330763a86d4deb65102df4412cfb61,0.002,False,7.0,2.0,1.6400000000000006,1.1000000000000014,0.35999999999999943,5.0
1761,25a60f0b59f103ebf782a31f94bb569d897a652a0bc1bd95c5cdc5521418b843,0.002,True,10.0,6.0,0.3400000000000034,2.3999999999999986,5.659999999999997,4.0
1762,25a60f0b59f103ebf782a31f94bb569d897a652a0bc1bd95c5cdc5521418b843,0.002,True,8.0,8.0,2.020000000000003,0.7199999999999989,5.979999999999997,0.0
1763,f6856a3437439e58b35ad8fedba5c2f1cabd89bb5550dc0db11d0fd01247215d,0.002,False,7.0,1.0,-0.17999999999999972,2.9200000000000017,1.1799999999999997,6.0
1764,25a60f0b59f103ebf782a31f94bb569d897a652a0bc1bd95c5cdc5521418b843,0.002,True,8.0,8.0,1.0200000000000031,1.7199999999999989,6.979999999999997,0.0
1765,25a60f0b59f103ebf782a31f94bb569d897a652a0bc1bd95c5cdc5521418b843,0.002,True,10.0,6.0,-0.4200000000000017,3.1599999999999966,6.420000000000002,4.0
1766,25a60f0b59f103ebf782a31f94bb569d897a652a0bc1bd95c5cdc5521418b843,0.002,True,9.0,7.0,1.6799999999999997,1.0600000000000023,5.32,2.0
1767,f6856a3437439e58b35ad8fedba5c2f1cabd89bb5550dc0db11d0fd01247215d,0.002,False,8.0,0.0,1.2000000000000028,1.5399999999999991,-1.2000000000000028,8.0
1768,18e38dc4225a11e2a43c1a7abd32ddeea5ac0a0bcf35f6f5854fbf708e98f5ca,0.002,False,10.0,-2.0,1.0,1.740000000000002,-3.0,12.0
1769,25a60f0b59f103ebf782a31f94bb569d897a652a0bc1bd95c5cdc5521418b843,0.002,True,7.0,9.0,4.280000000000001,-1.5399999999999991,4.719999999999999,-2.0
1770,25a60f0b59f103ebf782a31f94bb569d897a652a0bc1bd95c5cdc5521418b843,0.002,True,10.0,6.0,0.9200000000000017,1.8200000000000003,5.079999999999998,4.0
1771,b93b3e639207b61066839c0c4c5d4b187f3648ac0893403e393788147d3cf641,0.002,False,7.0,0.0,0.759999999999998,1.9799999999999969,-0.759999999999998,7.0
1772,f6856a3437439e58b35ad8fedba5c2f1cabd89bb5550dc0db11d0fd01247215d,0.002,False,8.0,0.0,0.29999999999999716,2.4399999999999977,-0.29999999999999716,8.0
1773,25a60f0b59f103ebf782a31f94bb569d897a652a0bc1bd95c5cdc5521418b843,0.002,True,9.0,7.0,1.0600000000000023,1.6799999999999997,5.939999999999998,2.0
1774,25a60f0b59f103ebf782a31f94bb569d897a652a0bc1bd95c5cdc5521418b843,0.002,True,8.0,8.0,0.6599999999999966,2.0799999999999983,7.340000000000003,0.0
1775,2a688dce9ee3f6910a66c8306e45a673347e6c2da97ca4f612e37eadc34f421f,0.002,False,10.0,1.0,0.28000000000000114,2.460000000000001,0.7199999999999989,9.0
1776,25a60f0b59f103ebf782a31f94bb569d897a652a0bc1bd95c5cdc5521418b843,0.002,True,9.0,7.0,0.4399999999999977,2.299999999999997,6.560000000000002,2.0
1777,25a60f0b59f103ebf782a31f94bb569d897a652a0bc1bd95c5cdc5521418b843,0.002,True,5.0,11.0,2.700000000000003,0.03999999999999915,8.299999999999997,-6.0
1778,76fd1e2470419b464aa575afb0710800da330763a86d4deb65102df4412cfb61,0.002,False,9.0,0.0,1.1599999999999966,1.5799999999999983,-1.1599999999999966,9.0
1779,b93b3e639207b61066839c0c4c5d4b187f3648ac0893403e393788147d3cf641,0.002,False,7.0,0.0,1.1199999999999974,1.6199999999999974,-1.1199999999999974,7.0
1780,f6856a3437439e58b35ad8fedba5c2f1cabd89bb5550dc0db11d0fd01247215d,0.002,False,7.0,1.0,0.38000000000000256,2.3599999999999994,0.6199999999999974,6.0
1781,25a60f0b59f103ebf782a31f94bb569d897a652a0bc1bd95c5cdc5521418b843,0.002,True,7.0,9.0,2.899999999999999,-0.1599999999999966,6.100000000000001,-2.0
1782,25a60f0b59f103ebf782a31f94bb569d897a652a0bc1bd95c5cdc5521418b843,0.002,True,13.0,3.0,-0.7800000000000011,3.5200000000000036,3.780000000000001,10.0
1783,25a60f0b59f103ebf782a31f94bb569d897a652a0bc1bd95c5cdc5521418b843,0.002,True,8.0,8.0,1.5,1.240000000000002,6.5,0.0
1784,25a60f0b59f103ebf782a31f94bb569d897a652a0bc1bd95c5cdc5521418b843,0.002,True,9.0,7.0,1.2199999999999989,1.5200000000000031,5.780000000000001,2.0
1785,25a60f0b59f103ebf782a31f94bb569d897a652a0bc1bd95c5cdc5521418b843,0.002,True,9.0,7.0,1.740000000000002,1.0,5.259999999999998,2.0
1786,25a60f0b59f103ebf782a31f94bb569d897a652a0bc1bd95c5cdc5521418b843,0.002,True,7.0,9.0,2.880000000000002,-0.14000000000000057,6.119999999999997,-2.0
1787,22a7ea37d049fb3796d1d62374d85880b5088534ee983f628589c0cb8e859d91,0.002,False,4.0,-1.0,3.5399999999999987,-0.7999999999999972,-4.539999999999999,5.0
1788,25a60f0b59f103ebf782a31f94bb569d897a652a0bc1bd95c5cdc5521418b843,0.002,True,8.0,8.0,0.3200000000000003,2.4200000000000017,7.68,0.0
1789,2a688dce9ee3f6910a66c8306e45a673347e6c2da97ca4f612e37eadc34f421f,0.002,False,6.0,5.0,3.299999999999997,-0.5600000000000023,1.7000000000000028,1.0
1790,25a60f0b59f103ebf782a31f94bb569d897a652a0bc1bd95c5cdc5521418b843,0.002,True,10.0,6.0,1.0200000000000031,1.7199999999999989,4.979999999999997,4.0
1791,25a60f0b59f103ebf782a31f94bb569d897a652a0bc1bd95c5cdc5521418b843,0.002,True,10.0,6.0,0.7000000000000028,2.039999999999999,5.299999999999997,4.0
1792,25a60f0b59f103ebf782a31f94bb569d897a652a0bc1bd95c5cdc5521418b843,0.002,True,9.0,7.0,2.259999999999998,0.4799999999999969,4.740000000000002,2.0
1793,76fd1e2470419b464aa575afb0710800da330763a86d4deb65102df4412cfb61,0.002,False,9.0,0.0,1.0600000000000023,1.6799999999999997,-1.0600000000000023,9.0
1794,2a688dce9ee3f6910a66c8306e45a673347e6c2da97ca4f612e37eadc34f421f,0.002,False,8.0,3.0,2.0,0.740000000000002,1.0,5.0
1795,25a60f0b59f103ebf782a31f94bb569d897a652a0bc1bd95c5cdc5521418b843,0.002,True,7.0,9.0,1.740000000000002,1.0,7.259999999999998,-2.0
1796,25a60f0b59f103ebf782a31f94bb569d897a652a0bc1bd95c5cdc5521418b843,0.002,True,10.0,6.0,-0.10000000000000142,2.8400000000000034,6.100000000000001,4.0
1797,25a60f0b59f103ebf782a31f94bb569d897a652a0bc1bd95c5cdc5521418b843,0.002,True,10.0,6.0,-0.759999999999998,3.5,6.759999999999998,4.0
1798,25a60f0b59f103ebf782a31f94bb569d897a652a0bc1bd95c5cdc5521418b843,0.002,True,10.0,6.0,1.8200000000000003,0.9200000000000017,4.18,4.0
1799,f6856a3437439e58b35ad8fedba5c2f1cabd89bb5550dc0db11d0fd01247215d,0.002,False,8.0,0.0,0.28000000000000114,2.460000000000001,-0.28000000000000114,8.0
1800,25a60f0b59f103ebf782a31f94bb569d897a652a0bc1bd95c5cdc5521418b843,0.002,True,7.0,9.0,1.4200000000000017,1.3200000000000003,7.579999999999998,-2.0
1801,25a60f0b59f103ebf782a31f94bb569d897a652a0bc1bd95c5cdc5521418b843,0.002,True,7.0,9.0,1.8400000000000034,0.8999999999999986,7.159999999999997,-2.0
1802,25a60f0b59f103ebf782a31f94bb569d897a652a0bc1bd95c5cdc5521418b843,0.002,True,11.0,5.0,0.03999999999999915,2.700000000000003,4.960000000000001,6.0
1803,25a60f0b59f103ebf782a31f94bb569d897a652a0bc1bd95c5cdc5521418b843,0.002,True,6.0,10.0,4.100000000000001,-1.3599999999999994,5.899999999999999,-4.0
1804,25a60f0b59f103ebf782a31f94bb569d897a652a0bc1bd95c5cdc5521418b843,0.002,True,8.0,8.0,2.8599999999999994,-0.11999999999999744,5.140000000000001,0.0
1805,76fd1e2470419b464aa575afb0710800da330763a86d4deb65102df4412cfb61,0.002,False,9.0,0.0,0.6400000000000006,2.1000000000000014,-0.6400000000000006,9.0
1806,b93b3e639207b61066839c0c4c5d4b187f3648ac0893403e393788147d3cf641,0.002,False,6.0,1.0,1.3800000000000026,1.3599999999999994,-0.38000000000000256,5.0
1807,25a60f0b59f103ebf782a31f94bb569d897a652a0bc1bd95c5cdc5521418b843,0.002,True,7.0,9.0,3.0200000000000036,-0.28000000000000114,5.979999999999997,-2.0
1808,2a688dce9ee3f6910a66c8306e45a673347e6c2da97ca4f612e37eadc34f421f,0.002,False,5.0,6.0,2.0600000000000023,0.6799999999999997,3.9399999999999977,-1.0
1809,25a60f0b59f103ebf782a31f94bb569d897a652a0bc1bd95c5cdc5521418b843,0.002,True,10.0,6.0,0.6000000000000014,2.1400000000000006,5.399999999999999,4.0
1810,25a60f0b59f103ebf782a31f94bb569d897a652a0bc1bd95c5cdc5521418b843,0.002,True,11.0,5.0,0.6000000000000014,2.1400000000000006,4.399999999999999,6.0
1811,ab90b43f348253a578dcb95935f52c00eb11253a5d50f45fb540cf45626d0620,0.002,False,8.0,0.0,-0.17999999999999972,2.9200000000000017,0.17999999999999972,8.0
1812,25a60f0b59f103ebf782a31f94bb569d897a652a0bc1bd95c5cdc5521418b843,0.002,True,9.0,7.0,0.5200000000000031,2.219999999999999,6.479999999999997,2.0
1813,25a60f0b59f103ebf782a31f94bb569d897a652a0bc1bd95c5cdc5521418b843,0.002,True,8.0,8.0,2.200000000000003,0.5399999999999991,5.799999999999997,0.0
1814,25a60f0b59f103ebf782a31f94bb569d897a652a0bc1bd95c5cdc5521418b843,0.002,True,8.0,8.0,-0.10000000000000142,2.8400000000000034,8.100000000000001,0.0
1815,18e38dc4225a11e2a43c1a7abd32ddeea5ac0a0bcf35f6f5854fbf708e98f5ca,0.002,False,5.0,3.0,1.5600000000000023,1.1799999999999997,1.4399999999999977,2.0
1816,25a60f0b59f103ebf782a31f94bb569d897a652a0bc1bd95c5cdc5521418b843,0.002,True,9.0,7.0,0.6199999999999974,2.1199999999999974,6.380000000000003,2.0
1817,18e38dc4225a11e2a43c1a7abd32ddeea5ac0a0bcf35f6f5854fbf708e98f5ca,0.002,False,12.0,-4.0,-0.060000000000002274,2.799999999999997,-3.9399999999999977,16.0
1818,25a60f0b59f103ebf782a31f94bb569d897a652a0bc1bd95c5cdc5521418b843,0.002,True,6.0,10.0,1.9399999999999977,0.7999999999999972,8.060000000000002,-4.0
1819,25a60f0b59f103ebf782a31f94bb569d897a652a0bc1bd95c5cdc5521418b843,0.002,True,10.0,6.0,1.0600000000000023,1.6799999999999997,4.939999999999998,4.0
1820,25a60f0b59f103ebf782a31f94bb569d897a652a0bc1bd95c5cdc5521418b843,0.002,True,5.0,11.0,3.0399999999999987,-0.29999999999999716,7.960000000000001,-6.0
1821,25a60f0b59f103ebf782a31f94bb569d897a652a0bc1bd95c5cdc5521418b843,0.002,True,11.0,5.0,0.240000000000002,2.5,4.759999999999998,6.0
1822,ff40caff9436adbf9bd38cd8dd2a07eed72cc198918166d6ec73cd19617b2ff6,0.002,False,9.0,-4.0,-0.1599999999999966,2.899999999999999,-3.8400000000000034,13.0
1823,25a60f0b59f103ebf782a31f94bb569d897a652a0bc1bd95c5cdc5521418b843,0.002,True,10.0,6.0,1.5600000000000023,1.1799999999999997,4.439999999999998,4.0
1824,25a60f0b59f103ebf782a31f94bb569d897a652a0bc1bd95c5cdc5521418b843,0.002,True,8.0,8.0,0.4799999999999969,2.259999999999998,7.520000000000003,0.0
1825,25a60f0b59f103ebf782a31f94bb569d897a652a0bc1bd95c5cdc5521418b843,0.002,True,12.0,4.0,-1.4799999999999969,4.219999999999999,5.479999999999997,8.0
1826,25a60f0b59f103ebf782a31f94bb569d897a652a0bc1bd95c5cdc5521418b843,0.002,True,10.0,6.0,1.759999999999998,0.9799999999999969,4.240000000000002,4.0
1827,25a60f0b59f103ebf782a31f94bb569d897a652a0bc1bd95c5cdc5521418b843,0.002,True,11.0,5.0,-0.5799999999999983,3.32,5.579999999999998,6.0
1828,25a60f0b59f103ebf782a31f94bb569d897a652a0bc1bd95c5cdc5521418b843,0.002,True,8.0,8.0,1.3599999999999994,1.3800000000000026,6.640000000000001,0.0
1829,25a60f0b59f103ebf782a31f94bb569d897a652a0bc1bd95c5cdc5521418b843,0.002,True,11.0,5.0,-0.7999999999999972,3.5399999999999987,5.799999999999997,6.0
1830,25a60f0b59f103ebf782a31f94bb569d897a652a0bc1bd95c5cdc5521418b843,0.002,True,9.0,7.0,0.4399999999999977,2.299999999999997,6.560000000000002,2.0
1831,2a688dce9ee3f6910a66c8306e45a673347e6c2da97ca4f612e37eadc34f421f,0.002,False,9.0,2.0,0.21999999999999886,2.520000000000003,1.7800000000000011,7.0
1832,25a60f0b59f103ebf782a31f94bb569d897a652a0bc1bd95c5cdc5521418b843,0.002,True,6.0,10.0,3.6400000000000006,-0.8999999999999986,6.359999999999999,-4.0
1833,f6856a3437439e58b35ad8fedba5c2f1cabd89bb5550dc0db11d0fd01247215d,0.002,False,9.0,-1.0,-0.17999999999999972,2.9200000000000017,-0.8200000000000003,10.0
1834,25a60f0b59f103ebf782a31f94bb569d897a652a0bc1bd95c5cdc5521418b843,0.002,True,12.0,4.0,0.5799999999999983,2.1599999999999966,3.4200000000000017,8.0
1835,25a60f0b59f103ebf782a31f94bb569d897a652a0bc1bd95c5cdc5521418b843,0.002,True,9.0,7.0,1.4600000000000009,1.2800000000000011,5.539999999999999,2.0
1836,25a60f0b59f103ebf782a31f94bb569d897a652a0bc1bd95c5cdc5521418b843,0.002,True,9.0,7.0,0.8400000000000034,1.8999999999999986,6.159999999999997,2.0
1837,25a60f0b59f103ebf782a31f94bb569d897a652a0bc1bd95c5cdc5521418b843,0.002,True,8.0,8.0,1.1199999999999974,1.6199999999999974,6.880000000000003,0.0
1838,25a60f0b59f103ebf782a31f94bb569d897a652a0bc1bd95c5cdc5521418b843,0.002,True,8.0,8.0,1.6000000000000014,1.1400000000000006,6.399999999999999,0.0
1839,2a688dce9ee3f6910a66c8306e45a673347e6c2da97ca4f612e37eadc34f421f,0.002,False,7.0,4.0,1.5399999999999991,1.2000000000000028,2.460000000000001,3.0
1840,25a60f0b59f103ebf782a31f94bb569d897a652a0bc1bd95c5cdc5521418b843,0.002,True,9.0,7.0,1.4600000000000009,1.2800000000000011,5.539999999999999,2.0
1841,25a60f0b59f103ebf782a31f94bb569d897a652a0bc1bd95c5cdc5521418b843,0.002,True,8.0,8.0,1.2199999999999989,1.5200000000000031,6.780000000000001,0.0
1842,25a60f0b59f103ebf782a31f94bb569d897a652a0bc1bd95c5cdc5521418b843,0.002,True,9.0,7.0,0.7000000000000028,2.039999999999999,6.299999999999997,2.0
1843,25a60f0b59f103ebf782a31f94bb569d897a652a0bc1bd95c5cdc5521418b843,0.002,True,5.0,11.0,3.0,-0.259999999999998,8.0,-6.0
1844,2a688dce9ee3f6910a66c8306e45a673347e6c2da97ca4f612e37eadc34f421f,0.002,False,9.0,2.0,1.1400000000000006,1.6000000000000014,0.8599999999999994,7.0
1845,25a60f0b59f103ebf782a31f94bb569d897a652a0bc1bd95c5cdc5521418b843,0.002,True,7.0,9.0,1.2800000000000011,1.4600000000000009,7.719999999999999,-2.0
1846,2a688dce9ee3f6910a66c8306e45a673347e6c2da97ca4f612e37eadc34f421f,0.002,False,7.0,4.0,1.6000000000000014,1.1400000000000006,2.3999999999999986,3.0
1847,25a60f0b59f103ebf782a31f94bb569d897a652a0bc1bd95c5cdc5521418b843,0.002,True,8.0,8.0,1.3200000000000003,1.4200000000000017,6.68,0.0
1848,25a60f0b59f103ebf782a31f94bb569d897a652a0bc1bd95c5cdc5521418b843,0.002,True,10.0,6.0,0.759999999999998,1.9799999999999969,5.240000000000002,4.0
1849,2a688dce9ee3f6910a66c8306e45a673347e6c2da97ca4f612e37eadc34f421f,0.002,False,8.0,3.0,1.6799999999999997,1.0600000000000023,1.3200000000000003,5.0
1850,25a60f0b59f103ebf782a31f94bb569d897a652a0bc1bd95c5cdc5521418b843,0.002,True,8.0,8.0,1.6199999999999974,1.1199999999999974,6.380000000000003,0.0
1851,76fd1e2470419b464aa575afb0710800da330763a86d4deb65102df4412cfb61,0.002,False,7.0,2.0,1.7199999999999989,1.0200000000000031,0.28000000000000114,5.0
1852,25a60f0b59f103ebf782a31f94bb569d897a652a0bc1bd95c5cdc5521418b843,0.002,True,10.0,6.0,1.9600000000000009,0.7800000000000011,4.039999999999999,4.0
1853,25a60f0b59f103ebf782a31f94bb569d897a652a0bc1bd95c5cdc5521418b843,0.002,True,13.0,3.0,-0.060000000000002274,2.799999999999997,3.0600000000000023,10.0
1854,25a60f0b59f103ebf782a31f94bb569d897a652a0bc1bd95c5cdc5521418b843,0.002,True,13.0,3.0,-0.10000000000000142,2.8400000000000034,3.1000000000000014,10.0
1855,18e38dc4225a11e2a43c1a7abd32ddeea5ac0a0bcf35f6f5854fbf708e98f5ca,0.002,False,8.0,0.0,0.9399999999999977,1.7999999999999972,-0.9399999999999977,8.0
1856,25a60f0b59f103ebf782a31f94bb569d897a652a0bc1bd95c5cdc5521418b843,0.002,True,8.0,8.0,3.5799999999999983,-0.8400000000000034,4.420000000000002,0.0
1857,25a60f0b59f103ebf782a31f94bb569d897a652a0bc1bd95c5cdc5521418b843,0.002,True,9.0,7.0,1.5600000000000023,1.1799999999999997,5.439999999999998,2.0
1858,25a60f0b59f103ebf782a31f94bb569d897a652a0bc1bd95c5cdc5521418b843,0.002,True,11.0,5.0,-0.29999999999999716,3.0399999999999987,5.299999999999997,6.0
1859,25a60f0b59f103ebf782a31f94bb569d897a652a0bc1bd95c5cdc5521418b843,0.002,True,10.0,6.0,0.8599999999999994,1.8800000000000026,5.140000000000001,4.0
1860,18e38dc4225a11e2a43c1a7abd32ddeea5ac0a0bcf35f6f5854fbf708e98f5ca,0.002,False,10.0,-2.0,-1.2000000000000028,3.9399999999999977,-0.7999999999999972,12.0
1861,f6856a3437439e58b35ad8fedba5c2f1cabd89bb5550dc0db11d0fd01247215d,0.002,False,5.0,3.0,2.3400000000000034,0.3999999999999986,0.6599999999999966,2.0
1862,25a60f0b59f103ebf782a31f94bb569d897a652a0bc1bd95c5cdc5521418b843,0.002,True,12.0,4.0,0.3999999999999986,2.3400000000000034,3.6000000000000014,8.0
1863,25a60f0b59f103ebf782a31f94bb569d897a652a0bc1bd95c5cdc5521418b843,0.002,True,6.0,10.0,2.3599999999999994,0.38000000000000256,7.640000000000001,-4.0
1864,25a60f0b59f103ebf782a31f94bb569d897a652a0bc1bd95c5cdc5521418b843,0.002,True,13.0,3.0,-0.17999999999999972,2.9200000000000017,3.1799999999999997,10.0
1865,25a60f0b59f103ebf782a31f94bb569d897a652a0bc1bd95c5cdc5521418b843,0.002,True,6.0,10.0,1.1799999999999997,1.5600000000000023,8.82,-4.0
1866,25a60f0b59f103ebf782a31f94bb569d897a652a0bc1bd95c5cdc5521418b843,0.002,True,10.0,6.0,0.3200000000000003,2.4200000000000017,5.68,4.0
1867,76fd1e2470419b464aa575afb0710800da330763a86d4deb65102df4412cfb61,0.002,False,10.0,-1.0,1.3200000000000003,1.4200000000000017,-2.3200000000000003,11.0
1868,76fd1e2470419b464aa575afb0710800da330763a86d4deb65102df4412cfb61,0.002,False,9.0,0.0,0.4799999999999969,2.259999999999998,-0.4799999999999969,9.0
1869,25a60f0b59f103ebf782a31f94bb569d897a652a0bc1bd95c5cdc5521418b843,0.002,True,9.0,7.0,0.46000000000000085,2.280000000000001,6.539999999999999,2.0
1870,25a60f0b59f103ebf782a31f94bb569d897a652a0bc1bd95c5cdc5521418b843,0.002,True,11.0,5.0,-0.3200000000000003,3.0600000000000023,5.32,6.0
1871,25a60f0b59f103ebf782a31f94bb569d897a652a0bc1bd95c5cdc5521418b843,0.002,True,8.0,8.0,2.0600000000000023,0.6799999999999997,5.939999999999998,0.0
1872,25a60f0b59f103ebf782a31f94bb569d897a652a0bc1bd95c5cdc5521418b843,0.002,True,9.0,7.0,2.5600000000000023,0.17999999999999972,4.439999999999998,2.0
1873,f6856a3437439e58b35ad8fedba5c2f1cabd89bb5550dc0db11d0fd01247215d,0.002,False,8.0,0.0,-0.35999999999999943,3.100000000000001,0.35999999999999943,8.0
1874,25a60f0b59f103ebf782a31f94bb569d897a652a0bc1bd95c5cdc5521418b843,0.002,True,10.0,6.0,2.200000000000003,0.5399999999999991,3.799999999999997,4.0
1875,25a60f0b59f103ebf782a31f94bb569d897a652a0bc1bd95c5cdc5521418b843,0.002,True,10.0,6.0,0.8400000000000034,1.8999999999999986,5.159999999999997,4.0
1876,76fd1e2470419b464aa575afb0710800da330763a86d4deb65102df4412cfb61,0.002,False,4.0,5.0,3.4200000000000017,-0.6799999999999997,1.5799999999999983,-1.0
1877,25a60f0b59f103ebf782a31f94bb569d897a652a0bc1bd95c5cdc5521418b843,0.002,True,8.0,8.0,0.8400000000000034,1.8999999999999986,7.159999999999997,0.0
1878,2a688dce9ee3f6910a66c8306e45a673347e6c2da97ca4f612e37eadc34f421f,0.002,False,9.0,2.0,-0.5600000000000023,3.299999999999997,2.5600000000000023,7.0
1879,97b28df35b811f0a5dba92060bfa9d60f1cc23fb3123298c2b14a461bea2df00,0.002,False,10.0,-5.0,-1.0200000000000031,3.7599999999999976,-3.979999999999997,15.0
1880,25a60f0b59f103ebf782a31f94bb569d897a652a0bc1bd95c5cdc5521418b843,0.002,True,8.0,8.0,1.6000000000000014,1.1400000000000006,6.399999999999999,0.0
1881,18e38dc4225a11e2a43c1a7abd32ddeea5ac0a0bcf35f6f5854fbf708e98f5ca,0.002,False,10.0,-2.0,1.3200000000000003,1.4200000000000017,-3.3200000000000003,12.0
1882,76fd1e2470419b464aa575afb0710800da330763a86d4deb65102df4412cfb61,0.002,False,8.0,1.0,2.539999999999999,0.20000000000000284,-1.5399999999999991,7.0
1883,25a60f0b59f103ebf782a31f94bb569d897a652a0bc1bd95c5cdc5521418b843,0.002,True,9.0,7.0,0.3200000000000003,2.4200000000000017,6.68,2.0
1884,25a60f0b59f103ebf782a31f94bb569d897a652a0bc1bd95c5cdc5521418b843,0.002,True,7.0,9.0,1.1400000000000006,1.6000000000000014,7.859999999999999,-2.0
1885,25a60f0b59f103ebf782a31f94bb569d897a652a0bc1bd95c5cdc5521418b843,0.002,True,9.0,7.0,2.3200000000000003,0.4200000000000017,4.68,2.0
1886,25a60f0b59f103ebf782a31f94bb569d897a652a0bc1bd95c5cdc5521418b843,0.002,True,7.0,9.0,1.5200000000000031,1.2199999999999989,7.479999999999997,-2.0
1887,25a60f0b59f103ebf782a31f94bb569d897a652a0bc1bd95c5cdc5521418b843,0.002,True,11.0,5.0,-1.0600000000000023,3.799999999999997,6.060000000000002,6.0
1888,25a60f0b59f103ebf782a31f94bb569d897a652a0bc1bd95c5cdc5521418b843,0.002,True,10.0,6.0,0.8999999999999986,1.8400000000000034,5.100000000000001,4.0
1889,25a60f0b59f103ebf782a31f94bb569d897a652a0bc1bd95c5cdc5521418b843,0.002,True,8.0,8.0,1.6799999999999997,1.0600000000000023,6.32,0.0
1890,2a688dce9ee3f6910a66c8306e45a673347e6c2da97ca4f612e37eadc34f421f,0.002,False,11.0,0.0,0.5200000000000031,2.219999999999999,-0.5200000000000031,11.0
1891,2a688dce9ee3f6910a66c8306e45a673347e6c2da97ca4f612e37eadc34f421f,0.002,False,7.0,4.0,1.5399999999999991,1.2000000000000028,2.460000000000001,3.0
1892,661a2f1f1c8be0f7325fe0b664192bfa46380843fe52b675bf11075e1c265699,0.002,False,3.0,2.0,3.2400000000000024,-0.5,-1.2400000000000024,1.0
1893,25a60f0b59f103ebf782a31f94bb569d897a652a0bc1bd95c5cdc5521418b843,0.002,True,8.0,8.0,2.259999999999998,0.4799999999999969,5.740000000000002,0.0
1894,25a60f0b59f103ebf782a31f94bb569d897a652a0bc1bd95c5cdc5521418b843,0.002,True,9.0,7.0,0.759999999999998,1.9799999999999969,6.240000000000002,2.0
1895,661a2f1f1c8be0f7325fe0b664192bfa46380843fe52b675bf11075e1c265699,0.002,False,8.0,-3.0,0.9600000000000009,1.7800000000000011,-3.960000000000001,11.0
1896,661a2f1f1c8be0f7325fe0b664192bfa46380843fe52b675bf11075e1c265699,0.002,False,8.0,-3.0,-0.20000000000000284,2.9399999999999977,-2.799999999999997,11.0
1897,76fd1e2470419b464aa575afb0710800da330763a86d4deb65102df4412cfb61,0.002,False,3.0,6.0,4.259999999999998,-1.5200000000000031,1.740000000000002,-3.0
1898,2a688dce9ee3f6910a66c8306e45a673347e6c2da97ca4f612e37eadc34f421f,0.002,False,9.0,2.0,0.9399999999999977,1.7999999999999972,1.0600000000000023,7.0
1899,f6856a3437439e58b35ad8fedba5c2f1cabd89bb5550dc0db11d0fd01247215d,0.002,False,6.0,2.0,0.7800000000000011,1.9600000000000009,1.2199999999999989,4.0
1900,25a60f0b59f103ebf782a31f94bb569d897a652a0bc1bd95c5cdc5521418b843,0.002,True,7.0,9.0,0.9799999999999969,1.759999999999998,8.020000000000003,-2.0
1901,25a60f0b59f103ebf782a31f94bb569d897a652a0bc1bd95c5cdc5521418b843,0.002,True,8.0,8.0,0.6000000000000014,2.1400000000000006,7.399999999999999,0.0
1902,25a60f0b59f103ebf782a31f94bb569d897a652a0bc1bd95c5cdc5521418b843,0.002,True,10.0,6.0,1.5799999999999983,1.1599999999999966,4.420000000000002,4.0
1903,25a60f0b59f103ebf782a31f94bb569d897a652a0bc1bd95c5cdc5521418b843,0.002,True,9.0,7.0,2.259999999999998,0.4799999999999969,4.740000000000002,2.0
1904,f6856a3437439e58b35ad8fedba5c2f1cabd89bb5550dc0db11d0fd01247215d,0.002,False,8.0,0.0,1.2000000000000028,1.5399999999999991,-1.2000000000000028,8.0
1905,25a60f0b59f103ebf782a31f94bb569d897a652a0bc1bd95c5cdc5521418b843,0.002,True,12.0,4.0,0.240000000000002,2.5,3.759999999999998,8.0
1906,25a60f0b59f103ebf782a31f94bb569d897a652a0bc1bd95c5cdc5521418b843,0.002,True,7.0,9.0,2.3599999999999994,0.38000000000000256,6.640000000000001,-2.0
1907,f6856a3437439e58b35ad8fedba5c2f1cabd89bb5550dc0db11d0fd01247215d,0.002,False,8.0,0.0,0.20000000000000284,2.539999999999999,-0.20000000000000284,8.0
1908,25a60f0b59f103ebf782a31f94bb569d897a652a0bc1bd95c5cdc5521418b843,0.002,True,8.0,8.0,1.2999999999999972,1.4399999999999977,6.700000000000003,0.0
1909,25a60f0b59f103ebf782a31f94bb569d897a652a0bc1bd95c5cdc5521418b843,0.002,True,6.0,10.0,2.880000000000002,-0.14000000000000057,7.119999999999997,-4.0
1910,18e38dc4225a11e2a43c1a7abd32ddeea5ac0a0bcf35f6f5854fbf708e98f5ca,0.002,False,10.0,-2.0,-0.4399999999999977,3.18,-1.5600000000000023,12.0
1911,25a60f0b59f103ebf782a31f94bb569d897a652a0bc1bd95c5cdc5521418b843,0.002,True,8.0,8.0,1.8200000000000003,0.9200000000000017,6.18,0.0
1912,ab90b43f348253a578dcb95935f52c00eb11253a5d50f45fb540cf45626d0620,0.002,False,10.0,-2.0,0.0,2.7400000000000024,-2.0,12.0
1913,ab90b43f348253a578dcb95935f52c00eb11253a5d50f45fb540cf45626d0620,0.002,False,6.0,2.0,2.200000000000003,0.5399999999999991,-0.20000000000000284,4.0
1914,25a60f0b59f103ebf782a31f94bb569d897a652a0bc1bd95c5cdc5521418b843,0.002,True,9.0,7.0,1.8200000000000003,0.9200000000000017,5.18,2.0
1915,2a688dce9ee3f6910a66c8306e45a673347e6c2da97ca4f612e37eadc34f421f,0.002,False,10.0,1.0,0.10000000000000142,2.6400000000000006,0.8999999999999986,9.0
1916,25a60f0b59f103ebf782a31f94bb569d897a652a0bc1bd95c5cdc5521418b843,0.002,True,7.0,9.0,2.3599999999999994,0.38000000000000256,6.640000000000001,-2.0
1917,25a60f0b59f103ebf782a31f94bb569d897a652a0bc1bd95c5cdc5521418b843,0.002,True,8.0,8.0,2.1400000000000006,0.6000000000000014,5.859999999999999,0.0
1918,2a688dce9ee3f6910a66c8306e45a673347e6c2da97ca4f612e37eadc34f421f,0.002,False,6.0,5.0,2.0600000000000023,0.6799999999999997,2.9399999999999977,1.0
1919,25a60f0b59f103ebf782a31f94bb569d897a652a0bc1bd95c5cdc5521418b843,0.002,True,10.0,6.0,1.4200000000000017,1.3200000000000003,4.579999999999998,4.0
1920,25a60f0b59f103ebf782a31f94bb569d897a652a0bc1bd95c5cdc5521418b843,0.002,True,6.0,10.0,2.3599999999999994,0.38000000000000256,7.640000000000001,-4.0
1921,2a688dce9ee3f6910a66c8306e45a673347e6c2da97ca4f612e37eadc34f421f,0.002,False,7.0,4.0,0.7199999999999989,2.020000000000003,3.280000000000001,3.0
1922,6b6f91ba62efae00f09fbbdb547009f73ef44ff90923e257225aa6c928379dbe,0.002,False,7.0,-1.0,2.299999999999997,0.4399999999999977,-3.299999999999997,8.0
1923,25a60f0b59f103ebf782a31f94bb569d897a652a0bc1bd95c5cdc5521418b843,0.002,True,11.0,5.0,1.2999999999999972,1.4399999999999977,3.700000000000003,6.0
1924,25a60f0b59f103ebf782a31f94bb569d897a652a0bc1bd95c5cdc5521418b843,0.002,True,5.0,11.0,3.0200000000000036,-0.28000000000000114,7.979999999999997,-6.0
1925,25a60f0b59f103ebf782a31f94bb569d897a652a0bc1bd95c5cdc5521418b843,0.002,True,12.0,4.0,0.6599999999999966,2.0799999999999983,3.3400000000000034,8.0
1926,ab90b43f348253a578dcb95935f52c00eb11253a5d50f45fb540cf45626d0620,0.002,False,8.0,0.0,-0.35999999999999943,3.100000000000001,0.35999999999999943,8.0
1927,25a60f0b59f103ebf782a31f94bb569d897a652a0bc1bd95c5cdc5521418b843,0.002,True,8.0,8.0,2.1199999999999974,0.6199999999999974,5.880000000000003,0.0
1928,ff40caff9436adbf9bd38cd8dd2a07eed72cc198918166d6ec73cd19617b2ff6,0.002,False,11.0,-6.0,-0.4200000000000017,3.1599999999999966,-5.579999999999998,17.0
1929,25a60f0b59f103ebf782a31f94bb569d897a652a0bc1bd95c5cdc5521418b843,0.002,True,10.0,6.0,2.479999999999997,0.259999999999998,3.520000000000003,4.0
1930,18e38dc4225a11e2a43c1a7abd32ddeea5ac0a0bcf35f6f5854fbf708e98f5ca,0.002,False,9.0,-1.0,1.1599999999999966,1.5799999999999983,-2.1599999999999966,10.0
1931,25a60f0b59f103ebf782a31f94bb569d897a652a0bc1bd95c5cdc5521418b843,0.002,True,10.0,6.0,0.6599999999999966,2.0799999999999983,5.340000000000003,4.0
1932,25a60f0b59f103ebf782a31f94bb569d897a652a0bc1bd95c5cdc5521418b843,0.002,True,12.0,4.0,-0.5799999999999983,3.32,4.579999999999998,8.0
1933,25a60f0b59f103ebf782a31f94bb569d897a652a0bc1bd95c5cdc5521418b843,0.002,True,11.0,5.0,-0.060000000000002274,2.799999999999997,5.060000000000002,6.0
1934,25a60f0b59f103ebf782a31f94bb569d897a652a0bc1bd95c5cdc5521418b843,0.002,True,10.0,6.0,1.5399999999999991,1.2000000000000028,4.460000000000001,4.0
1935,25a60f0b59f103ebf782a31f94bb569d897a652a0bc1bd95c5cdc5521418b843,0.002,True,9.0,7.0,1.3599999999999994,1.3800000000000026,5.640000000000001,2.0
1936,25a60f0b59f103ebf782a31f94bb569d897a652a0bc1bd95c5cdc5521418b843,0.002,True,6.0,10.0,3.4399999999999977,-0.7000000000000028,6.560000000000002,-4.0
1937,25a60f0b59f103ebf782a31f94bb569d897a652a0bc1bd95c5cdc5521418b843,0.002,True,11.0,5.0,0.9399999999999977,1.7999999999999972,4.060000000000002,6.0
1938,25a60f0b59f103ebf782a31f94bb569d897a652a0bc1bd95c5cdc5521418b843,0.002,True,12.0,4.0,-1.1599999999999966,3.899999999999999,5.159999999999997,8.0
1939,2a688dce9ee3f6910a66c8306e45a673347e6c2da97ca4f612e37eadc34f421f,0.002,False,6.0,5.0,2.460000000000001,0.28000000000000114,2.539999999999999,1.0
1940,25a60f0b59f103ebf782a31f94bb569d897a652a0bc1bd95c5cdc5521418b843,0.002,True,7.0,9.0,2.200000000000003,0.5399999999999991,6.799999999999997,-2.0
1941,25a60f0b59f103ebf782a31f94bb569d897a652a0bc1bd95c5cdc5521418b843,0.002,True,6.0,10.0,1.0399999999999991,1.7000000000000028,8.96,-4.0
1942,25a60f0b59f103ebf782a31f94bb569d897a652a0bc1bd95c5cdc5521418b843,0.002,True,8.0,8.0,2.5600000000000023,0.17999999999999972,5.439999999999998,0.0
1943,25a60f0b59f103ebf782a31f94bb569d897a652a0bc1bd95c5cdc5521418b843,0.002,True,9.0,7.0,1.0399999999999991,1.7000000000000028,5.960000000000001,2.0
1944,25a60f0b59f103ebf782a31f94bb569d897a652a0bc1bd95c5cdc5521418b843,0.002,True,7.0,9.0,1.3400000000000034,1.3999999999999986,7.659999999999997,-2.0
1945,76fd1e2470419b464aa575afb0710800da330763a86d4deb65102df4412cfb61,0.002,False,7.0,2.0,1.7800000000000011,0.9600000000000009,0.21999999999999886,5.0
1946,18e38dc4225a11e2a43c1a7abd32ddeea5ac0a0bcf35f6f5854fbf708e98f5ca,0.002,False,8.0,0.0,2.299999999999997,0.4399999999999977,-2.299999999999997,8.0
1947,76fd1e2470419b464aa575afb0710800da330763a86d4deb65102df4412cfb61,0.002,False,5.0,4.0,2.1000000000000014,0.6400000000000006,1.8999999999999986,1.0
1948,25a60f0b59f103ebf782a31f94bb569d897a652a0bc1bd95c5cdc5521418b843,0.002,True,5.0,11.0,2.899999999999999,-0.1599999999999966,8.100000000000001,-6.0
1949,25a60f0b59f103ebf782a31f94bb569d897a652a0bc1bd95c5cdc5521418b843,0.002,True,6.0,10.0,3.5399999999999987,-0.7999999999999972,6.460000000000001,-4.0
1950,2a688dce9ee3f6910a66c8306e45a673347e6c2da97ca4f612e37eadc34f421f,0.002,False,9.0,2.0,1.9799999999999969,0.759999999999998,0.020000000000003126,7.0
1951,25a60f0b59f103ebf782a31f94bb569d897a652a0bc1bd95c5cdc5521418b843,0.002,True,10.0,6.0,0.3999999999999986,2.3400000000000034,5.600000000000001,4.0
1952,25a60f0b59f103ebf782a31f94bb569d897a652a0bc1bd95c5cdc5521418b843,0.002,True,10.0,6.0,-0.6199999999999974,3.3599999999999994,6.619999999999997,4.0
1953,25a60f0b59f103ebf782a31f94bb569d897a652a0bc1bd95c5cdc5521418b843,0.002,True,13.0,3.0,-0.5399999999999991,3.280000000000001,3.539999999999999,10.0
1954,25a60f0b59f103ebf782a31f94bb569d897a652a0bc1bd95c5cdc5521418b843,0.002,True,9.0,7.0,1.8999999999999986,0.8400000000000034,5.100000000000001,2.0
1955,18e38dc4225a11e2a43c1a7abd32ddeea5ac0a0bcf35f6f5854fbf708e98f5ca,0.002,False,6.0,2.0,2.3200000000000003,0.4200000000000017,-0.3200000000000003,4.0
1956,ab90b43f348253a578dcb95935f52c00eb11253a5d50f45fb540cf45626d0620,0.002,False,11.0,-3.0,-1.3400000000000034,4.079999999999998,-1.6599999999999966,14.0
1957,25a60f0b59f103ebf782a31f94bb569d897a652a0bc1bd95c5cdc5521418b843,0.002,True,4.0,12.0,3.32,-0.5799999999999983,8.68,-8.0
1958,25a60f0b59f103ebf782a31f94bb569d897a652a0bc1bd95c5cdc5521418b843,0.002,True,6.0,10.0,2.1400000000000006,0.6000000000000014,7.859999999999999,-4.0
1959,25a60f0b59f103ebf782a31f94bb569d897a652a0bc1bd95c5cdc5521418b843,0.002,True,9.0,7.0,1.8400000000000034,0.8999999999999986,5.159999999999997,2.0
1960,2a688dce9ee3f6910a66c8306e45a673347e6c2da97ca4f612e37eadc34f421f,0.002,False,8.0,3.0,1.2199999999999989,1.5200000000000031,1.7800000000000011,5.0
1961,25a60f0b59f103ebf782a31f94bb569d897a652a0bc1bd95c5cdc5521418b843,0.002,True,11.0,5.0,0.11999999999999744,2.619999999999998,4.880000000000003,6.0
1962,25a60f0b59f103ebf782a31f94bb569d897a652a0bc1bd95c5cdc5521418b843,0.002,True,9.0,7.0,2.9399999999999977,-0.20000000000000284,4.060000000000002,2.0
1963,76fd1e2470419b464aa575afb0710800da330763a86d4deb65102df4412cfb61,0.002,False,6.0,3.0,2.1400000000000006,0.6000000000000014,0.8599999999999994,3.0
1964,18e38dc4225a11e2a43c1a7abd32ddeea5ac0a0bcf35f6f5854fbf708e98f5ca,0.002,False,9.0,-1.0,1.3200000000000003,1.4200000000000017,-2.3200000000000003,10.0
1965,76fd1e2470419b464aa575afb0710800da330763a86d4deb65102df4412cfb61,0.002,False,6.0,3.0,2.0799999999999983,0.6599999999999966,0.9200000000000017,3.0
1966,2a688dce9ee3f6910a66c8306e45a673347e6c2da97ca4f612e37eadc34f421f,0.002,False,7.0,4.0,1.3800000000000026,1.3599999999999994,2.6199999999999974,3.0
1967,ab90b43f348253a578dcb95935f52c00eb11253a5d50f45fb540cf45626d0620,0.002,False,8.0,0.0,-0.259999999999998,3.0,0.259999999999998,8.0
1968,25a60f0b59f103ebf782a31f94bb569d897a652a0bc1bd95c5cdc5521418b843,0.002,True,8.0,8.0,0.9799999999999969,1.759999999999998,7.020000000000003,0.0
1969,25a60f0b59f103ebf782a31f94bb569d897a652a0bc1bd95c5cdc5521418b843,0.002,True,4.0,12.0,4.380000000000003,-1.6400000000000006,7.619999999999997,-8.0
1970,25a60f0b59f103ebf782a31f94bb569d897a652a0bc1bd95c5cdc5521418b843,0.002,True,12.0,4.0,1.3400000000000034,1.3999999999999986,2.6599999999999966,8.0
1971,25a60f0b59f103ebf782a31f94bb569d897a652a0bc1bd95c5cdc5521418b843,0.002,True,9.0,7.0,-0.03999999999999915,2.780000000000001,7.039999999999999,2.0
1972,25a60f0b59f103ebf782a31f94bb569d897a652a0bc1bd95c5cdc5521418b843,0.002,True,8.0,8.0,2.899999999999999,-0.1599999999999966,5.100000000000001,0.0
1973,25a60f0b59f103ebf782a31f94bb569d897a652a0bc1bd95c5cdc5521418b843,0.002,True,6.0,10.0,2.8599999999999994,-0.11999999999999744,7.140000000000001,-4.0
1974,25a60f0b59f103ebf782a31f94bb569d897a652a0bc1bd95c5cdc5521418b843,0.002,True,8.0,8.0,0.8999999999999986,1.8400000000000034,7.100000000000001,0.0
1975,18e38dc4225a11e2a43c1a7abd32ddeea5ac0a0bcf35f6f5854fbf708e98f5ca,0.002,False,8.0,0.0,0.7199999999999989,2.020000000000003,-0.7199999999999989,8.0
1976,25a60f0b59f103ebf782a31f94bb569d897a652a0bc1bd95c5cdc5521418b843,0.002,True,7.0,9.0,2.4200000000000017,0.3200000000000003,6.579999999999998,-2.0
1977,25a60f0b59f103ebf782a31f94bb569d897a652a0bc1bd95c5cdc5521418b843,0.002,True,9.0,7.0,0.240000000000002,2.5,6.759999999999998,2.0
1978,ab90b43f348253a578dcb95935f52c00eb11253a5d50f45fb540cf45626d0620,0.002,False,5.0,3.0,1.1000000000000014,1.6400000000000006,1.8999999999999986,2.0
1979,25a60f0b59f103ebf782a31f94bb569d897a652a0bc1bd95c5cdc5521418b843,0.002,True,11.0,5.0,1.8800000000000026,0.8599999999999994,3.1199999999999974,6.0
1980,25a60f0b59f103ebf782a31f94bb569d897a652a0bc1bd95c5cdc5521418b843,0.002,True,11.0,5.0,1.3400000000000034,1.3999999999999986,3.6599999999999966,6.0
1981,25a60f0b59f103ebf782a31f94bb569d897a652a0bc1bd95c5cdc5521418b843,0.002,True,6.0,10.0,1.1199999999999974,1.6199999999999974,8.880000000000003,-4.0
1982,25a60f0b59f103ebf782a31f94bb569d897a652a0bc1bd95c5cdc5521418b843,0.002,True,9.0,7.0,1.740000000000002,1.0,5.259999999999998,2.0
1983,25a60f0b59f103ebf782a31f94bb569d897a652a0bc1bd95c5cdc5521418b843,0.002,True,9.0,7.0,0.5799999999999983,2.1599999999999966,6.420000000000002,2.0
1984,25a60f0b59f103ebf782a31f94bb569d897a652a0bc1bd95c5cdc5521418b843,0.002,True,9.0,7.0,1.0600000000000023,1.6799999999999997,5.939999999999998,2.0
1985,25a60f0b59f103ebf782a31f94bb569d897a652a0bc1bd95c5cdc5521418b843,0.002,True,9.0,7.0,0.8200000000000003,1.9200000000000017,6.18,2.0
1986,25a60f0b59f103ebf782a31f94bb569d897a652a0bc1bd95c5cdc5521418b843,0.002,True,6.0,10.0,2.7599999999999976,-0.020000000000003126,7.240000000000002,-4.0
1987,2a688dce9ee3f6910a66c8306e45a673347e6c2da97ca4f612e37eadc34f421f,0.002,False,8.0,3.0,1.759999999999998,0.9799999999999969,1.240000000000002,5.0
1988,76fd1e2470419b464aa575afb0710800da330763a86d4deb65102df4412cfb61,0.002,False,8.0,1.0,1.0,1.740000000000002,0.0,7.0
1989,25a60f0b59f103ebf782a31f94bb569d897a652a0bc1bd95c5cdc5521418b843,0.002,True,11.0,5.0,1.5600000000000023,1.1799999999999997,3.4399999999999977,6.0
1990,25a60f0b59f103ebf782a31f94bb569d897a652a0bc1bd95c5cdc5521418b843,0.002,True,8.0,8.0,1.3999999999999986,1.3400000000000034,6.600000000000001,0.0
1991,25a60f0b59f103ebf782a31f94bb569d897a652a0bc1bd95c5cdc5521418b843,0.002,True,10.0,6.0,1.1400000000000006,1.6000000000000014,4.859999999999999,4.0
1992,2a688dce9ee3f6910a66c8306e45a673347e6c2da97ca4f612e37eadc34f421f,0.002,False,10.0,1.0,-0.0799999999999983,2.82,1.0799999999999983,9.0
1993,25a60f0b59f103ebf782a31f94bb569d897a652a0bc1bd95c5cdc5521418b843,0.002,True,12.0,4.0,-0.21999999999999886,2.9600000000000013,4.219999999999999,8.0
1994,18e38dc4225a11e2a43c1a7abd32ddeea5ac0a0bcf35f6f5854fbf708e98f5ca,0.002,False,10.0,-2.0,0.6199999999999974,2.1199999999999974,-2.6199999999999974,12.0
1995,25a60f0b59f103ebf782a31f94bb569d897a652a0bc1bd95c5cdc5521418b843,0.002,True,7.0,9.0,2.299999999999997,0.4399999999999977,6.700000000000003,-2.0
1996,25a60f0b59f103ebf782a31f94bb569d897a652a0bc1bd95c5cdc5521418b843,0.002,True,9.0,7.0,1.0,1.740000000000002,6.0,2.0
1997,ab90b43f348253a578dcb95935f52c00eb11253a5d50f45fb540cf45626d0620,0.002,False,8.0,0.0,2.6400000000000006,0.10000000000000142,-2.6400000000000006,8.0
1998,25a60f0b59f103ebf782a31f94bb569d897a652a0bc1bd95c5cdc5521418b843,0.002,True,9.0,7.0,0.03999999999999915,2.700000000000003,6.960000000000001,2.0
1999,25a60f0b59f103ebf782a31f94bb569d897a652a0bc1bd95c5cdc5521418b843,0.002,True,8.0,8.0,0.28000000000000114,2.460000000000001,7.719999999999999,0.0
