split,instance_id,image_id,image_sha256,subtask,options,correct_option,raw_base_output,parsed_base_option,base_correct,raw_candidate_output,parsed_candidate_option,candidate_correct,transition,orig_scorer_base_correct,orig_scorer_candidate_correct,prompt_hash_equal
search,train:1005_1,1005.png,53ea3368641889366dcaa1318e42be82b16ccc6b08cbfc2f7bb98ce8ee3a4d2a,Egocentric,"[""left"", ""front-left"", ""right"", ""back-left""]",C,A,A,False,A,A,False,both_wrong,False,False,True
search,train:1007_2,1007.png,9b69b261d7aa99cdf2db10c91f13530a6620b94b69f6a1cb02bca5ad4c41b2ea,Egocentric,"[""right"", ""front"", ""left"", ""back-right""]",C,B,B,False,B,B,False,both_wrong,False,False,True
search,train:1008_2,1008.png,97fb0fcedb5f6d45b16a39a844da2e39fe7197339002125ede36fd66cd88644c,Egocentric,"[""front-right"", ""front-left"", ""back-left"", ""left""]",A,A,A,True,A,A,True,both_correct,True,True,True
search,train:1013_1,1013.png,31f34cef341ba5713a6f7ac4aa1ac7d22d965a78c9826ee6f295f8f7cb0b0fa9,Egocentric,"[""back"", ""back-right"", ""front"", ""right""]",C,D,D,False,D,D,False,both_wrong,False,False,True
search,train:1028_0,1028.png,429177cfb81dcb78f22fa1937b826a0a4f4a0aab338a2c11e71c9c78011bfe95,Allocentric,"[""front-right"", ""back-right"", ""back"", ""left""]",D,A,A,False,A,A,False,both_wrong,False,False,True
search,train:1033_2,1033.png,13db6bf76fa907d619152648f16609d3de38ac0f7514fcb40ecd85460dc61815,Egocentric,"[""left"", ""front"", ""back-right"", ""back""]",B,B,B,True,B,B,True,both_correct,True,True,True
search,train:1037_2,1037.png,4f779c891aea3b759f1c5a6f1378ac0603077c55f2a92733eee78f1ad0b78151,Egocentric,"[""front-right"", ""back-left"", ""back-right"", ""front-left""]",D,D,D,True,D,D,True,both_correct,True,True,True
search,train:1042_1,1042.png,eb4549f607caa28dc690a60d35726bc932324f3919299bc4809b5f0be84d6ea2,Egocentric,"[""front"", ""left"", ""back-right"", ""back-left""]",A,B,B,False,B,B,False,both_wrong,False,False,True
search,train:1044_1,1044.png,704e5bc914a6fc3c99a77cd894e02b4dcbfab78199a9621623cd7de46e1b925c,Egocentric,"[""left"", ""right"", ""can not determine"", ""can not determine""]",B,B,B,True,B,B,True,both_correct,True,True,True
search,train:1047_1,1047.png,d73f248e551e32e9927c1834be5687e4eeb3f51abe1f3f767a5e2d9aa2df07bb,Egocentric,"[""left"", ""back-right"", ""front"", ""right""]",A,D,D,False,D,D,False,both_wrong,False,False,True
search,train:1049_1,1049.png,962e69cb78d93769c64dbbd9174b437824c0ffe84776c250b75d03091e768303,Egocentric,"[""back-left"", ""front"", ""right"", ""back""]",B,C,C,False,C,C,False,both_wrong,False,False,True
search,train:1065_0,1065.png,da251f9fde3ad1bfa7987651f7722af07aa577848774ca545c334fc4af49fb8b,Allocentric,"[""left"", ""right"", ""back-left"", ""front""]",B,B,B,True,B,B,True,both_correct,True,True,True
search,train:1077_0,1077.png,20d5bc2ffd3db2d2112b9951b1a7c2a61e59a15fee66f29d90fa4e0133cd967f,Allocentric,"[""front-right"", ""left"", ""front"", ""back-right""]",B,C,C,False,C,C,False,both_wrong,False,False,True
search,train:1079_0,1079.png,f333fa78d2ac72ccede754d0e3de55927dd0f545d3bf28897e80f64155e1a3f1,Allocentric,"[""front-left"", ""front"", ""right"", ""left""]",C,C,C,True,C,C,True,both_correct,True,True,True
search,train:1087_2,1087.png,a805ce47cbe5677ec898c9da55942daa94f1a13ac9182584221910ecebe962a8,Egocentric,"[""back-left"", ""right"", ""back"", ""front""]",D,D,D,True,D,D,True,both_correct,True,True,True
search,train:1092_1,1092.png,70777fd7d281f1610567eb3e35b278ce31f6b5fbb881c87eb06132494ef4a604,Egocentric,"[""left"", ""right"", ""can not determine"", ""can not determine""]",B,B,B,True,B,B,True,both_correct,True,True,True
search,train:1094_2,1094.png,42999058439ec6276ca23590b1ba1ed2f36db539d488a98efe97247a67bf197c,Egocentric,"[""front"", ""back-left"", ""back"", ""back-right""]",A,A,A,True,A,A,True,both_correct,True,True,True
search,train:1109_1,1109.png,b5f0ba31eb4630626a9227085f4016caae17472832096513cc9b73e40b6d03cf,Egocentric,"[""left"", ""back-left"", ""back"", ""front""]",D,D,D,True,D,D,True,both_correct,True,True,True
search,train:1114_1,1114.png,736e2da9c570a43a502fb2a46799a98069be3a393351cef8c233bd06c4b4e99a,Egocentric,"[""front"", ""right"", ""left"", ""back-left""]",A,C,C,False,C,C,False,both_wrong,False,False,True
search,train:1117_0,1117.png,aa178b012af0bcdc06ff7abdc1c47fb65950fe23eabc7794cd0e6dd9711dffb0,Allocentric,"[""back"", ""front-left"", ""front"", ""front-right""]",A,C,C,False,C,C,False,both_wrong,False,False,True
search,train:1121_1,1121.png,4f04856c69a88265e4428d27c43eb5754efa64fcfc1c0d3a173fc23e26c6c9d2,Egocentric,"[""front-left"", ""front-right"", ""back-right"", ""back-left""]",B,D,D,False,D,D,False,both_wrong,False,False,True
search,train:1125_1,1125.png,1c7c1f2206959e4bfece2beef7cb65742b043eeb885d100b05530792255e9ac7,Egocentric,"[""left"", ""right"", ""can not determine"", ""can not determine""]",A,B,B,False,B,B,False,both_wrong,False,False,True
search,train:1127_2,1127.png,7974e0ac65b1efbab690e355f4d0e8c83c102abc688d7627aafc872112bf8532,Egocentric,"[""back"", ""front"", ""back-right"", ""left""]",B,B,B,True,B,B,True,both_correct,True,True,True
search,train:1145_0,1145.png,d45aa89f4a52a767d8a08c96521c639952e99b2a1a82af235b486148658e793b,Allocentric,"[""back-left"", ""back"", ""right"", ""left""]",C,C,C,True,C,C,True,both_correct,True,True,True
search,train:1147_2,1147.png,8f67b6e8ef72aa63c49d5730620f2ac79972de89ee164986012d3c8c68210a91,Egocentric,"[""back"", ""right"", ""left"", ""front""]",D,C,C,False,D,D,True,base_wrong->cand_correct,False,True,True
search,train:115_0,115.png,efc8eb3df3bd4cbfd55db1bb222ad99cb2905263c5c769e08e973f4f40ea0fde,Hypothetical,"[""back-right"", ""back-left"", ""front-left"", ""right""]",C,B,B,False,B,B,False,both_wrong,False,False,True
search,train:1163_0,1163.png,7a8ea23aea5e3513715f8926609561c85f6acb237ebb93ae2baaa1af36a9b7eb,Allocentric,"[""back-left"", ""front"", ""front-left"", ""front-right""]",A,C,C,False,C,C,False,both_wrong,False,False,True
search,train:1165_1,1165.png,7dccbc1e37705092eed6c7ea4f0e58f945abd2a561eca716646fac066357553e,Egocentric,"[""left"", ""right"", ""can not determine"", ""can not determine""]",B,B,B,True,B,B,True,both_correct,True,True,True
search,train:1166_0,1166.png,0ce23bd22c3d74c03fa602be596450c0856d6eb661c582ed72fda6ec12156d7c,Allocentric,"[""front-left"", ""right"", ""left"", ""front""]",B,C,C,False,C,C,False,both_wrong,False,False,True
search,train:1170_1,1170.png,d04db9c4aa86fb0538d32b10b9dbb65f39698024ecc0f6e812d8798564b64387,Egocentric,"[""front"", ""right"", ""back"", ""back-left""]",A,B,B,False,B,B,False,both_wrong,False,False,True
search,train:1182_1,1182.png,349fb4b13cbb1186236280ff62c4d13ac1d48b1f2a0e160f5f8bb130adae3512,Egocentric,"[""front"", ""right"", ""back-left"", ""back-right""]",A,A,A,True,A,A,True,both_correct,True,True,True
search,train:1190_0,1190.png,f4897fe0c7375c0b6ed67a33d5ceddaf22e53d43e14c2fc625b9079d861aaa5a,Allocentric,"[""front-left"", ""back"", ""front-right"", ""right""]",B,C,C,False,A,A,False,both_wrong,False,False,True
search,train:1194_1,1194.png,3f782e291e61cc713ebc613cd4e845487eb5f62be218d20d0ce7a749abd724ae,Egocentric,"[""back-left"", ""right"", ""front"", ""back-right""]",C,B,B,False,C,C,True,base_wrong->cand_correct,False,True,True
search,train:1197_1,1197.png,190bd9531816ef0dc66dccf0a97d5cec749fa140af11003f547798bbb92e2be2,Egocentric,"[""back-right"", ""right"", ""front-left"", ""back-left""]",D,B,B,False,B,B,False,both_wrong,False,False,True
search,train:1201_1,1201.png,deb750841ef98c4847b0a9330210cf4e609a0aed76edd0affa5f3df6b7946788,Egocentric,"[""front-right"", ""back-left"", ""front-left"", ""left""]",A,D,D,False,B,B,False,both_wrong,False,False,True
search,train:1202_1,1202.png,c8d72967ee3cb2c90e6edf34e725a557ea34052b5bda895a900f0e90e2eae7cb,Egocentric,"[""front-left"", ""back-left"", ""back"", ""front-right""]",D,C,C,False,C,C,False,both_wrong,False,False,True
search,train:1212_1,1212.png,ff11a6d1cbee7165461ad8ccb535d687413400d09a818e209820be7a3b415f7a,Egocentric,"[""back"", ""front"", ""left"", ""front-right""]",C,C,C,True,D,D,False,base_correct->cand_wrong,True,False,True
search,train:1215_1,1215.png,b5a32af5735f1a2b7438e61eb5f1033edd4011a51ae35c47ae13b2397bb3d710,Egocentric,"[""left"", ""right"", ""can not determine"", ""can not determine""]",A,B,B,False,B,B,False,both_wrong,False,False,True
search,train:1216_0,1216.png,d131853974ba89fcfa9e2ef004c380dfd8311392a376d6597ff63cc2858e1daa,Allocentric,"[""front"", ""right"", ""front-left"", ""back-left""]",B,B,B,True,B,B,True,both_correct,True,True,True
search,train:1222_1,1222.png,e0f949fea3aaf710d8ba3d7bc28a4e3bed535a251c6bc0d2c21cdaa83758a566,Egocentric,"[""front-right"", ""back-right"", ""back"", ""front-left""]",A,D,D,False,D,D,False,both_wrong,False,False,True
search,train:1234_1,1234.png,3626167b77e68fe23caab0b6e7e31a6fcd018cbfa71edb09834a0c5b48a9b3d8,Egocentric,"[""right"", ""front-right"", ""back-right"", ""left""]",D,A,A,False,A,A,False,both_wrong,False,False,True
search,train:1235_0,1235.png,1dbea71558175a8777f4e34efd5ecf898df5139183806cad4fbe1f5a2c027723,Allocentric,"[""left"", ""back"", ""right"", ""back-right""]",A,A,A,True,A,A,True,both_correct,True,True,True
search,train:1236_2,1236.png,be73528470a3e1125be24609c80901d5d51365dc6bf3f10be75651220d7fb08c,Egocentric,"[""front"", ""left"", ""back-right"", ""back-left""]",A,B,B,False,A,A,True,base_wrong->cand_correct,False,True,True
search,train:123_0,123.png,04d7323053a172170d3fde2a5d8ee8b504b206622f852509b8e3125f2f097276,Hypothetical,"[""left"", ""right"", ""back"", ""back-right""]",A,A,A,True,A,A,True,both_correct,True,True,True
search,train:1240_0,1240.png,d7ce4dcc5914de6cb02216952305da1cf7a1516a9480ab98e70aa7f514c5af33,Allocentric,"[""back"", ""back-right"", ""left"", ""front""]",C,C,C,True,C,C,True,both_correct,True,True,True
search,train:1272_0,1272.png,0c4b1f8535bce0e32a8ce6f770ae756b5899c3bd4f2a3a22e3132881b94c224a,Egocentric,"[""left"", ""right"", ""can not determine"", ""can not determine""]",B,B,B,True,B,B,True,both_correct,True,True,True
search,train:1276_0,1276.png,339acb269a750517f7bdf2e1e70fc0f0128db4d9219fa2ad78e0b89dea7917a2,Egocentric,"[""back-right"", ""back"", ""front"", ""right""]",C,C,C,True,C,C,True,both_correct,True,True,True
search,train:1283_0,1283.png,53108c8076370a25701eaf7bb47292f0d8101f37ef797bef08ccfe1014dcad40,Egocentric,"[""left"", ""right"", ""can not determine"", ""can not determine""]",B,A,A,False,A,A,False,both_wrong,False,False,True
search,train:1286_0,1286.png,8e4cc328c137153be37c863d12e6dd6f8bf0ea9bbb516ec3e955fffd5f7cb384,Egocentric,"[""right"", ""left"", ""front"", ""back-right""]",C,A,A,False,A,A,False,both_wrong,False,False,True
search,train:1299_0,1299.png,03dd057253a60f1690e61c22ffb627fdd9e1cee6fab47d67461640a920ff30c4,Egocentric,"[""right"", ""left"", ""back-left"", ""back""]",A,B,B,False,B,B,False,both_wrong,False,False,True
search,train:131_0,131.png,fe1cecba958c8e8fde1ccfdb3061850b39f78feb7ef9b19e1b54416d4683e55c,Hypothetical,"[""right"", ""back-left"", ""back-right"", ""front-left""]",D,A,A,False,A,A,False,both_wrong,False,False,True
search,train:135_0,135.png,68c9592b29a7253850cb0f3ebba5aabb4d1a1abca9332c958186a1b552259f69,Hypothetical,"[""back-right"", ""left"", ""front"", ""back""]",C,C,C,True,C,C,True,both_correct,True,True,True
search,train:137_0,137.png,ef201c0b317ddefddcb6ce27437fe6f90a483df94de5b1da8cc028e057b55509,Hypothetical,"[""right"", ""front"", ""back-left"", ""left""]",A,D,D,False,D,D,False,both_wrong,False,False,True
search,train:167_0,167.png,8de9ebe32904bb9c5f4dbc7c4a8bb59b41de62e80cd9c95fd2c88bf43868d3cf,Hypothetical,"[""left"", ""back-right"", ""front"", ""back-left""]",C,A,A,False,A,A,False,both_wrong,False,False,True
search,train:187_0,187.png,ad7d8a34400978959c992452022348c7de1e885e699e992f68750a6047f3e18a,Hypothetical,"[""back-right"", ""left"", ""front"", ""right""]",C,B,B,False,D,D,False,both_wrong,False,False,True
search,train:202_0,202.png,d94eb2fa00e714a0e854d9eec4300dacd004aac2deb9e4824d9f554bdc69fe46,Hypothetical,"[""right"", ""back-left"", ""back-right"", ""front""]",D,B,B,False,B,B,False,both_wrong,False,False,True
search,train:208_0,208.png,2a77ac05a96ff90cefb4a80d3ab7fc440bff090415ca6194c883d35c9588b001,Hypothetical,"[""back-left"", ""front"", ""right"", ""back""]",B,C,C,False,C,C,False,both_wrong,False,False,True
search,train:222_0,222.png,3c2392e314c881c20204c113935d944dc83a68bc2f80b22c59dd91000e3e37f0,Hypothetical,"[""front-right"", ""back-left"", ""back-right"", ""front-left""]",D,B,B,False,B,B,False,both_wrong,False,False,True
search,train:239_0,239.png,f8bef8251a4c052c95b1d8108c42f667f9866d1d6a67a938a2b22f62f318caec,Hypothetical,"[""back-right"", ""front-right"", ""left"", ""front""]",A,C,C,False,C,C,False,both_wrong,False,False,True
search,train:248_1,248.png,652534f2bbc2ea5de09d97cb43602293847f828ae1973fb2374bb8e2f8968c46,Egocentric,"[""back"", ""front-left"", ""left"", ""front-right""]",A,A,A,True,A,A,True,both_correct,True,True,True
search,train:258_2,258.png,e8796e8c606c9da9120ddae2dfc9f4f5d9aa65318cb570b8783e9d4fc1e9f2d2,Egocentric,"[""front"", ""back"", ""left"", ""back-right""]",A,A,A,True,C,C,False,base_correct->cand_wrong,True,False,True
search,train:263_0,263.png,db4a02d37c72d8b138b5cdce071ddd73099221a7e441de20b851a4cf2488a62c,Allocentric,"[""back-left"", ""back-right"", ""front-right"", ""front-left""]",B,B,B,True,B,B,True,both_correct,True,True,True
search,train:275_2,275.png,7d3de3648cb3869612f740a6e1b3aa39ed13af0f67d65abe17171839d281d29d,Egocentric,"[""front-left"", ""back-right"", ""front-right"", ""back-left""]",C,C,C,True,C,C,True,both_correct,True,True,True
search,train:286_1,286.png,bb8f5d9d39b034ae94785a34b0101a8d5d80aff760eda1cac59d06dcd8438f64,Egocentric,"[""back"", ""front-left"", ""back-left"", ""back-right""]",B,D,D,False,D,D,False,both_wrong,False,False,True
search,train:288_0,288.png,f96867dbbd4751732d1c2ec1d8bf31d378ab3dd29878171517bac8bd107a76f1,Allocentric,"[""back"", ""front-right"", ""front"", ""front-left""]",A,C,C,False,C,C,False,both_wrong,False,False,True
search,train:291_0,291.png,4f8a926c95c16d36e0b411bd3677d28c7e65e69fe933b5388e9ea236fbd17683,Allocentric,"[""back"", ""front"", ""back-right"", ""left""]",D,D,D,True,D,D,True,both_correct,True,True,True
search,train:302_0,302.png,5bfef6d96cb0fb733b9b7c5704109f4b0e5b0234169ef4853e4b06af65413354,Allocentric,"[""back-left"", ""front"", ""right"", ""back""]",B,D,D,False,D,D,False,both_wrong,False,False,True
search,train:303_1,303.png,f0806f1776e4a6d33aa76c8607cb190e9b9def390d39a6bac576edf659f0b5be,Egocentric,"[""back-right"", ""front-left"", ""front"", ""back-left""]",D,A,A,False,D,D,True,base_wrong->cand_correct,False,True,True
search,train:304_0,304.png,b6d0ba21ebf3ade407cef7791dd6385051a8ebfc40bcf9147876739f82d27136,Allocentric,"[""front-left"", ""back-left"", ""left"", ""back-right""]",D,C,C,False,C,C,False,both_wrong,False,False,True
search,train:309_0,309.png,cd666bba1918de1798d183390724421bbbd69e3aca5f0a2a83e8c6f5194fef70,Allocentric,"[""left"", ""right"", ""back"", ""front""]",A,D,D,False,D,D,False,both_wrong,False,False,True
search,train:315_1,315.png,2e8586781053bc93ddae0ce91197d22be46b1543cd0582c24c101b638aec0897,Egocentric,"[""back"", ""left"", ""front"", ""right""]",B,D,D,False,D,D,False,both_wrong,False,False,True
search,train:316_0,316.png,96ccf2ed8b73419c21de237d3284a45bff4d123f8799dcc2e33a7028376a34cb,Allocentric,"[""front-right"", ""back-right"", ""front-left"", ""back-left""]",D,C,C,False,C,C,False,both_wrong,False,False,True
search,train:323_2,323.png,5aea1c2864ffc40ff75bf2c43d80f1bbe513c0c7f87af3a132e6e5fa760b9d5e,Egocentric,"[""back"", ""front-right"", ""right"", ""front-left""]",D,D,D,True,D,D,True,both_correct,True,True,True
search,train:325_1,325.png,76a6219dfd76e7b101f22fa6db8c8347622c30d32e920b50b1cb6793791264bc,Egocentric,"[""left"", ""back"", ""front"", ""right""]",D,B,B,False,B,B,False,both_wrong,False,False,True
search,train:331_2,331.png,0d3bca63281b494d260f8917bfea094a993faae25b144e6713fc58dae6b837c5,Egocentric,"[""back-left"", ""front-right"", ""left"", ""front-left""]",B,B,B,True,B,B,True,both_correct,True,True,True
search,train:340_1,340.png,e9cd843c05e903e1caa0369aaa97e75feb1cb659ad7abfa47ce95a161116010f,Egocentric,"[""back"", ""right"", ""front"", ""left""]",B,D,D,False,C,C,False,both_wrong,False,False,True
search,train:346_0,346.png,4a6fcbf75e39f6467503df863955a503903611eef843a7324b9d1a747923f806,Allocentric,"[""right"", ""back"", ""front-left"", ""front""]",B,A,A,False,A,A,False,both_wrong,False,False,True
search,train:353_1,353.png,a4ac30107c8980540553bf6461c6f9393fdf7f64288bc7e4e8401cfcf4a3bd28,Egocentric,"[""front"", ""back-left"", ""back-right"", ""back""]",A,A,A,True,A,A,True,both_correct,True,True,True
search,train:360_0,360.png,8f6a5ffec05b7e5bb0cd9053858975450b7a0a4ee420215229ccd11b1cc0620a,Allocentric,"[""back-right"", ""left"", ""front-left"", ""front-right""]",A,B,B,False,B,B,False,both_wrong,False,False,True
search,train:366_1,366.png,50ceb1c77ace73271b485907d710eae32fd05b20115168180ef84419ef8ec931,Egocentric,"[""left"", ""back-left"", ""front"", ""right""]",C,A,A,False,A,A,False,both_wrong,False,False,True
search,train:369_0,369.png,bf612fda4ce34a3786c7fbc95c9c93cbd39b8961a96f5a7e3c154e51bc3bb117,Allocentric,"[""right"", ""front-right"", ""left"", ""back""]",C,C,C,True,C,C,True,both_correct,True,True,True
search,train:376_1,376.png,f9132cd39b995e5f0a52d4386bcec7228fde8e90e3e8acc997776c1807ce16cb,Egocentric,"[""back"", ""front-right"", ""left"", ""front""]",C,B,B,False,B,B,False,both_wrong,False,False,True
search,train:387_1,387.png,21925e6d242b6685330d75aa30ba1238e779ef1b970cf4ec702a28914f8b0eb2,Egocentric,"[""left"", ""right"", ""can not determine"", ""can not determine""]",B,B,B,True,B,B,True,both_correct,True,True,True
search,train:391_1,391.png,9bc3bb9af18e6d77edbb124ab6e0501ce3efeec0efcfd7b11b1f2b6ece776626,Egocentric,"[""back-left"", ""front-left"", ""back"", ""right""]",D,B,B,False,B,B,False,both_wrong,False,False,True
search,train:3_0,3.png,6577ad65ebb4dbbf5eaf5dea2b3e3ee652fad6d594e935e39f53d2488792513d,Hypothetical,"[""front"", ""left"", ""right"", ""back-right""]",B,B,B,True,B,B,True,both_correct,True,True,True
search,train:402_0,402.png,ff313f27dbbce7ebfd2c16b897202ae94eee1888634de70c984e027b8f43c4dd,Allocentric,"[""front"", ""back-left"", ""front-left"", ""back-right""]",B,C,C,False,C,C,False,both_wrong,False,False,True
search,train:403_0,403.png,af2fcd8a2905fb34bf62dea0149236eb3ce11f806c44c0aa954e37af6dd44dde,Allocentric,"[""back-right"", ""left"", ""front-left"", ""front-right""]",A,C,C,False,C,C,False,both_wrong,False,False,True
search,train:407_1,407.png,fd70a4a9949a4b9364e01a6188ace5c78dbb76d26a843400381781f0389f8abe,Egocentric,"[""right"", ""back-right"", ""front-left"", ""back-left""]",C,C,C,True,C,C,True,both_correct,True,True,True
search,train:415_0,415.png,739a536937ee3c4c82510d5739f0491a81ea11cdeeb609a8db1461f0d50d4207,Allocentric,"[""back"", ""front-right"", ""right"", ""left""]",D,C,C,False,C,C,False,both_wrong,False,False,True
search,train:419_0,419.png,1fd00b85b8de21bf6d92b2f66ea172f661c1ccadddaf9e3ddb68f711dbb5b51f,Allocentric,"[""front"", ""right"", ""front-left"", ""back-left""]",D,B,B,False,C,C,False,both_wrong,False,False,True
search,train:438_0,438.png,c722a2270f6ebf64b8daa90bde47043281720a05dfaeafcc758a8da51c01323c,Allocentric,"[""left"", ""front"", ""back"", ""right""]",A,A,A,True,A,A,True,both_correct,True,True,True
search,train:439_2,439.png,3121754636422ba9ff386cd1c9bfbbe7fbd97404a634037eb8874366eeab2f18,Egocentric,"[""back-left"", ""front-right"", ""front-left"", ""left""]",B,C,C,False,C,C,False,both_wrong,False,False,True
search,train:446_2,446.png,3b0b5d680c051e2e4a05763a8b508f0283debe15a293002f94392e9aa92120a7,Egocentric,"[""front"", ""back-right"", ""back"", ""back-left""]",A,B,B,False,A,A,True,base_wrong->cand_correct,False,True,True
search,train:450_2,450.png,013d70cd3c2ac075f64fddaba4f8f7305e999709948b326234d9887b8f04ac87,Egocentric,"[""back-left"", ""right"", ""front"", ""left""]",C,B,B,False,C,C,True,base_wrong->cand_correct,False,True,True
search,train:455_2,455.png,2cb62ff1be69513fa514660c66fc460b354d41ade0f02cbe553d0b831694a9b0,Egocentric,"[""back-right"", ""left"", ""front"", ""right""]",C,C,C,True,C,C,True,both_correct,True,True,True
search,train:468_0,468.png,1617307acb8d36807d91c874762dfeb27d4b77e5acc24bf9b3aacd985f0fde47,Allocentric,"[""back"", ""back-right"", ""left"", ""front""]",C,C,C,True,C,C,True,both_correct,True,True,True
search,train:473_0,473.png,1aacdfed4d2cf61ef772d00e337bc4feb3fd51c9ad9ac380e7b608f91ef0b959,Allocentric,"[""right"", ""front-right"", ""back-right"", ""front-left""]",D,D,D,True,D,D,True,both_correct,True,True,True
search,train:474_1,474.png,589b52cac84974ccf3203efa52d0b370698c83b465be7c09f69520475187a381,Egocentric,"[""front-left"", ""back-right"", ""right"", ""back-left""]",D,C,C,False,C,C,False,both_wrong,False,False,True
search,train:475_1,475.png,7214c0a24ca91b3de140b34cc556283a9049bc9e0c420aa458412a1152a72281,Egocentric,"[""front-left"", ""back"", ""front"", ""front-right""]",B,D,D,False,D,D,False,both_wrong,False,False,True
search,train:480_1,480.png,bdea4c8007cda378c8f4c8a74778830986cbd636e60302b201f421a05a1086d4,Egocentric,"[""back"", ""back-right"", ""front-right"", ""left""]",D,B,B,False,B,B,False,both_wrong,False,False,True
search,train:485_1,485.png,e322a231f9ee22c8f41e570430d3bccedf6fd5c715eedfb2955688ff9f814c8f,Egocentric,"[""back"", ""front-left"", ""front-right"", ""front""]",A,B,B,False,B,B,False,both_wrong,False,False,True
search,train:489_0,489.png,411a8f1486f348535f95a34b602f5858ea969c42a1feb372ddb594ee93e7795c,Allocentric,"[""left"", ""front-left"", ""back"", ""front""]",C,D,D,False,D,D,False,both_wrong,False,False,True
search,train:492_1,492.png,a6bea48ca1d60470d559ebdd655c16c01e6492edc652e80d2e21d07e3da04460,Egocentric,"[""left"", ""back-left"", ""front-right"", ""front-left""]",C,B,B,False,A,A,False,both_wrong,False,False,True
search,train:498_2,498.png,60d7f9ae89d436fd92253a7fbcb56d1b7e2f9b5fba59b2a1f69a1cd266ce2c7c,Egocentric,"[""back-right"", ""front"", ""back"", ""left""]",B,B,B,True,B,B,True,both_correct,True,True,True
search,train:512_1,512.png,1728c99e71e9ac031deeb13d73da266d7a98bbfdf41a72f8bdc04b100391973f,Egocentric,"[""left"", ""right"", ""can not determine"", ""can not determine""]",B,B,B,True,B,B,True,both_correct,True,True,True
search,train:517_2,517.png,bd770cca44b46a80022fbe01f2bfaff4cec21925f059e941287b223c2ee8e05a,Egocentric,"[""back-right"", ""front"", ""left"", ""right""]",B,C,C,False,C,C,False,both_wrong,False,False,True
search,train:522_1,522.png,fd130e102944ae29ff422ce223a59a9419266950c3738dbe2d4b0d7ff00fe1d6,Egocentric,"[""back-right"", ""left"", ""front-right"", ""front-left""]",C,B,B,False,B,B,False,both_wrong,False,False,True
search,train:528_1,528.png,286674ffe7d5ef600c9ec85efdaa5c1686063b769ab407c5a16465b16bd7a28d,Egocentric,"[""back-right"", ""right"", ""front"", ""back-left""]",D,B,B,False,B,B,False,both_wrong,False,False,True
search,train:551_0,551.png,4a461955708b0f84a82debd7171f76ad4e2bc9e25a9c3eb9cd89a9989c8deab0,Allocentric,"[""front-right"", ""back-right"", ""back-left"", ""front""]",B,D,D,False,D,D,False,both_wrong,False,False,True
search,train:569_2,569.png,f60816a87af2e093be196d916f5907c42b852ccf0a462434affa486e6ad02468,Egocentric,"[""left"", ""front"", ""right"", ""back-right""]",B,A,A,False,A,A,False,both_wrong,False,False,True
search,train:56_0,56.png,9669169ef630d783835733aee88ac378d24d840ab113fc04082d20b2d74c7d54,Hypothetical,"[""back"", ""front-left"", ""left"", ""right""]",D,D,D,True,D,D,True,both_correct,True,True,True
search,train:571_0,571.png,3e24fc847222cc47c2b219c696f2cbb0e856063b27f11b35a8e291d17892a636,Allocentric,"[""back-left"", ""right"", ""front-right"", ""front""]",A,B,B,False,C,C,False,both_wrong,False,False,True
search,train:574_1,574.png,a2dc673938e023347c3c44aecf807725c50a271d6d455bb509144156061d76a4,Egocentric,"[""back-left"", ""back-right"", ""left"", ""front-right""]",D,D,D,True,D,D,True,both_correct,True,True,True
search,train:576_0,576.png,3b581d3df99fdcc4e607fa26339afae61ea97653b291acd59992773c025481b4,Allocentric,"[""front-left"", ""back-right"", ""left"", ""front-right""]",B,C,C,False,C,C,False,both_wrong,False,False,True
search,train:590_2,590.png,cdc51e66561c8b915cdc2b336f314950e364e0736846b94d591a12538d51ca30,Egocentric,"[""back-right"", ""right"", ""front"", ""left""]",C,C,C,True,C,C,True,both_correct,True,True,True
search,train:591_1,591.png,fbf6e12bd94f1f706676aa7b50521ed8d26007d133fad0c5479cc46845514d89,Egocentric,"[""right"", ""back-left"", ""front"", ""back-right""]",C,A,A,False,A,A,False,both_wrong,False,False,True
search,train:595_0,595.png,47fcf5038f4563311faacf38b88a783699e8cf2619c9ab0fd16c475c0af5a5c4,Allocentric,"[""front-left"", ""back"", ""front"", ""front-right""]",B,C,C,False,C,C,False,both_wrong,False,False,True
search,train:598_1,598.png,ba7723b7788b39cc352c948c653b5ea3b786d5642a07f1119fe360ed344eea11,Egocentric,"[""left"", ""right"", ""can not determine"", ""can not determine""]",A,B,B,False,B,B,False,both_wrong,False,False,True
search,train:603_0,603.png,abefe23bb89dd4d83d90387d95ba35e09b403863ced24cef029a65ad59a59af3,Allocentric,"[""back-right"", ""right"", ""back-left"", ""front-right""]",C,B,B,False,B,B,False,both_wrong,False,False,True
search,train:619_0,619.png,526f9a40b15308588abbc77f55447c22ab87157bf6334fb95303f4e2fff5ad15,Allocentric,"[""front-left"", ""front-right"", ""back"", ""right""]",C,D,D,False,B,B,False,both_wrong,False,False,True
search,train:620_1,620.png,2c0e4c362aab7f472bbea3ca341ef0365a83da7a01e5b406c5ab507557457e77,Egocentric,"[""left"", ""right"", ""can not determine"", ""can not determine""]",B,B,B,True,B,B,True,both_correct,True,True,True
search,train:622_1,622.png,9bbc4f36835ad50cde773eeeb6f612420d3f81f13dab73c2d02fd784e142c14a,Egocentric,"[""front"", ""left"", ""back"", ""front-right""]",C,C,C,True,C,C,True,both_correct,True,True,True
search,train:630_0,630.png,f339fb5c2382111519b3b929e9c5cd19853f9f62f6e4d816bcc20a151c3376b5,Allocentric,"[""back-right"", ""front"", ""front-right"", ""left""]",D,B,B,False,C,C,False,both_wrong,False,False,True
search,train:636_2,636.png,7360ff72da7412c690c62d7d45aa7b96e7b303bdc54da6a7db83ab7b5b64b09f,Egocentric,"[""left"", ""back-right"", ""back"", ""front""]",D,A,A,False,A,A,False,both_wrong,False,False,True
search,train:640_1,640.png,f3d052ad7a40f78fd11106340d1b2507b19a855f35190c467a85eae3299a4644,Egocentric,"[""left"", ""right"", ""can not determine"", ""can not determine""]",A,B,B,False,B,B,False,both_wrong,False,False,True
search,train:645_0,645.png,66f9a049f07b4f9e79850ff3968d53722eaf3cb22090cab5344a0ee28fc08fef,Allocentric,"[""back-right"", ""right"", ""front-left"", ""back-left""]",D,B,B,False,C,C,False,both_wrong,False,False,True
search,train:647_0,647.png,80abc622b46504c8bc11bea6d60236b1bc738e1c7f8e190bfe6cb6779e818283,Allocentric,"[""back-left"", ""front-left"", ""right"", ""front""]",A,D,D,False,C,C,False,both_wrong,False,False,True
search,train:651_1,651.png,7682c4ee8ff865161bca61e2f154703944ccb090db3b6fbe3a965a06e899e734,Egocentric,"[""front"", ""front-right"", ""back"", ""left""]",D,B,B,False,A,A,False,both_wrong,False,False,True
search,train:655_2,655.png,0b5d36db10a2352c7a940f9bbd251b56d63502471bb67986b4eb2429683dbb99,Egocentric,"[""right"", ""left"", ""front"", ""back-left""]",C,B,B,False,B,B,False,both_wrong,False,False,True
search,train:667_2,667.png,ad7f0f93674c4585f7cf445adb28df9fda05b8cb68538cc3ffeaea34d29c60c7,Egocentric,"[""front"", ""back-left"", ""right"", ""back""]",A,A,A,True,A,A,True,both_correct,True,True,True
search,train:672_2,672.png,03453ef5e866fcd46b2cfa47678062f539694e57211ba25ab997a432ec42fd65,Egocentric,"[""back"", ""front-right"", ""front-left"", ""back-right""]",B,C,C,False,B,B,True,base_wrong->cand_correct,False,True,True
search,train:673_2,673.png,47a179d11deadfddc34308423621205479a10316a740b4104c48d2e46a057378,Egocentric,"[""front"", ""back-right"", ""back-left"", ""left""]",A,D,D,False,D,D,False,both_wrong,False,False,True
search,train:681_0,681.png,541929a3507923f58e6f2b53205726ebefa708e0373c4f228b35fe1eb6502e4f,Allocentric,"[""front-right"", ""back-left"", ""left"", ""back-right""]",D,A,A,False,A,A,False,both_wrong,False,False,True
search,train:684_0,684.png,e19f93bd72363589682c45559ab35626811d6a5195ca87599a2d34b2bd5a5773,Allocentric,"[""front"", ""right"", ""back-left"", ""left""]",A,C,C,False,C,C,False,both_wrong,False,False,True
search,train:689_1,689.png,a38ce7cec939e102580a936fef8619d78978925cb7b1789d92808acdb33f4733,Egocentric,"[""front"", ""back-left"", ""right"", ""back-right""]",A,B,B,False,B,B,False,both_wrong,False,False,True
search,train:690_1,690.png,f1140536e77813ee2c2a9ecff1af02ff25515a124140b67ea6bcb28f7702f988,Egocentric,"[""left"", ""front"", ""back"", ""back-right""]",B,B,B,True,B,B,True,both_correct,True,True,True
search,train:691_1,691.png,18d213cb06ede55abce38d4a9314074d7aba71f36ed7e7e18b281148ac35c5e2,Egocentric,"[""left"", ""front-left"", ""right"", ""back""]",C,A,A,False,A,A,False,both_wrong,False,False,True
search,train:702_2,702.png,282e6d85acf2032407472cb495af571779937778fe3ca0ebcef9a35317fa5f0a,Egocentric,"[""back-left"", ""back-right"", ""front"", ""back""]",C,C,C,True,C,C,True,both_correct,True,True,True
search,train:703_1,703.png,0df2286d6a8a4c600118627545b322a56807f430b423db6d6adb6cb261bfceeb,Egocentric,"[""back"", ""front-left"", ""back-right"", ""front-right""]",B,C,C,False,D,D,False,both_wrong,False,False,True
search,train:705_2,705.png,c33f6a826e8f9436c31a8cfd79fde2479c309576f926d051da76a41401427b58,Egocentric,"[""right"", ""front-left"", ""back"", ""back-right""]",B,B,B,True,A,A,False,base_correct->cand_wrong,True,False,True
search,train:713_1,713.png,47f1e237b752bc7260996e87feca2e7a1ae5d68046b2179e9a1fbf4e0da8aef8,Egocentric,"[""right"", ""back-right"", ""back"", ""front-left""]",D,A,A,False,A,A,False,both_wrong,False,False,True
search,train:723_2,723.png,c9c8bf7beb5aa9715ace2a14f469733d445be605f1eb157209cdc5632d025408,Egocentric,"[""back-left"", ""front-left"", ""back"", ""back-right""]",B,B,B,True,B,B,True,both_correct,True,True,True
search,train:724_0,724.png,a7e4d2b2979664f6500636d8bccf119de626085060b049fd8ede1265f8198977,Allocentric,"[""right"", ""back-left"", ""back-right"", ""front-left""]",D,A,A,False,C,C,False,both_wrong,False,False,True
search,train:726_0,726.png,0924a97dfd2e1e4eb289fb45cb7df83cbbffd8f0747175ad839a9e8e9683f1a8,Allocentric,"[""left"", ""back-right"", ""front"", ""back-left""]",C,C,C,True,C,C,True,both_correct,True,True,True
search,train:730_2,730.png,77231c57c806fae88f0cd4c403e9348001e8bd986fda087e3d2f84cbc76718b7,Egocentric,"[""front"", ""back-left"", ""right"", ""left""]",C,A,A,False,A,A,False,both_wrong,False,False,True
search,train:740_1,740.png,5611251fae8832914afd0ae6768eea13009fd48aa593fa5dbe069f4cdf519e2e,Egocentric,"[""front-left"", ""back-right"", ""back"", ""front-right""]",D,B,B,False,C,C,False,both_wrong,False,False,True
search,train:751_0,751.png,5660d00a10b0eb871f8ebb749e27fdd7cd671284147a777a9b6e566c50e838ba,Allocentric,"[""front-left"", ""back-right"", ""front"", ""back-left""]",B,B,B,True,C,C,False,base_correct->cand_wrong,True,False,True
search,train:756_2,756.png,1d191a1eacaeb40fd4d8f09f657ed407bba0fa28e10c87995b0443e91c57c50a,Egocentric,"[""right"", ""front-left"", ""back"", ""back-right""]",B,A,A,False,A,A,False,both_wrong,False,False,True
search,train:762_0,762.png,517b43319edf0ab4b59d79278d7abcd1a82892455b074263ab0e8ce5ac9d2ffc,Allocentric,"[""front-left"", ""front-right"", ""left"", ""back-right""]",D,C,C,False,C,C,False,both_wrong,False,False,True
search,train:76_0,76.png,cc8bfc306d34e73d2d1a4d98291fb5971f07c8e0e4dd43e5af6fea17aa3452c2,Hypothetical,"[""back"", ""front"", ""back-right"", ""right""]",B,A,A,False,D,D,False,both_wrong,False,False,True
search,train:775_0,775.png,65cec9b6531ebb4f6d67ff54aba36c0eda8519600b29a57ee4967c3485c3bc70,Allocentric,"[""front-right"", ""left"", ""right"", ""back""]",D,A,A,False,A,A,False,both_wrong,False,False,True
search,train:777_1,777.png,4106e7baa2a3aface0221ce73dcbd5e85bb6a831393a89de0242e540e864b359,Egocentric,"[""front-left"", ""back-left"", ""front-right"", ""left""]",C,D,D,False,D,D,False,both_wrong,False,False,True
search,train:779_1,779.png,6373b03fcc494ad2e6953f1bcbc798963df04c792bcf1897e7323730f3a7e6e3,Egocentric,"[""back-right"", ""left"", ""front-right"", ""front""]",B,C,C,False,C,C,False,both_wrong,False,False,True
search,train:782_0,782.png,99afd75d6efd64a69ea7392c6ab41eb3b330019e754adbb13b123db3483a30b1,Allocentric,"[""front-left"", ""front"", ""back"", ""left""]",C,B,B,False,B,B,False,both_wrong,False,False,True
search,train:788_1,788.png,c92824ffb391e67c098525971fdb2233806ab5458532ccd775a32a01d8436cca,Egocentric,"[""back"", ""front-left"", ""front-right"", ""left""]",C,D,D,False,D,D,False,both_wrong,False,False,True
search,train:792_0,792.png,f619ca94313dc30c15eae4fe3f6fab80127017d8fa3834f916d86b7e3949f2aa,Allocentric,"[""front"", ""back-right"", ""right"", ""left""]",D,C,C,False,C,C,False,both_wrong,False,False,True
search,train:793_2,793.png,edab27745a95cd3fa5dd5066a1087dda03e4cb284b482fa6a354fde59ada8c6b,Egocentric,"[""back-left"", ""front"", ""back"", ""right""]",B,B,B,True,B,B,True,both_correct,True,True,True
search,train:79_0,79.png,1821a1051c27606e98399210deffd624c50686c2867bd42ca569911db210ac2c,Hypothetical,"[""back-right"", ""back-left"", ""front-right"", ""left""]",C,A,A,False,A,A,False,both_wrong,False,False,True
search,train:810_0,810.png,478a6830dfbc4ecf933dde2764eb39ad7bd1b90d479881e9451e47a6c3d39f6f,Allocentric,"[""back"", ""back-right"", ""left"", ""right""]",C,C,C,True,C,C,True,both_correct,True,True,True
search,train:822_0,822.png,4c73b8a24db94fd2a645de0d3cb2b75c65863568342b75144a649bc5a3336f4a,Allocentric,"[""right"", ""left"", ""front-left"", ""front""]",A,A,A,True,A,A,True,both_correct,True,True,True
search,train:827_0,827.png,d97cd8dea6030a26229cb60faad6829dcd2f431452ca0115e87c23739f4be6ca,Allocentric,"[""back-left"", ""front-left"", ""right"", ""front""]",A,D,D,False,D,D,False,both_wrong,False,False,True
search,train:828_2,828.png,a061bd026c7d246ff397706b6e2de3512739e3a064009751b38f756766c68c6b,Egocentric,"[""left"", ""front"", ""back-right"", ""back""]",B,B,B,True,B,B,True,both_correct,True,True,True
search,train:832_2,832.png,e01019912bf4763d01dcf09d5c88ef9357ad7b7d9f002d8b40522543438c3b17,Egocentric,"[""back"", ""right"", ""back-right"", ""front""]",D,B,B,False,D,D,True,base_wrong->cand_correct,False,True,True
search,train:848_2,848.png,26ca036086518158f80c30bbfd767f5d2f511a5bd5cc950504a77128ea881562,Egocentric,"[""right"", ""front-left"", ""front-right"", ""back""]",B,C,C,False,C,C,False,both_wrong,False,False,True
search,train:850_0,850.png,2595b583f379cf27ecd82ec96760de5d8eabed85333735f42dcbc1a80ff70e0d,Allocentric,"[""right"", ""back-left"", ""front"", ""back""]",A,A,A,True,A,A,True,both_correct,True,True,True
search,train:855_2,855.png,4621020896ac025512c1942ea95b531297733c997f705499f894829958220ae3,Egocentric,"[""left"", ""back"", ""back-right"", ""front""]",D,D,D,True,D,D,True,both_correct,True,True,True
search,train:861_2,861.png,00fabbb08ce981692a901dde7020816ff9ee81ede9ef733781d6a580088647d4,Egocentric,"[""left"", ""front"", ""back"", ""right""]",B,B,B,True,B,B,True,both_correct,True,True,True
search,train:863_1,863.png,d0e5ba7b34690cca79f08e2f86d4224cb947f335dd26a1526a5173fbf35cbeee,Egocentric,"[""front-right"", ""back"", ""front-left"", ""back-left""]",A,A,A,True,A,A,True,both_correct,True,True,True
search,train:870_0,870.png,b433956d461c400c13f6581f5b8668599ec2300f3a0f8421f2430e993af1593e,Allocentric,"[""front"", ""right"", ""back"", ""front-left""]",B,B,B,True,B,B,True,both_correct,True,True,True
search,train:872_2,872.png,0146334fdb1e2083f8597b968dedd80d188c1c070f4197478caa54ebc2fd20d5,Egocentric,"[""front-left"", ""left"", ""front-right"", ""back-left""]",C,C,C,True,C,C,True,both_correct,True,True,True
search,train:874_1,874.png,99a6cf9bdcb2e8728aa90a453ae5f485531640850c20aec1bea6ce3c644e3163,Egocentric,"[""right"", ""left"", ""back-right"", ""front""]",B,C,C,False,C,C,False,both_wrong,False,False,True
search,train:880_0,880.png,02a2feaa08f132aec1d35fb5bfb1f228d237e3b94c2a18d369a2dcc918771f07,Allocentric,"[""front-right"", ""back"", ""left"", ""front""]",B,D,D,False,D,D,False,both_wrong,False,False,True
search,train:882_1,882.png,3ab0ff0b122fb240478a06115cc2e14f1b3c6b2dbba62f81922cf5d5e795ab05,Egocentric,"[""right"", ""back"", ""front-right"", ""left""]",D,A,A,False,A,A,False,both_wrong,False,False,True
search,train:883_0,883.png,6381cf1d007789524da9263b85644e07572c922155740062eef05e82a13d9b2e,Allocentric,"[""back-left"", ""right"", ""back"", ""front""]",D,D,D,True,D,D,True,both_correct,True,True,True
search,train:884_2,884.png,13f81f9ab8e81714b1642d24466565aa781e2f44c38fcafe53d1e2ed567c63d8,Egocentric,"[""front-right"", ""left"", ""back-left"", ""back-right""]",A,A,A,True,A,A,True,both_correct,True,True,True
search,train:889_1,889.png,92e1ccdc3e29a3d0772bd84e2fc5453310a90644958203369963002bff26b397,Egocentric,"[""left"", ""right"", ""can not determine"", ""can not determine""]",A,B,B,False,B,B,False,both_wrong,False,False,True
search,train:904_0,904.png,c42df6aab718a1f6f31ee77d7a6e6d05533915351657f8bb1593c9cb146eae14,Allocentric,"[""front-right"", ""front-left"", ""back"", ""front""]",C,D,D,False,D,D,False,both_wrong,False,False,True
search,train:906_0,906.png,030afd035d3557fc3923f922cb763e3d75aa216f6c776608417f7228bdb07913,Allocentric,"[""front-left"", ""right"", ""left"", ""front""]",B,B,B,True,B,B,True,both_correct,True,True,True
search,train:912_2,912.png,1e879b4307cb6f0fc227ce38eeadc20b3a0e4e724bdb7c042a37c8aed28a5d6b,Egocentric,"[""front-right"", ""right"", ""front"", ""left""]",D,B,B,False,B,B,False,both_wrong,False,False,True
search,train:913_0,913.png,6f719f01968313117b58cc4dbc5265727f34175fb7a1509cc9534f29ded95b54,Allocentric,"[""front"", ""back"", ""right"", ""front-left""]",C,C,C,True,C,C,True,both_correct,True,True,True
search,train:916_0,916.png,8b4a5ca06d3c3116ad863c1c0688bb1114a985f052baa54226c6ed6522bd9d1a,Allocentric,"[""left"", ""front"", ""back-right"", ""right""]",A,D,D,False,D,D,False,both_wrong,False,False,True
search,train:918_1,918.png,e62ce1e12689ebcd8c66927bb1b9f64b760294a4c3c1c7e5fe7ee58eaa38ff99,Egocentric,"[""left"", ""right"", ""can not determine"", ""can not determine""]",A,B,B,False,B,B,False,both_wrong,False,False,True
search,train:922_0,922.png,4e383274fcd116a034f8d1d27456b9c3420dda0f7b15d7848488b7f50766eedb,Allocentric,"[""right"", ""back-right"", ""back"", ""front""]",D,C,C,False,D,D,True,base_wrong->cand_correct,False,True,True
search,train:924_1,924.png,4956b03455809a33b24821e070e0549d898812186fdace85f5228b7ccceebc12,Egocentric,"[""front"", ""back"", ""left"", ""front-right""]",B,C,C,False,C,C,False,both_wrong,False,False,True
search,train:928_1,928.png,a5a51274d09391fbc7c718b07f3dab288bdcc2a2e399ffa91c776dbf53897a6f,Egocentric,"[""front"", ""right"", ""left"", ""back""]",A,C,C,False,C,C,False,both_wrong,False,False,True
search,train:932_0,932.png,780b7b6bf1e97922fb2942fccb9c1fbff9c834437ad70b044261c04075eed0d0,Allocentric,"[""front-left"", ""front"", ""right"", ""back""]",C,C,C,True,C,C,True,both_correct,True,True,True
search,train:93_0,93.png,e2f510627b317977beba03a064e7c37111b44a8b1fb4c219d934abb2a8c0dec3,Hypothetical,"[""front-right"", ""back-left"", ""left"", ""back""]",A,D,D,False,D,D,False,both_wrong,False,False,True
search,train:942_2,942.png,6d026b02554c3ef7c299450bf4fbde870110ca337b0d4bb8f5c8b8e097b1351d,Egocentric,"[""right"", ""back-left"", ""front"", ""back-right""]",C,A,A,False,A,A,False,both_wrong,False,False,True
search,train:953_1,953.png,11fb4860d5bc335ce4090ce2df82b094e5bba4e487d33b0db0240f47307b5859,Egocentric,"[""back"", ""front-left"", ""back-right"", ""right""]",B,B,B,True,B,B,True,both_correct,True,True,True
search,train:954_0,954.png,533ee27c2a8c4783db25b4f27a8529f5d0b7f825143d4e08ecdd67b6933446bc,Allocentric,"[""back-left"", ""back-right"", ""right"", ""front-right""]",A,C,C,False,C,C,False,both_wrong,False,False,True
search,train:955_0,955.png,7978f4a1f4b4a495b36bb13c3677a9a9951d2e2b161fa7400bee9b84edabe6af,Allocentric,"[""front"", ""back"", ""front-left"", ""left""]",B,A,A,False,A,A,False,both_wrong,False,False,True
search,train:962_0,962.png,c20efeb6112f7005e856b736a086ead18c43a29d2982ef7f4be2eda55ce2fe38,Allocentric,"[""right"", ""front-left"", ""back"", ""left""]",C,B,B,False,B,B,False,both_wrong,False,False,True
search,train:965_2,965.png,93b744e054d738dca7c892211952785c514ea4a99d82d8e330c044133aad8a71,Egocentric,"[""front-right"", ""back-left"", ""front-left"", ""back""]",A,A,A,True,A,A,True,both_correct,True,True,True
search,train:966_2,966.png,0e3e1c4b20d6708328f58bf45a6f08811b9e94ed50fa436b276585a102466651,Egocentric,"[""right"", ""back"", ""front-right"", ""front-left""]",D,D,D,True,D,D,True,both_correct,True,True,True
search,train:970_1,970.png,437a390d1767f4fef57d84951e95c38dd35a6e690d3a482ba4121d760b70ae4f,Egocentric,"[""right"", ""back-right"", ""left"", ""front""]",D,B,B,False,B,B,False,both_wrong,False,False,True
search,train:971_2,971.png,bbfe54740c3fb9d0bea6384b4bf4cd2d610d15666ed479f1049bd8807e12abe8,Egocentric,"[""back-right"", ""back-left"", ""left"", ""front""]",D,C,C,False,D,D,True,base_wrong->cand_correct,False,True,True
search,train:974_1,974.png,9419b03a2345137c9925e4ab4ccbda1eccb881f0f574e8b3af40ca553b9650b6,Egocentric,"[""front"", ""right"", ""back"", ""left""]",A,A,A,True,A,A,True,both_correct,True,True,True
search,train:984_1,984.png,f9a7537e56c6a828893f307cd822cf4d0f84b50013c3561c819dede3a221781a,Egocentric,"[""left"", ""right"", ""can not determine"", ""can not determine""]",B,B,B,True,A,A,False,base_correct->cand_wrong,True,False,True
search,train:992_1,992.png,11687afb71a4e6dbc6a5087377158247e59115073267e1a3fd319d78e4e39337,Egocentric,"[""back-right"", ""left"", ""back-left"", ""front""]",D,B,B,False,B,B,False,both_wrong,False,False,True
search,train:993_0,993.png,99336214a8223cdbbf16b49c43ca02bf29638f4b4f1cbdf3e3da716dd42d697b,Allocentric,"[""back-left"", ""front"", ""back-right"", ""front-left""]",A,B,B,False,B,B,False,both_wrong,False,False,True
validation,train:1002_1,1002.png,f6a5bcae49944c853bdff60abf1e7a557047185e6abc35b435149af1ef0fc550,Egocentric,"[""back"", ""front-left"", ""front-right"", ""back-left""]",B,C,C,False,C,C,False,both_wrong,False,False,True
validation,train:1011_0,1011.png,abd1d57f52d400e0162edf0763ffc96a96ed7251cabfbc457638930c785d1f1c,Allocentric,"[""right"", ""front"", ""back"", ""back-right""]",B,A,A,False,A,A,False,both_wrong,False,False,True
validation,train:1015_1,1015.png,148ddfd8c0eea4776307c3ba9600d69b2c2e94585245175dd451944ffefd4c83,Egocentric,"[""back"", ""front-right"", ""right"", ""left""]",D,C,C,False,C,C,False,both_wrong,False,False,True
validation,train:1020_2,1020.png,95d8d59920dca265c675607560712aa91eab5bad66fc79ff8aabccc1da68999e,Egocentric,"[""left"", ""right"", ""front-right"", ""back""]",A,B,B,False,A,A,True,base_wrong->cand_correct,False,True,True
validation,train:1024_0,1024.png,c18bb908a001b6fd9ee7548d0eb31b3aad56c3592b626102b86dd40443905b96,Allocentric,"[""left"", ""front"", ""back"", ""front-right""]",C,B,B,False,B,B,False,both_wrong,False,False,True
validation,train:1027_0,1027.png,530722a206bae0b55262ae07c71556c17fc72720a0f6a63623f3d8de8c9c7abb,Allocentric,"[""left"", ""back-left"", ""front-left"", ""back-right""]",D,A,A,False,A,A,False,both_wrong,False,False,True
validation,train:1029_2,1029.png,978a532de664759d5afcaff48f77c766b546310e6962ae4f214ffcd4d3587fdc,Egocentric,"[""front"", ""right"", ""back-right"", ""left""]",A,C,C,False,A,A,True,base_wrong->cand_correct,False,True,True
validation,train:1036_1,1036.png,61758adaf0bedd7580bb6ed7f5508ca2b1c6ab9598f9f277174190c8d1610944,Egocentric,"[""back-left"", ""back"", ""front"", ""right""]",C,C,C,True,C,C,True,both_correct,True,True,True
validation,train:1038_1,1038.png,bff8323ac85151d165a7ee020902b0cda1e11ccf0c97427502e3308d1e3cbee2,Egocentric,"[""left"", ""right"", ""can not determine"", ""can not determine""]",B,B,B,True,B,B,True,both_correct,True,True,True
validation,train:1039_1,1039.png,5f6b6361ab484015845d218a60f108d520a985cec5ad5f9c9ba3be10d4f5a3e0,Egocentric,"[""left"", ""right"", ""can not determine"", ""can not determine""]",A,A,A,True,B,B,False,base_correct->cand_wrong,True,False,True
validation,train:1046_0,1046.png,bbd1b905a004b0ee5ec467c3472d0fe48ec8a694f36dab30215e5b1051de91eb,Allocentric,"[""left"", ""back-right"", ""front-left"", ""front""]",B,D,D,False,D,D,False,both_wrong,False,False,True
validation,train:104_0,104.png,dae7168348ed80256247304ce57e85c6475991888631c1e927d5ac9a2e80a7e8,Hypothetical,"[""back-left"", ""right"", ""front-left"", ""front""]",A,B,B,False,B,B,False,both_wrong,False,False,True
validation,train:1051_2,1051.png,a022e964a429224ed173ad39b0b5f9f5492ea3374dfbfacbd2ab81943ce79f4e,Egocentric,"[""left"", ""back-right"", ""back-left"", ""front""]",D,D,D,True,D,D,True,both_correct,True,True,True
validation,train:1055_2,1055.png,ddf57aa883ff161402cd1fca0d2e7cc088914e1708549284543bb16b86a1bef6,Egocentric,"[""left"", ""front-left"", ""back-left"", ""front-right""]",D,B,B,False,B,B,False,both_wrong,False,False,True
validation,train:1057_0,1057.png,5c56d3b8a41b1642e0d9a59354a7d50d6aac65c0d6e50e12386bee778db2d17a,Allocentric,"[""back-right"", ""left"", ""front-right"", ""front""]",A,D,D,False,D,D,False,both_wrong,False,False,True
validation,train:1059_1,1059.png,9bbb3245ae7f223435cea65fc59f37e1dcc64ace80df96231f35616a8bcff787,Egocentric,"[""front-left"", ""right"", ""front"", ""back""]",D,B,B,False,C,C,False,both_wrong,False,False,True
validation,train:105_0,105.png,bb7d5d421d63c5d63e6b01c5bb39e39aaec7bd5f54fbe13ce1f289fb36d17f12,Hypothetical,"[""front"", ""front-left"", ""back-right"", ""front-right""]",C,B,B,False,C,C,True,base_wrong->cand_correct,False,True,True
validation,train:1068_1,1068.png,0ef70ccef20d5aa1c1ff8f0e48ad17400df6a6a0e5a07d1b27e9885ae7648bd0,Egocentric,"[""front"", ""left"", ""back-right"", ""back""]",A,C,C,False,C,C,False,both_wrong,False,False,True
validation,train:1069_2,1069.png,e78be3e0edf41e7da9480961d4efcb2f93cbb03d9da891c25246253d7c084eef,Egocentric,"[""back-right"", ""back-left"", ""front-left"", ""right""]",C,C,C,True,C,C,True,both_correct,True,True,True
validation,train:106_0,106.png,2d8dce053fcda8f610718f7f7e769c89fe2104a36268f8931314013b0949ae65,Hypothetical,"[""front"", ""back"", ""left"", ""back-left""]",A,C,C,False,C,C,False,both_wrong,False,False,True
validation,train:1073_2,1073.png,b57418b18fb89a67875371f7162638a95bcacd8bac92b70751d64c33092e676b,Egocentric,"[""front-right"", ""front-left"", ""back-right"", ""left""]",A,B,B,False,A,A,True,base_wrong->cand_correct,False,True,True
validation,train:1075_0,1075.png,52752319235cbfe75728909d5e780b7e8ab437c82a55228f92b4bedfe417b49c,Allocentric,"[""left"", ""back-right"", ""right"", ""front""]",A,C,C,False,C,C,False,both_wrong,False,False,True
validation,train:1081_0,1081.png,9184108ba92d887697dd1c29928fbc79c1ab1cb00e0a275ffbff68c192943de9,Allocentric,"[""front-right"", ""front"", ""back"", ""front-left""]",C,B,B,False,B,B,False,both_wrong,False,False,True
validation,train:1086_0,1086.png,c6b7575196ff8992ab8747e42567892e0b846d23ee60b3c773b5dfb373564591,Allocentric,"[""left"", ""back-left"", ""front"", ""back-right""]",D,C,C,False,C,C,False,both_wrong,False,False,True
validation,train:1089_1,1089.png,13f90a94720bc6b0dccc845c01dbaa9a8b5ec06ba12f0bc52e1afae5ce1572e6,Egocentric,"[""front"", ""back"", ""right"", ""back-left""]",A,C,C,False,C,C,False,both_wrong,False,False,True
validation,train:1095_2,1095.png,7f7b0504dd383a31a855b903fab6023819f9eeeef8372eb02df5fe4fdb4d6fca,Egocentric,"[""right"", ""back-right"", ""front"", ""back""]",C,C,C,True,C,C,True,both_correct,True,True,True
validation,train:1097_0,1097.png,06ca5d91e44422232e488032687f9d60b91865db89fc1b368f2fa5d7cd1c0c6f,Allocentric,"[""front-left"", ""back"", ""right"", ""front""]",B,D,D,False,D,D,False,both_wrong,False,False,True
validation,train:1099_0,1099.png,5a39eed8ea95eda350f3e1fdf9ac3e496324083d43b9e0e132a07dee3395e848,Allocentric,"[""right"", ""front-right"", ""back"", ""front""]",C,C,C,True,C,C,True,both_correct,True,True,True
validation,train:1102_0,1102.png,986171c32ff27741b1c6812975ee6ab88865508d2c3ed6a94fe486b65e6340fd,Allocentric,"[""front"", ""back-right"", ""front-left"", ""back-left""]",D,A,A,False,A,A,False,both_wrong,False,False,True
validation,train:1104_0,1104.png,403d321c7715770d50f62b8b68e770933f69c728ccc261b5775b0997962c658e,Allocentric,"[""back"", ""right"", ""left"", ""back-left""]",B,B,B,True,B,B,True,both_correct,True,True,True
validation,train:1107_0,1107.png,6621fc95d495345f491e1cda1680aa0a9c46d3f709f53ead28bea7474bb6a626,Allocentric,"[""right"", ""back"", ""front-left"", ""front""]",B,D,D,False,D,D,False,both_wrong,False,False,True
validation,train:1113_2,1113.png,2da2e0ed82b3efba6448dcd0eabfcb0d68321ff3c1a4f2719bed81c5524d2f69,Egocentric,"[""back-left"", ""left"", ""front"", ""back-right""]",C,B,B,False,C,C,True,base_wrong->cand_correct,False,True,True
validation,train:1115_2,1115.png,569ef72a39e1d0c80bf41ca2345a6d6461029392a49228290e8dcf2352368018,Egocentric,"[""front"", ""right"", ""left"", ""back-right""]",A,A,A,True,A,A,True,both_correct,True,True,True
validation,train:1120_2,1120.png,d89ed6d8460b249e3127134c48c3d3ee14e28edcd1941fbf43a981f1369acda5,Egocentric,"[""back-left"", ""back"", ""front"", ""left""]",C,D,D,False,C,C,True,base_wrong->cand_correct,False,True,True
validation,train:1122_2,1122.png,a78b7b40e89a8946d81b81f52fba5f54228ae7cfc28fd860377b75615edbd8ed,Egocentric,"[""left"", ""back"", ""right"", ""front""]",D,C,C,False,C,C,False,both_wrong,False,False,True
validation,train:1126_1,1126.png,1c4729ae47e6dca3c6a85652ed0d4d20eb9be6e6e8c3c9ee639dc996ad8fd163,Egocentric,"[""right"", ""back"", ""front"", ""left""]",D,A,A,False,A,A,False,both_wrong,False,False,True
validation,train:1129_1,1129.png,4a98989d5b0a9903b2d7f99d19fee20f91d8d15a01d88dd659db45aaa5643c93,Egocentric,"[""front"", ""front-right"", ""back-right"", ""left""]",D,B,B,False,B,B,False,both_wrong,False,False,True
validation,train:1130_1,1130.png,d045c94705116752d81e057adb20e76ee97cdccca53f0a3761149c29e0d03f0b,Egocentric,"[""back-left"", ""left"", ""back"", ""front""]",D,B,B,False,B,B,False,both_wrong,False,False,True
validation,train:1131_2,1131.png,06abede97480c57482c6ade04cc60fc2bdef89a85abd64e404262b67b1255c52,Egocentric,"[""back"", ""back-left"", ""front"", ""left""]",C,C,C,True,C,C,True,both_correct,True,True,True
validation,train:113_0,113.png,2218a00636bd29c9cb605be9cda4e5ed2f1620cdf461344ecd5381d35d9a1314,Hypothetical,"[""back-left"", ""front-left"", ""back-right"", ""right""]",B,B,B,True,B,B,True,both_correct,True,True,True
validation,train:1148_1,1148.png,be9f6b317f64dc640c201374fd6a90e866345babc0797bfb20f9b7134f046a34,Egocentric,"[""front-left"", ""right"", ""back"", ""left""]",B,D,D,False,D,D,False,both_wrong,False,False,True
validation,train:1152_0,1152.png,44b9579bd54df3557919c93dfad038d456cd978a4292fcce02a93f4fdbe0da35,Allocentric,"[""left"", ""back-left"", ""front"", ""back-right""]",D,C,C,False,C,C,False,both_wrong,False,False,True
validation,train:1167_0,1167.png,1b074acd3f93054d2480f94c00eaa90867aa535bb79d1d3809684144271e1190,Allocentric,"[""front-left"", ""front"", ""left"", ""back""]",D,B,B,False,B,B,False,both_wrong,False,False,True
validation,train:1176_2,1176.png,73749996ae89a7442a5a24ac4023bb00e861d271a932569f2eecd5485f902034,Egocentric,"[""back-right"", ""front"", ""left"", ""back-left""]",B,B,B,True,B,B,True,both_correct,True,True,True
validation,train:1178_0,1178.png,f018df3853c17c16262bf15de4c508b95c1a889d1d99837928a9733e3849e241,Allocentric,"[""front-right"", ""left"", ""front"", ""back""]",B,B,B,True,A,A,False,base_correct->cand_wrong,True,False,True
validation,train:1188_0,1188.png,27489e488d9856cbc2e071d6ff1bfafa059c47c71dc33370a2858504df8fd744,Allocentric,"[""front-left"", ""front-right"", ""left"", ""back""]",D,B,B,False,B,B,False,both_wrong,False,False,True
validation,train:1195_0,1195.png,328c9d5c3747ec4db47543862f29ac0d84bb6bb6773c956c944bd73d8052a5d3,Allocentric,"[""left"", ""front-left"", ""right"", ""back""]",D,B,B,False,B,B,False,both_wrong,False,False,True
validation,train:1206_0,1206.png,3cf45951ccdbd9c14d62e5672ba985395fd15c1de91cbed6723d27deebd0d7ba,Allocentric,"[""right"", ""front"", ""back-left"", ""front-left""]",A,A,A,True,A,A,True,both_correct,True,True,True
validation,train:1213_2,1213.png,e842b59f3e0d9b5375b53c5e812bc335f0f2380e45353fb03bc412a39a79fc8b,Egocentric,"[""back-left"", ""back-right"", ""front-left"", ""back""]",C,B,B,False,C,C,True,base_wrong->cand_correct,False,True,True
validation,train:1228_2,1228.png,a777831cafdca303321550ca21936b76d2d15a901be63e92f471907acf1ac58e,Egocentric,"[""front"", ""back-right"", ""back"", ""right""]",A,A,A,True,A,A,True,both_correct,True,True,True
validation,train:1244_0,1244.png,9cbefd0abfd70e0c56df176df83c3c39748b59c133be3fff9e1eac17356b4126,Egocentric,"[""left"", ""right"", ""can not determine"", ""can not determine""]",B,B,B,True,B,B,True,both_correct,True,True,True
validation,train:1254_0,1254.png,5c681df7eee73cd49539f029a99293e107f416a9cb96ad9b8b1c30e7846729ea,Egocentric,"[""left"", ""right"", ""can not determine"", ""can not determine""]",B,B,B,True,B,B,True,both_correct,True,True,True
validation,train:1282_0,1282.png,246608ddd5779b6f4d11438d59408a29defd251ea829516bbd4b738d8ef5834f,Egocentric,"[""left"", ""right"", ""can not determine"", ""can not determine""]",B,A,A,False,A,A,False,both_wrong,False,False,True
validation,train:1288_0,1288.png,06ed5c08f29b30e819e241cc970f87d5857bb5658ad4cda42bb5cea7fa276826,Egocentric,"[""back-left"", ""left"", ""front-right"", ""back-right""]",C,C,C,True,C,C,True,both_correct,True,True,True
validation,train:1291_0,1291.png,c7b62d1514daac3ff2dd886c319da60b4021e0f566f16bebf2b41cf8f5c1135e,Egocentric,"[""back-right"", ""left"", ""back-left"", ""front""]",D,D,D,True,D,D,True,both_correct,True,True,True
validation,train:1295_0,1295.png,08f260ef63bd25bf4e0a33b32cd2087dd5a92cd9c36a2649ebb71b5fd55e803f,Egocentric,"[""left"", ""right"", ""can not determine"", ""can not determine""]",B,B,B,True,B,B,True,both_correct,True,True,True
validation,train:134_0,134.png,dfc622498333f0207547135b9ac8623b22db50fe19a29ab43114f17769ee58c5,Hypothetical,"[""back-left"", ""front-left"", ""left"", ""back-right""]",D,C,C,False,C,C,False,both_wrong,False,False,True
validation,train:140_0,140.png,7b46e728a6e2dd072251c6f1c202614943ccd54845666357db9d6fb7e4452440,Hypothetical,"[""right"", ""front-right"", ""front"", ""left""]",D,D,D,True,D,D,True,both_correct,True,True,True
validation,train:158_0,158.png,fe2b07580930f80bb1ccca0b077e9ba26f32e6e3818103b66431860ad68e1783,Hypothetical,"[""front"", ""back"", ""right"", ""back-left""]",C,C,C,True,C,C,True,both_correct,True,True,True
validation,train:214_0,214.png,01c62dc8938149c495a2ef46cbc1378be9bf175bebcc7bb1b8fc4df342744395,Hypothetical,"[""right"", ""left"", ""front"", ""back""]",C,B,B,False,B,B,False,both_wrong,False,False,True
validation,train:223_0,223.png,fea1bbf6a1abca06e9524a235cb9fb7811820b695fb12c3c4610643776277869,Hypothetical,"[""back-left"", ""back"", ""front"", ""back-right""]",C,B,B,False,B,B,False,both_wrong,False,False,True
validation,train:237_0,237.png,56d11b59dfb5d28e13b51fba068bd38f52e10444ef08118752c48c78e50f4596,Hypothetical,"[""back-right"", ""front-left"", ""front-right"", ""back""]",B,A,A,False,D,D,False,both_wrong,False,False,True
validation,train:241_0,241.png,a9f6717332403525d21628cd210207b00549b345ba800328b0a16c904336ddf7,Hypothetical,"[""front-right"", ""back-right"", ""back"", ""left""]",A,D,D,False,D,D,False,both_wrong,False,False,True
validation,train:249_2,249.png,f33567810bc1b61e8d0ef37d0b7201ebd764cfd72cff298043ff8a796c3e510a,Egocentric,"[""back-left"", ""back-right"", ""front"", ""back""]",C,C,C,True,C,C,True,both_correct,True,True,True
validation,train:252_0,252.png,b1b8dfc839985100a6c42e61cbcf770f0a9642648f451a2499714ec1517cc30f,Allocentric,"[""back-left"", ""front-left"", ""front-right"", ""back-right""]",B,B,B,True,C,C,False,base_correct->cand_wrong,True,False,True
validation,train:256_1,256.png,f3bdb39a3dc4ad5b5dda13bbfefadc0333eea3e6dfdfe20997e0b659ee81b1d5,Egocentric,"[""front-left"", ""back"", ""right"", ""front""]",B,D,D,False,D,D,False,both_wrong,False,False,True
validation,train:259_0,259.png,57a0cb8cb97112deab181408ffadcb1d3737880701e83f065562bc2abf75eac0,Allocentric,"[""back-right"", ""front"", ""left"", ""back-left""]",B,B,B,True,B,B,True,both_correct,True,True,True
validation,train:261_1,261.png,dbd4626cc282a7b19f327c35eed796e9108511c355ba67dd8f6c4da57ba7b13f,Egocentric,"[""back-left"", ""front-left"", ""front-right"", ""back-right""]",A,A,A,True,A,A,True,both_correct,True,True,True
validation,train:268_2,268.png,52807d3d4453a6a5f476f4bfe40b469a64bab1054d1b6214d003e4db724f04a2,Egocentric,"[""back-right"", ""left"", ""back"", ""right""]",B,B,B,True,B,B,True,both_correct,True,True,True
validation,train:271_1,271.png,a42345322587285a2a3097c43c8a7acbcc8a4876c2c9acc89065aecfe073023a,Egocentric,"[""right"", ""back"", ""front"", ""left""]",C,C,C,True,C,C,True,both_correct,True,True,True
validation,train:272_0,272.png,e585b2c99f1e3f227a8d198e266a0a50177604a348938f9fb056e1f3c1667068,Allocentric,"[""right"", ""front-left"", ""back"", ""left""]",C,B,B,False,B,B,False,both_wrong,False,False,True
validation,train:276_1,276.png,800ea51f1b68fa4e8ef16606874232a59b87b44ca7aeb711f754a257eaf415d9,Egocentric,"[""right"", ""back-right"", ""back"", ""front""]",D,D,D,True,D,D,True,both_correct,True,True,True
validation,train:281_2,281.png,e28edd177233dde6c5c66dace2d534e74485fc0e08369ff3a111b8529e4a3dc7,Egocentric,"[""front"", ""left"", ""back"", ""right""]",A,B,B,False,B,B,False,both_wrong,False,False,True
validation,train:295_1,295.png,f7c78711bc665976b0b3f727202f3b55087da69e3c556a39355b8ebe18ffb0fe,Egocentric,"[""back-right"", ""front"", ""front-left"", ""front-right""]",A,D,D,False,D,D,False,both_wrong,False,False,True
validation,train:298_2,298.png,69d14c7d96bc75c302c00a562c1864afa4173eb2423d1198c6b8cac096869490,Egocentric,"[""back-left"", ""left"", ""front"", ""back""]",C,B,B,False,B,B,False,both_wrong,False,False,True
validation,train:301_1,301.png,eb7e7ab127073ca989a6a2145423b8f6fb48804bda6e5088eb4e1e5c77de4e11,Egocentric,"[""back-left"", ""left"", ""back"", ""front""]",D,D,D,True,D,D,True,both_correct,True,True,True
validation,train:307_2,307.png,339faf281f20f9652c8de65ae849702bfce66f69f6d98b4a5c653cb941196cd4,Egocentric,"[""front-right"", ""back-left"", ""back"", ""left""]",A,A,A,True,A,A,True,both_correct,True,True,True
validation,train:317_0,317.png,48d539ba94954628e05082ae5e823223307e191b6add38c7e75803a3eeeb282b,Allocentric,"[""left"", ""right"", ""front"", ""back""]",D,C,C,False,C,C,False,both_wrong,False,False,True
validation,train:320_2,320.png,48d294fed803b6136364fad0a4a3f6dae762392e9f7fdd7c675f4af0376c6514,Egocentric,"[""left"", ""front"", ""back-left"", ""right""]",B,B,B,True,B,B,True,both_correct,True,True,True
validation,train:329_1,329.png,ad5c3dd0dc8c58e1ed9c89d981b29bda6f3e2e1c9847f5dda2bae0e8f07f1c2e,Egocentric,"[""left"", ""right"", ""can not determine"", ""can not determine""]",B,A,A,False,B,B,True,base_wrong->cand_correct,False,True,True
validation,train:32_0,32.png,b707162bb9af3edba79e21877fa1a66918d4c1c707f85bf7f665c3fe5e069145,Hypothetical,"[""back"", ""right"", ""front"", ""left""]",C,D,D,False,D,D,False,both_wrong,False,False,True
validation,train:332_2,332.png,341280049fcdaab1f8f3223b2d746a0e780caa0b6763f4b1899b9147faa279b0,Egocentric,"[""back"", ""front"", ""left"", ""back-left""]",B,B,B,True,B,B,True,both_correct,True,True,True
validation,train:334_0,334.png,28e2175d88f6a40615ceb95f3ee26b0bc5f0274113490d993a38a10d88acebfb,Allocentric,"[""left"", ""front"", ""back-right"", ""right""]",A,A,A,True,A,A,True,both_correct,True,True,True
validation,train:335_1,335.png,67c47677076ded2a3498614a0305a31041dfc9e41791b0dbe184d0c7ffde49ef,Egocentric,"[""left"", ""right"", ""can not determine"", ""can not determine""]",B,B,B,True,B,B,True,both_correct,True,True,True
validation,train:383_2,383.png,19ffeadfdc4484c0b2840a2c30d43fd1105650bfe0bb7b3a95e3cf483a796979,Egocentric,"[""left"", ""right"", ""back-right"", ""front""]",D,A,A,False,A,A,False,both_wrong,False,False,True
validation,train:388_1,388.png,5a824322558d1dab93cb98d461afd297f98d6c975118b992ba0c60e12063e3f4,Egocentric,"[""front-right"", ""right"", ""left"", ""front""]",C,D,D,False,D,D,False,both_wrong,False,False,True
validation,train:392_0,392.png,27a407082adb33c619604c5335f962aae71331c2eb0aea3c2abe022b9a4da2b5,Allocentric,"[""front"", ""right"", ""back"", ""left""]",C,A,A,False,A,A,False,both_wrong,False,False,True
validation,train:394_1,394.png,ab80d87a5059932a2667e2da6bdcca26cd662b1a2c774edd6574acbaf49c75fe,Egocentric,"[""front-right"", ""back"", ""left"", ""right""]",B,C,C,False,C,C,False,both_wrong,False,False,True
validation,train:401_1,401.png,18bc2f38393c6ba9d8872dd546e6a4a91edb8de1d83c4a58e02823688c81fa0b,Egocentric,"[""right"", ""back-left"", ""left"", ""front""]",A,C,C,False,C,C,False,both_wrong,False,False,True
validation,train:405_1,405.png,69e719057019fce1f822d6add1d5c29b39baca484a03026bfbabf09465fddbcc,Egocentric,"[""front"", ""right"", ""back"", ""back-left""]",A,B,B,False,B,B,False,both_wrong,False,False,True
validation,train:406_0,406.png,0790b3f5654f327c5118ce21ba46a11e3494652595c11d3073884178de7f2285,Allocentric,"[""front-left"", ""front"", ""left"", ""back""]",D,B,B,False,B,B,False,both_wrong,False,False,True
validation,train:40_0,40.png,505b979470c99d4368a93af04e1790ace64aa1557d1dac58344ed9e9a77dafab,Hypothetical,"[""back"", ""back-left"", ""right"", ""front""]",D,C,C,False,D,D,True,base_wrong->cand_correct,False,True,True
validation,train:411_1,411.png,dc74c6d0a4a20e7073218d943a66c3a6630c873ddb55eebb76787fd8be10af64,Egocentric,"[""back-right"", ""back"", ""front"", ""right""]",C,D,D,False,C,C,True,base_wrong->cand_correct,False,True,True
validation,train:413_1,413.png,d19824640f1e6a935fc721eaa155446364463d8cc3aa805e6c02b8f7527547d8,Egocentric,"[""front-left"", ""back"", ""left"", ""right""]",D,C,C,False,C,C,False,both_wrong,False,False,True
validation,train:414_1,414.png,85450ce5990ca2774a94437888fb1ed4a7fe6dc955769c1f672b7c929c0e7cc7,Egocentric,"[""left"", ""right"", ""can not determine"", ""can not determine""]",A,B,B,False,B,B,False,both_wrong,False,False,True
validation,train:416_1,416.png,9b6144e143ec97f52ad0e84620827d56ae50a148a2b9ccf8e9b48c5e83b4dce7,Egocentric,"[""back-left"", ""front-left"", ""front"", ""right""]",D,A,A,False,A,A,False,both_wrong,False,False,True
validation,train:417_2,417.png,0e6b3c6f7f4753be4e136334732ee158a04e740a810f14f532bacd32b4dfda6b,Egocentric,"[""left"", ""back-left"", ""back"", ""front""]",D,D,D,True,D,D,True,both_correct,True,True,True
validation,train:421_1,421.png,13fffe118b816ad4960a500833c908d7907feafdb08ecbc0b9d71871d7531737,Egocentric,"[""back-right"", ""back"", ""back-left"", ""front""]",D,D,D,True,D,D,True,both_correct,True,True,True
validation,train:427_0,427.png,5b441b94088e94fabb6c5f8fb364624396dbf222805a4ff3c40c363b11984990,Allocentric,"[""left"", ""back-right"", ""right"", ""front""]",A,C,C,False,A,A,True,base_wrong->cand_correct,False,True,True
validation,train:429_0,429.png,80b54465dbe7a821a860de3163eb4dac0a83803ed26f67a3a204b47d29d75176,Allocentric,"[""back-left"", ""right"", ""front-right"", ""back-right""]",A,A,A,True,A,A,True,both_correct,True,True,True
validation,train:430_2,430.png,e13a7df3d377029a2178f538463c6e58ea7418acbe8ca1c4a284a1c9717bad19,Egocentric,"[""back-right"", ""back"", ""right"", ""front""]",D,D,D,True,D,D,True,both_correct,True,True,True
validation,train:433_1,433.png,4c8fca17435153bb8f4e354fa4901a815f2a7aac02adeef2427aba0f36031340,Egocentric,"[""left"", ""right"", ""back"", ""front-left""]",B,A,A,False,A,A,False,both_wrong,False,False,True
validation,train:442_0,442.png,a94ee6fb20e45611f571074cb0f73241d4c0a78545b337fc8cbdabef7ccfb61c,Allocentric,"[""back-left"", ""front-left"", ""back"", ""right""]",D,D,D,True,D,D,True,both_correct,True,True,True
validation,train:444_0,444.png,c20595d6b23ed09a55151f56ef5d3c2aef3971ffe7580d0455617e597942acdb,Allocentric,"[""back"", ""right"", ""left"", ""front-right""]",A,D,D,False,D,D,False,both_wrong,False,False,True
validation,train:452_2,452.png,61e01af74b7f6ce42c89bf56467535e94e447dd8cb4015e897f73a8b1d2ddcc7,Egocentric,"[""front"", ""right"", ""left"", ""back-right""]",A,A,A,True,A,A,True,both_correct,True,True,True
validation,train:460_0,460.png,bb2505f1eb0d9b7fd997475b6b79201c1205543fa1484eb6475acb9372324c31,Allocentric,"[""front-left"", ""left"", ""right"", ""back""]",C,C,C,True,C,C,True,both_correct,True,True,True
validation,train:464_0,464.png,afd436b670805624307c8a5318597fa2e0615bb4c7febb1240c5855a90e2eb04,Allocentric,"[""back"", ""front-left"", ""front-right"", ""left""]",A,C,C,False,C,C,False,both_wrong,False,False,True
validation,train:466_0,466.png,febe753c7aabd5fce482e694fe2ca03bff7437eac98ca59b63b482fa866b0648,Allocentric,"[""right"", ""front-left"", ""front"", ""left""]",A,A,A,True,B,B,False,base_correct->cand_wrong,True,False,True
validation,train:471_2,471.png,59973aa371b9f8e256ebd57191941f77de5913d154be8cfbc27211bd9faa39f7,Egocentric,"[""front-left"", ""left"", ""back"", ""front-right""]",D,D,D,True,D,D,True,both_correct,True,True,True
validation,train:472_0,472.png,9b7e48a6bbdc135b44d4c32ecca832bf3bf7a0b19450fe643dcbbe719200bc53,Allocentric,"[""left"", ""front-right"", ""back"", ""right""]",C,B,B,False,B,B,False,both_wrong,False,False,True
validation,train:494_1,494.png,df8f213c1ef5deb3c8334107462cad7f986e0e48c9477829e7a27b7bc62c8d6f,Egocentric,"[""back-left"", ""right"", ""front"", ""back""]",B,C,C,False,C,C,False,both_wrong,False,False,True
validation,train:510_2,510.png,2de8ae3c431cc1b21870e2c061b5e4f3d8c1a3163d3813f29a834e83113846b4,Egocentric,"[""back-left"", ""left"", ""front"", ""back-right""]",C,B,B,False,B,B,False,both_wrong,False,False,True
validation,train:513_1,513.png,0bb5a60d230939375aa3d1f7568272937e02a81a9a2028eedae1efcb1a1c4ed1,Egocentric,"[""front"", ""left"", ""front-right"", ""back-right""]",B,C,C,False,C,C,False,both_wrong,False,False,True
validation,train:516_2,516.png,c02d890723946cf56ae611239d7b428e93123e4480aebd79c3f38e91b1438ee6,Egocentric,"[""left"", ""right"", ""front"", ""back-left""]",C,C,C,True,C,C,True,both_correct,True,True,True
validation,train:520_0,520.png,a1cfa408907e8bece9d837fc249986cb23a875f22eced52a70e743c135c666e2,Allocentric,"[""right"", ""front-right"", ""left"", ""back""]",C,A,A,False,A,A,False,both_wrong,False,False,True
validation,train:521_0,521.png,dacd0f2f91690e6fb91cca0fa98ce5783f756696cada11ef88d6fc86229815f3,Allocentric,"[""front"", ""left"", ""back-left"", ""back-right""]",D,B,B,False,A,A,False,both_wrong,False,False,True
validation,train:523_0,523.png,55206c67a5b5976b664f0fe7add9767a943a0c74d68a50f38461a39c6db0440e,Allocentric,"[""back"", ""left"", ""front"", ""back-right""]",C,C,C,True,C,C,True,both_correct,True,True,True
validation,train:525_0,525.png,27e32f283e73c156011e56d4c713a6aaada8eae59d23720987307d512ea2f047,Allocentric,"[""back"", ""left"", ""right"", ""back-left""]",C,C,C,True,C,C,True,both_correct,True,True,True
validation,train:536_0,536.png,0ef9ccbfc7af2136cbb9c141783ee867c86af341fd421d935fa780046577687a,Allocentric,"[""front-right"", ""front"", ""left"", ""right""]",C,C,C,True,C,C,True,both_correct,True,True,True
validation,train:539_1,539.png,2ced748fa5edfa0b6573281572f828917f12bd5bf9652d1f60f62c3de90ed0cf,Egocentric,"[""back"", ""front"", ""right"", ""front-left""]",C,B,B,False,B,B,False,both_wrong,False,False,True
validation,train:541_1,541.png,ff23458fefb3ad2484578c231f0e0e9214e9d968a2d13df061590c215d60af8e,Egocentric,"[""front-left"", ""front-right"", ""left"", ""back-right""]",D,D,D,True,D,D,True,both_correct,True,True,True
validation,train:543_2,543.png,678f8b9cbdf691a7a781c0779f06a140ff73d47575c8fc72700956e819f359a3,Egocentric,"[""back"", ""front"", ""right"", ""back-left""]",B,B,B,True,B,B,True,both_correct,True,True,True
validation,train:558_0,558.png,aa81cb93a42c5c145d751394416958fc866fdda834b4dda412d613c9d3a8a768,Allocentric,"[""back"", ""left"", ""front"", ""front-left""]",A,C,C,False,C,C,False,both_wrong,False,False,True
validation,train:575_1,575.png,5dc269aa5674a84067c5dedac3923d594bdbb0bc7fe9c98a5c4457efd25e6afb,Egocentric,"[""right"", ""front"", ""back-right"", ""left""]",B,B,B,True,B,B,True,both_correct,True,True,True
validation,train:580_1,580.png,0ae1d8b9324c2a5078581d97e96250c63a95dae680e3b20b34f3478469fa8052,Egocentric,"[""back-left"", ""right"", ""front-right"", ""front""]",A,B,B,False,B,B,False,both_wrong,False,False,True
validation,train:583_1,583.png,a35ed06a61cbade052ae3b2b57b88ff3b25314348ad4599c6eb6187b60ab72da,Egocentric,"[""back"", ""right"", ""front"", ""left""]",C,D,D,False,B,B,False,both_wrong,False,False,True
validation,train:589_2,589.png,60952c1917ff716d8e8b56b6b39939becac6977c00f403f77dc86cdc0b97d0e6,Egocentric,"[""back-right"", ""front"", ""right"", ""back-left""]",B,C,C,False,B,B,True,base_wrong->cand_correct,False,True,True
validation,train:597_2,597.png,ac63e1522ca47182df6e622515255eaafcaf479e56862209529eb96f02f878c7,Egocentric,"[""front"", ""back-right"", ""left"", ""right""]",A,C,C,False,C,C,False,both_wrong,False,False,True
validation,train:601_2,601.png,ec1f21c12147a4347ce298b608c9c0d03c368209323b7650ca20ab569aba96e6,Egocentric,"[""front"", ""left"", ""back-left"", ""back-right""]",A,A,A,True,A,A,True,both_correct,True,True,True
validation,train:605_2,605.png,9b1bd4fc6fc6a2f174bb47b20890118e0afbb65789e9dcb1c12f0ae54900798b,Egocentric,"[""front"", ""back"", ""left"", ""right""]",A,C,C,False,A,A,True,base_wrong->cand_correct,False,True,True
validation,train:607_2,607.png,ddb9958db7c09f0b8384d45bc8fbd78a4824e96d25eea4896f93a5ccdcb40acd,Egocentric,"[""left"", ""back-left"", ""right"", ""back""]",C,C,C,True,C,C,True,both_correct,True,True,True
validation,train:608_1,608.png,2b39aa3a9dc142d01bf55e96260aaf4b097486b46cf5c1642323c9f667080423,Egocentric,"[""front"", ""back-right"", ""back"", ""left""]",A,D,D,False,D,D,False,both_wrong,False,False,True
validation,train:610_2,610.png,ef6551d843f269b187d81e3d4f715a69fd3e1e1971bded561fdca191e54cd3ff,Egocentric,"[""front"", ""right"", ""left"", ""back""]",A,B,B,False,A,A,True,base_wrong->cand_correct,False,True,True
validation,train:618_1,618.png,382ce3dc3f97e38fd146f2aebbd6da9f4c32761bd8c97717d8e826a73b7e24ed,Egocentric,"[""back-right"", ""front"", ""back-left"", ""left""]",B,B,B,True,B,B,True,both_correct,True,True,True
validation,train:628_0,628.png,23793b16958f0ddf878e8bdf947aa65ced256097166610cc726158c5e258e65f,Allocentric,"[""back"", ""left"", ""front-left"", ""front-right""]",A,B,B,False,D,D,False,both_wrong,False,False,True
validation,train:629_1,629.png,75b3d754c9b4513e583896f10375a94bd0b93776ae6ca903a589c79d4bc27ede,Egocentric,"[""back-left"", ""front-right"", ""back-right"", ""back""]",B,B,B,True,B,B,True,both_correct,True,True,True
validation,train:62_0,62.png,0e5bd96f3fe22a612b42d934882ae6d5dba65670a69a91d5256c9d45a890ea8a,Hypothetical,"[""back"", ""front-right"", ""left"", ""right""]",A,D,D,False,D,D,False,both_wrong,False,False,True
validation,train:652_0,652.png,24ee659a1836f6cfff631f613cddcb06b37cddd62edf7492b4274bf79ec7a999,Allocentric,"[""right"", ""front"", ""back"", ""left""]",A,B,B,False,B,B,False,both_wrong,False,False,True
validation,train:656_1,656.png,6ab7b5cf6d4cdf8b714eb11feb760e51fd84b11ffebcdb8efd298295a86dc8d6,Egocentric,"[""right"", ""back"", ""front"", ""front-left""]",B,B,B,True,B,B,True,both_correct,True,True,True
validation,train:664_0,664.png,17b16ac59cb21f09be6be771991dbe1243160e2b533027c7f901845707f88c9f,Allocentric,"[""back-left"", ""front"", ""back-right"", ""front-right""]",A,B,B,False,B,B,False,both_wrong,False,False,True
validation,train:668_1,668.png,54049464c41fa089db091b6d664008ea6f1ba2b66e845021566ccdeb0782afcc,Egocentric,"[""front-left"", ""back"", ""back-left"", ""back-right""]",A,A,A,True,A,A,True,both_correct,True,True,True
validation,train:670_0,670.png,bf8c07ed5cb04f204af0a90990e7eb5aa286e2649d18c7e5051b1a6bc0f0b154,Allocentric,"[""front-right"", ""left"", ""front"", ""back""]",B,B,B,True,B,B,True,both_correct,True,True,True
validation,train:677_2,677.png,b73d498a06d14e5f118750f6922b0918c2d9dc9ce103bf1898f0c9adc7f4c070,Egocentric,"[""back-right"", ""front"", ""right"", ""left""]",B,D,D,False,C,C,False,both_wrong,False,False,True
validation,train:678_1,678.png,c1ccb70568a48d07a4007bd4350af50c1416ee8f760553be568ffaf970813d40,Egocentric,"[""back-right"", ""front-right"", ""back"", ""left""]",B,B,B,True,B,B,True,both_correct,True,True,True
validation,train:688_1,688.png,51962c566f8f2d966d178483def722a44823349c2d86725d9b15cdb52658ad96,Egocentric,"[""back-left"", ""back-right"", ""right"", ""front""]",D,C,C,False,C,C,False,both_wrong,False,False,True
validation,train:692_2,692.png,7909a44811edbd5975bca493c4752cc0511b2364c827d2af2b7de725bf975ed9,Egocentric,"[""back-left"", ""back"", ""left"", ""front""]",D,C,C,False,C,C,False,both_wrong,False,False,True
validation,train:708_0,708.png,3345fc2fcce3c12137c1e126bacbdbbd4cd088998170e71ba8e5d6630d636c8e,Allocentric,"[""front-right"", ""back"", ""left"", ""right""]",B,A,A,False,A,A,False,both_wrong,False,False,True
validation,train:711_1,711.png,707036691baaa476e124a8067c6b1f30acccc9dbfb42fe2edb36e2eb4d6c4fdc,Egocentric,"[""front-left"", ""front-right"", ""back-right"", ""back""]",A,A,A,True,A,A,True,both_correct,True,True,True
validation,train:717_1,717.png,db6945b11f99ef5522699f0ba2ed381ce05506df441954184bbfc58e7f3465e5,Egocentric,"[""left"", ""right"", ""back"", ""back-right""]",A,B,B,False,A,A,True,base_wrong->cand_correct,False,True,True
validation,train:722_2,722.png,60de0d7c27e5180799312626ac15a7074794b0808b21e4943828633ba138a4e7,Egocentric,"[""front-right"", ""back-left"", ""left"", ""back""]",A,C,C,False,C,C,False,both_wrong,False,False,True
validation,train:727_2,727.png,8487d6108a037b43649ea6b4f7f9838ccac755eda80dcf3dea0b87bc1c1f1706,Egocentric,"[""front"", ""right"", ""front-left"", ""back-left""]",B,B,B,True,B,B,True,both_correct,True,True,True
validation,train:728_0,728.png,7008126434618bb5e5e0e3b69ec7a6d326f6d54c59bd41989da98615c6486885,Allocentric,"[""back-left"", ""front-left"", ""back-right"", ""front-right""]",D,C,C,False,D,D,True,base_wrong->cand_correct,False,True,True
validation,train:744_1,744.png,d60d0b73d64abcae3220ae5e728f63ec43158d4a921985dcfa2f16149fab97e2,Egocentric,"[""front-right"", ""left"", ""front-left"", ""back-right""]",A,B,B,False,B,B,False,both_wrong,False,False,True
validation,train:745_2,745.png,71a115a3943ba8724ba2cd3948099b5808c9de6d54ffdc21c4a29e73d8ce4a5f,Egocentric,"[""back-left"", ""back-right"", ""front"", ""left""]",C,D,D,False,C,C,True,base_wrong->cand_correct,False,True,True
validation,train:747_0,747.png,19a5701a1b14a05c565c8ea940b6e1493015562ccade382226b34edf9e950181,Allocentric,"[""back"", ""right"", ""left"", ""back-left""]",B,B,B,True,B,B,True,both_correct,True,True,True
validation,train:759_0,759.png,c50681793ceb034e9ee2a2b654c5d5a3b273516731f810112e6a9fb5de5bc27a,Allocentric,"[""front-right"", ""right"", ""front"", ""back""]",D,B,B,False,C,C,False,both_wrong,False,False,True
validation,train:769_0,769.png,b7da040d54e2349ae4fa3fcfc7357e4507dcbf6867e2dc2d2b07252b488acd6c,Allocentric,"[""back-left"", ""front-left"", ""front-right"", ""back-right""]",D,C,C,False,C,C,False,both_wrong,False,False,True
validation,train:774_0,774.png,d5586f1fe196203f81bc540b95767fd2855bedcc4bafeceaa96f46cf56e31781,Allocentric,"[""front"", ""right"", ""front-right"", ""back""]",D,B,B,False,C,C,False,both_wrong,False,False,True
validation,train:776_1,776.png,8ec66d2f7dba77a97ad72801624b0153234a5a1bf5d916ab18f6523819ec178f,Egocentric,"[""back"", ""front"", ""right"", ""left""]",D,C,C,False,C,C,False,both_wrong,False,False,True
validation,train:785_0,785.png,23cb53848d85cdc092ba84060677c01a8341dd3efa851d84b276695a97803e37,Allocentric,"[""front-right"", ""back-right"", ""left"", ""front-left""]",B,A,A,False,D,D,False,both_wrong,False,False,True
validation,train:791_1,791.png,42a5d7b824ecfb0354d5376a21a94993fa46dcaa420a4d03e3243daa8a5da3ed,Egocentric,"[""back-left"", ""front-left"", ""back"", ""back-right""]",B,B,B,True,B,B,True,both_correct,True,True,True
validation,train:795_2,795.png,1807674f36aca5251924a101e857ef99e13c8f6e1de8c08fefd426acd15eb66a,Egocentric,"[""back"", ""front-left"", ""back-left"", ""right""]",D,D,D,True,D,D,True,both_correct,True,True,True
validation,train:796_1,796.png,accad8dbb4e03ee7ec505e71cd850a826622447f30bf79c4c14db8bf050f7aec,Egocentric,"[""back-right"", ""front"", ""back-left"", ""left""]",B,B,B,True,B,B,True,both_correct,True,True,True
validation,train:797_1,797.png,36fb4eb102abd4bf694ca248d8bf48a4996e8bd1f3cef3d122a38cb59902ec71,Egocentric,"[""right"", ""left"", ""back-right"", ""front""]",D,B,B,False,B,B,False,both_wrong,False,False,True
validation,train:802_2,802.png,bd50510bab650a09d60e22054d499d9c49b9ba5837e66324a3af3ca484dfc8a8,Egocentric,"[""right"", ""back"", ""back-left"", ""front""]",D,A,A,False,D,D,True,base_wrong->cand_correct,False,True,True
validation,train:812_2,812.png,c88da186a05f443605aab997e9ae4e635c3a045997f594560c499d101bb62c65,Egocentric,"[""front"", ""right"", ""back"", ""back-right""]",A,B,B,False,A,A,True,base_wrong->cand_correct,False,True,True
validation,train:821_1,821.png,61b081625ba0d1d7512dd8f250a610cb3a897c499b39d263c6c5c55a46855b8e,Egocentric,"[""back"", ""front"", ""back-left"", ""right""]",B,D,D,False,D,D,False,both_wrong,False,False,True
validation,train:823_2,823.png,e729d6be19345e1ae601032dd9bc2b6be56d94e059bb033ff22d6a1fc3bc3aef,Egocentric,"[""back"", ""right"", ""front"", ""left""]",C,C,C,True,C,C,True,both_correct,True,True,True
validation,train:825_0,825.png,8fdbb2dbd5ffe716c0950c2bdaee426d94cbb936a440dc757f71aa07967383ea,Allocentric,"[""back-left"", ""front-left"", ""front"", ""back-right""]",A,C,C,False,C,C,False,both_wrong,False,False,True
validation,train:834_0,834.png,184bcffe5fe647688d7caa2780c77778c399aa325f66c8e778ee338b8e201166,Allocentric,"[""back-left"", ""left"", ""back-right"", ""front-left""]",C,B,B,False,B,B,False,both_wrong,False,False,True
validation,train:837_1,837.png,2429f8b64e590dfce5300212a400bf330e3b74a56c5882ff338e186185e4d8e7,Egocentric,"[""front"", ""left"", ""back-right"", ""front-right""]",C,B,B,False,B,B,False,both_wrong,False,False,True
validation,train:842_2,842.png,190efa692ee78fe7bdf089d816e4e992c4b4879311f99ec54c394e1a0846dbd4,Egocentric,"[""back"", ""right"", ""front-left"", ""back-left""]",C,C,C,True,C,C,True,both_correct,True,True,True
validation,train:844_0,844.png,4e342bf33ba7338a0875ba13c3a302df742c9fd1859631d26cbf91cf6271e73c,Allocentric,"[""left"", ""back"", ""right"", ""front""]",C,C,C,True,C,C,True,both_correct,True,True,True
validation,train:846_2,846.png,6529b0eb609f790c3a80c2a53ecceea62326b57b3198cb76864890d5898e5025,Egocentric,"[""back"", ""back-left"", ""front-left"", ""front-right""]",C,D,D,False,D,D,False,both_wrong,False,False,True
validation,train:852_1,852.png,3319847d5aac14ef85bc7dad3fcab0a073534d10bf8d89ef42007eaa3d8cc77b,Egocentric,"[""front"", ""back"", ""right"", ""front-left""]",B,C,C,False,C,C,False,both_wrong,False,False,True
validation,train:859_0,859.png,0215d4ad221aa548d3de9c4cef00da0cfa3ace07555c2049681ad95587ad2e2e,Allocentric,"[""front-right"", ""back"", ""left"", ""right""]",B,D,D,False,D,D,False,both_wrong,False,False,True
validation,train:860_1,860.png,a9fdf17d890cae94f6363f22adfd3d5652b65c41d735535bc9e1be9162a62658,Egocentric,"[""back-left"", ""front-left"", ""front-right"", ""right""]",B,C,C,False,D,D,False,both_wrong,False,False,True
validation,train:865_1,865.png,0647a291190f14ff23e43c1129a10f499042d46d57541fdb0aba9f3c52de1c64,Egocentric,"[""back"", ""front"", ""left"", ""back-left""]",B,C,C,False,C,C,False,both_wrong,False,False,True
validation,train:866_0,866.png,b46b22fa837406745adb3fb88f8c99243135aa6978876d17f34cc509afae3b90,Allocentric,"[""back-right"", ""back-left"", ""front"", ""right""]",B,D,D,False,C,C,False,both_wrong,False,False,True
validation,train:868_0,868.png,38b257a978d42e8e6f95d5aa7edcb8c4cbbe0648f66371c6428700c878be9981,Allocentric,"[""back"", ""front"", ""front-right"", ""right""]",A,B,B,False,B,B,False,both_wrong,False,False,True
validation,train:878_0,878.png,10652a2650ab1b8d95389481ed41d2e86436bf7ec48daadcd1316c2721a6a16c,Allocentric,"[""left"", ""front-right"", ""front-left"", ""back-right""]",D,B,B,False,B,B,False,both_wrong,False,False,True
validation,train:881_1,881.png,f1e36bb8e25cc9fe407b55481c1e2b456d5f01bc510238bd15a935409fbd3d1c,Egocentric,"[""left"", ""right"", ""can not determine"", ""can not determine""]",B,B,B,True,B,B,True,both_correct,True,True,True
validation,train:891_0,891.png,9927fdb3eaf6667f0fe651f8fa45fb715df2a438cd74e76c390921d555b2885d,Allocentric,"[""back"", ""front-left"", ""right"", ""left""]",A,B,B,False,B,B,False,both_wrong,False,False,True
validation,train:900_2,900.png,b7faae3794b7ad8e393455779bf395135d326a12622c92c8f3063992a4edc6b4,Egocentric,"[""right"", ""front"", ""back-left"", ""back-right""]",B,B,B,True,B,B,True,both_correct,True,True,True
validation,train:902_0,902.png,69d26b783483ac07db9000eff553366690f81da650bd137c6aae1e35e47d5d59,Allocentric,"[""left"", ""front-right"", ""back-right"", ""back""]",A,A,A,True,A,A,True,both_correct,True,True,True
validation,train:903_2,903.png,2259fcc56842ed18d3d362aa7b78bca1cf0d0af91eea62c935cc1e46b9995840,Egocentric,"[""left"", ""back"", ""back-right"", ""front""]",D,D,D,True,D,D,True,both_correct,True,True,True
validation,train:909_0,909.png,94eaf131b6868f294a358ff367d633169eeec1f78256f452a6c9345788c190ea,Allocentric,"[""front-right"", ""back"", ""front"", ""right""]",B,C,C,False,C,C,False,both_wrong,False,False,True
validation,train:91_0,91.png,96a79c7b8de5c7c1a1be61621fba7fb4f1494e9b7616091f0805c8d618f0ef85,Hypothetical,"[""back-left"", ""front"", ""left"", ""back-right""]",B,A,A,False,C,C,False,both_wrong,False,False,True
validation,train:937_0,937.png,e68920139b3d260ec9038b5adb61c3be8b749eabb56d19c9e5e268d818a5baf3,Allocentric,"[""front"", ""back-left"", ""right"", ""front-left""]",C,C,C,True,C,C,True,both_correct,True,True,True
validation,train:946_1,946.png,8dd57dffdb74adad8dc250cdff32aa56c3ef404e12db7f2ff39f780764cc4f32,Egocentric,"[""front"", ""back"", ""left"", ""right""]",A,A,A,True,A,A,True,both_correct,True,True,True
validation,train:949_0,949.png,b589cc4af0585047b5393a3a73ef1020e6cefc0bbb1bba056c76f22a610e0f24,Allocentric,"[""back-left"", ""back-right"", ""front-left"", ""left""]",B,C,C,False,C,C,False,both_wrong,False,False,True
validation,train:952_1,952.png,c4ecd1c69dd8cf41a09f485f738cdebf29678d2826f416668ca4492140695239,Egocentric,"[""back-right"", ""front-right"", ""front"", ""back-left""]",A,A,A,True,A,A,True,both_correct,True,True,True
validation,train:956_2,956.png,9491ad66e9f34ffe18aff4ce3aaeb3bbca4e919ee8c3d459b1a9193d7f2dbedb,Egocentric,"[""left"", ""back"", ""right"", ""front""]",D,C,C,False,C,C,False,both_wrong,False,False,True
validation,train:964_0,964.png,fbf006fce4c5495f0b8c69d2af8180f444e3bbfe37e91eb19423a3ecfce7fa57,Allocentric,"[""back"", ""front-right"", ""left"", ""right""]",C,D,D,False,D,D,False,both_wrong,False,False,True
validation,train:969_2,969.png,faa1a0ec085c4d40ff91d54300fd15f9ede9e83c4eff4aae38a1b7d272af6566,Egocentric,"[""back"", ""left"", ""front"", ""right""]",C,C,C,True,C,C,True,both_correct,True,True,True
validation,train:973_0,973.png,0335936336b278444d792445db5c9323d5e3806ba73f7d5acd01ad5b45f7a71c,Allocentric,"[""back-left"", ""right"", ""front"", ""back""]",B,B,B,True,B,B,True,both_correct,True,True,True
validation,train:97_0,97.png,f7b5d0116a620c944341237528996bc5f66756e7fb074a8d536c5be5091ff8c5,Hypothetical,"[""right"", ""back-left"", ""front-right"", ""front-left""]",D,B,B,False,D,D,True,base_wrong->cand_correct,False,True,True
validation,train:986_1,986.png,e0133b37ad593f1bf99785a0b7231939a0714988b7e61610c1d4de1f7571fc15,Egocentric,"[""back-right"", ""front"", ""left"", ""front-right""]",C,A,A,False,A,A,False,both_wrong,False,False,True
validation,train:996_1,996.png,f61dfcd173c6f7634f86f641a7ee456d2ec015313c8632cb03a3355bf0f258f0,Egocentric,"[""left"", ""right"", ""can not determine"", ""can not determine""]",B,B,B,True,B,B,True,both_correct,True,True,True
validation,train:997_2,997.png,bb568577b403c524d6e404ebe724adc8020cbac37f91953a545ca248c70031d2,Egocentric,"[""right"", ""back"", ""front-left"", ""back-left""]",C,C,C,True,C,C,True,both_correct,True,True,True
test,test:0_0,0.png,283c5dcefe73335f7fb461170622b845bd9a3397055a5d727a43b27be0ddfc81,Allocentric,"[""can not determine"", ""can not determine"", ""Left rear"", ""Right rear""]",C,D,D,False,D,D,False,both_wrong,False,False,True
test,test:100_0,100.png,de5f44ea7310bef7ea952ba24fd592e78aa72f60ebc8ee0c09f0000bbb9b5253,Allocentric,"[""left"", ""can not determine"", ""right"", ""can not determine""]",A,C,C,False,C,C,False,both_wrong,False,False,True
test,test:101_0,101.png,448bcc158894fcab305be9efe62f8558ce7d0428d845e38aca8a38e41d8686a0,Allocentric,"[""seven"", ""zero"", ""six"", ""one""]",B,C,C,False,C,C,False,both_wrong,False,False,True
test,test:102_0,102.png,17fc59576d4675ab0a4c7238c8f74b252ab130a85a52f418254526f1bdd64574,Allocentric,"[""seven"", ""one"", ""six"", ""zero""]",B,B,B,True,B,B,True,both_correct,True,True,True
test,test:103_0,103.png,502921c5428e4d68d9b9b8127934c2dc4ffb69ea2eeb0c6e8caa839f0abdeaaa,Allocentric,"[""four"", ""one"", ""three"", ""two""]",A,B,B,False,B,B,False,both_wrong,False,False,True
test,test:104_0,104.png,2efa8e3b0a65c0ec1433f00145025adb881acaa6e91bc243298ef325d148f4f5,Allocentric,"[""three"", ""two"", ""one"", ""four""]",B,C,C,False,C,C,False,both_wrong,False,False,True
test,test:105_0,105.png,740a2526a5543403ac5c0b5ab67600c6fee67ed66dc2cadba2b6b3f7e3d5c499,Allocentric,"[""zero"", ""one"", ""four"", ""three""]",A,B,B,False,B,B,False,both_wrong,False,False,True
test,test:106_0,106.png,7e8565081ad772e2249dd1f2bb8ed7d4be9eae41f376ee6676d9d7e9dbb0cdc9,Allocentric,"[""four"", ""three"", ""one"", ""zero""]",A,C,C,False,C,C,False,both_wrong,False,False,True
test,test:107_0,107.png,09cb103de435b76b485e465a43b12b1a867888c9fb3c83ef5b873a9f7b4580fa,Allocentric,"[""right"", ""can not determine"", ""left"", ""can not determine""]",C,A,A,False,A,A,False,both_wrong,False,False,True
test,test:108_0,108.png,369a0fb1f2e24cc39189b8fd530245859d6648ff2c023bcbfee5dbbe056dcfb3,Allocentric,"[""five"", ""one"", ""six"", ""zero""]",D,B,B,False,B,B,False,both_wrong,False,False,True
test,test:109_0,109.png,4552dbe579fe4d0ac369e327e48eb6290c79a28d237ba31c24af1437fd3277bd,Allocentric,"[""seven"", ""two"", ""six"", ""one""]",A,B,B,False,B,B,False,both_wrong,False,False,True
test,test:10_0,10.png,869eabc05ac6a03529b30ecc86e28cc594fce5c2420d4a6699d5dd579e3e5084,Allocentric,"[""four"", ""zero"", ""two"", ""one""]",D,C,C,False,D,D,True,base_wrong->cand_correct,False,True,True
test,test:110_0,110.png,3684421733aee7687255504e5da6753f95fafa1668650143439b93522473b50a,Allocentric,"[""six"", ""four"", ""two"", ""one""]",A,C,C,False,C,C,False,both_wrong,False,False,True
test,test:111_0,111.png,386adfc6e24b42b5c580e277c8df176c5f3f6b911358088a23c03185dc057d36,Allocentric,"[""four"", ""two"", ""one"", ""six""]",B,C,C,False,C,C,False,both_wrong,False,False,True
test,test:112_0,112.png,069c6d7aca08e3d8fe93f0db31571fb4f2d186f835c973d2f6e94044bc962bd2,Allocentric,"[""right"", ""left"", ""can not determine"", ""can not determine""]",B,B,B,True,B,B,True,both_correct,True,True,True
test,test:113_0,113.png,6de007e854e56aa6c9c54fdab18caf6b895e7df523c25f1e42a67489932db00e,Allocentric,"[""left"", ""right"", ""can not determine"", ""can not determine""]",A,B,B,False,B,B,False,both_wrong,False,False,True
test,test:114_0,114.png,d0158b2fe312cbb223bbcc402765c859b4f5366bcb55151f87235f273b3aa48e,Allocentric,"[""two"", ""one"", ""zero"", ""three""]",A,A,A,True,A,A,True,both_correct,True,True,True
test,test:115_0,115.png,7d106eed31ff40db14403317d5c5df63f6610e7ed9a83eb13f1e3ec3fb684d93,Allocentric,"[""right"", ""left"", ""can not determine"", ""can not determine""]",A,B,B,False,B,B,False,both_wrong,False,False,True
test,test:116_0,116.png,23a0dc47fd58af46d0f2231943b44f03fbbb105c5faba33a042ed476dbb91403,Allocentric,"[""four"", ""one"", ""three"", ""two""]",A,C,C,False,C,C,False,both_wrong,False,False,True
test,test:117_0,117.png,b1ec8f14ed44560b1ee71539c56a1056829fdc9f991fcd4e3631b9f203b8e72d,Allocentric,"[""right"", ""can not determine"", ""can not determine"", ""left""]",D,A,A,False,A,A,False,both_wrong,False,False,True
test,test:118_0,118.png,4bb971ff9c219c196d40ed028c0b3f2673e58f804e9f38f2c851668dfe728575,Allocentric,"[""zero"", ""one"", ""three"", ""two""]",A,B,B,False,D,D,False,both_wrong,False,False,True
test,test:119_0,119.png,bed7d00352e431ef24516596e6596cff12c4294c33ceab26952b9b07ade45d0f,Allocentric,"[""five"", ""eight"", ""seven"", ""six""]",C,A,A,False,C,C,True,base_wrong->cand_correct,False,True,True
test,test:11_0,11.png,ac8f325afaacd2bebcc3ba4d418551c196c1187d833b2d22282a70a57a48ab4e,Allocentric,"[""zero"", ""two"", ""four"", ""one""]",A,D,D,False,D,D,False,both_wrong,False,False,True
test,test:120_0,120.png,78f5d671aa1e52f16cf729e6ef9f6a25e1d851bf3e626d65ed0c5a88d2a4cb95,Allocentric,"[""twelve"", ""eight"", ""ten"", ""zero""]",D,B,B,False,B,B,False,both_wrong,False,False,True
test,test:121_0,121.png,a8fd291f7c699e1e2cca7aba7fd94a1d14bc79a68f50a0a3abbb4c1cadefe5c8,Allocentric,"[""right"", ""left"", ""can not determine"", ""can not determine""]",A,A,A,True,A,A,True,both_correct,True,True,True
test,test:122_0,122.png,795a6485f38ac5e32254cb666fe18650bb9ff7771bf01c945bf5573ab272f0d0,Allocentric,"[""four"", ""six"", ""seven"", ""five""]",D,A,A,False,A,A,False,both_wrong,False,False,True
test,test:123_0,123.png,5a2c3128ab6acf698141a38ed41ffc2fe8b2ffb10a122d1a47b5aa13fdf20870,Allocentric,"[""can not determine"", ""can not determine"", ""right"", ""left""]",D,C,C,False,C,C,False,both_wrong,False,False,True
test,test:124_0,124.png,367af2772c2eae23440d751ffad0280264b87b1ecd7b7e3223dc4b93138e0be3,Allocentric,"[""one"", ""three"", ""four"", ""two""]",A,A,A,True,D,D,False,base_correct->cand_wrong,True,False,True
test,test:125_0,125.png,9a52667a4edfa61e6c164a05d8cef93665abc6849e43d612f1c959140c05cff1,Allocentric,"[""one"", ""three"", ""zero"", ""two""]",A,B,B,False,B,B,False,both_wrong,False,False,True
test,test:126_0,126.png,3e475513d6e8b36652c06b811d4dad70d31e7beeeb56270460da9a9b8ea4ccb1,Allocentric,"[""three"", ""one"", ""two"", ""zero""]",D,C,C,False,C,C,False,both_wrong,False,False,True
test,test:127_0,127.png,f63351112b2faab376e9eeab99d25aa338c32dcff688fe316892c412db8a2af1,Allocentric,"[""three"", ""zero"", ""two"", ""one""]",D,B,B,False,C,C,False,both_wrong,False,False,True
test,test:128_0,128.png,3404676505a2cc0d30423bf28b52e90f12609681871e82316c83c858d4775cd2,Allocentric,"[""can not determine"", ""right"", ""left"", ""can not determine""]",C,C,C,True,C,C,True,both_correct,True,True,True
test,test:129_0,129.png,80253c1d7c366348d5249a242578cdd1ed3d45f8340f48b70c293cda86b22aa1,Allocentric,"[""can not determine"", ""left"", ""right"", ""can not determine""]",C,B,B,False,B,B,False,both_wrong,False,False,True
test,test:12_0,12.png,e84a39f85bd2ab627b07d14915a5b40a473d74bf8f277c3e73d004632b69b840,Allocentric,"[""two"", ""zero"", ""four"", ""one""]",B,C,C,False,C,C,False,both_wrong,False,False,True
test,test:130_0,130.png,c3d29de3219a7aeb8fe295fc3c73a9605851dcbd184cdceb33e491a72bb549b6,Allocentric,"[""two"", ""one"", ""zero"", ""three""]",A,B,B,False,C,C,False,both_wrong,False,False,True
test,test:131_0,131.png,407f4d2566e69c88e7eed69ff01b924c454efdccc0b626f49f61731f7ad2b3d1,Allocentric,"[""can not determine"", ""can not determine"", ""right"", ""left""]",D,C,C,False,C,C,False,both_wrong,False,False,True
test,test:132_0,132.png,8fa7bc5d6cfea4ac44883851ef9c3be30d1c131780147b1423a8e199e11ec38b,Allocentric,"[""can not determine"", ""right"", ""left"", ""can not determine""]",C,B,B,False,B,B,False,both_wrong,False,False,True
test,test:133_0,133.png,85dfdd52fa103fbffca2f05f95b060d4af466381948a3c3bc92fb15bb70a310a,Allocentric,"[""eleven"", ""zero"", ""one"", ""ten""]",B,C,C,False,C,C,False,both_wrong,False,False,True
test,test:134_0,134.png,8619391baf79a1f13b61406da28b2583aac54d147cd9709d6fd9650b79a977a3,Allocentric,"[""can not determine"", ""right"", ""left"", ""can not determine""]",C,C,C,True,C,C,True,both_correct,True,True,True
test,test:135_0,135.png,0e7ff2540409db1e189b29fd86625fb617defacf5edf97f9ea6ac902f2c1a9c5,Allocentric,"[""one"", ""twenty"", ""thirty"", ""zero""]",A,A,A,True,B,B,False,base_correct->cand_wrong,True,False,True
test,test:136_0,136.png,059b74da988726ec47d9fd3d0ab508106f65a4a2ea5f0a5da71f05a14ee2b513,Allocentric,"[""right"", ""can not determine"", ""left"", ""can not determine""]",A,A,A,True,C,C,False,base_correct->cand_wrong,True,False,True
test,test:137_0,137.png,9c762aa34cbe042b44162dbb81053b1e9fe8456b44fd16789a645d63c6010be6,Allocentric,"[""three"", ""one"", ""zero"", ""two""]",C,D,D,False,D,D,False,both_wrong,False,False,True
test,test:138_0,138.png,d93d738e9cc0270f3820d2b72d6e984a10063b739350a97446c41f2a5c803bde,Allocentric,"[""right"", ""left"", ""can not determine"", ""can not determine""]",B,A,A,False,A,A,False,both_wrong,False,False,True
test,test:139_0,139.png,af6a78a257bb2ee2225c8df3abc29c70b793c5e5d7945638d3cf6cc985695ed2,Allocentric,"[""left"", ""can not determine"", ""can not determine"", ""right""]",D,A,A,False,A,A,False,both_wrong,False,False,True
test,test:13_0,13.png,f147f0fa931f535578f49ae062a60caa3d80b8128e25af0cd053749949ee398b,Allocentric,"[""can not determine"", ""can not determine"", ""right"", ""left""]",D,C,C,False,C,C,False,both_wrong,False,False,True
test,test:140_0,140.png,786c54f67b8b6123f66950ef737ba1657e26e249690cc160deea5711fd06dcd1,Allocentric,"[""two"", ""zero"", ""three"", ""one""]",C,A,A,False,A,A,False,both_wrong,False,False,True
test,test:141_0,141.png,3bbec4f28af06096275c2635a80dd719c254ef01d0e4cec4805ec45c58613240,Allocentric,"[""nine"", ""zero"", ""ten"", ""two""]",D,D,D,True,A,A,False,base_correct->cand_wrong,True,False,True
test,test:142_0,142.png,5e058c69f47737fffecb7defc6920bf962ec85520257f63bffbd2274a6abb055,Allocentric,"[""two"", ""three"", ""one"", ""zero""]",A,B,B,False,B,B,False,both_wrong,False,False,True
test,test:143_0,143.png,93b9e5395f92c85dcf8a5626ce2dc889c4717ae5ddb3481e96bde5012f84b285,Allocentric,"[""zero"", ""one"", ""three"", ""two""]",D,B,B,False,B,B,False,both_wrong,False,False,True
test,test:144_0,144.png,4d07f55c0b334c6d71a0b205423408ad3357f91907fad2c7779f96a8b9aa62a9,Allocentric,"[""eight"", ""six"", ""seven"", ""five""]",B,D,D,False,D,D,False,both_wrong,False,False,True
test,test:145_0,145.png,efd2f063c9a2b58939a8a829e22a4e6c0ecd6b92d1001c6fadabf984b76fb298,Allocentric,"[""zero"", ""two"", ""three"", ""one""]",D,B,B,False,B,B,False,both_wrong,False,False,True
test,test:146_0,146.png,411d49d55fd0798f6b5151d16a2a3488a850324fc49a1b7dcdce9b098e223585,Allocentric,"[""right"", ""can not determine"", ""can not determine"", ""left""]",D,A,A,False,A,A,False,both_wrong,False,False,True
test,test:147_0,147.png,ec552cfe9d2611e3f5b2005072eb7aa03831b88e102be9e73c7b16a7e24dfe38,Allocentric,"[""left"", ""can not determine"", ""right"", ""can not determine""]",C,A,A,False,A,A,False,both_wrong,False,False,True
test,test:148_0,148.png,381df9c18ea2d8027edfabf4064cc9bc41aacc3a940bc7cb09a153b07203024b,Allocentric,"[""can not determine"", ""no"", ""can not determine"", ""yes""]",B,B,B,True,D,D,False,base_correct->cand_wrong,True,False,True
test,test:149_0,149.png,fec75c75770f555f6b7599e0729ae6bd601ecb9c08dfce88e523fda0bc2f4686,Allocentric,"[""can not determine"", ""can not determine"", ""right"", ""left""]",D,C,C,False,C,C,False,both_wrong,False,False,True
test,test:14_0,14.png,6bcfc37de245515515374a32c443930b0f206d576ae4975b5906af91029d91a1,Allocentric,"[""three"", ""two"", ""one"", ""zero""]",A,B,B,False,B,B,False,both_wrong,False,False,True
test,test:150_0,150.png,45d74977cd0861dc073cbbbdba4a1bcb6b366a73f2002bbbfac240d46be51a14,Allocentric,"[""can not determine"", ""can not determine"", ""right"", ""left""]",D,C,C,False,C,C,False,both_wrong,False,False,True
test,test:151_0,151.png,415448a9668ceccf4c11a6626994333bec4a1d35767df33de78cbce82018bba1,Allocentric,"[""one"", ""three"", ""zero"", ""two""]",D,D,D,True,D,D,True,both_correct,True,True,True
test,test:152_0,152.png,bed51b0e0334a8218f7ff02897b0a92427bd70873ab67f27c9dda8b70ff27543,Allocentric,"[""one"", ""twelve"", ""eleven"", ""zero""]",D,A,A,False,A,A,False,both_wrong,False,False,True
test,test:153_0,153.png,21eb80199ca34467ddb39708bce6f35c0b9c2f82625cbf95126ac70101775f0b,Allocentric,"[""can not determine"", ""right"", ""left"", ""can not determine""]",B,C,C,False,C,C,False,both_wrong,False,False,True
test,test:154_0,154.png,63c5327349d24ab5209f2f723d7535d96b28017c3252cda1e855e3b26a83b333,Allocentric,"[""one"", ""two"", ""zero"", ""three""]",D,C,C,False,C,C,False,both_wrong,False,False,True
test,test:155_0,155.png,e1b1d05f385139a2bf03c97a4ce7f30c26520e7e3215120ea4442a667d209d77,Allocentric,"[""three"", ""one"", ""zero"", ""two""]",D,B,B,False,B,B,False,both_wrong,False,False,True
test,test:156_0,156.png,cf3884a5a2733af12bb76127f6314a6d40835fb14fde4b6c18c4ad62edb17d7b,Allocentric,"[""can not determine"", ""right"", ""can not determine"", ""left""]",D,D,D,True,B,B,False,base_correct->cand_wrong,True,False,True
test,test:157_0,157.png,cc2ce2a7a24116aa4871c8c41dfce911304c268f77397902c86ab0ea5a2e7017,Allocentric,"[""can not determine"", ""left"", ""can not determine"", ""right""]",D,B,B,False,B,B,False,both_wrong,False,False,True
test,test:158_0,158.png,7bb6be2d00b9e23ac93f0b5d4fb7b22aa22ff6b28d28db80a25c6e67c89a4972,Allocentric,"[""right"", ""can not determine"", ""can not determine"", ""left""]",D,D,D,True,D,D,True,both_correct,True,True,True
test,test:159_0,159.png,95577e2a8b1ffaa90cd254bba2a0d41acd16f26b0aec6412056b62b1acf28996,Allocentric,"[""right"", ""can not determine"", ""left"", ""can not determine""]",C,C,C,True,A,A,False,base_correct->cand_wrong,True,False,True
test,test:15_0,15.png,95d0bf082b723e340a125614a131f6c9ef78b295db708d513bc8284f0ecb9019,Allocentric,"[""can not determine"", ""right"", ""can not determine"", ""left""]",B,B,B,True,B,B,True,both_correct,True,True,True
test,test:160_0,160.png,ed53f83c0665472eb8a9c82d0dca5ada3a1e3a3990d4714114507537ccbbf946,Allocentric,"[""nine"", ""seven"", ""six"", ""eight""]",B,B,B,True,B,B,True,both_correct,True,True,True
test,test:161_0,161.png,aa5c5d0ceefcb13f1ba131c7a147359cca705a86be9106fc588af8fa54ae7804,Allocentric,"[""two"", ""one"", ""zero"", ""three""]",C,A,A,False,A,A,False,both_wrong,False,False,True
test,test:162_0,162.png,19905f3598ed92916948da08973c3dba7abe39d77ed49c59a43118a6a90c7d74,Allocentric,"[""right"", ""can not determine"", ""can not determine"", ""left""]",A,D,D,False,D,D,False,both_wrong,False,False,True
test,test:163_0,163.png,6c24bb9fc710409aa8eae47583e3dfb625c39771803248b6ae7a4e0be9a1f54e,Allocentric,"[""can not determine"", ""left"", ""right"", ""can not determine""]",C,B,B,False,B,B,False,both_wrong,False,False,True
test,test:164_0,164.png,cfb5a37da91a643d81c74b909a3f760094cc220dc66d3df89008b45784d6b8d2,Allocentric,"[""two"", ""zero"", ""one"", ""three""]",B,A,A,False,A,A,False,both_wrong,False,False,True
test,test:165_0,165.png,f6588bbe6118563326a42f8679b47da3331a55d5c02900710c9b4565a54cb408,Allocentric,"[""three"", ""one"", ""zero"", ""two""]",C,B,B,False,A,A,False,both_wrong,False,False,True
test,test:166_0,166.png,b8a6cc33b0635e0b1bfd72cc1d4ad2e7474e3ba6fe24b0417ba44a41a8370a1b,Allocentric,"[""three"", ""zero"", ""two"", ""one""]",B,D,D,False,D,D,False,both_wrong,False,False,True
test,test:167_0,167.png,a187e43e6875e44cb66595968c8720b0f48b77a1b4e6039dcac670d94b2c4988,Allocentric,"[""zero"", ""two"", ""one"", ""three""]",C,C,C,True,C,C,True,both_correct,True,True,True
test,test:168_0,168.png,cbf8027e727f7401b0a0d7f1ce35b8c8ed5fc9300fac68021aada85b4a0f36d8,Allocentric,"[""can not determine"", ""left"", ""can not determine"", ""right""]",B,B,B,True,B,B,True,both_correct,True,True,True
test,test:169_0,169.png,d4860d467c693943828b5b8fbadce66dcd87679a85861f2b02df17f5701acc8b,Allocentric,"[""zero"", ""three"", ""one"", ""two""]",D,C,C,False,C,C,False,both_wrong,False,False,True
test,test:16_0,16.png,2515a577a6ee89d84b573045b06e1b82665033c405ca3b4c672234d8aadef1b4,Allocentric,"[""two"", ""Left rear"", ""Right rear"", ""three""]",C,C,C,True,C,C,True,both_correct,True,True,True
test,test:170_0,170.png,a725b09ef7e73efad5de18cdf5305592a2fd42d53e900891c183ec883fb5d266,Hypothetical,"[""left"", ""can not determine"", ""can not determine"", ""right""]",D,D,D,True,D,D,True,both_correct,True,True,True
test,test:171_0,171.png,8ea6b0a2c989f7feb596ef999133aa95fdd61b6e13ad1654fb1db7b161cd29f1,Hypothetical,"[""right"", ""left"", ""can not determine"", ""can not determine""]",A,A,A,True,A,A,True,both_correct,True,True,True
test,test:172_0,172.png,d50ef8be6deba47e8d0c2b909d33d169a5562fc5246ee6834631a17da72e5e5b,Hypothetical,"[""can not determine"", ""can not determine"", ""left"", ""right""]",D,C,C,False,C,C,False,both_wrong,False,False,True
test,test:173_0,173.png,5436b15d228abc42470ea1671270d21fe27bc7edef1a46eceee1c13e003f1349,Hypothetical,"[""can not determine"", ""can not determine"", ""left"", ""right""]",C,D,D,False,C,C,True,base_wrong->cand_correct,False,True,True
test,test:174_0,174.png,121adb61e8ca5156eefb4c6c362a12324fda6703af925a6f9ed115545688d116,Hypothetical,"[""can not determine"", ""left"", ""can not determine"", ""right""]",D,D,D,True,D,D,True,both_correct,True,True,True
test,test:175_0,175.png,143a732c3d8726383b97a3101d5f87bf2f7ba624fe327f43836dcf9c30dae9be,Hypothetical,"[""can not determine"", ""can not determine"", ""right"", ""left""]",C,C,C,True,C,C,True,both_correct,True,True,True
test,test:176_0,176.png,b3236d877e4aa0ee930934548c27ffd22e47ca737f13b023c011dfb35032c2ac,Hypothetical,"[""can not determine"", ""right"", ""can not determine"", ""left""]",D,B,B,False,B,B,False,both_wrong,False,False,True
test,test:177_0,177.png,e2cf60b688b91eda27ecd981a1f141876fad294fd1f161835cf8c4479980f1a4,Hypothetical,"[""can not determine"", ""right"", ""can not determine"", ""left""]",D,D,D,True,B,B,False,base_correct->cand_wrong,True,False,True
test,test:178_0,178.png,d380768f8adf89dade1b510374788bd935e9796816ead2d5d5ded7c766ef4a24,Hypothetical,"[""can not determine"", ""left"", ""right"", ""can not determine""]",C,C,C,True,C,C,True,both_correct,True,True,True
test,test:179_0,179.png,d6c8ebd2ad7476649a6dcdc835cf92c4cff36982081edf0b9a5fc8d9e97e4614,Hypothetical,"[""can not determine"", ""can not determine"", ""left"", ""right""]",D,C,C,False,C,C,False,both_wrong,False,False,True
test,test:17_0,17.png,354c651c304fbc9c32fa4e75409ef8e61a6ca8445511a6697ddffce37ecdc118,Allocentric,"[""can not determine"", ""left"", ""can not determine"", ""right""]",B,B,B,True,B,B,True,both_correct,True,True,True
test,test:180_0,180.png,bfdb47a2a096e5e1725fe6d42b7d4c7b255c45a99e37c3ab284ae941b72fecdb,Hypothetical,"[""left"", ""right"", ""can not determine"", ""can not determine""]",A,B,B,False,B,B,False,both_wrong,False,False,True
test,test:181_0,181.png,a009b62fe42606971399c646d9b2432bc2e8993ac0b7b81efc964ec7dbf6134f,Hypothetical,"[""can not determine"", ""left"", ""right"", ""can not determine""]",C,C,C,True,C,C,True,both_correct,True,True,True
test,test:182_0,182.png,c75173b4c763f664f56b3ca131373078a9108b777966003cbedcbddb84efe078,Hypothetical,"[""left"", ""can not determine"", ""right"", ""can not determine""]",C,C,C,True,C,C,True,both_correct,True,True,True
test,test:183_0,183.png,6df8e6aadbbf36380ff07b312f1b14da9bb8fab646e5fb1d6894d70fabb1608e,Hypothetical,"[""can not determine"", ""can not determine"", ""right"", ""left""]",D,D,D,True,D,D,True,both_correct,True,True,True
test,test:184_0,184.png,b3008174b948e55de3e2788e3b4484648e071dd7dfeb470fb1794339bd6f00f8,Hypothetical,"[""can not determine"", ""left"", ""can not determine"", ""right""]",D,D,D,True,D,D,True,both_correct,True,True,True
test,test:185_0,185.png,1cd00f29eb6e39d3f8f7fac1b95b6f88245efe08fc5c523c97fd1f57bc27ac35,Hypothetical,"[""right"", ""can not determine"", ""left"", ""can not determine""]",A,A,A,True,A,A,True,both_correct,True,True,True
test,test:186_0,186.png,a91f4b225e272d82a06f1041e83d3151df83b484888d19f8db6421184d7e9956,Hypothetical,"[""right"", ""can not determine"", ""left"", ""can not determine""]",A,A,A,True,A,A,True,both_correct,True,True,True
test,test:187_0,187.png,9eb4cfdcf41a076f3d1f3fd97d70539728ffdde4abc8e84ea7685868781621b3,Hypothetical,"[""left"", ""can not determine"", ""right"", ""can not determine""]",A,A,A,True,A,A,True,both_correct,True,True,True
test,test:188_0,188.png,c8d1ed08439bd26cbdca0883e35d8a4368671190b4ee021af137f4488fe6b773,Hypothetical,"[""right"", ""left"", ""can not determine"", ""can not determine""]",B,A,A,False,A,A,False,both_wrong,False,False,True
test,test:189_0,189.png,26fbb494f2aca22526eea1604d605b033502a19ae94ff85a72354ad8e410f477,Hypothetical,"[""right"", ""can not determine"", ""can not determine"", ""left""]",A,A,A,True,A,A,True,both_correct,True,True,True
test,test:18_0,18.png,bca32b0ca7598bec34466534a9ad47be958b58e3fbc0520fa91e573f0ca5042d,Allocentric,"[""seven"", ""can not determine"", ""two"", ""can not determine""]",C,C,C,True,C,C,True,both_correct,True,True,True
test,test:190_0,190.png,0df671d9f797eb84850b49c48278ed10efef01c4f0defaf09d935b01e1602d33,Hypothetical,"[""can not determine"", ""left"", ""can not determine"", ""right""]",B,B,B,True,B,B,True,both_correct,True,True,True
test,test:191_0,191.png,6d222c56b766529becc7224185a9b9bef0ef721523ac50287de7225f42d93a26,Hypothetical,"[""right"", ""can not determine"", ""can not determine"", ""left""]",D,D,D,True,D,D,True,both_correct,True,True,True
test,test:192_0,192.png,7aef7cf5e296f2c56b95ef456f61a2b93111372c898408dd22657ccac6e0c3c0,Hypothetical,"[""can not determine"", ""right"", ""left"", ""can not determine""]",C,B,B,False,B,B,False,both_wrong,False,False,True
test,test:193_0,193.png,dc1e436a76179cb2bb8431a530fa07ea3857ccd6484b826f70321900770b1672,Hypothetical,"[""right"", ""can not determine"", ""left"", ""can not determine""]",A,C,C,False,A,A,True,base_wrong->cand_correct,False,True,True
test,test:194_0,194.png,e781f6a1ca05283a8612c5161258ce0aa0c53f6930ea5e92a4b7e04440e09704,Hypothetical,"[""can not determine"", ""right"", ""left"", ""can not determine""]",B,C,C,False,C,C,False,both_wrong,False,False,True
test,test:195_0,195.png,b5844297d5cb889f61236c819e97f4d98fb1f6e079c364659c5dafe89be01a94,Hypothetical,"[""right"", ""left"", ""can not determine"", ""can not determine""]",A,A,A,True,A,A,True,both_correct,True,True,True
test,test:196_0,196.png,ea56bf7da4779fc133319bf8c883357d555c41752b7ff4c7e6f9f8ccf28b5607,Hypothetical,"[""left"", ""can not determine"", ""can not determine"", ""right""]",A,D,D,False,D,D,False,both_wrong,False,False,True
test,test:197_0,197.png,f9807fa9aa137f2ffd12b14c0b0b0770c2097abd8957784cfc5d1862af62727a,Hypothetical,"[""can not determine"", ""right"", ""left"", ""can not determine""]",B,C,C,False,C,C,False,both_wrong,False,False,True
test,test:198_0,198.png,2c6bf24d6495ffc239b4dedd7ababc00d1f401076dd8600f6c1ad7c02c89c6cd,Hypothetical,"[""left"", ""can not determine"", ""can not determine"", ""right""]",A,D,D,False,D,D,False,both_wrong,False,False,True
test,test:199_0,199.png,65c29e233692d4df5deffca0890d70d4eb61e46dbd95a0131967e14dcb212e5c,Hypothetical,"[""can not determine"", ""left"", ""right"", ""can not determine""]",C,B,B,False,B,B,False,both_wrong,False,False,True
test,test:19_0,19.png,b2e1e1f98e9ef32b7aca7d1362f7f85b507b105426fe36d8e7fef67bb8a18a12,Allocentric,"[""can not determine"", ""left"", ""right"", ""can not determine""]",C,C,C,True,C,C,True,both_correct,True,True,True
test,test:1_0,1.png,1b4a8cbe80a2da52ee0ab829732fd07b16154f194271d6bf8250ac932cd566ea,Allocentric,"[""can not determine"", ""left"", ""right"", ""can not determine""]",B,C,C,False,C,C,False,both_wrong,False,False,True
test,test:200_0,200.png,79273df41ad90984cf02dc7d3f5763eb35dc79a628f74fbb24e83bfd465a3153,Hypothetical,"[""can not determine"", ""right"", ""left"", ""can not determine""]",C,B,B,False,B,B,False,both_wrong,False,False,True
test,test:201_0,201.png,112278ef1e71cd19d21c12120efd54779b60cb95a0c4aac85196f4f59ea7c558,Hypothetical,"[""can not determine"", ""left"", ""can not determine"", ""right""]",D,D,D,True,D,D,True,both_correct,True,True,True
test,test:202_0,202.png,26eea5cb00cbe02508785272ccb58c2f0e067e30f22879bfedd4ddb6ba810a2f,Hypothetical,"[""right"", ""can not determine"", ""can not determine"", ""left""]",D,D,D,True,D,D,True,both_correct,True,True,True
test,test:203_0,203.png,880194ad1ff5e16d56c3dea772d0f0a7e458cec62e283e3413cab4be009fb31d,Hypothetical,"[""can not determine"", ""right"", ""left"", ""can not determine""]",B,C,C,False,C,C,False,both_wrong,False,False,True
test,test:204_0,204.png,1d6b151e5817d9317521baf5dddd6284b6c214547f30a610737add330355aede,Hypothetical,"[""zero"", ""three"", ""two"", ""one""]",C,D,D,False,C,C,True,base_wrong->cand_correct,False,True,True
test,test:205_0,205.png,f1e62dc259c577adbe3a6aeddfc90bb1d0943a7a074955e3e96323d4be3f1df3,Hypothetical,"[""can not determine"", ""can not determine"", ""right"", ""left""]",C,C,C,True,C,C,True,both_correct,True,True,True
test,test:206_0,206.png,73092cda387344cbef7d35e27aede2fe8abedb3f6de402f47c944d22df1adb2b,Hypothetical,"[""can not determine"", ""right"", ""can not determine"", ""left""]",B,B,B,True,B,B,True,both_correct,True,True,True
test,test:207_0,207.png,7d9ddd12ee8b519697ea2fccd9575dae7429580c2208a60858f64418266f4a16,Hypothetical,"[""zero"", ""two"", ""three"", ""one""]",C,B,B,False,C,C,True,base_wrong->cand_correct,False,True,True
test,test:208_0,208.png,f346415ea3d46d4351d3084b92ba120f4354da6d517929d8d68b8fee6294a340,Hypothetical,"[""four"", ""five"", ""three"", ""six""]",B,C,C,False,C,C,False,both_wrong,False,False,True
test,test:209_0,209.png,81a2fd953994aabdf9abb70b03a7cbda8f2ea8022467ce7ba1ff1211dada89d5,Hypothetical,"[""three"", ""two"", ""zero"", ""one""]",B,C,C,False,C,C,False,both_wrong,False,False,True
test,test:20_0,20.png,816693074630d4b83f0b122d1a35e07cb50cc87b5d178ea07daf98560b97427f,Allocentric,"[""right"", ""can not determine"", ""can not determine"", ""left""]",A,D,D,False,D,D,False,both_wrong,False,False,True
test,test:210_0,210.png,0eb4d55468b3802cf8999a6721e031e91a1e777c07828badaf317e4194115d3e,Hypothetical,"[""can not determine"", ""left"", ""can not determine"", ""right""]",D,D,D,True,B,B,False,base_correct->cand_wrong,True,False,True
test,test:211_0,211.png,56d9b23bab4ebd1dc1456887c8666a399993f395a744ec3bb1db0bc72171a218,Hypothetical,"[""left"", ""can not determine"", ""right"", ""can not determine""]",C,C,C,True,C,C,True,both_correct,True,True,True
test,test:212_0,212.png,dc9c4651c446f28bb0de04b36f2e7682cd2fe627c0da1de4b8e5b9003cbdeebd,Hypothetical,"[""left"", ""can not determine"", ""right"", ""can not determine""]",A,C,C,False,C,C,False,both_wrong,False,False,True
test,test:213_0,213.png,9500a66b72be7ed3dd51450848e3ed23846db09ca08e2734371b5d44536746f4,Hypothetical,"[""can not determine"", ""can not determine"", ""right"", ""left""]",C,C,C,True,C,C,True,both_correct,True,True,True
test,test:214_0,214.png,2e5facb982fe6791154abf887da81cee630ac5816679bedf8cba8c4d0dc5f65f,Hypothetical,"[""can not determine"", ""can not determine"", ""left"", ""right""]",C,D,D,False,D,D,False,both_wrong,False,False,True
test,test:215_0,215.png,d3b3ed192b275ff8af95e4ab2686717de5599079e459adf721b4d70ac40e4665,Hypothetical,"[""can not determine"", ""can not determine"", ""right"", ""left""]",C,D,D,False,D,D,False,both_wrong,False,False,True
test,test:216_0,216.png,bab284c8308cbdacf003d53ec6dbe759680c42d5abce12bde1f9ed7badef8024,Hypothetical,"[""can not determine"", ""left"", ""right"", ""can not determine""]",B,C,C,False,C,C,False,both_wrong,False,False,True
test,test:217_0,217.png,ca9b26a814e74095ee90ad81b5a9c23ab80f734c1007b367445741872d08ab90,Hypothetical,"[""right"", ""can not determine"", ""can not determine"", ""left""]",D,A,A,False,A,A,False,both_wrong,False,False,True
test,test:218_0,218.png,ce117e99fe949daf484c6d0641741484a0655fadb568840c0cefc881a54fb0e6,Hypothetical,"[""right"", ""left"", ""can not determine"", ""can not determine""]",A,A,A,True,A,A,True,both_correct,True,True,True
test,test:219_0,219.png,c039f81d913de37ac1e1ec07f148ccb9695fc794286848d540ac773085eed6ca,Hypothetical,"[""three"", ""four"", ""two"", ""one""]",B,C,C,False,C,C,False,both_wrong,False,False,True
test,test:21_0,21.png,14f98551a723fb52d5f53f8b6794fb9daab14bf95dd45b79a9ae29dadff3a47f,Allocentric,"[""can not determine"", ""can not determine"", ""Left front"", ""Right front""]",C,D,D,False,D,D,False,both_wrong,False,False,True
test,test:220_0,220.png,e1ce57a0601bd39e19e2bf129a9cb996c1d84104611be826bf3c92e5fc83f8aa,Hypothetical,"[""right"", ""left"", ""can not determine"", ""can not determine""]",A,B,B,False,B,B,False,both_wrong,False,False,True
test,test:221_0,221.png,936cc555181602906d19c8a761725b1ef83675f16cedd287251c286b3cb96893,Hypothetical,"[""can not determine"", ""left"", ""can not determine"", ""right""]",D,D,D,True,D,D,True,both_correct,True,True,True
test,test:222_0,222.png,3a579f1ca867f27e0c183c980eefdbe7f6dda5b5aa9aab1c1e98d046c38ac712,Hypothetical,"[""can not determine"", ""left"", ""can not determine"", ""right""]",B,D,D,False,D,D,False,both_wrong,False,False,True
test,test:223_0,223.png,fd4561d2a5831c2bcf48cf8edd0c8415c8a688616fb4bbf9fa5c52865238d1bb,Hypothetical,"[""right"", ""left"", ""can not determine"", ""can not determine""]",B,A,A,False,C,C,False,both_wrong,False,False,True
test,test:224_0,224.png,91fa46e2f3ec31aec6f107e87012fd55a7a7774b940102bb43e9643527bb1c1f,Hypothetical,"[""can not determine"", ""right"", ""left"", ""can not determine""]",C,B,B,False,B,B,False,both_wrong,False,False,True
test,test:225_0,225.png,c8972ba54d872d5f253f6754e21e2492665352192e2a7d21837a5ced95838d5c,Hypothetical,"[""right"", ""can not determine"", ""left"", ""can not determine""]",A,A,A,True,C,C,False,base_correct->cand_wrong,True,False,True
test,test:226_0,226.png,cbf52f82705c570ae47215d200fb22f2ac77cc5d4e045b3ad935e336eed5b178,Hypothetical,"[""can not determine"", ""left"", ""can not determine"", ""right""]",B,D,D,False,D,D,False,both_wrong,False,False,True
test,test:227_0,227.png,b4cfe7c1ef71733773afb4752dbd0d1005b46390d4cee7f8825bc82c7e4c339b,Hypothetical,"[""left"", ""can not determine"", ""right"", ""can not determine""]",A,C,C,False,C,C,False,both_wrong,False,False,True
test,test:228_0,228.png,5e4e1980a37c311041ba4b9b29f5f5807ad465505c3409aa6ad407ccbf6a51a6,Hypothetical,"[""can not determine"", ""left"", ""right"", ""can not determine""]",C,C,C,True,C,C,True,both_correct,True,True,True
test,test:229_0,229.png,cf2a68c440abb6b31d398e4ba9fcd81aef7db7b53e8b71fa08c0f9883fe25a5d,Hypothetical,"[""left"", ""can not determine"", ""can not determine"", ""right""]",A,D,D,False,D,D,False,both_wrong,False,False,True
test,test:22_0,22.png,94fe9cfc41c0a485b44772f1e2b2831585366ed2f8c65c4705a5dc6852f26d43,Allocentric,"[""Twenty-fifth player in red"", ""five player in red"", ""twelve player in blue"", ""can not determine""]",B,B,B,True,B,B,True,both_correct,True,True,True
test,test:230_0,230.png,4cfb08219e9972e8c7c735b2a1ac14a468fa9886aafed7e15156b1f2b796a781,Hypothetical,"[""can not determine"", ""right"", ""can not determine"", ""left""]",D,D,D,True,D,D,True,both_correct,True,True,True
test,test:231_0,231.png,479617653c7061fb1f410b55b1a6c1f6435afcbb4c70ed7234f69a8ae563aadb,Hypothetical,"[""can not determine"", ""left"", ""can not determine"", ""right""]",D,D,D,True,D,D,True,both_correct,True,True,True
test,test:232_0,232.png,93a8bfdf86245dea34b235f17aa1dd1f7a14af20a56050065a6f846bc6ed5fc8,Hypothetical,"[""right"", ""can not determine"", ""can not determine"", ""left""]",D,A,A,False,A,A,False,both_wrong,False,False,True
test,test:233_0,233.png,348958c2e535431b34e5402cc45f87162e8e82c3a30f80fecd98c330c496969e,Hypothetical,"[""can not determine"", ""can not determine"", ""left"", ""right""]",C,D,D,False,D,D,False,both_wrong,False,False,True
test,test:234_0,234.png,3782141069b3b4becf58d254ca7f54b12238a1f5230f36fc4c0ae1714b28ee7f,Hypothetical,"[""can not determine"", ""right"", ""left"", ""can not determine""]",C,C,C,True,C,C,True,both_correct,True,True,True
test,test:235_0,235.png,71249a8a1013fe9528b036425301a45bb4dbe777be18e4f12be9579f1eb883cc,Hypothetical,"[""can not determine"", ""left"", ""right"", ""can not determine""]",B,B,B,True,B,B,True,both_correct,True,True,True
test,test:236_0,236.png,e3413d46410ad8c8270c762b18602b7952c28c767f16d7583aec463921293faa,Hypothetical,"[""can not determine"", ""right"", ""left"", ""can not determine""]",B,C,C,False,C,C,False,both_wrong,False,False,True
test,test:237_0,237.png,637d63bcfcdc6fc9ac6885caabd3bc4a056039da3428179a6834bea3b64b25dd,Hypothetical,"[""can not determine"", ""left"", ""can not determine"", ""right""]",D,D,D,True,D,D,True,both_correct,True,True,True
test,test:238_0,238.png,206e7b2c96188e2840b03752a637135578ab0fd566cb5f1a4fe6449e1ac51766,Hypothetical,"[""can not determine"", ""left"", ""can not determine"", ""right""]",D,B,B,False,D,D,True,base_wrong->cand_correct,False,True,True
test,test:239_0,239.png,b7fbe14df1bd15b38cd181019acdd963086a0d29778c7bce0d8e04e4a764e690,Hypothetical,"[""one"", ""fourteen"", ""zero"", ""fifteen""]",C,A,A,False,A,A,False,both_wrong,False,False,True
test,test:23_0,23.png,c666c7a956e0fc7f9fcc15406677e8bd1f2f2c3339915808da95cecfb8d57259,Allocentric,"[""two"", ""three"", ""one"", ""zero""]",C,A,A,False,B,B,False,both_wrong,False,False,True
test,test:240_0,240.png,31444f1ce9413e74e06d16f508dd0a9049a08f403a738d4ded49608ef2169953,Hypothetical,"[""right"", ""can not determine"", ""can not determine"", ""left""]",D,A,A,False,A,A,False,both_wrong,False,False,True
test,test:241_0,241.png,263f09f2999da90d3a82f0e544ef28bb7bd647798790991bb79ce16107338a4b,Hypothetical,"[""1"", ""2"", ""3"", ""4""]",B,C,C,False,D,D,False,both_wrong,False,False,True
test,test:242_0,242.png,1479f264e26678b47220c38dca847d96e0c916d2d8efbb403f2276288817edbd,Hypothetical,"[""zero"", ""two"", ""three"", ""one""]",B,B,B,True,B,B,True,both_correct,True,True,True
test,test:243_0,243.png,e545e6d27678442b3ab673e0ae6c0e8fbd9e93014ba46fdd7ee9c9a89c5c4aba,Hypothetical,"[""two"", ""three"", ""zero"", ""one""]",A,A,A,True,A,A,True,both_correct,True,True,True
test,test:244_0,244.png,c1c638dd6af06d2f4256926e61943a5afaeeab4e0ed4c7cac151772b822cf08f,Hypothetical,"[""can not determine"", ""right"", ""left"", ""can not determine""]",C,B,B,False,C,C,True,base_wrong->cand_correct,False,True,True
test,test:245_0,245.png,5f7d4ecbe8da17aff1fe02cf7a4b2946ad6bcfb5068dfb101f4ae0608eee9522,Hypothetical,"[""right"", ""can not determine"", ""can not determine"", ""left""]",D,A,A,False,D,D,True,base_wrong->cand_correct,False,True,True
test,test:246_0,246.png,3741fd3db9f876d5a750130987f76175134df92863ae5d941bea710a3bd50a11,Hypothetical,"[""can not determine"", ""right"", ""left"", ""can not determine""]",B,B,B,True,B,B,True,both_correct,True,True,True
test,test:247_0,247.png,92d250cd16bfa10d2dfd64f0984ab18ec29e7d697fc8bcbb7e7763a15387b141,Hypothetical,"[""left"", ""can not determine"", ""can not determine"", ""right""]",A,D,D,False,D,D,False,both_wrong,False,False,True
test,test:248_0,248.png,af672d16f056b41bf9da2850620d8842544e01c647a52d3a403297250868dabe,Hypothetical,"[""left"", ""right"", ""can not determine"", ""can not determine""]",A,A,A,True,A,A,True,both_correct,True,True,True
test,test:249_0,249.png,a73a2b75b55c8151fe1d3f4a4c50e3a7b78d0f0738ce0ae450d9fb38de0ddcdc,Hypothetical,"[""can not determine"", ""right"", ""can not determine"", ""left""]",B,B,B,True,B,B,True,both_correct,True,True,True
test,test:24_0,24.png,72d0f58980582a7904e18928094747df02125d31b14e3385d1bf93b63140317a,Allocentric,"[""six"", ""five"", ""three"", ""four""]",B,C,C,False,C,C,False,both_wrong,False,False,True
test,test:250_0,250.png,32b7c2d319a26c5bb85be2461abd2f688a845f1ea8e798f79117b4bed6745158,Hypothetical,"[""left"", ""can not determine"", ""can not determine"", ""right""]",A,A,A,True,A,A,True,both_correct,True,True,True
test,test:251_0,251.png,cf34717f60deed6dd79959f28ffd4cb5364de6a7286e8af4b1f66f80d9884d47,Hypothetical,"[""one"", ""two"", ""zero"", ""four""]",C,D,D,False,D,D,False,both_wrong,False,False,True
test,test:252_0,252.png,bc58d60a3b967c8eac5c56caf39e07d75595d48f979518789b691d4d0000c7cc,Hypothetical,"[""can not determine"", ""left"", ""can not determine"", ""right""]",D,B,B,False,B,B,False,both_wrong,False,False,True
test,test:253_0,253.png,b42944edcffe5847eb490d68e370714772d1a9278931e820dcbfe23fd0df6361,Allocentric,"[""can not determine"", ""can not determine"", ""right"", ""left""]",C,D,D,False,D,D,False,both_wrong,False,False,True
test,test:254_0,254.png,887223ea9bae66f1c104e40fc1242e73c2f17833866913975c856c12ad7ee84f,Allocentric,"[""can not determine"", ""left"", ""can not determine"", ""right""]",B,D,D,False,D,D,False,both_wrong,False,False,True
test,test:255_0,255.png,4f57eb1d7e4eda7d9adfd22689f89045458bdc285ee4cdcc7c624f791cf96e44,Allocentric,"[""zero"", ""one"", ""two"", ""three""]",B,B,B,True,B,B,True,both_correct,True,True,True
test,test:256_0,256.png,93b3866c8a2ad47d2c0ddf5040bf7509239b513741228c58ebafdf9855592435,Allocentric,"[""four"", ""three"", ""two"", ""one""]",A,B,B,False,B,B,False,both_wrong,False,False,True
test,test:257_0,257.png,6925e9a61c61cba059d946c799aaad82903c3fa619eb2ee1902619fe710e8177,Allocentric,"[""three"", ""seven"", ""two"", ""six""]",B,C,C,False,C,C,False,both_wrong,False,False,True
test,test:258_0,258.png,8a189319c23a27a2f2586a4caee7ab7634729b41dd114d36fdeb32b8bc94a605,Allocentric,"[""seven"", ""zero"", ""one"", ""six""]",B,A,A,False,D,D,False,both_wrong,False,False,True
test,test:259_0,259.png,e9e7f09ad9f1eb538aed8e885e7648eba899dacb454e81e225fb822cce723483,Allocentric,"[""one"", ""five"", ""two"", ""six""]",B,A,A,False,C,C,False,both_wrong,False,False,True
test,test:25_0,25.png,563148e9d1ff3a9920401ac8e76c2e58ad199f6710f59d28b2a221e0cbd22b20,Allocentric,"[""can not determine"", ""Left front"", ""Right front"", ""can not determine""]",C,B,B,False,B,B,False,both_wrong,False,False,True
test,test:260_0,260.png,1b5185e880ef0f8a0063227aea0f82518479eb9eb952d93d332ce7f6d39c22c2,Allocentric,"[""right"", ""can not determine"", ""can not determine"", ""left""]",A,D,D,False,D,D,False,both_wrong,False,False,True
test,test:261_0,261.png,a05b65410310942d96980ecd6ad3e7058cb633dc4a9b7e8c4f275c699ff6185d,Allocentric,"[""left"", ""can not determine"", ""can not determine"", ""right""]",A,D,D,False,D,D,False,both_wrong,False,False,True
test,test:262_0,262.png,1234494e3f0a51ebd1461109ef91d145085472f9f0a64898acec6124ff918a79,Allocentric,"[""left"", ""can not determine"", ""right"", ""can not determine""]",C,A,A,False,A,A,False,both_wrong,False,False,True
test,test:263_0,263.png,25267a8797990deba9feca781cce8fe5ea2b5cf09cf89eb1c1f80d287b081cbc,Allocentric,"[""left"", ""can not determine"", ""right"", ""can not determine""]",A,C,C,False,C,C,False,both_wrong,False,False,True
test,test:264_0,264.png,4b79ee1ab9dd184198e7f0d8f04348eb782c624178357905e835d0db0414987b,Allocentric,"[""can not determine"", ""left"", ""can not determine"", ""right""]",B,B,B,True,B,B,True,both_correct,True,True,True
test,test:265_0,265.png,7e9e7c4a5b6cc8eb00d61e14c02b0dfdca126a0c3d99790453845a8cf5be40dc,Allocentric,"[""can not determine"", ""can not determine"", ""right"", ""left""]",D,C,C,False,C,C,False,both_wrong,False,False,True
test,test:266_0,266.png,b054ab6a6fd5c8159939bcf7eb0a55b1ec809b897eb351e86383e091224f6a33,Allocentric,"[""can not determine"", ""right"", ""left"", ""can not determine""]",B,C,C,False,C,C,False,both_wrong,False,False,True
test,test:267_0,267.png,eef7d7564980e2e1281546dd1601cd04f91fec6cd4d1c01103cc0b2f6b5a55b9,Allocentric,"[""left"", ""can not determine"", ""can not determine"", ""right""]",D,D,D,True,D,D,True,both_correct,True,True,True
test,test:268_0,268.png,74fdff89c54e1b035bf70aee1369abc158233e302adc19c376324f10e003a83e,Allocentric,"[""right"", ""can not determine"", ""left"", ""can not determine""]",C,C,C,True,C,C,True,both_correct,True,True,True
test,test:269_0,269.png,6bbd18f7bd527930a4a50ecbd80b265489ad84d39634a3048776fd88bc7049aa,Allocentric,"[""can not determine"", ""right"", ""can not determine"", ""left""]",B,D,D,False,D,D,False,both_wrong,False,False,True
test,test:26_0,26.png,e942f2a91be189215c3cb57033a01a92149e1aad64a1a9cb546c52261f4489f1,Allocentric,"[""three"", ""zero"", ""one"", ""two""]",B,C,C,False,C,C,False,both_wrong,False,False,True
test,test:270_0,270.png,bc8e4ebb9f32f6d48d1b7436a706f90010de4ab24d78fa990cd3e480934b2ff6,Allocentric,"[""can not determine"", ""can not determine"", ""right"", ""left""]",D,C,C,False,C,C,False,both_wrong,False,False,True
test,test:271_0,271.png,f190c8d79925fe4712e13d35141014d5038c7fc9cda5e6a3317d93849f65ad53,Allocentric,"[""can not determine"", ""left"", ""right"", ""can not determine""]",C,B,B,False,B,B,False,both_wrong,False,False,True
test,test:272_0,272.png,e0293518647393c3e7fa74ef6a5b53cdfaa0d2d53dc1d2ccfd7a7fdbbaa3091b,Allocentric,"[""can not determine"", ""can not determine"", ""left"", ""right""]",C,C,C,True,C,C,True,both_correct,True,True,True
test,test:273_0,273.png,c0dd9bd5470c1a9b913f4a6d3c5c95e06ac7ef2fe830868dc9e1c957112c9767,Allocentric,"[""can not determine"", ""right"", ""can not determine"", ""left""]",D,B,B,False,B,B,False,both_wrong,False,False,True
test,test:274_0,274.png,35c196d1320fdb2685efb808867e0fe68bfb492c8a5dca29d8e37cf647372484,Allocentric,"[""two"", ""zero"", ""one"", ""three""]",C,A,A,False,A,A,False,both_wrong,False,False,True
test,test:275_0,275.png,96d83da1c7d88fa9ac279adb074b24f6406308dc93cd9cf6aa9cdc2d7d61c5f2,Allocentric,"[""one"", ""three"", ""two"", ""zero""]",B,A,A,False,C,C,False,both_wrong,False,False,True
test,test:276_0,276.png,06ef40b331e2fe9a894b40d2bed0df99c22fe3a4d70f6088c834503a65867c9f,Allocentric,"[""can not determine"", ""can not determine"", ""right"", ""left""]",C,D,D,False,D,D,False,both_wrong,False,False,True
test,test:277_0,277.png,f7d7de269924f9fb6b5ca7afb564a3bea276e608e93421808844fa57da01cc7a,Allocentric,"[""three"", ""zero"", ""two"", ""one""]",B,D,D,False,D,D,False,both_wrong,False,False,True
test,test:278_0,278.png,7aee4763f064c9fe31f8112f8fa23e66ac89361bd8cc3146408b734bb6ff845e,Allocentric,"[""four"", ""two"", ""one"", ""three""]",A,B,B,False,B,B,False,both_wrong,False,False,True
test,test:279_0,279.png,3ba98d172a03d5a82117a50186518dcf790c005960f1ae9d3137ab25cab14901,Allocentric,"[""left"", ""can not determine"", ""can not determine"", ""right""]",D,A,A,False,A,A,False,both_wrong,False,False,True
test,test:27_0,27.png,2cc97c55db89377f7c86946e498e2ff1f4f667e1f836fff4c366fbf886ab7dfd,Allocentric,"[""Little boy in red"", ""Little boy in orange"", ""Little boy in blue"", ""Little girl in purple""]",A,A,A,True,A,A,True,both_correct,True,True,True
test,test:280_0,280.png,43195b40a23b9e2da17b6b4ccdc0ee57717697c28dac1dd4f167576ac3ba19fe,Allocentric,"[""two"", ""zero"", ""three"", ""one""]",D,A,A,False,C,C,False,both_wrong,False,False,True
test,test:281_0,281.png,1e4f758ae5a16fb34168d70d00be44bb92fcdb78027210d6ab790004d19beeaf,Allocentric,"[""can not determine"", ""left"", ""right"", ""can not determine""]",C,B,B,False,B,B,False,both_wrong,False,False,True
test,test:282_0,282.png,703bf49e778cf97f7fbab584d65a857d555fd8684609c9f536d0fbe39551b01b,Allocentric,"[""left"", ""can not determine"", ""right"", ""can not determine""]",A,C,C,False,C,C,False,both_wrong,False,False,True
test,test:283_0,283.png,751e2b424ad7a0183c55e9cc23e636bedca6ffa74de239bf41cfad406ae1fdea,Allocentric,"[""right"", ""left"", ""can not determine"", ""can not determine""]",B,A,A,False,A,A,False,both_wrong,False,False,True
test,test:284_0,284.png,9ff7fc195949a3723a4cbb0452efc6def78387940f4be9bbf33dd178cbed34bb,Allocentric,"[""can not determine"", ""left"", ""can not determine"", ""right""]",D,B,B,False,B,B,False,both_wrong,False,False,True
test,test:285_0,285.png,173c0b79d04da1653b6488c9d2eebb7f1e3f5f3118e0bb541127adadad2a107e,Allocentric,"[""can not determine"", ""can not determine"", ""right"", ""left""]",C,D,D,False,D,D,False,both_wrong,False,False,True
test,test:286_0,286.png,454a5a82dfa5c8972108c5ed61b55dab53151f3e64852deba36a1984b4aee21a,Allocentric,"[""can not determine"", ""left"", ""can not determine"", ""right""]",D,D,D,True,B,B,False,base_correct->cand_wrong,True,False,True
test,test:287_0,287.png,521ccc30bd4af392e4e38732180473328ee0ee63fa2b8de832256a9da9c87290,Allocentric,"[""right"", ""left"", ""can not determine"", ""can not determine""]",B,A,A,False,A,A,False,both_wrong,False,False,True
test,test:288_0,288.png,0c245351b044dc85c2a377ed57c1405c5c86c4b8dddf4b9499783281ca467d00,Allocentric,"[""can not determine"", ""left"", ""right"", ""can not determine""]",C,B,B,False,B,B,False,both_wrong,False,False,True
test,test:289_0,289.png,2eb0d080e6d5cf5d20a98c3b23061932a4c6c4b2ddd7a5a2da93568a6695c102,Allocentric,"[""can not determine"", ""left"", ""can not determine"", ""right""]",B,D,D,False,D,D,False,both_wrong,False,False,True
test,test:28_0,28.png,01b69997abc36055ac87df90e71d59505ffc4ad250f42f4f164e5a7cfeab93cb,Allocentric,"[""can not determine"", ""Left rear"", ""can not determine"", ""Right rear""]",B,D,D,False,D,D,False,both_wrong,False,False,True
test,test:290_0,290.png,fa695e1f34db3108a54b8b988846b5d308895df123fd328424521ea93a2f7ae6,Allocentric,"[""right"", ""left"", ""can not determine"", ""can not determine""]",B,B,B,True,A,A,False,base_correct->cand_wrong,True,False,True
test,test:291_0,291.png,bdac72e34c358769051fd08f5742461f7f33630f32333bf0de9be94f2e06b493,Allocentric,"[""right"", ""can not determine"", ""left"", ""can not determine""]",C,A,A,False,A,A,False,both_wrong,False,False,True
test,test:292_0,292.png,62cd13bfb7f1989d8dde17d648ae0a349767cbab234992ce46105e6f6b5c5236,Allocentric,"[""can not determine"", ""can not determine"", ""right"", ""left""]",D,C,C,False,C,C,False,both_wrong,False,False,True
test,test:293_0,293.png,817ee10aa95a6b065473e29293ddd793c57dc8554948777a60ce2cf315047dfa,Allocentric,"[""left"", ""can not determine"", ""can not determine"", ""right""]",A,A,A,True,A,A,True,both_correct,True,True,True
test,test:294_0,294.png,68bed52e7c248a6bcc240509d0c485f984fe0bf71ef2db1793225651bd340a2b,Allocentric,"[""can not determine"", ""left"", ""can not determine"", ""right""]",B,D,D,False,D,D,False,both_wrong,False,False,True
test,test:295_0,295.png,c6226f5fa01ca72fab134e003cfb039e347d537475cd8aa636a886157c31fe8c,Allocentric,"[""right"", ""left"", ""can not determine"", ""can not determine""]",B,B,B,True,B,B,True,both_correct,True,True,True
test,test:296_0,296.png,a1ecdf1da5df53e9b22a01161038ab1e4108f5c6d9a8664ca44b05f6d10e96fa,Allocentric,"[""can not determine"", ""can not determine"", ""left"", ""right""]",D,D,D,True,D,D,True,both_correct,True,True,True
test,test:297_0,297.png,37886a52a6780382fa98fab24b3d2a1768ed2fbf4c06279501b85a614a966809,Allocentric,"[""two"", ""three"", ""one"", ""zero""]",A,C,C,False,C,C,False,both_wrong,False,False,True
test,test:298_0,298.png,c9129197198f76bd5f689c2b77705f700af9a40930109134995a521b76372464,Allocentric,"[""right"", ""can not determine"", ""left"", ""can not determine""]",A,C,C,False,C,C,False,both_wrong,False,False,True
test,test:299_0,299.png,ff86a72c6fdb5c19fc7b345ca33491781aeeb76d3be2f16940ef0df24f09cb0b,Allocentric,"[""five"", ""six"", ""zero"", ""one""]",C,D,D,False,A,A,False,both_wrong,False,False,True
test,test:29_0,29.png,ce77bc93f34388d262645ad93ae1206ee365b70d3e0ac5b1d11e3717af76c222,Allocentric,"[""one"", ""two"", ""zero"", ""three""]",D,B,B,False,B,B,False,both_wrong,False,False,True
test,test:2_0,2.png,b80b7bf984fa3410a1e9a855a8012469164ecaa83ccf4e0bd3bd55e4ae74ad40,Allocentric,"[""Left front"", ""can not determine"", ""can not determine"", ""Right front""]",A,D,D,False,D,D,False,both_wrong,False,False,True
test,test:300_0,300.png,bf4fcd2869ba398ba9e492d7711898699141e2bf7cdc1097b378b9ebb41baeea,Allocentric,"[""left"", ""right"", ""can not determine"", ""can not determine""]",B,A,A,False,A,A,False,both_wrong,False,False,True
test,test:301_0,301.png,6fca936ba02e9a2bbad7b40f0274d6c7e27924f649a303f003104219c4a5b025,Allocentric,"[""zero"", ""one"", ""two"", ""three""]",A,B,B,False,B,B,False,both_wrong,False,False,True
test,test:302_0,302.png,cfeff9b3a9ef7afc937073129a52bcbc03c593931163055865630caa81b6ae5a,Allocentric,"[""can not determine"", ""right"", ""left"", ""can not determine""]",C,B,B,False,B,B,False,both_wrong,False,False,True
test,test:303_0,303.png,fd1f024a3bfab19a426741d13734d96658772bc5255c7ac80fe9663c508733db,Allocentric,"[""zero"", ""two"", ""one"", ""three""]",D,B,B,False,B,B,False,both_wrong,False,False,True
test,test:304_0,304.png,7cf58bd2fb8a7a6ab11dded597ebe6eae8c8f9cd222eac34a91d7d8fdd7d3030,Allocentric,"[""seventeen"", ""fifteen"", ""sixteen"", ""eighteen""]",C,B,B,False,C,C,True,base_wrong->cand_correct,False,True,True
test,test:305_0,305.png,4f241f4a845582aa70078226ae29cc6cd34ab2d648ef546c2f5b9b2c5e07f36a,Allocentric,"[""can not determine"", ""left"", ""right"", ""can not determine""]",C,B,B,False,B,B,False,both_wrong,False,False,True
test,test:306_0,306.png,2e9fe14378fb9bff973e3ef1d6acd0ecfbb8baba244e760d304d5c60c6dbe936,Allocentric,"[""one"", ""three"", ""two"", ""zero""]",C,C,C,True,C,C,True,both_correct,True,True,True
test,test:307_0,307.png,53dbe44fa65a84082f1c7c7856e9cd188402b07736d372d7725bf499ae6d530d,Allocentric,"[""can not determine"", ""can not determine"", ""left"", ""right""]",C,D,D,False,D,D,False,both_wrong,False,False,True
test,test:308_0,308.png,6fc662b1376445522154e37049f86bf061332a580a2ad32530e188d894c83fcb,Allocentric,"[""can not determine"", ""left"", ""right"", ""can not determine""]",B,B,B,True,B,B,True,both_correct,True,True,True
test,test:309_0,309.png,95c3c8855fc0cab40c660fca137d95fb4644b7b13215464d5e46770b1b48321a,Allocentric,"[""right"", ""can not determine"", ""left"", ""can not determine""]",A,C,C,False,C,C,False,both_wrong,False,False,True
test,test:30_0,30.png,be7aa9a511fd70f2c055c02ffb4ae162718a46fc8613295da9d3e1ddd29da69e,Allocentric,"[""Right front"", ""can not determine"", ""Left front"", ""can not determine""]",C,A,A,False,A,A,False,both_wrong,False,False,True
test,test:310_0,310.png,fa176127abcf9827cd4c24f3a8182162b7473bb120d69e6934ad007a9719a1bd,Allocentric,"[""right"", ""left"", ""can not determine"", ""can not determine""]",A,B,B,False,B,B,False,both_wrong,False,False,True
test,test:311_0,311.png,c6fb4a4697bcf7d0f5e4e041f688792c989ab42c35d58849d4fac568678025f5,Allocentric,"[""can not determine"", ""left"", ""right"", ""can not determine""]",B,C,C,False,C,C,False,both_wrong,False,False,True
test,test:312_0,312.png,eeabc5ee0b95101e5d633ff0983ebfec006307a10f794954cf0f51edfbd40b7a,Allocentric,"[""can not determine"", ""right"", ""left"", ""can not determine""]",C,B,B,False,B,B,False,both_wrong,False,False,True
test,test:313_0,313.png,3348e5ca8001c423f3ef0dca91e535c705cfcdddcdc3a3ee9a1e06b603f976e8,Allocentric,"[""right"", ""can not determine"", ""can not determine"", ""left""]",A,D,D,False,D,D,False,both_wrong,False,False,True
test,test:314_0,314.png,a4a2317a495dffd174d2839b2f9da3037756ceed0e2aef047e3962d8c1da07e6,Allocentric,"[""can not determine"", ""right"", ""left"", ""can not determine""]",C,B,B,False,B,B,False,both_wrong,False,False,True
test,test:315_0,315.png,1dbe9e87f94241e7f75d176fca6f6a2a9eb54a66ff55a73d27eee07f813b338c,Allocentric,"[""one"", ""zero"", ""three"", ""two""]",D,B,B,False,B,B,False,both_wrong,False,False,True
test,test:316_0,316.png,68ba9d83cf60ba49931e5548e34f4304ac1cb27b4ebe468d9bcb4dc06bada82b,Allocentric,"[""yes"", ""no"", ""can not determine"", ""can not determine""]",A,A,A,True,A,A,True,both_correct,True,True,True
test,test:317_0,317.png,60f0a9cde8c14d171e8241e696e36eb44a2bb90d517551c58e642f241dcf7f4b,Allocentric,"[""three"", ""two"", ""one"", ""zero""]",B,B,B,True,A,A,False,base_correct->cand_wrong,True,False,True
test,test:318_0,318.png,a95f0889f3d6fe182c9f0b3505fd00744b2f2d39d756373cb41401097976f04c,Allocentric,"[""one"", ""zero"", ""three"", ""two""]",B,C,C,False,C,C,False,both_wrong,False,False,True
test,test:319_0,319.png,c564844a61faffb4ff8c1844a68b714b9b2553095c5acdddbe7b2272893b386c,Allocentric,"[""can not determine"", ""can not determine"", ""right"", ""left""]",D,C,C,False,C,C,False,both_wrong,False,False,True
test,test:31_0,31.png,2f5eb90b2d628f0ca78e5f28ea72351dd2f3e64eb9ae0453afba2ddaf334d0ce,Allocentric,"[""left"", ""can not determine"", ""right"", ""can not determine""]",C,C,C,True,A,A,False,base_correct->cand_wrong,True,False,True
test,test:320_0,320.png,bc69761f3fbdd000e4f2c12f1e0b1033598ea805b809e743c8421e5d0b86ec67,Allocentric,"[""zero"", ""one"", ""three"", ""two""]",A,C,C,False,C,C,False,both_wrong,False,False,True
test,test:321_0,321.png,832d28b5cf65f39192cef4c53fdd4bfea8a87be928eb12729ef931be07553040,Allocentric,"[""five"", ""four"", ""six"", ""seven""]",C,B,B,False,B,B,False,both_wrong,False,False,True
test,test:322_0,322.png,c30843749b2761d8f1c3768e7f00a674bd88705b23f3b9e65041cfa810601a63,Allocentric,"[""one"", ""zero"", ""nine"", ""ten""]",B,A,A,False,A,A,False,both_wrong,False,False,True
test,test:323_0,323.png,dd28317052bfb43a76f4959794eedee6861114225f127d2c27bdfef1e4dedae0,Allocentric,"[""can not determine"", ""right"", ""can not determine"", ""left""]",B,D,D,False,D,D,False,both_wrong,False,False,True
test,test:324_0,324.png,aabf377fe4159bbd3554e29139edd6b5943b123abf09102cfdb9d83b2f4038f0,Allocentric,"[""can not determine"", ""can not determine"", ""right"", ""left""]",C,C,C,True,D,D,False,base_correct->cand_wrong,True,False,True
test,test:325_0,325.png,ac763e94a3768536f6c701883722311dba406d88dc0f6ebb7261344bf86dd7ae,Allocentric,"[""two"", ""zero"", ""one"", ""three""]",B,C,C,False,C,C,False,both_wrong,False,False,True
test,test:326_0,326.png,c8016e116ef885c36efb30ecfb588f3f5793aa8de0cefefb7cde7877e3262f4e,Allocentric,"[""right"", ""can not determine"", ""can not determine"", ""left""]",A,D,D,False,D,D,False,both_wrong,False,False,True
test,test:327_0,327.png,b2a98dccafa455678dc9f475ff77af5f8948f9cec0d7781be005c073a40260ba,Allocentric,"[""left"", ""can not determine"", ""right"", ""can not determine""]",A,A,A,True,A,A,True,both_correct,True,True,True
test,test:328_0,328.png,dcc5de1ecd0da348a8e092a871e167055a5ff89e8e751c58cef2f4e0342e42b0,Allocentric,"[""can not determine"", ""right"", ""left"", ""can not determine""]",C,B,B,False,B,B,False,both_wrong,False,False,True
test,test:329_0,329.png,6db51bfdc245c08278026ef7024050ea024cd65114328b2bfee55e8468f178b7,Allocentric,"[""can not determine"", ""right"", ""can not determine"", ""left""]",B,D,D,False,D,D,False,both_wrong,False,False,True
test,test:32_0,32.png,cac8afa3dc5e6884f4e09a5b271513083c12d8c93af5c72f432888b221a17874,Allocentric,"[""can not determine"", ""can not determine"", ""left"", ""right""]",C,D,D,False,D,D,False,both_wrong,False,False,True
test,test:330_0,330.png,ff1837e2c3b5e967232229f65aa105a6ef850d21f5724dfdf231bf367cabd88f,Allocentric,"[""left"", ""right"", ""can not determine"", ""can not determine""]",A,B,B,False,B,B,False,both_wrong,False,False,True
test,test:331_0,331.png,d29e70abab69f6a79d5f5ecf3f6cdf42d7d973eae93bc7dfd43d26fa1654af39,Allocentric,"[""can not determine"", ""can not determine"", ""right"", ""left""]",C,D,D,False,D,D,False,both_wrong,False,False,True
test,test:332_0,332.png,6c427b6fca94cd3a58ca9451ebe19428e38c4ddf460c7afe0f2923b6a400fcff,Allocentric,"[""can not determine"", ""right"", ""can not determine"", ""left""]",B,D,D,False,D,D,False,both_wrong,False,False,True
test,test:333_0,333.png,174ceeda3389e68a693a95426286042dc3e3fdcc4b44139c65aa429a008b7cae,Allocentric,"[""left"", ""can not determine"", ""right"", ""can not determine""]",A,C,C,False,C,C,False,both_wrong,False,False,True
test,test:334_0,334.png,680b97e94adc64a6097349a22c3ae8f3e9899bb1cc962a2ea78f758aeb80dfff,Allocentric,"[""can not determine"", ""right"", ""left"", ""can not determine""]",C,C,C,True,C,C,True,both_correct,True,True,True
test,test:335_0,335.png,956f724d724305a2b09c6e05a0b9139af70f74aec2c9cd9a90a03bacc372763f,Allocentric,"[""three"", ""one"", ""four"", ""two""]",C,A,A,False,C,C,True,base_wrong->cand_correct,False,True,True
test,test:336_0,336.png,9aa5da66515881e1bb09f02621096b05a46ee34b6af4ac92b35ee2376f0a7980,Allocentric,"[""Above the left hand"", ""Below the right hand"", ""immediately above the left temple"", ""Above the temple on the right side of the face""]",C,C,C,True,C,C,True,both_correct,True,True,True
test,test:337_0,337.png,adca495f9ccc397500979633d9a2d548a15b815ec0b3fc999bc1adc441ce85ac,Allocentric,"[""The first one on the left in the front row"", ""The first one from the left to the man's right"", ""The second one from the left to the man's right"", ""The first one on the left in the second row""]",B,B,B,True,B,B,True,both_correct,True,True,True
test,test:338_0,338.png,e0f7434d391e7f367b7348de99ce613f8dce3a132d5d9db981700f82d7097be8,Allocentric,"[""13"", ""14"", ""16"", ""15""]",C,B,B,False,A,A,False,both_wrong,False,False,True
test,test:339_0,339.png,99996ae3f456d12667f15a9b88db9ef34d9254e8d08b28cf6f0e2bba9094220e,Allocentric,"[""4"", ""5"", ""3"", ""2""]",A,C,C,False,C,C,False,both_wrong,False,False,True
test,test:33_0,33.png,48f481584a8b3c9b8400d5a18fa922b197d933706e0678c1c2def5329af17843,Allocentric,"[""Little boy in brown clothes"", ""The little girl in a white dress"", ""The little girl in the red dress"", ""The little girl in a brown dress""]",A,A,A,True,C,C,False,base_correct->cand_wrong,True,False,True
test,test:340_0,340.png,7c9c5b2f7b235f9282bda15ab1937e035d9e6a171b6bed41215d84143353b42b,Allocentric,"[""can not determine"", ""Can see"", ""Can't see"", ""can not determine""]",B,C,C,False,B,B,True,base_wrong->cand_correct,False,True,True
test,test:341_0,341.png,ea9ca7ea7ff582aeb892706efa324475fa1ca74cd83bc8bd9c74ad79c1e340c4,Allocentric,"[""right"", ""can not determine"", ""can not determine"", ""left""]",A,A,A,True,D,D,False,base_correct->cand_wrong,True,False,True
test,test:342_0,342.png,39e4acbe02e9791a09692b6e70f99e84a8a54eddfb531da2aec81973b7683192,Allocentric,"[""left"", ""Rear of body"", ""right"", ""Front of body""]",C,A,A,False,A,A,False,both_wrong,False,False,True
test,test:343_0,343.png,96f724d74f7c47ef99d828c70dc0e1d9262145e207f7b2090c9047cbd5dc5696,Allocentric,"[""3"", ""4"", ""6"", ""2""]",A,D,D,False,D,D,False,both_wrong,False,False,True
test,test:344_0,344.png,abfa1a8df86bdce0b54bcc6550ab6abae7aba28c4cc0235de297bf55044f6f4c,Allocentric,"[""right"", ""can not determine"", ""left"", ""can not determine""]",A,A,A,True,A,A,True,both_correct,True,True,True
test,test:345_0,345.png,a240ae605d8fb27f749bd5e40f6dd84cbf758bdda0c57fcdeeeceeec79620958,Allocentric,"[""one"", ""three"", ""zero"", ""two""]",A,D,D,False,B,B,False,both_wrong,False,False,True
test,test:346_0,346.png,ee454ef29153902cb5af9356917828c08ee1995ed9f82e6ade8a92b6ef34a57b,Allocentric,"[""can not determine"", ""The right hand"", ""can not determine"", ""The left hand""]",D,B,B,False,D,D,True,base_wrong->cand_correct,False,True,True
test,test:347_0,347.png,d89f7dc162e4f8b4bce19463cfab21f890df90c29086713269b88274da35d260,Allocentric,"[""six"", ""four"", ""five"", ""three""]",A,B,B,False,C,C,False,both_wrong,False,False,True
test,test:348_0,348.png,73ea1d161f68ba002014aadbab17e26c307137073403392d341b6c847456cd65,Allocentric,"[""zero"", ""one"", ""three"", ""two""]",B,A,A,False,A,A,False,both_wrong,False,False,True
test,test:349_0,349.png,7217354c596d7da9b4c2e5119b2210fb57b3b1881412dafcb54cd94db184074d,Allocentric,"[""three"", ""two"", ""zero"", ""one""]",D,B,B,False,B,B,False,both_wrong,False,False,True
test,test:34_0,34.png,4131d359b1868a1b7689a3f7ede858fc4085fa99fff27a1149bcbd3b2bfba648,Allocentric,"[""three"", ""two"", ""zero"", ""one""]",C,B,B,False,B,B,False,both_wrong,False,False,True
test,test:350_0,350.png,4f130b00b70b991eb74958af5d03d0a159b34d39e3f96f677675e9a27ca10912,Allocentric,"[""seven"", ""nine"", ""six"", ""eight""]",D,C,C,False,B,B,False,both_wrong,False,False,True
test,test:351_0,351.png,68cfd25b6301669da95a29a8086e48b4925e112a1f21b0c84fc9d452df73a348,Allocentric,"[""neither"", ""all"", ""Great Pyrenees"", ""Little Polar Bear""]",C,D,D,False,D,D,False,both_wrong,False,False,True
test,test:352_0,352.png,49ece0902741e4853c56b660c2602c32adf65cb5d5fd654a65d3ca8a6dd60d64,Allocentric,"[""one"", ""two"", ""three"", ""four""]",A,A,A,True,A,A,True,both_correct,True,True,True
test,test:353_0,353.png,01e03d327091d3060f7228ba946d8bc9eee603bb6f3319a3357594a90900c912,Allocentric,"[""nine"", ""ten"", ""eleven"", ""eight""]",B,A,A,False,A,A,False,both_wrong,False,False,True
test,test:354_0,354.png,ac996f93ff5a1c35c86e67dda07c43e4222b0506369e5f0f8b634129d06022ef,Allocentric,"[""one"", ""three"", ""two"", ""four""]",D,C,C,False,C,C,False,both_wrong,False,False,True
test,test:355_0,355.png,021b62286f04697201d89c727fb0aed3cea9f9993fab6540c8098513d56c561c,Allocentric,"[""can not determine"", ""can not determine"", ""left"", ""right""]",C,C,C,True,C,C,True,both_correct,True,True,True
test,test:356_0,356.png,25d3f132da0d1ee96efb1a3b43005dc5da8a0dd32ac9826460ae4038afbc1f96,Allocentric,"[""The right hand"", ""The left hand"", ""can not determine"", ""can not determine""]",A,A,A,True,A,A,True,both_correct,True,True,True
test,test:357_0,357.png,c9e6a5d8e49a183ced558d14683036c887659c43e54b087324085808c0d6cff1,Allocentric,"[""can not determine"", ""The right feet"", ""can not determine"", ""The left feet""]",B,D,D,False,D,D,False,both_wrong,False,False,True
test,test:358_0,358.png,e68e6868fc7353ccf02af18ec1044f4147f38c8e67646613610a6f8534b3f3fb,Allocentric,"[""can not determine"", ""left rear"", ""can not determine"", ""right rear""]",B,B,B,True,B,B,True,both_correct,True,True,True
test,test:359_0,359.png,9bdd832e9048bd82bc882b06183be7d138778aff041cde0463a485a620a44959,Allocentric,"[""left"", ""downward"", ""upward side"", ""right""]",C,C,C,True,C,C,True,both_correct,True,True,True
test,test:35_0,35.png,43f71574cc02b4091ab818641272d14967536264122d5a4450c4ded0a7227c4e,Allocentric,"[""can not determine"", ""can not determine"", ""right"", ""left""]",C,C,C,True,C,C,True,both_correct,True,True,True
test,test:360_0,360.png,0560ff26a7b70690fc3bdc552b2f67c8f844c9489162ae211c4afa66b54b5fd4,Allocentric,"[""right"", ""left"", ""downward"", ""upward side""]",D,C,C,False,C,C,False,both_wrong,False,False,True
test,test:361_0,361.png,45d5de46937edfbc4a1d8c252ad3b7bf58941c180960c6acbb378394a2403c7c,Allocentric,"[""can not determine"", ""can not determine"", ""Right foot"", ""Left foot""]",D,C,C,False,C,C,False,both_wrong,False,False,True
test,test:362_0,362.png,63dbbfeba33c81ac37c0ef06646a853f31964f4d88a2d119671895c4b46397c4,Allocentric,"[""can not determine"", ""Ahead"", ""Rear"", ""can not determine""]",B,B,B,True,B,B,True,both_correct,True,True,True
test,test:363_0,363.png,b170f89754162bf8b1afc564477b641998a31c4749500da5ca3a185ddc13aa20,Allocentric,"[""Rear"", ""can not determine"", ""Ahead"", ""can not determine""]",A,C,C,False,C,C,False,both_wrong,False,False,True
test,test:364_0,364.png,e24922966b686ff4023ed999e5f86ce7d5ba783d3bfbe26112e8eec3ce80b70e,Allocentric,"[""can not determine"", ""Above"", ""can not determine"", ""Below""]",B,D,D,False,D,D,False,both_wrong,False,False,True
test,test:365_0,365.png,bcf4bf89424084e0ef56cf14bc46cb2395c7f0272ba308e4f049937f07b58cd5,Allocentric,"[""Above"", ""Below"", ""can not determine"", ""can not determine""]",A,A,A,True,A,A,True,both_correct,True,True,True
test,test:366_0,366.png,fd0586d82519abc51e7080e2c4d023b4d1ea3f7a278afaf42fb2fbcfc6ad4741,Allocentric,"[""Left hand"", ""can not determine"", ""can not determine"", ""Right hand""]",D,D,D,True,D,D,True,both_correct,True,True,True
test,test:367_0,367.png,5e34120040bf4c3881885f14e3efe238af594a498a2f16e057759734f9b55ca4,Allocentric,"[""zero"", ""one"", ""three"", ""two""]",D,B,B,False,B,B,False,both_wrong,False,False,True
test,test:368_0,368.png,254c90721e28c017f0a4cd1629270880ec736182959622b869e72c74ff8adcf9,Allocentric,"[""nine"", ""zero"", ""one"", ""ten""]",C,C,C,True,C,C,True,both_correct,True,True,True
test,test:369_0,369.png,60efb44a8e6e46132ed80f4a7b5d00ff5f23b8172380a19eb09a2eb19be9b611,Allocentric,"[""two"", ""zero"", ""one"", ""three""]",A,A,A,True,D,D,False,base_correct->cand_wrong,True,False,True
test,test:36_0,36.png,322391d742819705c599a454dd77be71d68dd29af6c5007ca39b9a5d08bdde31,Allocentric,"[""two"", ""zero"", ""one"", ""three""]",C,C,C,True,C,C,True,both_correct,True,True,True
test,test:370_0,370.png,6253bb3f5ac3405114297e4b81539ad77d0f55db0d0e2359500562edbd5ec16f,Allocentric,"[""can not determine"", ""Left foot"", ""Right foot"", ""can not determine""]",C,B,B,False,B,B,False,both_wrong,False,False,True
test,test:371_0,371.png,9361377ca63c4b2c4171d276b60c8b6fb06f415219a5f3d268dded1f8b8199f4,Allocentric,"[""can not determine"", ""Left hand"", ""can not determine"", ""Right hand""]",B,B,B,True,D,D,False,base_correct->cand_wrong,True,False,True
test,test:372_0,372.png,9c369789085523157308f99ff55117826fb4fef085095b70baada78fccea18d5,Allocentric,"[""can not determine"", ""can not determine"", ""Left hand"", ""Right hand""]",D,D,D,True,D,D,True,both_correct,True,True,True
test,test:373_0,373.png,eec44e0704d1dec85ce80477e31497e5b6f4acfd6fbd0b6c8dfaa5c6afd2b126,Allocentric,"[""Right side"", ""Left side"", ""can not determine"", ""can not determine""]",B,A,A,False,B,B,True,base_wrong->cand_correct,False,True,True
test,test:374_0,374.png,b95b1e8c6ef9a1017f107c0413ebe7214e6bc0415ec4801ff2df5a73302c046e,Allocentric,"[""can not determine"", ""0"", ""10"", ""can not determine""]",B,C,C,False,C,C,False,both_wrong,False,False,True
test,test:375_0,375.png,2050078a87927596b8878315dc649e662985ae8de9eb0db7e996b36ba6a6a816,Allocentric,"[""Left foot"", ""can not determine"", ""can not determine"", ""Right foot""]",D,A,A,False,D,D,True,base_wrong->cand_correct,False,True,True
test,test:376_0,376.png,c0e7b70b29aa598ab695e2c379cd31664b08933beb6f396a09b0a90936a41bad,Allocentric,"[""their left"", ""their right"", ""forward"", ""backward""]",B,C,C,False,C,C,False,both_wrong,False,False,True
test,test:377_0,377.png,9d38d231fcd5171bdf2c63af42834650d9287eb4f31e9fda61062fbbb0e479ee,Allocentric,"[""can not determine"", ""Right hand"", ""can not determine"", ""Left hand""]",D,B,B,False,B,B,False,both_wrong,False,False,True
test,test:378_0,378.png,cd610fa7d1e02981ba8211709fe944434407cfd365d18cf550d5d4be99737b94,Allocentric,"[""zero"", ""three"", ""two"", ""one""]",D,D,D,True,D,D,True,both_correct,True,True,True
test,test:379_0,379.png,6be743a0ee84ccc585b049606dd91d0ce7952d41dfc5ba0b114f276478e80f47,Allocentric,"[""left"", ""right"", ""can not determine"", ""can not determine""]",A,B,B,False,A,A,True,base_wrong->cand_correct,False,True,True
test,test:37_0,37.png,12cbf00dcce0c1ea61b6bd08bab5082d7b13ee3b879226b63f343f14cd65ab44,Allocentric,"[""one"", ""three"", ""four"", ""zero""]",C,B,B,False,B,B,False,both_wrong,False,False,True
test,test:380_0,380.png,070f292d42af86fc45d7ec03c036cbe730d0229a9c21fa5def6d6b5270e2fd61,Allocentric,"[""can not determine"", ""Right foot"", ""can not determine"", ""Left foot""]",B,B,B,True,B,B,True,both_correct,True,True,True
test,test:381_0,381.png,10d77bfe03362e761b9cfe4e223237b4861b460d9235ac7a8adabd6961b2b794,Allocentric,"[""can not determine"", ""can not determine"", ""Left arm"", ""Right arm""]",C,C,C,True,C,C,True,both_correct,True,True,True
test,test:382_0,382.png,c92363f4ab781fcf1f580c36b160f801055469355de4c1429afbe7a347e786be,Allocentric,"[""can not determine"", ""Right arm"", ""can not determine"", ""Left arm""]",B,B,B,True,B,B,True,both_correct,True,True,True
test,test:383_0,383.png,89fc5379cdc28011804d0ef9b05939c0754da397b2d66af6cb0053bb7468f717,Allocentric,"[""can not determine"", ""can not determine"", ""Right leg"", ""Left leg""]",D,C,C,False,C,C,False,both_wrong,False,False,True
test,test:384_0,384.png,475b83e17e930ab9d44454089ee1d3956cda033c095d324e3e954e78246624aa,Allocentric,"[""can not determine"", ""Left arm"", ""Right arm"", ""can not determine""]",C,A,A,False,A,A,False,both_wrong,False,False,True
test,test:385_0,385.png,52c6604c5361d65ed17c333c5010245987564abded9bb867dbdcbc883f9fa303,Allocentric,"[""can not determine"", ""Right leg"", ""can not determine"", ""Left leg""]",B,B,B,True,D,D,False,base_correct->cand_wrong,True,False,True
test,test:386_0,386.png,ae38817337db93e12b963dec9234e6becb13a647b20130bb67cb5aec20b4a9b3,Allocentric,"[""Left leg"", ""can not determine"", ""can not determine"", ""Right leg""]",A,D,D,False,D,D,False,both_wrong,False,False,True
test,test:387_0,387.png,8ca060452735133cf71b4b2b6a6faa9cd083bd6dc3c39d5ad98172911f167bcc,Allocentric,"[""one"", ""three"", ""two"", ""zero""]",A,A,A,True,D,D,False,base_correct->cand_wrong,True,False,True
test,test:388_0,388.png,1b5ac6db50770ee84ae3b3b7c3a8801b43b4614eb161da12f2dd6e1901c48daf,Allocentric,"[""can not determine"", ""Left fin"", ""can not determine"", ""Right fin""]",D,D,D,True,D,D,True,both_correct,True,True,True
test,test:389_0,389.png,03074516da8b8d3265c10f56bac29c10eac7415064890ab691da8a80c8259095,Allocentric,"[""Right hand"", ""can not determine"", ""can not determine"", ""Left hand""]",A,A,A,True,A,A,True,both_correct,True,True,True
test,test:38_0,38.png,9098e7c6db73dea3da5c6db00e1b78c7539629e03c7d973b34ca91871b8ac8ea,Allocentric,"[""one"", ""four"", ""three"", ""zero""]",D,C,C,False,C,C,False,both_wrong,False,False,True
test,test:390_0,390.png,8e57eb9fa00b3458c09ff470ff291f8718cfb99e22a8af203125b6cdda2dfb16,Allocentric,"[""Left hand"", ""can not determine"", ""Right hand"", ""can not determine""]",A,A,A,True,C,C,False,base_correct->cand_wrong,True,False,True
test,test:391_0,391.png,964beb0f4e62872a59e05836aa3a5b5d38eec712addfca8b35cf218eba09f9f9,Allocentric,"[""can not determine"", ""can not determine"", ""Right hand"", ""Left hand""]",C,C,C,True,D,D,False,base_correct->cand_wrong,True,False,True
test,test:392_0,392.png,f3349c9138c99dee485eeb91c66d878ae0636a47eeefb1933c687e60238cb7a8,Allocentric,"[""Left hand"", ""can not determine"", ""Right hand"", ""can not determine""]",A,A,A,True,A,A,True,both_correct,True,True,True
test,test:393_0,393.png,b29d01fc9f491eefbeb4401efbfbd2eb700f9a6d1eda3d60a06405bd2d3cad2c,Allocentric,"[""can not determine"", ""can not determine"", ""Left arm"", ""Right arm""]",C,C,C,True,C,C,True,both_correct,True,True,True
test,test:394_0,394.png,440f2b1d4c940477ed3c78faed8efc7121ee710166d5b58900b50556078c328f,Allocentric,"[""zero"", ""three"", ""one"", ""two""]",C,C,C,True,D,D,False,base_correct->cand_wrong,True,False,True
test,test:395_0,395.png,c51d94c8569983102ca884e9c862fd3ce803007697e2f7fc34b0d6f756aeac03,Allocentric,"[""can not determine"", ""Right arm"", ""Left arm"", ""can not determine""]",C,B,B,False,B,B,False,both_wrong,False,False,True
test,test:396_0,396.png,715d5404f267ddd3d56266f2a6e29996595325e35467cd610fbf2117c99d5fc9,Allocentric,"[""one"", ""four"", ""three"", ""two""]",B,B,B,True,B,B,True,both_correct,True,True,True
test,test:397_0,397.png,caa4ad9ccfd28cbaf8d121f036e54a1e9013dbb19d4399f3309cf1b285e12bec,Allocentric,"[""two"", ""three"", ""one"", ""four""]",D,B,B,False,B,B,False,both_wrong,False,False,True
test,test:398_0,398.png,aa7e3ca57935cb331aef5c0e0e3f7c8eee3941ee486886bd335c2fd99fb068b7,Allocentric,"[""four"", ""three"", ""two"", ""one""]",C,C,C,True,C,C,True,both_correct,True,True,True
test,test:399_0,399.png,0eda801841075d1ba451309ef8a1f4f3a798850fd348b11769a42dcd2d1ff924,Allocentric,"[""three"", ""two"", ""one"", ""four""]",B,B,B,True,A,A,False,base_correct->cand_wrong,True,False,True
test,test:39_0,39.png,ab1ef4344637bb46b6c607c819f572e4bd63b6ea49322178a813454a8a8922b3,Allocentric,"[""zero"", ""one"", ""two"", ""three""]",C,B,B,False,B,B,False,both_wrong,False,False,True
test,test:3_0,3.png,01e068dd530c0464e61cd2ef4106beae9a3834b1d32642b6e102fd260e6ef13c,Allocentric,"[""can not determine"", ""can not determine"", ""thirteen"", ""eleven""]",D,D,D,True,D,D,True,both_correct,True,True,True
test,test:400_0,400.png,3a02be38f94581ae5d5ac4d7badbb4596195fc2aa357737dcb5ffe9bf063563c,Allocentric,"[""four"", ""three"", ""two"", ""one""]",C,B,B,False,B,B,False,both_wrong,False,False,True
test,test:401_0,401.png,bbe6293334bc830c79bdfd1e4971b7f8962d5e844024519b367fdf1e0cc13a2a,Allocentric,"[""two"", ""four"", ""one"", ""three""]",C,A,A,False,A,A,False,both_wrong,False,False,True
test,test:402_0,402.png,9bf1931c92193efcfcf6d93c7a1a7f0264f670a994d7b019e25d7bbed8d3ff21,Allocentric,"[""can not determine"", ""Left fin"", ""Right fin"", ""can not determine""]",C,C,C,True,C,C,True,both_correct,True,True,True
test,test:403_0,403.png,a0963fe676f99558aa4b51306b4326d74c852feb6467617b5d7a2e325e5b4402,Allocentric,"[""one"", ""two"", ""zero"", ""three""]",A,A,A,True,A,A,True,both_correct,True,True,True
test,test:404_0,404.png,ff25703ff950bd4d9a763ec5c61bfa6646a6d1e698e825dab581197eb1c6a86e,Egocentric,"[""6"", ""5"", ""4"", ""7""]",A,B,B,False,B,B,False,both_wrong,False,False,True
test,test:405_0,405.png,bf92d729f5227ea9bb5f30e9414edaec7fe9d2b52bf7e9fbb7492358846071f7,Allocentric,"[""5"", ""4"", ""1"", ""3""]",C,B,B,False,B,B,False,both_wrong,False,False,True
test,test:406_0,406.png,10257c224b08fc4c567fbf53eab20aa5cb0e9066a637d7bd96797e31a5c39f92,Allocentric,"[""right"", ""left"", ""can not determine"", ""can not determine""]",B,B,B,True,B,B,True,both_correct,True,True,True
test,test:407_0,407.png,4775927caf7a25f7d4a5afef8dd9053cccffe435028e94f134069cc103827743,Egocentric,"[""22"", ""23"", ""24"", ""25""]",C,C,C,True,C,C,True,both_correct,True,True,True
test,test:408_0,408.png,2a05b7c94f3f5894ed2983ff7d9a9fc2f49eca1893d88aaf43eea71f34069e77,Allocentric,"[""On the blue athlete's chest"", ""can not determine"", ""below the left foot of the athlete in blue"", ""below the right foot of the athlete in blue""]",A,A,A,True,A,A,True,both_correct,True,True,True
test,test:409_0,409.png,1c0568603f04b0cb5b47474eb75b5cb91f8575e5113f02319b5fcb8fafc0bfa8,Allocentric,"[""can not determine"", ""right"", ""left"", ""can not determine""]",C,B,B,False,B,B,False,both_wrong,False,False,True
test,test:40_0,40.png,a5a24ea95009569c7399febf036b3fd2cfb228cc7a897753f7d4866fd1b315e9,Allocentric,"[""zero"", ""one"", ""three"", ""two""]",D,B,B,False,B,B,False,both_wrong,False,False,True
test,test:410_0,410.png,5ae258ac58f72ed9772d502d6eff3d34a52f647c4d95884b29929f71019868b0,Allocentric,"[""can not determine"", ""right"", ""can not determine"", ""left""]",D,B,B,False,B,B,False,both_wrong,False,False,True
test,test:411_0,411.png,adcc851efe4e32b9b96ace8d5284b39fd407a01ae8e935933f905e310092aba6,Allocentric,"[""3"", ""5"", ""4"", ""2""]",D,D,D,True,C,C,False,base_correct->cand_wrong,True,False,True
test,test:412_0,412.png,649add3841967f4f85d4634fc75d1fb4d1fc816ebf6ad02c4c93f6909cd45933,Allocentric,"[""4"", ""1"", ""3"", ""2""]",A,C,C,False,C,C,False,both_wrong,False,False,True
test,test:413_0,413.png,3912a42da2006b6cc6ecf5daf111ad153d6813ed16b93121b85d212b1ebd05fa,Allocentric,"[""2"", ""1"", ""3"", ""5""]",B,B,B,True,B,B,True,both_correct,True,True,True
test,test:414_0,414.png,06203bdd09aea35e6184fa14b7b3c24b9c4971843b496b6c31eec1d4b7e3c81e,Allocentric,"[""down"", ""up"", ""right"", ""left""]",B,C,C,False,C,C,False,both_wrong,False,False,True
test,test:415_0,415.png,aebf049f88f5c94e3d74c94d605a3c4a3f688556629ace922bbe4f19ad75697b,Allocentric,"[""left"", ""can not determine"", ""right"", ""can not determine""]",C,A,A,False,A,A,False,both_wrong,False,False,True
test,test:416_0,416.png,ad48a184d588915a35d6df14d63fa9add959e1fe603b3c63b2d10162715438cb,Allocentric,"[""can not determine"", ""right"", ""left"", ""can not determine""]",B,B,B,True,A,A,False,base_correct->cand_wrong,True,False,True
test,test:417_0,417.png,820825cda8e6be4fbf565f27ea11fee6815a1b87d4287d8d13b72092df9e3aa8,Allocentric,"[""can not determine"", ""right"", ""can not determine"", ""left""]",B,B,B,True,B,B,True,both_correct,True,True,True
test,test:418_0,418.png,ceace62cec37ad5de955bdf1cea464aaea49b670bed60b5712e395fe6efd5d9d,Allocentric,"[""can not determine"", ""trunk"", ""head"", ""limbs""]",D,B,B,False,C,C,False,both_wrong,False,False,True
test,test:419_0,419.png,fb51573e56242cc0af1c3f9c5e864f49fa86fd97446aff7c972469de89d85906,Allocentric,"[""2"", ""6"", ""4"", ""3""]",D,A,A,False,A,A,False,both_wrong,False,False,True
test,test:41_0,41.png,d0bed3bdcff3ec5fee0646b1f0106481f14770005ad120a614ea021691d6b1f3,Allocentric,"[""eight"", ""six"", ""five"", ""seven""]",B,C,C,False,C,C,False,both_wrong,False,False,True
test,test:420_0,420.png,030b648190a20abd6853be987abf551828d431f644a8f0ab68b294b2957ec0ec,Allocentric,"[""inside"", ""outside"", ""can not determine"", ""can not determine""]",A,A,A,True,A,A,True,both_correct,True,True,True
test,test:421_0,421.png,946488c2a6224c3f1084bb64fe085af2d5ffd974752f0c4c3646619e135065d4,Allocentric,"[""inside"", ""outside"", ""can not determine"", ""can not determine""]",A,A,A,True,A,A,True,both_correct,True,True,True
test,test:422_0,422.png,65488b289f5263b3a193c87acb3d7a59a571d235bf55bcbdeed667455c2ec20c,Allocentric,"[""inside the land"", ""road"", ""in the water"", ""In the middle of the two side fences.""]",D,D,D,True,D,D,True,both_correct,True,True,True
test,test:423_0,423.png,e5a9029ff8b6624975a91f5f5ebeb66a4fb2c938ca904284635808e62fdad732,Allocentric,"[""inside the patient's body"", ""on the bed"", ""outside the patient's body"", ""on the instrument table""]",A,A,A,True,A,A,True,both_correct,True,True,True
test,test:424_0,424.png,bf4a04c710af72b3a28d0180c55d63c659ce5685fb9ba676f8a3ec84cbbeea18,Allocentric,"[""Push the soccer ball toward the robot's right front"", ""Push the soccer ball toward the robot's front-left"", ""Push the soccer ball toward the robot's upper right"", ""Push the soccer ball toward the robot's lower right""]",B,B,B,True,B,B,True,both_correct,True,True,True
test,test:425_0,425.png,1073349dce8309f7286e284f6a87e0525475fc8c95a302729ab2267ce0d39bc8,Allocentric,"[""grip the banana and place it in the appropriate position"", ""grip the apple and place it in an appropriate position"", ""do not perform any operation"", ""grip the sponge and place it in the appropriate position""]",D,D,D,True,D,D,True,both_correct,True,True,True
test,test:426_0,426.png,199fab157ce7a5887ae80dc2559f833c6b686eaf64c5f90b950cecce671f5c36,Allocentric,"[""move the black pieces"", ""move the white pieces"", ""play music"", ""move the chessboard""]",B,B,B,True,B,B,True,both_correct,True,True,True
test,test:427_0,427.png,540d5663f55a5cf3a862390fd21817dc3db78602257221b07d02b356e3138733,Allocentric,"[""left side"", ""right side"", ""front"", ""upper side""]",B,A,A,False,A,A,False,both_wrong,False,False,True
test,test:428_0,428.png,78e80be41023a0ce1062e9bd0daf42421cfa497dc5680dfa068d1dde2f56a9d9,Allocentric,"[""forward"", ""backward"", ""can not determine"", ""can not determine""]",A,B,B,False,B,B,False,both_wrong,False,False,True
test,test:429_0,429.png,f65132c6358fcec51b795e7b0f60f417a5d3d4d2364ec41823728d20c797688b,Allocentric,"[""backward"", ""forward"", ""can not determine"", ""can not determine""]",B,B,B,True,B,B,True,both_correct,True,True,True
test,test:42_0,42.png,c7c1755adfa30094042a7ecc2490ff019998af9ab9246ee46bcfb2183608bada,Allocentric,"[""eight"", ""five"", ""six"", ""seven""]",B,B,B,True,B,B,True,both_correct,True,True,True
test,test:430_0,430.png,78d5735ce4bdef6b196e2ffb37205ad6874de49f42f3c220efc338f522f532bc,Allocentric,"[""can not determine"", ""can not determine"", ""backward"", ""forward""]",D,D,D,True,D,D,True,both_correct,True,True,True
test,test:431_0,431.png,d12014b7ecabb70add990dfa17ef4a02260d6ef7e012d35682d0e1e925b73265,Allocentric,"[""can not determine"", ""forward"", ""can not determine"", ""backward""]",B,B,B,True,B,B,True,both_correct,True,True,True
test,test:432_0,432.png,5fd9a5e8f5bb640ef78276a382c1774122edaac379e1145f32e9dd3e15435deb,Allocentric,"[""can not determine"", ""backward"", ""forward"", ""can not determine""]",B,B,B,True,B,B,True,both_correct,True,True,True
test,test:433_0,433.png,58cb547db908216f47c2043b814a1cdece2ffe71bb433334801c5a93d99cb5b2,Allocentric,"[""backward"", ""can not determine"", ""can not determine"", ""forward""]",A,D,D,False,D,D,False,both_wrong,False,False,True
test,test:434_0,434.png,84272d0bf9aef3126e699dff4a1ae595c56c02e45f2639cb56775e35fa4c172a,Allocentric,"[""forward"", ""can not determine"", ""backward"", ""can not determine""]",A,C,C,False,C,C,False,both_wrong,False,False,True
test,test:435_0,435.png,4d9a0a63327ac3387e60df03059b249eddfc3cdeefadc6368eb928b1b72ef2c0,Allocentric,"[""forward"", ""backward"", ""can not determine"", ""can not determine""]",B,B,B,True,B,B,True,both_correct,True,True,True
test,test:436_0,436.png,0ea3146b2d07704ed305eb28c99d2e0ba9c1961f0faf9e46ca4b4f1ff83e9c37,Allocentric,"[""forward"", ""can not determine"", ""can not determine"", ""backward""]",A,A,A,True,A,A,True,both_correct,True,True,True
test,test:437_0,437.png,27f0f870ec672e871ba2869853ca081e6fe4e22124c27b3562b67bb80a4e7612,Allocentric,"[""forward"", ""left"", ""right"", ""backward""]",A,A,A,True,A,A,True,both_correct,True,True,True
test,test:438_0,438.png,d888505fcce35df28f208d9b30d0dfcbc3a5135919101458ae037bad48263437,Allocentric,"[""left"", ""right"", ""backward"", ""forward""]",D,B,B,False,B,B,False,both_wrong,False,False,True
test,test:439_0,439.png,5219f0074d2a7a0db323c87af4a0e9c4122da6aef8e348fbfd44310593842bbe,Allocentric,"[""can not determine"", ""forward"", ""backward"", ""can not determine""]",B,B,B,True,B,B,True,both_correct,True,True,True
test,test:43_0,43.png,7b797131badf4d460b84574d77982a4a4b09c67f1ea7df850053df9b7cd5244f,Allocentric,"[""The woman in the black top"", ""The woman in the blue top"", ""can not determine"", ""The woman in the pink top""]",A,A,A,True,A,A,True,both_correct,True,True,True
test,test:440_0,440.png,28ea6fdafcb7912bcfaef1f446b40ab7491787b310f3c8b126347df8f8e4e256,Allocentric,"[""forward"", ""can not determine"", ""backward"", ""can not determine""]",C,A,A,False,A,A,False,both_wrong,False,False,True
test,test:441_0,441.png,10b6a4646fa3db8c6b0f573ffd39a9ac6ccc66cfdb67aa2923e163eb0acdd96b,Allocentric,"[""up"", ""can not determine"", ""can not determine"", ""down""]",A,D,D,False,D,D,False,both_wrong,False,False,True
test,test:442_0,442.png,2d02df66a1098e26d8ae7c508dad9a86c50fcbbbe6db5c7ed6721b9330e265e5,Allocentric,"[""can not determine"", ""up"", ""down"", ""can not determine""]",B,B,B,True,B,B,True,both_correct,True,True,True
test,test:443_0,443.png,328d52f4fab0c78211bd8f743cd8afeecdee5d1f0cfd722422c731516be2df70,Allocentric,"[""down"", ""can not determine"", ""can not determine"", ""up""]",A,A,A,True,A,A,True,both_correct,True,True,True
test,test:444_0,444.png,b3c79d309defb0903518968aa75b19d6570261bd5e5c20b12a771b1af698e591,Allocentric,"[""down"", ""can not determine"", ""up"", ""can not determine""]",C,C,C,True,C,C,True,both_correct,True,True,True
test,test:445_0,445.png,2d037da399e3912a29ce33b34d3a13c704dd5e0342f285f31acf3600854df35f,Allocentric,"[""up"", ""can not determine"", ""down"", ""can not determine""]",C,C,C,True,C,C,True,both_correct,True,True,True
test,test:446_0,446.png,c7535a8f3b5ef0a17d98cfb8dc0f94c98f3998ef54114ea8a57bfc5352bd3c96,Allocentric,"[""the cat on the left isn't standing"", ""the cat in the middle isn't lying down"", ""the cat on the right is facing sideways"", ""the cat in the middle is standing""]",C,B,B,False,B,B,False,both_wrong,False,False,True
test,test:447_0,447.png,21897723e40cc57c345be895b47817e6549c56f91b0ce49e89d5a7a0988f0325,Allocentric,"[""down"", ""left"", ""right"", ""up""]",A,A,A,True,B,B,False,base_correct->cand_wrong,True,False,True
test,test:448_0,448.png,0e2ace16167d97873d65b59c74b60880dbd7a81af17badd9ad2068d77d299fca,Allocentric,"[""below"", ""can not determine"", ""above"", ""can not determine""]",C,C,C,True,C,C,True,both_correct,True,True,True
test,test:449_0,449.png,5f404c9ae1c7af3b00c478bb18c520cd5b9b14bdcb78f8e6610faa4b6683cd21,Allocentric,"[""Count the first floor from the top down"", ""The lower layer of the existing plate"", ""Count the second floor from the top down"", ""can not determine""]",B,B,B,True,B,B,True,both_correct,True,True,True
test,test:44_0,44.png,b0a50952a534cbcd4a03a150965442fba39cd9eb33fb00a658edd4c92c72dda0,Allocentric,"[""Left front"", ""Right front"", ""can not determine"", ""can not determine""]",A,B,B,False,B,B,False,both_wrong,False,False,True
test,test:450_0,450.png,7b4fbe8ee3037ec1bfb9e97d64d67a415cbb94a249dc56ef34740172eca56534,Allocentric,"[""above"", ""below"", ""can not determine"", ""can not determine""]",B,B,B,True,B,B,True,both_correct,True,True,True
test,test:451_0,451.png,f248b39855dfc5f4d768d4002a192cdccb386f477acbf681b007d000cbb55e73,Allocentric,"[""can not determine"", ""can not determine"", ""above"", ""below""]",D,D,D,True,D,D,True,both_correct,True,True,True
test,test:452_0,452.png,6a47d3c743ade7c97b0f574493eeb362d3b510012e7b524fb88f78e2cffca630,Allocentric,"[""The robot on its right"", ""The robot on its left"", ""The robot in front of it"", ""The robot behind it""]",A,A,A,True,A,A,True,both_correct,True,True,True
test,test:453_0,453.png,6666f1e2cd46f34983a87e3d5171f012e1eaaa21efd47b30706c0ba758713776,Allocentric,"[""can not determine"", ""operator"", ""can not determine"", ""measuring instrument""]",B,B,B,True,B,B,True,both_correct,True,True,True
test,test:454_0,454.png,64b2e99b5bdc0d6d822e6564ddfad6c41cdef374a1df52dbc2c47680992807e3,Allocentric,"[""can not determine"", ""excavator"", ""can not determine"", ""camera""]",D,D,D,True,D,D,True,both_correct,True,True,True
test,test:455_0,455.png,2c9c01d22c602be0aa37566cd81f69b5b10ab3a5194bd019589c3b6944777e42,Allocentric,"[""road"", ""the robot near the camera"", ""Street lamp"", ""meadow""]",A,B,B,False,B,B,False,both_wrong,False,False,True
test,test:456_0,456.png,1808f93c441e28159a57b9e3ef511ff8fb500e9ebe810d816b513f3ad6b78c87,Allocentric,"[""can not determine"", ""the robot without the open cover"", ""the robot with the open cover"", ""can not determine""]",C,C,C,True,C,C,True,both_correct,True,True,True
test,test:457_0,457.png,eccb3a2cfac1bf8ee09ca722efcb7208fa21540d0b937092369cfea7d6f1501d,Allocentric,"[""the woman in red clothes"", ""can not determine"", ""can not determine"", ""the woman in blue clothes""]",A,A,A,True,A,A,True,both_correct,True,True,True
test,test:458_0,458.png,53b42f32f8784f6e1a0c2a30f88c739a59951f1e464a67175227f15252ee4438,Allocentric,"[""the yellow cat"", ""can not determine"", ""the white cat"", ""can not determine""]",C,C,C,True,C,C,True,both_correct,True,True,True
test,test:459_0,459.png,c365ce9b7e092484a4f4951d192be8772d90de0161c9470201451498c3cdcb1c,Allocentric,"[""the medical staff"", ""can not determine"", ""the bed"", ""can not determine""]",A,C,C,False,C,C,False,both_wrong,False,False,True
test,test:45_0,45.png,d77a05bbe157b7024e0794316fcc142aa4cd96dd9f0fb44b43df5504542e0a0e,Allocentric,"[""can not determine"", ""can not determine"", ""Left"", ""Right""]",D,D,D,True,D,D,True,both_correct,True,True,True
test,test:460_0,460.png,d9ddd8e3461419a61005706b17ea94155946e33a72cfd4d5b5c87110792a2d75,Allocentric,"[""The guy in the white T-shirt"", ""The guy in the striped shirt"", ""can not determine"", ""can not determine""]",A,A,A,True,A,A,True,both_correct,True,True,True
test,test:461_0,461.png,292ec322bdd30554300c284998ebae861dd595e713ef1a8722450c0c36ed15f5,Egocentric,"[""yes"", ""no"", ""can not determine"", ""can not determine""]",A,A,A,True,A,A,True,both_correct,True,True,True
test,test:462_0,462.png,a889d301c673e3877eeaca353d90b3ada7db40d326cec31b28e041b0adae8b11,Egocentric,"[""right"", ""left"", ""can not determine"", ""can not determine""]",A,A,A,True,A,A,True,both_correct,True,True,True
test,test:463_0,463.png,ed5c9650f7c6b539dc168222d3c0ac0e11e9114c900bc834ab8decf9f9a51756,Egocentric,"[""one"", ""two"", ""three"", ""four""]",A,A,A,True,A,A,True,both_correct,True,True,True
test,test:464_0,464.png,0ef5070aa7e9b40be967e3c3187da518e890c1fda7da3c1ffdb8b24d8153a16d,Egocentric,"[""22"", ""50"", ""13"", ""72""]",C,C,C,True,C,C,True,both_correct,True,True,True
test,test:465_0,465.png,6be1ba05d4bcc0a259a61cb244edbf94eadc613c575456a2e3220da800d5bbae,Egocentric,"[""one"", ""two"", ""three"", ""four""]",B,B,B,True,B,B,True,both_correct,True,True,True
test,test:466_0,466.png,69af1aa43983dc7aae9f5150d145174964b820c8f8093ab2f8a3b919530d0704,Egocentric,"[""twelve"", ""twenty"", ""thirty"", ""forty""]",A,A,A,True,A,A,True,both_correct,True,True,True
test,test:467_0,467.png,22341c325bbfebcf47192d6197f68128d04f6911b4ec88e277978be39374b943,Egocentric,"[""thirty"", ""four"", ""ten"", ""thirteen""]",C,D,D,False,D,D,False,both_wrong,False,False,True
test,test:468_0,468.png,b1966c0fb5f8000e5bbe71954d769a2d01aebbc3ffaf17a261597273f3d12c77,Egocentric,"[""four"", ""one"", ""six"", ""seven""]",B,B,B,True,B,B,True,both_correct,True,True,True
test,test:469_0,469.png,00af43df23a0d36df815e3dbb24e7e00e596c370929dc8605ead041bf9ee5ead,Egocentric,"[""one"", ""four"", ""sixteen"", ""etght""]",D,B,B,False,D,D,True,base_wrong->cand_correct,False,True,True
test,test:46_0,46.png,931a8e596928d3ab7eb6f60f106095b99688c27dbc887dcc6f03991ba9b8e659,Allocentric,"[""right"", ""can not determine"", ""left"", ""can not determine""]",C,A,A,False,A,A,False,both_wrong,False,False,True
test,test:470_0,470.png,df5cb52978e18bfc580c8b353b1e631460721574746d28c66ece4077d0cfdb42,Egocentric,"[""five"", ""six"", ""one"", ""three""]",A,A,A,True,B,B,False,base_correct->cand_wrong,True,False,True
test,test:471_0,471.png,30faa76a69f39ad6b9a3295968f338561ca2c4c002569807ea907eb56b40dbb9,Egocentric,"[""five"", ""six"", ""four"", ""three""]",C,C,C,True,C,C,True,both_correct,True,True,True
test,test:472_0,472.png,06677cf00dc2be64f3a364be51771093899e791e463494d0b5067a48f1ebcc25,Egocentric,"[""three"", ""one"", ""four"", ""six""]",A,A,A,True,A,A,True,both_correct,True,True,True
test,test:473_0,473.png,37095e1735247f9d77795ea3dc5d3a79e5f1a76aa0f6d68bfa70e24a22e77a24,Egocentric,"[""one"", ""two"", ""three"", ""four""]",B,C,C,False,C,C,False,both_wrong,False,False,True
test,test:474_0,474.png,7a1f0d81710b9e290dcdf170e4e5c55511996108872794aa640926d2fd4ba057,Egocentric,"[""one"", ""two"", ""three"", ""four""]",A,A,A,True,A,A,True,both_correct,True,True,True
test,test:475_0,475.png,03b3181334594cf99861798775ccb763cfdfbfcdf209f61af3215332915de2d1,Egocentric,"[""two"", ""ten"", ""three"", ""four""]",B,D,D,False,D,D,False,both_wrong,False,False,True
test,test:476_0,476.png,e47159bb2573583ff9cf14ca7db7a7033724c4e7584bf4379a6f25b76648db40,Egocentric,"[""two"", ""one"", ""three"", ""four""]",C,C,C,True,C,C,True,both_correct,True,True,True
test,test:477_0,477.png,1714d07e5336120e2417f7ca685b6c6a3885f10628ebe172c663b7283be0b268,Egocentric,"[""27"", ""1"", ""3"", ""4""]",A,A,A,True,A,A,True,both_correct,True,True,True
test,test:478_0,478.png,b330c0cf444fb27bb3be83c1889cb94c90a241a34744d7de631cbdea13d28834,Egocentric,"[""two"", ""one"", ""three"", ""five""]",D,D,D,True,D,D,True,both_correct,True,True,True
test,test:479_0,479.png,1a3618c0a0b12669743e8cf1d6ed488e97a5c02a77b63e2cb9237c1a7f74a5da,Egocentric,"[""twenty - seven"", ""one"", ""three"", ""four""]",D,C,C,False,D,D,True,base_wrong->cand_correct,False,True,True
test,test:47_0,47.png,b44bbdcc77ea2befbca808420c06d12f2d6f019667ea15ea8f6232d73bd6d5a1,Allocentric,"[""one"", ""two"", ""zero"", ""three""]",B,B,B,True,B,B,True,both_correct,True,True,True
test,test:480_0,480.png,8ee12e8b8f31e5d3268aa00478a52d6bbf2e093f8be0b559ab13faf894fb819b,Egocentric,"[""0"", ""1"", ""2"", ""3""]",B,C,C,False,C,C,False,both_wrong,False,False,True
test,test:481_0,481.png,104f71aee4cd8f3c318a962ea6ca29baae9ae50758f0b81aca2dc9cccf0b2b19,Egocentric,"[""twelve"", ""one"", ""three"", ""four""]",A,A,A,True,A,A,True,both_correct,True,True,True
test,test:482_0,482.png,97e72193c7c3a7e8b769209804e208cf9015e48695a38190ead9a155a3d1d609,Egocentric,"[""In front of the robot"", ""People on both sides of the robot"", ""Behind the robot"", ""can not determine""]",B,B,B,True,C,C,False,base_correct->cand_wrong,True,False,True
test,test:483_0,483.png,b2c246aa689b07f07550ed8a058c18f141c4d03b09c832db80746046bb521ea7,Egocentric,"[""one"", ""two"", ""three"", ""four""]",C,B,B,False,C,C,True,base_wrong->cand_correct,False,True,True
test,test:484_0,484.png,507e40dc4143f7fb8488b9fe1b4bc8c1506541c8f4605ad78592d7123c89e557,Egocentric,"[""Round above"", ""In the front"", ""On the right"", ""On the left""]",A,C,C,False,C,C,False,both_wrong,False,False,True
test,test:485_0,485.png,494ab670147def7f815bab5ec084b003a375bf20032b235497278a169717906a,Egocentric,"[""one"", ""two"", ""three"", ""four""]",C,C,C,True,C,C,True,both_correct,True,True,True
test,test:486_0,486.png,f5c7de7dd9253544c79a8c917650af4273aa5711d6164d8828bbff96b19f0c2f,Egocentric,"[""doll"", ""apple"", ""clothes"", ""banana""]",A,A,A,True,A,A,True,both_correct,True,True,True
test,test:487_0,487.png,cd3a9d0a6c98a932ac6de888d650aa549b44565291b1212b9ab8639cc927d5ac,Egocentric,"[""Place above"", ""Adsorbed on the side wall"", ""Encircling pipe"", ""Hanging below""]",C,C,C,True,C,C,True,both_correct,True,True,True
test,test:488_0,488.png,0be248c5424ba43b075052c2b1a0d673b3ed127613f7088e12fd6f342f19ad41,Egocentric,"[""Place above"", ""Adsorbed on the side wall"", ""Encircling pipe"", ""Hanging below""]",C,C,C,True,C,C,True,both_correct,True,True,True
test,test:489_0,489.png,739eec537a6da9b1e08519a51d1812843b91cdf733fd02945db805f55caa2b61,Egocentric,"[""can not determine"", ""internal"", ""external"", ""can not determine""]",B,C,C,False,C,C,False,both_wrong,False,False,True
test,test:48_0,48.png,e35605c76a709d87b81de1afb76751e8b4632b62a46c5186fa5c3c78829ee73d,Allocentric,"[""right"", ""can not determine"", ""left"", ""can not determine""]",A,C,C,False,C,C,False,both_wrong,False,False,True
test,test:490_0,490.png,8caebd54af3b3d23fe99425e12d0ae38df8d2e0e1f8a8243ecc9200e5ee2768b,Egocentric,"[""can not determine"", ""external"", ""can not determine"", ""internal""]",D,D,D,True,D,D,True,both_correct,True,True,True
test,test:491_0,491.png,31bff7383753f8ea06c91937291b1b484453c244b5392f24d5ad0855a6da712d,Egocentric,"[""Place above"", ""Adsorbed"", ""clamp"", ""Hanging below""]",C,C,C,True,C,C,True,both_correct,True,True,True
test,test:492_0,492.png,d10def563379a26d7449b573979d4f9bfd8129a15a73cec61104d06c0241d5a1,Egocentric,"[""Front"", ""Back"", ""Below"", ""Inside""]",D,A,A,False,C,C,False,both_wrong,False,False,True
test,test:493_0,493.png,0daf3935156d2c89cbff3bf4637801cf560938233c406284a4b6d7a696ae9ed4,Egocentric,"[""Left and right"", ""up and down"", ""Semi-surrounding"", ""Inside""]",C,C,C,True,C,C,True,both_correct,True,True,True
test,test:494_0,494.png,f4d2088cd93992b3544751f79083021cd77e6ee611504b8312aa439cb39f738b,Egocentric,"[""external"", ""internal"", ""can not determine"", ""can not determine""]",B,A,A,False,A,A,False,both_wrong,False,False,True
test,test:495_0,495.png,647a6c4df8a8486a4cf8a3576ef17addca2b104df361c9808c15b68dff5880f0,Egocentric,"[""left one"", ""right one"", ""middle one"", ""farter one""]",C,C,C,True,C,C,True,both_correct,True,True,True
test,test:496_0,496.png,75a58f3dd56162bbae32e1fcadc719cb6d624a5a98c2557558f615c8e79c6fe3,Egocentric,"[""one"", ""two"", ""three"", ""four""]",D,D,D,True,D,D,True,both_correct,True,True,True
test,test:497_0,497.png,cefeb0a351f2868333d00d22df499a9731cf4cb6acd778b935ae11cbf2d441b7,Egocentric,"[""A"", ""B"", ""C"", ""D""]",A,D,D,False,D,D,False,both_wrong,False,False,True
test,test:498_0,498.png,97ec6576723ea6f3fed9d2db89ff607009b2453fb717323f39306b68c186db03,Egocentric,"[""arrange the beer in the box in a regular pattern"", ""put the beer aside"", ""stack the beer together"", ""throw away the beer""]",A,A,A,True,A,A,True,both_correct,True,True,True
test,test:499_0,499.png,f3d5f1ae9c7818cff2ae4fc50774ce450e9a9c4cefd33611bab582ba5b69656f,Egocentric,"[""drop the cylinder and place it in the middle of the other two cylinders"", ""drop the cylinder down"", ""throw it away"", ""swing up and down""]",A,A,A,True,A,A,True,both_correct,True,True,True
test,test:49_0,49.png,514efe2ba909e8232a291fad2d6bd758d1cfc45ac051130ee2a92ca491c4fd05,Allocentric,"[""left"", ""can not determine"", ""can not determine"", ""right""]",A,D,D,False,D,D,False,both_wrong,False,False,True
test,test:4_0,4.png,6bd9c08b931601e59c131be20751fa991d81bbdc6d99b7bf79a0793f6ebdaa13,Allocentric,"[""thirteen"", ""ten"", ""five"", ""twenty""]",C,D,D,False,D,D,False,both_wrong,False,False,True
test,test:500_0,500.png,5034ada11ac046cee192573dcc1b77afdde8ad39e576992365900c4e612b737d,Egocentric,"[""send them to another place"", ""stack the blocks"", ""put them on the floor"", ""place its lettered side facing forward in a row""]",D,D,D,True,D,D,True,both_correct,True,True,True
test,test:501_0,501.png,47563316e527da479554c1422bdc6358630e3898fa7e15d903e01d09e00e20dd,Egocentric,"[""inside the land"", ""above the vegetable field"", ""in the water"", ""on a boat""]",B,B,B,True,B,B,True,both_correct,True,True,True
test,test:502_0,502.png,35f72ff71c5fc6aac62bf14da38ad8eeba52f4aa2c9c493cb3609a9914d131b3,Egocentric,"[""on a boat"", ""in the water"", ""inside the land"", ""above the vegetable field""]",D,D,D,True,D,D,True,both_correct,True,True,True
test,test:503_0,503.png,70611c1ca655ef329eaaf661de80c9ca1c27031be2aeb1c7ffa243df760e41ef,Egocentric,"[""above the vegetable field"", ""in the water"", ""on a boat"", ""inside the land""]",A,D,D,False,D,D,False,both_wrong,False,False,True
test,test:504_0,504.png,7f1a071d6388c3018d666ec362389692984697b3f9c8c5b36ef3103707f3245c,Egocentric,"[""inside the land"", ""above the vegetable field"", ""on a boat"", ""in the water""]",B,B,B,True,A,A,False,base_correct->cand_wrong,True,False,True
test,test:505_0,505.png,50301aaeb5a0f01fd116b96801fa7ca81a4d666bec52031d50d51f3278e8d1a9,Egocentric,"[""on the table"", ""on the road"", ""on the floor"", ""on the water""]",C,C,C,True,C,C,True,both_correct,True,True,True
test,test:506_0,506.png,2a15e754b16ae3eba3ce69671f5c3c842592f1c5a59f19c3f48bc087786c0151,Egocentric,"[""above"", ""below"", ""in front of"", ""behind""]",A,B,B,False,B,B,False,both_wrong,False,False,True
test,test:507_0,507.png,99661cfcfef84d2f95b6efc79b0cb42fc04fc6e98a514658b24dec4c154a7d02,Egocentric,"[""behind"", ""in front of"", ""above"", ""below""]",C,C,C,True,C,C,True,both_correct,True,True,True
test,test:508_0,508.png,ec0dc7f5260b1c06a43ff2ec4fceea1d97b5d6ba6226a5fa8d044dfb33fc592a,Egocentric,"[""behind"", ""below"", ""in front of"", ""above""]",B,D,D,False,D,D,False,both_wrong,False,False,True
test,test:509_0,509.png,91295888bbe61ac874e0c5dc2856e80cd2eb1830add3e4586eb8945db9842186,Egocentric,"[""above"", ""below"", ""in front of"", ""behind""]",B,B,B,True,C,C,False,base_correct->cand_wrong,True,False,True
test,test:50_0,50.png,209ccc3fc9a64b4053b7f69ee7b3e6e111197d89fb6539ced2d3d2daa7448d3e,Allocentric,"[""zero"", ""one"", ""three"", ""two""]",D,B,B,False,B,B,False,both_wrong,False,False,True
test,test:510_0,510.png,db82b9be0dbfba0e248a6a38cca5de82a49c5ec5e2e48aadaac79c78c19675eb,Egocentric,"[""below"", ""above"", ""behind"", ""in front of""]",A,A,A,True,A,A,True,both_correct,True,True,True
test,test:511_0,511.png,8acc5e5a1c097245c3efe7373284dc50c5d866d1c7e2a98eb1eccaf5e538c87a,Egocentric,"[""above"", ""in front of"", ""below"", ""behind""]",C,C,C,True,B,B,False,base_correct->cand_wrong,True,False,True
test,test:512_0,512.png,a8374a1e52d84873276a57c1badd6643335ece2a6ffcf6c0d6030fddf32c41e8,Egocentric,"[""can not determine"", ""can not determine"", ""above"", ""below""]",D,D,D,True,D,D,True,both_correct,True,True,True
test,test:513_0,513.png,aa43e2efca3fff138d7029299ac233808670b5b3e17ad189d60d965ec4e2cf48,Egocentric,"[""can not determine"", ""above"", ""below"", ""can not determine""]",C,B,B,False,B,B,False,both_wrong,False,False,True
test,test:514_0,514.png,7a279ee8a12ce666e07085da3b9ae6eedf490dc4427cbd15449b5354fc503502,Egocentric,"[""inside the cabin"", ""above"", ""below"", ""in hand""]",B,B,B,True,B,B,True,both_correct,True,True,True
test,test:515_0,515.png,727a58a44612d5954769eb4f1a6daa11000ac4fb670e65fa3b27e1e09b2106b9,Egocentric,"[""below the screen"", ""above the screen"", ""in hand"", ""in the cargo hold""]",A,A,A,True,B,B,False,base_correct->cand_wrong,True,False,True
test,test:516_0,516.png,1dab22a818c0a171f3b887fed0ee96763e31f3d6a8f7bec87385dd7b1a7a5852,Egocentric,"[""on the tray"", ""below the tray"", ""both on and below the tray"", ""in hand""]",C,C,C,True,C,C,True,both_correct,True,True,True
test,test:517_0,517.png,a8b17878582c457764dfe490653b5447a2db23c88150e694f96a529c12040188,Egocentric,"[""on an aerial drone"", ""on the floor"", ""in a person's hand"", ""on a box""]",B,B,B,True,B,B,True,both_correct,True,True,True
test,test:518_0,518.png,131fbfbece25e8238617ccd651acd59d676f31efcdcd348f3839943f360c5109,Egocentric,"[""on the water surface"", ""can not determine"", ""can not determine"", ""below the water surface""]",D,D,D,True,D,D,True,both_correct,True,True,True
test,test:519_0,519.png,6d7949300f99c91b6c972d146778b36c5264f6f3ce438fa9390d6f06664df903,Egocentric,"[""yes"", ""no"", ""can not determine"", ""can not determine""]",A,A,A,True,A,A,True,both_correct,True,True,True
test,test:51_0,51.png,d9be121bbd332aff00703d690b8365f2491a4da35d2e4ab8f0660d261eaf1bd2,Allocentric,"[""one"", ""zero"", ""five"", ""six""]",A,C,C,False,C,C,False,both_wrong,False,False,True
test,test:520_0,520.png,42a60dd255da9b646d10a478512499c446d7da08e6a369f11f4138840704d1c1,Egocentric,"[""can not determine"", ""can not determine"", ""yes"", ""no""]",C,D,D,False,D,D,False,both_wrong,False,False,True
test,test:521_0,521.png,2d66606c2a8c198df664f1262b523be2e21a8c1003dd4f291201d03662928511,Egocentric,"[""can not determine"", ""yes"", ""can not determine"", ""no""]",B,B,B,True,B,B,True,both_correct,True,True,True
test,test:522_0,522.png,5c9095a7f7b7ccdf23f0cfea410b16a609b8018d141a9e9a5110de87cbb9792f,Egocentric,"[""yes"", ""can not determine"", ""can not determine"", ""no""]",A,A,A,True,A,A,True,both_correct,True,True,True
test,test:523_0,523.png,dc8fe35c9dace3b51a4e0aa247dacf94f3d03d3b1f44806387677d00253b3159,Egocentric,"[""yes"", ""can not determine"", ""no"", ""can not determine""]",C,A,A,False,A,A,False,both_wrong,False,False,True
test,test:524_0,524.png,0ef843127a18efa2d2d509ccfdc2b552e401271170cb311cbb778017340d2850,Egocentric,"[""no"", ""can not determine"", ""can not determine"", ""yes""]",A,D,D,False,D,D,False,both_wrong,False,False,True
test,test:525_0,525.png,06a59ab5581bde0048581e85ed5e71ac4074d0fad8fc664c0aec2f560edd670b,Egocentric,"[""no"", ""can not determine"", ""can not determine"", ""yes""]",A,A,A,True,A,A,True,both_correct,True,True,True
test,test:526_0,526.png,7620a17c9bec70ab9a215332e7af4ad73f11705ed641d4f20bbdae716af651fc,Egocentric,"[""yes"", ""can not determine"", ""no"", ""can not determine""]",C,C,C,True,C,C,True,both_correct,True,True,True
test,test:527_0,527.png,8ff6478967ab57818f8369492f72a11a541671b3122017615f93836dce14ed83,Egocentric,"[""yes"", ""can not determine"", ""no"", ""can not determine""]",A,A,A,True,A,A,True,both_correct,True,True,True
test,test:528_0,528.png,7818569b625be3467114d48f8d6f22ffc8eb9a15720d7df50329fac5f876e362,Egocentric,"[""no"", ""can not determine"", ""yes"", ""can not determine""]",C,C,C,True,C,C,True,both_correct,True,True,True
test,test:529_0,529.png,f5c8c02a02b643530e9d8a39ab2fc305a38607810dc5f401b103faaa31bbb5f1,Egocentric,"[""can not determine"", ""yes"", ""can not determine"", ""no""]",B,B,B,True,B,B,True,both_correct,True,True,True
test,test:52_0,52.png,3a94714395a5f0610f50accb9f6e41fdd7d1a679531d2bc8a85c305718e140f0,Allocentric,"[""left"", ""right"", ""can not determine"", ""can not determine""]",B,A,A,False,A,A,False,both_wrong,False,False,True
test,test:530_0,530.png,23850dad789cf3149a29259e11b94a14a1831f6aa8d027fb4809d9ba6187cb68,Egocentric,"[""can not determine"", ""can not determine"", ""no"", ""yes""]",D,D,D,True,D,D,True,both_correct,True,True,True
test,test:531_0,531.png,759184ea28adb1321ac94facede24de0af8edaa311f512cd8413abd0aabe2504,Egocentric,"[""yes"", ""no"", ""can not determine"", ""can not determine""]",A,A,A,True,A,A,True,both_correct,True,True,True
test,test:532_0,532.png,0d670eb780c67c54c591c4a11e3fa4344c151a89808637e9fa7b1168722be428,Egocentric,"[""can not determine"", ""no"", ""can not determine"", ""yes""]",B,D,D,False,D,D,False,both_wrong,False,False,True
test,test:533_0,533.png,a02ee7beb97ab3f7cc02dde69eaaa670c496bb8e51cc2a3d7656b406d3ef36ee,Egocentric,"[""yes"", ""can not determine"", ""can not determine"", ""no""]",A,A,A,True,A,A,True,both_correct,True,True,True
test,test:534_0,534.png,759245084106fea11f6dcf8a88676bacbcbb695c86a6585cd229741af2f7021d,Egocentric,"[""can not determine"", ""can not determine"", ""yes"", ""no""]",C,C,C,True,C,C,True,both_correct,True,True,True
test,test:535_0,535.png,ee59f18cefde914d97108f96ee3541cbe0dd0d14154132dd2bf72668c1986ee7,Egocentric,"[""yes"", ""can not determine"", ""can not determine"", ""no""]",A,D,D,False,D,D,False,both_wrong,False,False,True
test,test:536_0,536.png,52957468385e55100a538101e8f86176706ab7d75aa81911fc3d68f42236ca41,Egocentric,"[""the man in a windbreaker"", ""the journalist"", ""the woman in black"", ""the man in a suit""]",D,D,D,True,D,D,True,both_correct,True,True,True
test,test:537_0,537.png,4f9ff841b8ba84c9ac24d7cce985ac00fd2b75a40807cc457a57dcb2d619fdc5,Egocentric,"[""can not determine"", ""left"", ""can not determine"", ""right""]",B,B,B,True,B,B,True,both_correct,True,True,True
test,test:538_0,538.png,326a985ceda854a2e3800b9e4baaa69a7732cc97f9b186bebf69a11a8a98c49c,Egocentric,"[""middle"", ""left"", ""right"", ""same""]",C,C,C,True,A,A,False,base_correct->cand_wrong,True,False,True
test,test:539_0,539.png,d577a8ed651708ddc283b9f55cc7b401e6d95f3634f2546364aed8e6f8ad39fc,Egocentric,"[""right"", ""left"", ""middle"", ""far""]",A,A,A,True,A,A,True,both_correct,True,True,True
test,test:53_0,53.png,b936a2fe4f8cd20bd696d4eb5655a111a1a414f952c743935666c0457c4f3ff6,Allocentric,"[""right"", ""can not determine"", ""can not determine"", ""left""]",A,D,D,False,D,D,False,both_wrong,False,False,True
test,test:540_0,540.png,1b35e6f464df6a1e7bebe2bfa3bd0bd77b37d26cd2330b2df81171da0a8a43ab,Egocentric,"[""R"", ""D"", ""can not determine"", ""can not determine""]",A,A,A,True,A,A,True,both_correct,True,True,True
test,test:541_0,541.png,65caed16fd336c4a4830402db9f5017a3154fae4258ba433ab829f800e52ee13,Egocentric,"[""right"", ""middle"", ""left"", ""same""]",C,C,C,True,C,C,True,both_correct,True,True,True
test,test:542_0,542.png,4b0fe034157cb187c5458972eda528b12a48139add96f1c5f7fa6ec8e24b1a37,Egocentric,"[""the female staff"", ""can not determine"", ""the male staff"", ""can not determine""]",A,A,A,True,A,A,True,both_correct,True,True,True
test,test:543_0,543.png,a92525246c35b2cd7592d8463c90b7ae58ee9c12f61651e159ad00b8ecdf8e52,Egocentric,"[""right"", ""left"", ""can not determine"", ""can not determine""]",B,B,B,True,B,B,True,both_correct,True,True,True
test,test:544_0,544.png,c74314fca27e154f97626cfe82b81699db62aa026e4f19d32d6a3b6859ca2379,Egocentric,"[""can not determine"", ""left"", ""right"", ""can not determine""]",B,B,B,True,B,B,True,both_correct,True,True,True
test,test:545_0,545.png,ec5e341675db56698163a8f9f8f5c611d485dbc1d0116a6b8c514d31be3a04a6,Egocentric,"[""left"", ""can not determine"", ""can not determine"", ""right""]",D,D,D,True,D,D,True,both_correct,True,True,True
test,test:546_0,546.png,79c9b7da2e40d65b2f044f866cebe9972aeb9bf51b2fd469cc2373a691e2f528,Egocentric,"[""can not determine"", ""right"", ""left"", ""can not determine""]",B,B,B,True,C,C,False,base_correct->cand_wrong,True,False,True
test,test:547_0,547.png,5dc583012efe0343c058b5ae4902302bc12b84c54bd77e4a585d7dcb6dd20b0c,Egocentric,"[""left"", ""can not determine"", ""can not determine"", ""right""]",A,A,A,True,A,A,True,both_correct,True,True,True
test,test:548_0,548.png,8b9f7a31641aef2104d9a14e27fc51f7a715228d3f2aed16c359e572ef7a6742,Egocentric,"[""can not determine"", ""can not determine"", ""right"", ""left""]",C,C,C,True,C,C,True,both_correct,True,True,True
test,test:549_0,549.png,02704241f3c28963dd2311e8d6513edf2736d129d8f5b5c72294ebcc612e0ec7,Egocentric,"[""left"", ""can not determine"", ""right"", ""can not determine""]",C,C,C,True,C,C,True,both_correct,True,True,True
test,test:54_0,54.png,d52a32cc5dd44252d1e7312841d9fa78ad268e1f89d10bb2a94764b5e6a724e4,Allocentric,"[""left"", ""can not determine"", ""can not determine"", ""right""]",A,A,A,True,A,A,True,both_correct,True,True,True
test,test:550_0,550.png,d115b4bad7b3c3f90b758c78ea839845842b9d65b9eda319cefb5950b7b9d374,Egocentric,"[""right"", ""can not determine"", ""can not determine"", ""left""]",D,D,D,True,D,D,True,both_correct,True,True,True
test,test:551_0,551.png,6b548ca5419ee19662e90fefe49e6d0550df2c327d61792c7148d81365880876,Egocentric,"[""can not determine"", ""right"", ""left"", ""can not determine""]",B,B,B,True,B,B,True,both_correct,True,True,True
test,test:552_0,552.png,f1108962fdd8bc9cc497076b118f8e5e795a143b9f95c8dd6abb4bd107b9f0ef,Egocentric,"[""left"", ""can not determine"", ""can not determine"", ""right""]",A,A,A,True,A,A,True,both_correct,True,True,True
test,test:553_0,553.png,0c76d0311e14977c8276c0612609606e10a35e1b0ac272c82f10cae2b517a6af,Egocentric,"[""left"", ""can not determine"", ""right"", ""can not determine""]",A,A,A,True,A,A,True,both_correct,True,True,True
test,test:554_0,554.png,2a4ff58b144bd11bd2bf301e28d5049772e1d69ac30283138070d03538fa0437,Egocentric,"[""left"", ""can not determine"", ""right"", ""can not determine""]",A,C,C,False,C,C,False,both_wrong,False,False,True
test,test:555_0,555.png,40733ed9f5fbbf7f6312803291e8e1a09949304173f1b100e40f42d6421e9dbe,Egocentric,"[""right"", ""left"", ""can not determine"", ""can not determine""]",A,A,A,True,A,A,True,both_correct,True,True,True
test,test:556_0,556.png,367ca1958904f2f06337090c4952418f83decef45cf916458080804c6c60516c,Egocentric,"[""can not determine"", ""can not determine"", ""right"", ""left""]",C,C,C,True,C,C,True,both_correct,True,True,True
test,test:557_0,557.png,b88b6f2474c4b2d468f37db528654c3fdd8f0c5e907d83a5ec5ba12fb297a5fd,Egocentric,"[""right"", ""can not determine"", ""can not determine"", ""left""]",D,D,D,True,D,D,True,both_correct,True,True,True
test,test:558_0,558.png,44c2ec46139217d15e111db37e2cfbb5a075561e2052a5ff93f41a1d7d84d951,Egocentric,"[""left"", ""right"", ""can not determine"", ""can not determine""]",A,A,A,True,A,A,True,both_correct,True,True,True
test,test:559_0,559.png,8df6adb6178022ba5b52eb472aa73aa7c6f086d091ddc92d3960060fd435d69e,Egocentric,"[""right"", ""can not determine"", ""left"", ""can not determine""]",C,C,C,True,C,C,True,both_correct,True,True,True
test,test:55_0,55.png,f18d8c15aa55733d9ff0c1a45c5a9b4d05eff848d27cf4573297e36f3f889eaa,Allocentric,"[""can not determine"", ""left"", ""can not determine"", ""right""]",D,B,B,False,B,B,False,both_wrong,False,False,True
test,test:560_0,560.png,11ff347e952b5ddd5df624250e469b0ed6c3546db678f3013d84fe9c0674581a,Egocentric,"[""right"", ""left"", ""can not determine"", ""can not determine""]",A,A,A,True,A,A,True,both_correct,True,True,True
test,test:56_0,56.png,5e2b12fdab9643de244ab1f7c6523a09372a5bfbdcccc8cf731da54f2849c9da,Allocentric,"[""From right to left"", ""From left to right"", ""can not determine"", ""can not determine""]",A,A,A,True,B,B,False,base_correct->cand_wrong,True,False,True
test,test:57_0,57.png,737377f6a59b706b5252bdf6414650a1a062df880b88c05cf2163107234bce86,Allocentric,"[""right"", ""can not determine"", ""can not determine"", ""left""]",A,D,D,False,A,A,True,base_wrong->cand_correct,False,True,True
test,test:58_0,58.png,2c2b7a1ad4c61dfad482d099ad8ffea35b2e2b04fb3ad2ecd25ab283e642ca18,Allocentric,"[""can not determine"", ""From right to left, from left to right"", ""From left to right, from right to left"", ""can not determine""]",C,C,C,True,C,C,True,both_correct,True,True,True
test,test:59_0,59.png,5a1fc2fe7faa5409ce4af7d2a9b036d378f255384bc197d3ba7c4c6964169434,Allocentric,"[""right"", ""can not determine"", ""left"", ""can not determine""]",A,C,C,False,A,A,True,base_wrong->cand_correct,False,True,True
test,test:5_0,5.png,30c0dbfa952833a0e3bcaed624632cd5652a9f7cc1ecb9495dda28b3e5c60f8d,Allocentric,"[""five"", ""four"", ""six"", ""seven""]",C,B,B,False,B,B,False,both_wrong,False,False,True
test,test:60_0,60.png,90a706befb95f3dcffcb11e7a678baf03bb830f452b61da9b517802b90efbd6b,Allocentric,"[""right"", ""can not determine"", ""left"", ""can not determine""]",A,A,A,True,A,A,True,both_correct,True,True,True
test,test:61_0,61.png,5ff38646e472e00ad5267edb51e63d9e0d694fd0638704b89463c388bfb1af9a,Allocentric,"[""can not determine"", ""can not determine"", ""left"", ""right""]",D,C,C,False,C,C,False,both_wrong,False,False,True
test,test:62_0,62.png,92419ebc53b774fa1f4dbe36fa2d28f15c78cbed32374ea33c52513b5438edc6,Allocentric,"[""two"", ""zero"", ""one"", ""three""]",A,C,C,False,C,C,False,both_wrong,False,False,True
test,test:63_0,63.png,a5b597a75f718f3cee05037f1c94d5506783a27022bc2bfb8633955325fb9da9,Allocentric,"[""can not determine"", ""right"", ""left"", ""can not determine""]",C,C,C,True,C,C,True,both_correct,True,True,True
test,test:64_0,64.png,b9e4b8db1a8c35085b39949ea78516fde42a8c50b20b18d48018e25e48325070,Allocentric,"[""one"", ""two"", ""zero"", ""three""]",C,B,B,False,B,B,False,both_wrong,False,False,True
test,test:65_0,65.png,16be298ac3fab46e4b2bde1d39664626677caf1d9d6294d16269923e95f40f85,Allocentric,"[""three"", ""fifteen"", ""fourteen"", ""four""]",D,A,A,False,C,C,False,both_wrong,False,False,True
test,test:66_0,66.png,02d8acdb2eece792ea4fd8c5585f85d81d25f5db8544165663cfd9a28b0ebfa7,Allocentric,"[""five"", ""three"", ""six"", ""four""]",B,B,B,True,B,B,True,both_correct,True,True,True
test,test:67_0,67.png,0a81c9026e122f5a45876e3c6d751477757b5cba46584800cbd0586938eb660e,Allocentric,"[""left"", ""right"", ""can not determine"", ""can not determine""]",A,B,B,False,B,B,False,both_wrong,False,False,True
test,test:68_0,68.png,253ccefd2f03df9dab29711950be7eaf7f93d5e45b2764518fa3261f199bd19b,Allocentric,"[""right"", ""left"", ""can not determine"", ""can not determine""]",A,B,B,False,B,B,False,both_wrong,False,False,True
test,test:69_0,69.png,449f4d36ede2cc57b19944a34eb13e88f47062bcc3eb2d4dd8b51f106a3780ad,Allocentric,"[""six"", ""five"", ""zero"", ""one""]",D,D,D,True,B,B,False,base_correct->cand_wrong,True,False,True
test,test:6_0,6.png,155df2845ee44f76260d2e519f44278d6ff7eeec002cfc5da900bd005f117959,Allocentric,"[""The number seven player in blue"", ""The number one player in white"", ""The number eight player in white"", ""The number eleven player in blue""]",D,C,C,False,C,C,False,both_wrong,False,False,True
test,test:70_0,70.png,753064265cdd35becdf710c3c1c028db83f18d763417d379c6a7c34bf8a76586,Allocentric,"[""zero"", ""two"", ""one"", ""three""]",B,B,B,True,B,B,True,both_correct,True,True,True
test,test:71_0,71.png,df768dcc4925ab206b4e4402c2fb45cbe7e4d6b5a4feb4b6a4ad688482b4dc5e,Allocentric,"[""zero"", ""six"", ""one"", ""five""]",B,C,C,False,C,C,False,both_wrong,False,False,True
test,test:72_0,72.png,a3d3d8e3a2050b9d0cbc344801fb84d639b646713d44c3aedf1f47338ac6015d,Allocentric,"[""can not determine"", ""can not determine"", ""left"", ""right""]",D,C,C,False,C,C,False,both_wrong,False,False,True
test,test:73_0,73.png,4792d1b5c15e698e0c06489c2b4b0e694b0d25546d8efd5dc0c7892cdada9513,Allocentric,"[""left"", ""can not determine"", ""right"", ""can not determine""]",C,A,A,False,A,A,False,both_wrong,False,False,True
test,test:74_0,74.png,bc27e65976617bd82f13bfd71ae2a3558fc2ea2f597dda2b578b7b91f358f7a8,Allocentric,"[""one"", ""three"", ""zero"", ""two""]",B,D,D,False,D,D,False,both_wrong,False,False,True
test,test:75_0,75.png,183a8f3f8807995f46b3cdba3c35564bc461a7e4e3a9b6deb588bb7c42b514c5,Allocentric,"[""six"", ""one"", ""seven"", ""zero""]",A,B,B,False,B,B,False,both_wrong,False,False,True
test,test:76_0,76.png,daf995704ec262196a109c2b338846867cdfa51166fdf1dcff2ece0dd744d8cb,Allocentric,"[""ten"", ""seven"", ""six"", ""nine""]",A,C,C,False,C,C,False,both_wrong,False,False,True
test,test:77_0,77.png,e909f7f8e819747c73c74a28f051a1d397ce29be92043bec90c672af977b5a7e,Allocentric,"[""right"", ""can not determine"", ""can not determine"", ""left""]",D,A,A,False,A,A,False,both_wrong,False,False,True
test,test:78_0,78.png,1bef4a8ecb128fee1fc985e2f77395bc15c23677e8db3cc69a9c0ff3bf9af044,Allocentric,"[""six"", ""one"", ""seven"", ""zero""]",A,B,B,False,B,B,False,both_wrong,False,False,True
test,test:79_0,79.png,f4089bfa0c6f5bccdd8c22fa6d5bfbbcdfd80a6e9fc97d9f39be57ce0d90f99f,Allocentric,"[""can not determine"", ""left"", ""right"", ""can not determine""]",B,B,B,True,B,B,True,both_correct,True,True,True
test,test:7_0,7.png,423e06bf844a82399a008d7ba399db609251e67717586ccb0c5cf8d856542cae,Allocentric,"[""four"", ""six"", ""five"", ""three""]",A,A,A,True,A,A,True,both_correct,True,True,True
test,test:80_0,80.png,8bed4eba7756a44da9100d5130b9be10370fb1b17458bc299f994f896b3efcb1,Allocentric,"[""left"", ""right"", ""can not determine"", ""can not determine""]",B,B,B,True,B,B,True,both_correct,True,True,True
test,test:81_0,81.png,209eec581dba479cdab6ff58c5708e58b96aea77be289db0d8eb12c4807f1979,Allocentric,"[""can not determine"", ""can not determine"", ""right"", ""left""]",D,C,C,False,C,C,False,both_wrong,False,False,True
test,test:82_0,82.png,b30b028d8e74c11cda2b7461219852cd6a89b27a4a2b2fe76f05d34808ab8125,Allocentric,"[""zero"", ""two"", ""three"", ""one""]",B,B,B,True,B,B,True,both_correct,True,True,True
test,test:83_0,83.png,6ccafa356058809c4d043301fa8eba33508877a8757b79e2a3de2b684be30b42,Allocentric,"[""can not determine"", ""can not determine"", ""left"", ""right""]",D,C,C,False,C,C,False,both_wrong,False,False,True
test,test:84_0,84.png,17cd8cdc5abd13a2a3acf442520ff1829292872a01ed74bdb3cc76a3a6096a57,Allocentric,"[""right"", ""left"", ""can not determine"", ""can not determine""]",B,B,B,True,B,B,True,both_correct,True,True,True
test,test:85_0,85.png,57b4ce917d98d0220ab9c7221a31edeb13b2f0138f6722ed30e75aa22c254c58,Allocentric,"[""zero"", ""two"", ""three"", ""one""]",A,B,B,False,C,C,False,both_wrong,False,False,True
test,test:86_0,86.png,1849058975b835cc428a0344149f136dcc28aa651f0e3a3f82c97a8832be8f79,Allocentric,"[""three"", ""zero"", ""two"", ""one""]",D,C,C,False,C,C,False,both_wrong,False,False,True
test,test:87_0,87.png,147f7f6f3c67112a5e8115ee96ec55066db375a9814772703459b1c27beee72b,Allocentric,"[""five"", ""seven"", ""eight"", ""six""]",D,A,A,False,A,A,False,both_wrong,False,False,True
test,test:88_0,88.png,c0fab8779a57a812c43d9014f04a70c8a9172fb5f367bc6e4e9ed41528afdc63,Allocentric,"[""seven"", ""six"", ""five"", ""eight""]",B,C,C,False,C,C,False,both_wrong,False,False,True
test,test:89_0,89.png,a509e99fca17be2024d5befec656cc28fe5c4a11164047552bcb990d8aad369a,Allocentric,"[""Pure brown dog"", ""can not determine"", ""Pure black dog"", ""can not determine""]",C,C,C,True,C,C,True,both_correct,True,True,True
test,test:8_0,8.png,7cce2b6d1094dcbd65581dc223cd0a17271e23bff51fc9f5de6be4b50fe80912,Allocentric,"[""can not determine"", ""right"", ""can not determine"", ""left""]",D,B,B,False,D,D,True,base_wrong->cand_correct,False,True,True
test,test:90_0,90.png,5efdcbac21d950cd8a44ec4f3fb24da08b9d2a7997c2cb754ffb26e6218bd3d3,Allocentric,"[""can not determine"", ""Left"", ""can not determine"", ""right""]",D,D,D,True,D,D,True,both_correct,True,True,True
test,test:91_0,91.png,29ad623eee0344fae97bf9c117d557824c81dde2bd54784faadc62b7178b34e6,Allocentric,"[""right"", ""can not determine"", ""can not determine"", ""Left""]",A,A,A,True,A,A,True,both_correct,True,True,True
test,test:92_0,92.png,6772ec3c5c81b78e7fb9e5e157048848e896f9f194b141eb9a6dba7165589857,Allocentric,"[""Turn 90 degrees to the left"", ""Turn 90 degrees to the right"", ""No need to transfer"", ""Turn 180 degrees to the left""]",A,B,B,False,A,A,True,base_wrong->cand_correct,False,True,True
test,test:93_0,93.png,8b566b7aaa93f103a5e4041ba9c92cfa2b3f8d666028f7e8720dfb92ca6d2963,Allocentric,"[""three"", ""two"", ""zero"", ""one""]",B,B,B,True,B,B,True,both_correct,True,True,True
test,test:94_0,94.png,fda6a762c1b70ba76b8bb52ea23ebe47f002a7d4a228b9e1ec85e1f3c8e70efd,Allocentric,"[""left"", ""can not determine"", ""can not determine"", ""right""]",A,D,D,False,D,D,False,both_wrong,False,False,True
test,test:95_0,95.png,d5f44a6a58233b73384f43443529e9414a3f894b1087c96e5525e41615ce2c8e,Allocentric,"[""two"", ""four"", ""zero"", ""three""]",C,C,C,True,C,C,True,both_correct,True,True,True
test,test:96_0,96.png,8dd875b21d400c61cd578fa6ffdbf4dc0927201bdc907c71654f52eda8578876,Allocentric,"[""right"", ""can not determine"", ""left"", ""can not determine""]",C,A,A,False,A,A,False,both_wrong,False,False,True
test,test:97_0,97.png,81b32b127c202e5e5e1ec6c093840022a33e88f826293976cb2ec7b472a27b28,Allocentric,"[""can not determine"", ""can not determine"", ""right"", ""left""]",D,C,C,False,C,C,False,both_wrong,False,False,True
test,test:98_0,98.png,e8d21d4f4160a886ba69b97714330f2f9b4a13f7f733cce244ef8ccda6589719,Allocentric,"[""can not determine"", ""can not determine"", ""right"", ""left""]",C,D,D,False,D,D,False,both_wrong,False,False,True
test,test:99_0,99.png,3be4846f333de086db15b2aae6d19a8e239eae0aea4a8da22a9a21a1bec65485,Allocentric,"[""can not determine"", ""can not determine"", ""right"", ""left""]",D,C,C,False,C,C,False,both_wrong,False,False,True
test,test:9_0,9.png,dc3d57cb65c0c84f245e1d443ef56463c2ca792900e517b92636d30a1e10ba38,Allocentric,"[""right"", ""can not determine"", ""left"", ""can not determine""]",A,A,A,True,A,A,True,both_correct,True,True,True
